timestamp_sec,elapsed_sec,odom_x,odom_y,odom_yaw,linear_x,angular_z,cumulative_distance_m,moving
1790476784.6227,0.0009,0.0,-0.0,0.0,0.09,-0.0003,0.0,False
1790476784.6727,0.0509,0.0,-0.0,0.0,0.09,-0.0003,0.0,False
1790476784.723,0.1012,0.0,-0.0,0.0001,0.09,-0.0004,0.0,True
1790476784.7727,0.1509,0.0,-0.0,0.0001,0.09,-0.0005,0.0,True
1790476784.827,0.2052,0.0,-0.0,0.0001,0.09,-0.0005,0.0,True
1790476784.8726,0.2509,0.0,-0.0,0.0001,0.09,-0.0006,0.0,True
1790476784.9226,0.3009,0.0,-0.0,0.0001,0.09,-0.0008,0.0,True
1790476784.9728,0.351,0.0,-0.0,0.0001,0.0899,-0.001,0.0,True
1790476785.0227,0.4009,0.0,-0.0,0.0001,0.0899,-0.001,0.0,True
1790476785.073,0.4512,0.0,-0.0,0.0001,0.0899,-0.0012,0.0,True
1790476785.1233,0.5015,0.0,-0.0,0.0001,0.0899,-0.0014,0.0,True
1790476785.1733,0.5515,0.0,-0.0,0.0001,0.0899,-0.0015,0.0,True
1790476785.2227,0.601,0.0,-0.0,0.0001,0.0899,-0.0015,0.0,True
1790476785.2728,0.651,0.0,-0.0,0.0001,0.0899,-0.0015,0.0,True
1790476785.3228,0.7011,0.0,-0.0,0.0001,0.0899,-0.0015,0.0,True
1790476785.3733,0.7516,0.0,-0.0,0.0001,0.0899,-0.0014,0.0,True
1790476785.4227,0.8009,0.0,-0.0,0.0001,0.0899,-0.0015,0.0,True
1790476785.4732,0.8514,0.0,-0.0,0.0001,0.0899,-0.0015,0.0,True
1790476785.5227,0.9009,0.0,-0.0,0.0001,0.0899,-0.0015,0.0,True
1790476785.5727,0.951,0.0,-0.0,0.0001,0.0899,-0.0013,0.0,True
1790476785.6227,1.0009,0.0,-0.0,0.0001,0.0899,-0.0011,0.0,True
1790476785.6726,1.0509,0.0034,0.0,0.0001,0.09,-0.0008,0.0034,True
1790476785.7227,1.1009,0.0064,0.0,0.0,0.09,-0.0007,0.0064,True
1790476785.7728,1.151,0.0126,0.0,-0.0,0.09,-0.0007,0.0125,True
1790476785.8227,1.2009,0.0156,0.0,-0.0001,0.09,-0.0005,0.0156,True
1790476785.8728,1.251,0.0217,-0.0,-0.0002,0.09,-0.0006,0.0217,True
1790476785.9273,1.3055,0.0248,-0.0,-0.0002,0.09,-0.0006,0.0248,True
1790476785.9727,1.3509,0.0309,-0.0,-0.0003,0.09,-0.0007,0.0309,True
1790476786.0227,1.4009,0.034,-0.0,-0.0003,0.09,-0.0005,0.0339,True
1790476786.0727,1.4509,0.0401,-0.0,-0.0004,0.09,-0.0005,0.04,True
1790476786.1227,1.5009,0.0431,-0.0,-0.0005,0.09,-0.0004,0.0431,True
1790476786.1728,1.5511,0.0493,-0.0,-0.0005,0.09,-0.0005,0.0492,True
1790476786.2227,1.6009,0.0523,-0.0,-0.0005,0.09,-0.0006,0.0523,True
1790476786.2727,1.6509,0.0584,-0.0,-0.0005,0.09,-0.0006,0.0584,True
1790476786.3228,1.701,0.0615,-0.0,-0.0005,0.09,-0.0006,0.0615,True
1790476786.3727,1.7509,0.0676,-0.0,-0.0006,0.09,-0.0007,0.0676,True
1790476786.4227,1.801,0.0707,-0.0,-0.0006,0.09,-0.0007,0.0706,True
1790476786.4727,1.8509,0.0737,-0.0,-0.0006,0.09,-0.0008,0.0737,True
1790476786.5227,1.901,0.0798,-0.0,-0.0006,0.09,-0.0008,0.0798,True
1790476786.5727,1.951,0.0829,-0.0,-0.0006,0.09,-0.0008,0.0829,True
1790476786.6227,2.0009,0.089,-0.0,-0.0007,0.09,-0.0007,0.089,True
1790476786.6728,2.051,0.0921,-0.0,-0.0007,0.09,-0.0007,0.0921,True
1790476786.7227,2.1009,0.0982,-0.0,-0.0007,0.09,-0.0006,0.0982,True
1790476786.7745,2.1527,0.1013,-0.0,-0.0007,0.09,-0.0006,0.1012,True
1790476786.8226,2.2009,0.1074,-0.0,-0.0007,0.09,-0.0006,0.1074,True
1790476786.8728,2.251,0.1104,-0.0,-0.0008,0.09,-0.0005,0.1104,True
1790476786.9229,2.3011,0.1166,-0.0001,-0.0008,0.09,-0.0004,0.1165,True
1790476786.9727,2.351,0.1196,-0.0001,-0.0008,0.09,-0.0004,0.1196,True
1790476787.0226,2.4008,0.1257,-0.0001,-0.0009,0.09,-0.0003,0.1257,True
1790476787.0727,2.4509,0.1288,-0.0001,-0.0009,0.09,-0.0003,0.1288,True
1790476787.1229,2.5011,0.1349,-0.0001,-0.0009,0.09,-0.0002,0.1349,True
1790476787.1727,2.551,0.138,-0.0001,-0.0009,0.09,-0.0002,0.1379,True
1790476787.2227,2.6009,0.141,-0.0001,-0.0009,0.09,-0.0002,0.141,True
1790476787.2728,2.651,0.1472,-0.0001,-0.001,0.09,-0.0002,0.1471,True
1790476787.3228,2.701,0.1502,-0.0001,-0.001,0.09,-0.0002,0.1502,True
1790476787.3751,2.7533,0.1563,-0.0001,-0.001,0.09,-0.0001,0.1563,True
1790476787.4227,2.8009,0.1594,-0.0001,-0.0011,0.09,-0.0002,0.1594,True
1790476787.4727,2.8509,0.1655,-0.0001,-0.0011,0.09,-0.0003,0.1655,True
1790476787.5227,2.9009,0.1686,-0.0001,-0.0011,0.09,-0.0002,0.1685,True
1790476787.5732,2.9514,0.1747,-0.0001,-0.0012,0.09,-0.0001,0.1747,True
1790476787.6227,3.0009,0.1777,-0.0001,-0.0012,0.09,-0.0001,0.1777,True
1790476787.6743,3.0526,0.1808,-0.0001,-0.0012,0.09,-0.0001,0.1808,True
1790476787.7227,3.1009,0.1869,-0.0001,-0.0013,0.09,-0.0001,0.1869,True
1790476787.7727,3.1509,0.193,-0.0001,-0.0013,0.09,-0.0001,0.193,True
1790476787.8227,3.2009,0.1961,-0.0001,-0.0013,0.09,-0.0001,0.1961,True
1790476787.8727,3.2509,0.1992,-0.0001,-0.0014,0.09,-0.0,0.1991,True
1790476787.9228,3.301,0.2053,-0.0001,-0.0014,0.09,-0.0,0.2053,True
1790476787.9727,3.351,0.2083,-0.0002,-0.0015,0.09,-0.0001,0.2083,True
1790476788.0227,3.4009,0.2145,-0.0002,-0.0015,0.09,-0.0,0.2144,True
1790476788.0727,3.4509,0.2175,-0.0002,-0.0015,0.09,0.0,0.2175,True
1790476788.1227,3.501,0.2236,-0.0002,-0.0016,0.09,-0.0,0.2236,True
1790476788.1728,3.551,0.2267,-0.0002,-0.0016,0.09,-0.0,0.2267,True
1790476788.2228,3.601,0.2328,-0.0002,-0.0017,0.09,-0.0,0.2328,True
1790476788.2748,3.6531,0.2359,-0.0002,-0.0017,0.09,-0.0,0.2359,True
1790476788.3227,3.7009,0.242,-0.0002,-0.0017,0.09,0.0001,0.242,True
1790476788.3727,3.7509,0.2451,-0.0002,-0.0017,0.09,0.0001,0.245,True
1790476788.4226,3.8008,0.2512,-0.0002,-0.0018,0.09,0.0001,0.2512,True
1790476788.4727,3.8509,0.2543,-0.0002,-0.0018,0.09,0.0001,0.2542,True
1790476788.5231,3.9013,0.2573,-0.0002,-0.0018,0.09,0.0001,0.2573,True
1790476788.5727,3.9509,0.2634,-0.0002,-0.0019,0.09,0.0,0.2634,True
1790476788.6227,4.0009,0.2665,-0.0003,-0.0019,0.09,0.0,0.2665,True
1790476788.6727,4.0509,0.2726,-0.0003,-0.0019,0.09,0.0001,0.2726,True
1790476788.7227,4.1009,0.2757,-0.0003,-0.0019,0.09,0.0002,0.2756,True
1790476788.7737,4.152,0.2818,-0.0003,-0.002,0.09,0.0002,0.2818,True
1790476788.8226,4.2008,0.2849,-0.0003,-0.002,0.09,0.0002,0.2848,True
1790476788.8769,4.2552,0.291,-0.0003,-0.002,0.09,0.0002,0.2909,True
1790476788.9227,4.3009,0.294,-0.0003,-0.0021,0.09,0.0002,0.294,True
1790476788.975,4.3532,0.3002,-0.0003,-0.0021,0.09,0.0002,0.3001,True
1790476789.0227,4.4009,0.3032,-0.0003,-0.0021,0.09,0.0002,0.3032,True
1790476789.0727,4.4509,0.3093,-0.0003,-0.0022,0.09,0.0002,0.3093,True
1790476789.1227,4.5009,0.3124,-0.0003,-0.0022,0.09,0.0003,0.3124,True
1790476789.1729,4.5511,0.3185,-0.0004,-0.0022,0.09,0.0006,0.3185,True
1790476789.223,4.6012,0.3216,-0.0004,-0.0022,0.09,0.0006,0.3216,True
1790476789.2747,4.6529,0.3246,-0.0004,-0.0022,0.09,0.0007,0.3246,True
1790476789.3227,4.7009,0.3308,-0.0004,-0.0022,0.0899,0.001,0.3307,True
1790476789.3728,4.751,0.3338,-0.0004,-0.0022,0.0899,0.0009,0.3338,True
1790476789.4231,4.8013,0.3399,-0.0004,-0.0023,0.0899,0.0009,0.3399,True
1790476789.4728,4.851,0.343,-0.0004,-0.0023,0.09,0.0008,0.343,True
1790476789.5228,4.9011,0.3491,-0.0004,-0.0023,0.0899,0.0009,0.3491,True
1790476789.5727,4.951,0.3522,-0.0004,-0.0023,0.0899,0.0009,0.3522,True
1790476789.6227,5.0009,0.3583,-0.0004,-0.0023,0.0899,0.001,0.3583,True
1790476789.6728,5.051,0.3614,-0.0005,-0.0022,0.0899,0.001,0.3613,True
1790476789.7226,5.1009,0.3675,-0.0005,-0.0022,0.0899,0.001,0.3674,True
1790476789.7745,5.1527,0.3705,-0.0005,-0.0022,0.0899,0.001,0.3705,True
1790476789.8227,5.2009,0.3767,-0.0005,-0.0022,0.0899,0.0009,0.3766,True
1790476789.8728,5.251,0.3797,-0.0005,-0.0022,0.0899,0.0009,0.3797,True
1790476789.9226,5.3009,0.3828,-0.0005,-0.0022,0.09,0.0009,0.3827,True
1790476789.9727,5.3509,0.3889,-0.0005,-0.0022,0.09,0.0008,0.3889,True
1790476790.0227,5.4009,0.3919,-0.0005,-0.0021,0.09,0.0008,0.3919,True
1790476790.0727,5.451,0.3981,-0.0005,-0.0021,0.09,0.0008,0.398,True
1790476790.1228,5.501,0.4011,-0.0005,-0.0021,0.09,0.0008,0.4011,True
1790476790.1726,5.5509,0.4072,-0.0006,-0.002,0.0899,0.001,0.4072,True
1790476790.2229,5.6011,0.4103,-0.0006,-0.002,0.0899,0.001,0.4103,True
1790476790.2775,5.6557,0.4164,-0.0006,-0.002,0.0899,0.0012,0.4164,True
1790476790.3227,5.7009,0.4195,-0.0006,-0.002,0.0899,0.0013,0.4194,True
1790476790.3727,5.7509,0.4256,-0.0006,-0.0019,0.0899,0.0013,0.4256,True
1790476790.4227,5.8009,0.4287,-0.0006,-0.0019,0.0899,0.0014,0.4286,True
1790476790.4728,5.851,0.4348,-0.0006,-0.0019,0.0899,0.0014,0.4347,True
1790476790.5228,5.901,0.4378,-0.0006,-0.0019,0.0899,0.0014,0.4378,True
1790476790.5727,5.9509,0.4439,-0.0006,-0.0018,0.0899,0.0016,0.4439,True
1790476790.6227,6.0009,0.447,-0.0006,-0.0018,0.0899,0.0016,0.447,True
1790476790.6727,6.0509,0.4501,-0.0006,-0.0018,0.0899,0.002,0.45,True
1790476790.7227,6.1009,0.4562,-0.0006,-0.0017,0.0899,0.002,0.4561,True
1790476790.7727,6.1509,0.4623,-0.0007,-0.0016,0.0899,0.002,0.4623,True
1790476790.8228,6.2011,0.4654,-0.0007,-0.0016,0.0899,0.0019,0.4653,True
1790476790.8727,6.2509,0.4684,-0.0007,-0.0016,0.0897,0.0045,0.4684,True
1790476790.928,6.3063,0.4745,-0.0007,-0.0015,0.0897,0.0045,0.4745,True
1790476790.9728,6.351,0.4776,-0.0007,-0.0015,0.0893,0.0119,0.4776,True
1790476791.024,6.4022,0.4837,-0.0007,-0.0014,0.0893,0.0119,0.4837,True
1790476791.0767,6.4549,0.4868,-0.0007,-0.0014,0.0891,0.0161,0.4867,True
1790476791.1227,6.5009,0.4929,-0.0007,-0.0013,0.0889,0.0181,0.4928,True
1790476791.1727,6.551,0.4959,-0.0007,-0.0012,0.0887,0.0216,0.4959,True
1790476791.2227,6.6009,0.502,-0.0007,-0.0011,0.0885,0.0256,0.502,True
1790476791.2727,6.6509,0.5051,-0.0007,-0.001,0.0885,0.0256,0.5051,True
1790476791.3227,6.701,0.5112,-0.0007,-0.0009,0.0882,0.0303,0.5112,True
1790476791.3727,6.7509,0.5143,-0.0007,-0.0009,0.0876,0.0419,0.5142,True
1790476791.4227,6.8009,0.5173,-0.0007,-0.0008,0.0876,0.0419,0.5173,True
1790476791.4727,6.8509,0.5234,-0.0007,-0.0007,0.0873,0.0471,0.5234,True
1790476791.5255,6.9037,0.5265,-0.0007,-0.0007,0.0869,0.0526,0.5265,True
1790476791.5727,6.9509,0.5325,-0.0007,0.0007,0.0863,0.0642,0.5325,True
1790476791.6227,7.0009,0.5355,-0.0007,0.0016,0.0863,0.0642,0.5355,True
1790476791.6726,7.0509,0.5416,-0.0007,0.0033,0.0859,0.0698,0.5415,True
1790476791.7227,7.1009,0.5446,-0.0007,0.0042,0.0854,0.0796,0.5446,True
1790476791.7727,7.1509,0.5506,-0.0007,0.0059,0.0847,0.0911,0.5506,True
1790476791.8258,7.204,0.5536,-0.0007,0.0067,0.0841,0.1022,0.5536,True
1790476791.8727,7.2509,0.5596,-0.0006,0.0084,0.0835,0.1121,0.5596,True
1790476791.9228,7.301,0.5626,-0.0006,0.0093,0.0829,0.1223,0.5626,True
1790476791.9727,7.351,0.5687,-0.0005,0.011,0.0823,0.1326,0.5686,True
1790476792.0228,7.401,0.5717,-0.0005,0.0119,0.0817,0.1419,0.5717,True
1790476792.0726,7.4509,0.5776,-0.0004,0.0161,0.0813,0.1499,0.5775,True
1790476792.1227,7.501,0.5805,-0.0004,0.0183,0.0808,0.1581,0.5805,True
1790476792.1727,7.5509,0.5864,-0.0002,0.0226,0.028,-0.0041,0.5863,True
1790476792.2227,7.6009,0.5893,-0.0002,0.0248,0.028,-0.0082,0.5893,True
1790476792.2726,7.6509,0.5922,-0.0001,0.0269,0.0881,0.0328,0.5922,True
1790476792.3227,7.7009,0.5979,0.0001,0.0344,0.0865,0.0594,0.5979,True
1790476792.3728,7.751,0.6008,0.0002,0.0382,0.028,-0.0072,0.6007,True
1790476792.4227,7.8009,0.6064,0.0004,0.0457,0.028,-0.0144,0.6064,True
1790476792.4726,7.8509,0.6092,0.0006,0.0505,0.0878,0.0384,0.6092,True
1790476792.5227,7.9009,0.6148,0.0009,0.06,0.0861,0.0678,0.6148,True
1790476792.5727,7.9509,0.6176,0.001,0.0648,0.028,-0.0093,0.6176,True
1790476792.6227,8.0009,0.6223,0.0014,0.0694,0.028,-0.0093,0.6223,True
1790476792.6728,8.051,0.6233,0.0014,0.0691,0.028,-0.0162,0.6233,True
1790476792.7238,8.102,0.6252,0.0016,0.0685,0.028,-0.0156,0.6252,True
1790476792.7727,8.1509,0.6261,0.0016,0.0683,0.028,0.0005,0.6262,True
1790476792.8227,8.201,0.6291,0.0018,0.0676,0.028,0.0005,0.6292,True
1790476792.8727,8.2509,0.632,0.002,0.0698,0.028,0.0012,0.6321,True
1790476792.9237,8.3019,0.6379,0.0025,0.0743,0.0875,0.0435,0.6379,True
1790476792.9727,8.3509,0.6408,0.0027,0.0766,0.028,-0.0043,0.6408,True
1790476793.0229,8.4011,0.6466,0.0031,0.0812,0.0855,0.0776,0.6467,True
1790476793.0727,8.4509,0.6496,0.0034,0.0835,0.0839,0.1041,0.6496,True
1790476793.1235,8.5017,0.6525,0.0036,0.0857,0.028,-0.0043,0.6526,True
1790476793.1727,8.551,0.6583,0.0041,0.0903,0.0824,0.1302,0.6584,True
1790476793.2228,8.601,0.6612,0.0044,0.0926,0.0824,0.1302,0.6614,True
1790476793.2727,8.6509,0.6659,0.0049,0.097,0.0811,0.1536,0.6661,True
1790476793.3227,8.7009,0.6669,0.0049,0.0969,0.028,-0.0043,0.6671,True
1790476793.3726,8.7508,0.6718,0.0054,0.0993,0.028,-0.0057,0.672,True
1790476793.4241,8.8023,0.6747,0.0057,0.1019,0.0801,0.1708,0.6749,True
1790476793.4768,8.855,0.6805,0.0063,0.1072,0.0793,0.1834,0.6807,True
1790476793.5228,8.901,0.6834,0.0066,0.1098,0.0788,0.1927,0.6836,True
1790476793.5727,8.9509,0.6891,0.0073,0.115,0.028,-0.01,0.6894,True
1790476793.6228,9.001,0.692,0.0076,0.1176,0.028,-0.01,0.6923,True
1790476793.6728,9.051,0.6949,0.008,0.1202,0.0868,0.0549,0.6952,True
1790476793.7227,9.1009,0.7007,0.0087,0.1255,0.028,-0.005,0.7011,True
1790476793.7728,9.151,0.7036,0.0091,0.1281,0.0843,0.0978,0.704,True
1790476793.8227,9.2009,0.708,0.0096,0.1383,0.028,-0.005,0.7084,True
1790476793.8729,9.2511,0.709,0.0098,0.1393,0.028,-0.0169,0.7095,True
1790476793.9228,9.301,0.7109,0.0101,0.1391,0.0866,0.0576,0.7114,True
1790476793.9728,9.351,0.7119,0.0102,0.139,0.0838,0.1059,0.7123,True
1790476794.0228,9.401,0.7138,0.0105,0.1388,0.0818,0.141,0.7142,True
1790476794.0765,9.4547,0.7147,0.0106,0.1387,0.0803,0.1667,0.7152,True
1790476794.1231,9.5014,0.7166,0.0108,0.1385,0.0792,0.1862,0.7171,True
1790476794.1728,9.551,0.7175,0.011,0.1384,0.0783,0.2011,0.718,True
1790476794.2226,9.6009,0.7194,0.0112,0.1382,0.028,0.0002,0.7199,True
1790476794.2727,9.6509,0.7203,0.0114,0.1382,0.028,0.0004,0.7209,True
1790476794.3227,9.701,0.7234,0.0118,0.139,0.028,0.0006,0.724,True
1790476794.3728,9.751,0.7261,0.0122,0.1437,0.028,0.0008,0.7267,True
1790476794.4227,9.8009,0.7317,0.013,0.153,0.0858,0.0725,0.7323,True
1790476794.4727,9.851,0.7344,0.0134,0.1577,0.0828,0.1236,0.7351,True
1790476794.5227,9.9009,0.74,0.0144,0.1671,0.0807,0.1597,0.7407,True
1790476794.5726,9.9509,0.7427,0.0148,0.1718,0.0792,0.1858,0.7435,True
1790476794.6228,10.001,0.7455,0.0153,0.1764,0.0781,0.2044,0.7463,True
1790476794.6727,10.0509,0.751,0.0163,0.1858,0.0773,0.218,0.752,True
1790476794.7253,10.1035,0.7538,0.0168,0.1904,0.0767,0.2276,0.7548,True
1790476794.7727,10.151,0.7593,0.0179,0.1998,0.0764,0.2343,0.7604,True
1790476794.8227,10.2009,0.762,0.0185,0.2039,0.0761,0.2391,0.7632,True
1790476794.8729,10.2511,0.7673,0.0196,0.2169,0.0759,0.2426,0.7686,True
1790476794.9246,10.3028,0.77,0.0202,0.223,0.028,-0.0103,0.7713,True
1790476794.9727,10.3509,0.7753,0.0215,0.2354,0.0758,0.2445,0.7767,True
1790476795.0227,10.401,0.7779,0.0221,0.2415,0.0757,0.245,0.7795,True
1790476795.0736,10.4519,0.7805,0.0228,0.2477,0.0757,0.2448,0.7822,True
1790476795.1228,10.501,0.7858,0.0241,0.2601,0.0758,0.2437,0.7876,True
1790476795.1727,10.5509,0.791,0.0256,0.2725,0.0759,0.242,0.7931,True
1790476795.2227,10.6009,0.7937,0.0263,0.2786,0.076,0.2399,0.7958,True
1790476795.2727,10.6509,0.7987,0.0278,0.2935,0.0762,0.2378,0.801,True
1790476795.3226,10.7008,0.8012,0.0285,0.3015,0.0765,0.2321,0.8037,True
1790476795.3727,10.7509,0.8062,0.0301,0.3176,0.0765,0.2321,0.8089,True
1790476795.4227,10.8009,0.8087,0.031,0.3258,0.0767,0.2286,0.8115,True
1790476795.4734,10.8516,0.8111,0.0318,0.3339,0.0769,0.2252,0.8141,True
1790476795.5228,10.901,0.816,0.0336,0.3503,0.0771,0.221,0.8193,True
1790476795.5727,10.9509,0.8185,0.0345,0.3584,0.0777,0.2113,0.8219,True
1790476795.623,11.0012,0.8234,0.0363,0.3746,0.078,0.2062,0.8271,True
1790476795.6727,11.0509,0.8258,0.0373,0.3827,0.078,0.2062,0.8297,True
1790476795.723,11.1012,0.8282,0.0383,0.3907,0.0783,0.2005,0.8324,True
1790476795.7726,11.1509,0.833,0.0403,0.4069,0.0787,0.1947,0.8376,True
1790476795.8227,11.2009,0.8378,0.0424,0.4231,0.0793,0.1829,0.8428,True
1790476795.8727,11.251,0.8402,0.0435,0.4312,0.0793,0.1829,0.8454,True
1790476795.9247,11.3029,0.8449,0.0457,0.4469,0.0797,0.1777,0.8506,True
1790476795.9728,11.351,0.8473,0.0469,0.454,0.08,0.1719,0.8533,True
1790476796.0227,11.4009,0.8521,0.0493,0.4674,0.0,0.0,0.8587,True
1790476796.0727,11.451,0.8545,0.0505,0.4741,0.0,0.0,0.8613,True
1790476796.1228,11.501,0.8569,0.0517,0.4808,0.0,0.0,0.864,True
1790476796.1728,11.551,0.8616,0.0542,0.4943,0.0,0.0,0.8694,True
1790476796.224,11.6022,0.864,0.0555,0.501,0.0,0.0,0.8721,True
1790476796.2727,11.6509,0.8687,0.0581,0.5144,0.0,0.0,0.8774,True
1790476796.3227,11.701,0.871,0.0594,0.5211,0.0,0.0,0.8801,True
1790476796.3728,11.751,0.8745,0.0615,0.5365,0.0,0.0,0.8842,True
1790476796.4227,11.8009,0.8752,0.0619,0.542,0.0,0.0,0.885,True
1790476796.4727,11.8509,0.8753,0.062,0.5433,0.0,0.0,0.8851,False
1790476796.5228,11.901,0.8753,0.062,0.5433,0.0,0.0,0.8851,False
1790476796.5727,11.9509,0.8753,0.062,0.5433,0.0,0.0,0.8851,False
1790476796.6228,12.001,0.8753,0.062,0.5433,0.0,0.0,0.8851,False
1790476796.6729,12.0512,0.8753,0.062,0.5433,0.0,0.0,0.8851,False
1790476796.725,12.1032,0.8753,0.062,0.5433,0.0,0.0,0.8851,False
1790476796.7759,12.1541,0.8753,0.062,0.5433,0.0,0.0,0.8851,False
1790476796.8228,12.2011,0.8753,0.062,0.5433,0.0,0.0,0.8851,False
1790476796.8727,12.2509,0.8753,0.062,0.5433,0.0,0.0,0.8851,False
1790476796.9227,12.301,0.8753,0.062,0.5433,0.0,0.0,0.8851,False
1790476796.9727,12.3509,0.8753,0.062,0.5433,0.0,0.0,0.8851,False
1790476797.0227,12.4009,0.8753,0.062,0.5433,0.0,0.0,0.8851,False
1790476797.0727,12.4509,0.8753,0.062,0.5433,0.0,0.0,0.8851,False
1790476797.1228,12.501,0.8753,0.062,0.5433,0.0,0.0,0.8851,False
1790476797.1728,12.5511,0.8753,0.062,0.5433,0.0,0.0,0.8852,False
1790476797.2227,12.6009,0.8753,0.062,0.5433,0.0,0.0,0.8852,False
1790476797.274,12.6523,0.8753,0.062,0.5433,0.0,0.0,0.8852,False
1790476797.3227,12.7009,0.8753,0.062,0.5433,0.0,0.0,0.8852,False
1790476797.373,12.7513,0.8753,0.062,0.5433,0.0,0.0,0.8852,False
1790476797.4227,12.8009,0.8753,0.062,0.5433,0.0,0.0,0.8852,False
1790476797.4726,12.8508,0.8753,0.062,0.5433,0.0,0.0,0.8852,False
1790476797.5227,12.9009,0.8753,0.062,0.5433,0.0,0.0,0.8852,False
1790476797.5727,12.951,0.8753,0.062,0.5433,0.0,0.0,0.8852,False
1790476797.6227,13.0009,0.8753,0.062,0.5433,0.0,0.0,0.8852,False
1790476797.6727,13.051,0.8753,0.062,0.5433,0.0,0.0,0.8852,False
1790476797.7228,13.101,0.8753,0.062,0.5433,0.0,0.0,0.8852,False
1790476797.7726,13.1509,0.8753,0.062,0.5433,0.0,0.0,0.8852,False
1790476797.8267,13.205,0.8753,0.062,0.5433,0.0,0.0,0.8852,False
1790476797.8729,13.2511,0.8753,0.062,0.5433,0.0,0.0,0.8852,False
1790476797.9228,13.301,0.8753,0.062,0.5433,0.0,0.0,0.8852,False
1790476797.9728,13.3511,0.8753,0.062,0.5433,0.0,0.0,0.8852,False
1790476798.0228,13.401,0.8753,0.062,0.5433,0.0,0.0,0.8852,False
1790476798.0751,13.4533,0.8753,0.062,0.5433,0.0,0.0,0.8852,False
1790476798.1227,13.5009,0.8753,0.062,0.5433,0.0,0.0,0.8852,False
1790476798.1727,13.5509,0.8753,0.062,0.5433,0.0,0.0,0.8852,False
1790476798.2228,13.6011,0.8753,0.062,0.5433,0.0,0.0,0.8852,False
1790476798.2894,13.6676,0.8753,0.062,0.5433,0.0,0.0,0.8852,False
1790476798.3227,13.7009,0.8753,0.062,0.5433,0.0,0.0,0.8852,False
1790476798.3783,13.7566,0.8753,0.062,0.5433,0.0,0.0,0.8852,False
1790476798.4228,13.8011,0.8753,0.062,0.5433,0.0,0.0,0.8852,False
1790476798.4728,13.851,0.8753,0.062,0.5433,0.0,0.0,0.8852,False
1790476798.5227,13.9009,0.8753,0.062,0.5433,0.0,0.0,0.8852,False
1790476798.5727,13.9509,0.8753,0.062,0.5433,0.0,0.0,0.8852,False
1790476798.6227,14.001,0.8753,0.062,0.5433,0.0,0.0,0.8852,False
1790476798.6731,14.0513,0.8753,0.062,0.5433,0.0,0.0,0.8852,False
1790476798.7265,14.1047,0.8753,0.062,0.5434,0.0,0.0,0.8852,False
1790476798.7727,14.151,0.8753,0.062,0.5434,0.0,0.0,0.8852,False
1790476798.8228,14.201,0.8753,0.062,0.5434,0.0,0.0,0.8852,False
1790476798.8728,14.251,0.8753,0.062,0.5434,0.0,0.0,0.8852,False
1790476798.9226,14.3009,0.8753,0.062,0.5434,0.0,0.0,0.8852,False
1790476798.9743,14.3525,0.8753,0.062,0.5434,0.0,0.0,0.8852,False
1790476799.0227,14.4009,0.8753,0.062,0.5434,0.0,0.0,0.8852,False
1790476799.0727,14.4509,0.8753,0.062,0.5434,0.0,0.0,0.8852,False
1790476799.1228,14.501,0.8753,0.062,0.5434,0.0,0.0,0.8852,False
1790476799.1727,14.5509,0.8753,0.062,0.5434,0.0,0.0,0.8852,False
1790476799.2227,14.6009,0.8753,0.062,0.5434,0.0,0.0,0.8852,False
1790476799.2728,14.651,0.8753,0.062,0.5434,0.0,0.0,0.8852,False
1790476799.3228,14.701,0.8753,0.062,0.5434,0.0,0.0,0.8852,False
1790476799.3726,14.7509,0.8753,0.062,0.5434,0.0,0.0,0.8852,False
1790476799.4227,14.8009,0.8753,0.062,0.5434,0.0,0.0,0.8852,False
1790476799.4727,14.8509,0.8753,0.062,0.5434,0.0,0.0,0.8852,False
1790476799.5228,14.901,0.8753,0.062,0.5434,0.0,0.0,0.8852,False
1790476799.5727,14.9509,0.8753,0.062,0.5434,0.0,0.0,0.8852,False
1790476799.6229,15.0011,0.8753,0.062,0.5434,0.0,0.0,0.8852,False
1790476799.6727,15.0509,0.8753,0.062,0.5434,0.0,0.0,0.8852,False
1790476799.7227,15.101,0.8753,0.062,0.5434,0.0,0.0,0.8852,False
1790476799.7727,15.1509,0.8753,0.062,0.5434,0.0,0.0,0.8852,False
1790476799.8227,15.201,0.8753,0.062,0.5434,0.0,0.0,0.8852,False
1790476799.8727,15.2509,0.8753,0.062,0.5434,0.0,0.0,0.8852,False
1790476799.9227,15.3009,0.8753,0.062,0.5434,0.0,0.0,0.8852,False
1790476799.9728,15.351,0.8753,0.062,0.5434,0.0,0.0,0.8852,False
1790476800.0228,15.401,0.8753,0.062,0.5434,0.0,0.0,0.8852,False
1790476800.0751,15.4533,0.8753,0.062,0.5434,0.0,0.0,0.8852,False
1790476800.1354,15.5136,0.8753,0.062,0.5434,0.0,0.0,0.8852,False
1790476800.1784,15.5567,0.8753,0.062,0.5434,0.0,0.0,0.8852,False
1790476800.2228,15.601,0.8753,0.062,0.5434,0.0,0.0,0.8852,False
1790476800.2727,15.651,0.8753,0.062,0.5434,0.0,0.0,0.8852,False
1790476800.3227,15.7009,0.8753,0.062,0.5434,0.0,0.0,0.8852,False
1790476800.3729,15.7511,0.8753,0.062,0.5434,0.0,0.0,0.8852,False
1790476800.4227,15.8009,0.8753,0.062,0.5434,0.0,0.0,0.8852,False
1790476800.4727,15.8509,0.8753,0.062,0.5434,0.0,0.0,0.8852,False
1790476800.5227,15.9009,0.8753,0.062,0.5434,0.0,0.0,0.8852,False
1790476800.5727,15.9509,0.8753,0.062,0.5434,0.0,0.0,0.8852,False
1790476800.6227,16.0009,0.8753,0.062,0.5434,0.0,0.0,0.8852,False
1790476800.6775,16.0557,0.8753,0.062,0.5434,0.0,0.0,0.8852,False
1790476800.7273,16.1055,0.8753,0.062,0.5434,0.0,0.0,0.8852,False
1790476800.7832,16.1614,0.8753,0.062,0.5434,0.0,0.0,0.8852,False
1790476800.8227,16.2009,0.8753,0.062,0.5434,0.0,0.0,0.8852,False
1790476800.8727,16.251,0.8753,0.062,0.5434,0.0,0.0,0.8852,False
1790476800.9228,16.301,0.8753,0.062,0.5434,0.0,0.0,0.8852,False
1790476800.9728,16.351,0.8753,0.062,0.5434,0.0,0.0,0.8852,False
1790476801.0228,16.401,0.8753,0.062,0.5434,0.0,0.0,0.8852,False
1790476801.0727,16.4509,0.8753,0.062,0.5434,0.0,0.0,0.8852,False
1790476801.1227,16.5009,0.8753,0.062,0.5434,0.0,0.0,0.8852,False
1790476801.1727,16.5509,0.8753,0.062,0.5434,0.0,0.0,0.8852,False
1790476801.2249,16.6032,0.8753,0.062,0.5434,0.0,0.0,0.8852,False
1790476801.2846,16.6629,0.8753,0.062,0.5434,0.0,0.0,0.8852,False
1790476801.3264,16.7046,0.8753,0.062,0.5434,0.0,0.0,0.8852,False
1790476801.3778,16.756,0.8753,0.062,0.5434,0.0,0.0,0.8852,False
1790476801.4227,16.8009,0.8753,0.062,0.5434,0.0,0.0,0.8852,False
1790476801.4727,16.8509,0.8753,0.062,0.5434,0.0,0.0,0.8852,False
1790476801.5227,16.9009,0.8753,0.062,0.5434,0.0,0.0,0.8852,False
1790476801.5727,16.9509,0.8753,0.062,0.5434,0.0,0.0,0.8852,False
1790476801.6227,17.0009,0.8753,0.062,0.5434,0.0,0.0,0.8852,False
1790476801.6728,17.051,0.8753,0.062,0.5434,0.0,0.0,0.8852,False
1790476801.7227,17.1009,0.8753,0.062,0.5434,0.0,0.0,0.8852,False
1790476801.7727,17.1509,0.8753,0.062,0.5434,0.0,0.0,0.8852,False
1790476801.8244,17.2027,0.8753,0.062,0.5434,0.0,0.0,0.8852,False
1790476801.8727,17.2509,0.8753,0.062,0.5434,0.0,0.0,0.8852,False
1790476801.9227,17.3009,0.8753,0.062,0.5434,0.0,0.0,0.8852,False
1790476801.9727,17.351,0.8753,0.062,0.5435,0.0,0.0,0.8852,False
1790476802.0227,17.4009,0.8753,0.062,0.5435,0.0,0.0,0.8852,False
1790476802.0727,17.4509,0.8753,0.062,0.5435,0.0,0.0,0.8852,False
1790476802.1245,17.5027,0.8753,0.062,0.5435,0.0,0.0,0.8852,False
1790476802.1729,17.5511,0.8753,0.062,0.5435,0.0,0.0,0.8852,False
1790476802.2236,17.6018,0.8753,0.062,0.5435,0.0,0.0,0.8852,False
1790476802.2838,17.6621,0.8753,0.062,0.5435,0.0,0.0,0.8852,False
1790476802.3227,17.701,0.8753,0.062,0.5435,0.0,0.0,0.8852,False
1790476802.3728,17.751,0.8753,0.062,0.5435,0.0,0.0,0.8852,False
1790476802.4226,17.8009,0.8753,0.062,0.5435,0.0,0.0,0.8852,False
1790476802.4728,17.851,0.8753,0.062,0.5435,0.0,0.0,0.8852,False
1790476802.5228,17.901,0.8753,0.062,0.5435,0.0,0.0,0.8852,False
1790476802.5727,17.9509,0.8753,0.062,0.5435,0.0,0.0,0.8852,False
1790476802.6228,18.0011,0.8753,0.062,0.5435,0.0,0.0,0.8852,False
1790476802.6728,18.051,0.8753,0.062,0.5435,0.0,0.0,0.8852,False
1790476802.7275,18.1058,0.8753,0.062,0.5435,0.0,0.0,0.8852,False
1790476802.7726,18.1509,0.8753,0.062,0.5435,0.0,0.0,0.8852,False
1790476802.8227,18.2009,0.8753,0.062,0.5435,0.0,0.0,0.8852,False
1790476802.8727,18.2509,0.8753,0.062,0.5435,0.0,0.0,0.8852,False
1790476803.5608,18.9391,0.8753,0.062,0.5435,0.0,0.0,0.8852,False
1790476803.5727,18.9509,0.8753,0.062,0.5435,0.0,0.0,0.8852,False
1790476803.6227,19.0009,0.8753,0.062,0.5435,0.0,0.0,0.8852,False
1790476803.6727,19.0509,0.8753,0.062,0.5435,0.0,0.0,0.8852,False
1790476803.7227,19.1009,0.8753,0.062,0.5435,0.0,0.0,0.8852,False
1790476803.7727,19.151,0.8753,0.062,0.5435,0.0,0.0,0.8852,False
1790476804.5575,19.9357,0.8753,0.062,0.5435,0.0,0.0,0.8852,False
1790476804.5728,19.951,0.8753,0.062,0.5435,0.0,0.0,0.8852,False
1790476804.6227,20.0009,0.8753,0.062,0.5435,0.0,0.0,0.8852,False
1790476804.6731,20.0513,0.8753,0.062,0.5435,0.0,0.0,0.8852,False
1790476804.7252,20.1035,0.8753,0.062,0.5435,0.0,0.0,0.8852,False
1790476804.7726,20.1509,0.8753,0.062,0.5435,0.0,0.0,0.8852,False
1790476804.8227,20.2009,0.8753,0.062,0.5435,0.0,0.0,0.8852,False
1790476804.8727,20.2509,0.8753,0.062,0.5435,0.0,0.0,0.8852,False
1790476804.9226,20.3009,0.8753,0.062,0.5435,0.0,0.0,0.8852,False
1790476804.9727,20.3509,0.8753,0.062,0.5435,0.0,0.0,0.8852,False
1790476805.0227,20.4009,0.8753,0.062,0.5435,0.0,0.0,0.8852,False
1790476805.0727,20.4509,0.8753,0.062,0.5435,0.0,0.0,0.8852,False
1790476805.1234,20.5017,0.8753,0.062,0.5435,0.0,0.0,0.8852,False
1790476805.1727,20.5509,0.8753,0.062,0.5435,0.0,0.0,0.8852,False
1790476805.2227,20.601,0.8753,0.062,0.5435,0.0,0.0,0.8852,False
1790476805.2728,20.651,0.8753,0.062,0.5435,0.0,0.0,0.8852,False
1790476805.3227,20.7009,0.8753,0.062,0.5435,0.0,0.0,0.8852,False
1790476805.3727,20.7509,0.8753,0.062,0.5435,0.0,0.0,0.8852,False
1790476805.4229,20.8012,0.8753,0.062,0.5435,0.0,0.0,0.8852,False
1790476805.4727,20.8509,0.8753,0.062,0.5435,0.0,0.0,0.8852,False
1790476805.5227,20.9009,0.8753,0.062,0.5435,0.0,0.0,0.8852,False
1790476805.5727,20.951,0.8753,0.062,0.5435,0.0,0.0,0.8852,False
1790476805.6265,21.0047,0.8753,0.062,0.5435,0.0,0.0,0.8852,False
1790476805.6728,21.051,0.8753,0.062,0.5435,0.0,0.0,0.8852,False
1790476805.7265,21.1047,0.8753,0.062,0.5435,0.0,0.0,0.8852,False
1790476805.7787,21.1569,0.8753,0.062,0.5435,0.0,0.0,0.8852,False
1790476805.8227,21.2009,0.8753,0.062,0.5435,0.0,0.0,0.8852,False
1790476805.8727,21.2509,0.8753,0.062,0.5435,0.0,0.0,0.8852,False
1790476805.9227,21.301,0.8753,0.062,0.5435,0.0,0.0,0.8852,False
1790476805.9727,21.351,0.8753,0.062,0.5435,0.0,0.0,0.8852,False
1790476806.0228,21.401,0.8753,0.062,0.5435,0.0,0.0,0.8852,False
1790476806.0728,21.451,0.8753,0.062,0.5435,0.0,0.0,0.8852,False
1790476806.1227,21.5009,0.8753,0.062,0.5435,0.0,0.0,0.8852,False
1790476806.1726,21.5509,0.8753,0.062,0.5435,0.0,0.0,0.8852,False
1790476806.2228,21.601,0.8753,0.062,0.5435,0.0,0.0,0.8852,False
1790476806.2728,21.651,0.8753,0.062,0.5435,0.0,0.0,0.8852,False
1790476806.3228,21.701,0.8753,0.062,0.5435,0.0,0.0,0.8852,False
1790476806.3728,21.751,0.8753,0.062,0.5435,0.0,0.0,0.8852,False
1790476806.4227,21.801,0.8753,0.062,0.5435,0.0,0.0,0.8852,False
1790476806.4728,21.8511,0.8753,0.062,0.5435,0.0,0.0,0.8852,False
1790476806.523,21.9013,0.8753,0.062,0.5435,0.0,0.0,0.8852,False
1790476806.5727,21.9509,0.8753,0.062,0.5436,0.0,0.0,0.8852,False
1790476806.6227,22.0009,0.8753,0.062,0.5436,0.0,0.0,0.8852,False
1790476806.6779,22.0561,0.8753,0.062,0.5436,0.0,0.0,0.8852,False
1790476806.7254,22.1037,0.8753,0.062,0.5436,0.0,0.0,0.8852,False
1790476806.7729,22.1511,0.8753,0.062,0.5436,0.0,0.0,0.8852,False
1790476806.8227,22.2009,0.8753,0.062,0.5436,0.0,0.0,0.8852,False
1790476806.8728,22.251,0.8753,0.062,0.5436,0.0,0.0,0.8852,False
1790476806.9227,22.3009,0.8753,0.062,0.5436,0.0,0.0,0.8852,False
1790476806.9732,22.3514,0.8753,0.062,0.5436,0.0,0.0,0.8852,False
1790476807.024,22.4023,0.8753,0.062,0.5436,0.0,0.0,0.8852,False
1790476807.0727,22.4509,0.8753,0.062,0.5436,0.0,0.0,0.8852,False
1790476807.1227,22.5009,0.8753,0.062,0.5436,0.0,0.0,0.8852,False
1790476807.1727,22.5509,0.8753,0.062,0.5436,0.0,0.0,0.8852,False
1790476807.2227,22.6009,0.8753,0.062,0.5436,0.0,0.0,0.8852,False
1790476807.2726,22.6509,0.8753,0.062,0.5436,0.0,0.0,0.8852,False
1790476807.3227,22.7009,0.8753,0.062,0.5436,0.0,0.0,0.8852,False
1790476807.3727,22.751,0.8753,0.062,0.5436,0.0,0.0,0.8852,False
1790476807.4227,22.8009,0.8753,0.062,0.5436,0.0,0.0,0.8852,False
1790476807.4728,22.851,0.8753,0.062,0.5436,0.0,0.0,0.8852,False
1790476807.5233,22.9015,0.8753,0.062,0.5436,0.0,0.0,0.8852,False
1790476807.5728,22.951,0.8753,0.062,0.5436,0.0,0.0,0.8852,False
1790476807.6227,23.001,0.8753,0.062,0.5436,0.0,0.0,0.8852,False
1790476807.6734,23.0517,0.8753,0.062,0.5436,0.0,0.0,0.8852,False
1790476807.7227,23.1009,0.8753,0.062,0.5436,0.0,0.0,0.8852,False
1790476807.7727,23.151,0.8753,0.062,0.5436,0.0,0.0,0.8852,False
1790476807.8227,23.2009,0.8753,0.062,0.5436,0.0,0.0,0.8852,False
1790476807.8727,23.2509,0.8753,0.062,0.5436,0.0,0.0,0.8852,False
1790476807.9227,23.3009,0.8753,0.062,0.5436,0.0,0.0,0.8852,False
1790476807.9727,23.3509,0.8753,0.062,0.5436,0.0,0.0,0.8852,False
1790476808.0227,23.4009,0.8753,0.062,0.5436,0.0,0.0,0.8852,False
1790476808.0739,23.4522,0.8753,0.062,0.5436,0.0,0.0,0.8852,False
1790476808.1226,23.5009,0.8753,0.062,0.5436,0.0,0.0,0.8852,False
1790476808.1728,23.551,0.8753,0.062,0.5436,0.0,0.0,0.8852,False
1790476808.2227,23.6009,0.8753,0.062,0.5436,0.0,0.0,0.8852,False
1790476808.2727,23.6509,0.8753,0.062,0.5436,0.0,0.0,0.8852,False
1790476808.3227,23.7009,0.8753,0.062,0.5436,0.0,0.0,0.8852,False
1790476808.3728,23.751,0.8753,0.062,0.5436,0.0,0.0,0.8852,False
1790476808.4228,23.801,0.8753,0.062,0.5436,0.0,0.0,0.8852,False
1790476808.4727,23.8509,0.8753,0.062,0.5436,0.0,0.0,0.8852,False
1790476808.5227,23.9009,0.8753,0.062,0.5436,0.0,0.0,0.8852,False
1790476808.5727,23.9509,0.8753,0.062,0.5436,0.0,0.0,0.8852,False
1790476808.6226,24.0009,0.8753,0.062,0.5436,0.0,0.0,0.8852,False
1790476808.6728,24.051,0.8753,0.062,0.5436,0.0,0.0,0.8852,False
1790476808.7227,24.1009,0.8753,0.062,0.5436,0.0,0.0,0.8852,False
1790476808.7727,24.1509,0.8753,0.062,0.5436,0.0,0.0,0.8852,False
1790476808.8227,24.2009,0.8753,0.062,0.5436,0.0808,0.1587,0.8852,True
1790476808.8727,24.2509,0.8753,0.062,0.5436,0.0808,0.1587,0.8852,True
1790476808.9227,24.3009,0.8753,0.062,0.5436,0.0812,0.1514,0.8852,True
1790476808.9731,24.3513,0.8753,0.062,0.5436,0.0816,0.1447,0.8852,True
1790476809.0227,24.4009,0.8753,0.062,0.5436,0.0819,0.1389,0.8852,True
1790476809.0727,24.4509,0.8753,0.062,0.5436,0.0822,0.1341,0.8852,True
1790476809.1227,24.5009,0.8753,0.062,0.5436,0.0824,0.1302,0.8852,True
1790476809.1727,24.5509,0.8753,0.062,0.5436,0.0827,0.1245,0.8852,True
1790476809.2227,24.6009,0.8753,0.062,0.5436,0.0829,0.1226,0.8852,True
1790476809.273,24.6512,0.8783,0.0638,0.5471,0.0829,0.1226,0.8887,True
1790476809.3227,24.7009,0.8807,0.0652,0.5524,0.083,0.1198,0.8914,True
1790476809.3728,24.751,0.8853,0.0681,0.5631,0.083,0.1198,0.8969,True
1790476809.4228,24.8011,0.8876,0.0696,0.5684,0.0831,0.1189,0.8996,True
1790476809.4729,24.8512,0.8923,0.0726,0.5791,0.0836,0.1095,0.9051,True
1790476809.5227,24.9009,0.8946,0.0741,0.5845,0.0843,0.0982,0.9079,True
1790476809.5727,24.9509,0.8991,0.0772,0.5952,0.0843,0.0982,0.9134,True
1790476809.6227,25.0009,0.9014,0.0787,0.6006,0.0857,0.0744,0.9161,True
1790476809.6726,25.0509,0.906,0.0819,0.6101,0.0857,0.0744,0.9217,True
1790476809.7228,25.101,0.9083,0.0835,0.6142,0.0863,0.063,0.9245,True
1790476809.7728,25.151,0.9129,0.0868,0.6225,0.0875,0.0438,0.9302,True
1790476809.8227,25.2009,0.9152,0.0884,0.6266,0.0879,0.0356,0.933,True
1790476809.8726,25.2509,0.9175,0.0901,0.6303,0.0883,0.0288,0.9358,True
1790476809.9254,25.3036,0.9221,0.0935,0.6377,0.0883,0.0288,0.9415,True
1790476809.973,25.3512,0.9243,0.0952,0.6414,0.0887,0.0232,0.9444,True
1790476810.0228,25.401,0.9289,0.0986,0.6488,0.0893,0.0126,0.9501,True
1790476810.0728,25.451,0.9312,0.1003,0.6524,0.0898,0.0041,0.9529,True
1790476810.1227,25.501,0.9357,0.1038,0.6598,0.0898,-0.0026,0.9586,True
1790476810.1761,25.5543,0.9379,0.1055,0.6635,0.09,-0.0007,0.9615,True
1790476810.2226,25.6008,0.9425,0.1091,0.6681,0.0897,0.0051,0.9673,True
1790476810.273,25.6512,0.9449,0.111,0.6691,0.0892,0.0146,0.9703,True
1790476810.3227,25.7009,0.9496,0.1147,0.671,0.0892,0.0146,0.9763,True
1790476810.3727,25.751,0.9519,0.1166,0.672,0.089,0.018,0.9793,True
1790476810.4227,25.8009,0.9566,0.1204,0.6739,0.0888,0.0206,0.9853,True
1790476810.4737,25.8519,0.959,0.1222,0.6749,0.0887,0.0226,0.9883,True
1790476810.5228,25.901,0.9613,0.1241,0.6759,0.0886,0.0241,0.9913,True
1790476810.5729,25.9511,0.966,0.1279,0.6778,0.0885,0.0253,0.9973,True
1790476810.6227,26.0009,0.9683,0.1298,0.6788,0.0885,0.0262,1.0003,True
1790476810.6783,26.0565,0.973,0.1335,0.6808,0.0884,0.0268,1.0064,True
1790476810.7227,26.101,0.9754,0.1354,0.6813,0.0884,0.0272,1.0094,True
1790476810.7727,26.1509,0.9801,0.1392,0.6826,0.028,-0.0013,1.0154,True
1790476810.8227,26.2009,0.9824,0.1412,0.6833,0.028,-0.0026,1.0184,True
1790476810.8726,26.2508,0.9871,0.145,0.6847,0.0842,-0.1001,1.0245,True
1790476810.9227,26.301,0.9894,0.1469,0.6854,0.0797,-0.1765,1.0275,True
1790476810.9727,26.351,0.9941,0.1507,0.6868,0.0763,-0.2353,1.0335,True
1790476811.0228,26.401,0.9964,0.1526,0.6875,0.0736,-0.281,1.0366,True
1790476811.0726,26.4509,1.0011,0.1565,0.6889,0.0716,-0.3163,1.0426,True
1790476811.1227,26.5009,1.0034,0.1584,0.6896,0.07,-0.3438,1.0456,True
1790476811.1734,26.5516,1.0058,0.1603,0.6903,0.0687,-0.3651,1.0486,True
1790476811.2226,26.6009,1.01,0.1638,0.6795,0.0678,-0.3815,1.0541,True
1790476811.2727,26.6509,1.0119,0.1653,0.6701,0.0671,-0.3934,1.0566,True
1790476811.3228,26.701,1.0158,0.1684,0.6512,0.0666,-0.402,1.0616,True
1790476811.3728,26.751,1.0178,0.1699,0.6418,0.0662,-0.4083,1.0641,True
1790476811.4233,26.8015,1.0198,0.1714,0.6324,0.0659,-0.4131,1.0666,True
1790476811.4761,26.8544,1.0239,0.1743,0.6135,0.0659,-0.4136,1.0715,True
1790476811.5227,26.9009,1.028,0.1771,0.5946,0.0661,-0.4105,1.0765,True
1790476811.5728,26.951,1.0301,0.1785,0.5852,0.0664,-0.4059,1.079,True
1790476811.6227,27.0009,1.0342,0.1812,0.5663,0.0667,-0.3996,1.084,True
1790476811.6727,27.0509,1.0364,0.1825,0.5569,0.0673,-0.3895,1.0865,True
1790476811.7226,27.1009,1.0403,0.1849,0.532,0.068,-0.3786,1.0911,True
1790476811.7797,27.158,1.0423,0.1861,0.5188,0.0686,-0.3683,1.0934,True
1790476811.8227,27.2009,1.0462,0.1882,0.4919,0.0691,-0.3583,1.0979,True
1790476811.8728,27.2511,1.0481,0.1893,0.478,0.0699,-0.3456,1.1001,True
1790476811.9226,27.3009,1.0521,0.1912,0.4502,0.0706,-0.3329,1.1045,True
1790476811.9727,27.3509,1.0541,0.1922,0.4364,0.0713,-0.3215,1.1067,True
1790476812.0228,27.401,1.0561,0.1931,0.4225,0.0719,-0.3117,1.1089,True
1790476812.0765,27.4547,1.0601,0.1948,0.3947,0.0723,-0.3035,1.1133,True
1790476812.1227,27.5009,1.0621,0.1957,0.3809,0.0727,-0.297,1.1154,True
1790476812.1773,27.5555,1.0662,0.1972,0.3532,0.0736,-0.2819,1.1198,True
1790476812.223,27.6012,1.0682,0.198,0.3393,0.0747,-0.2621,1.122,True
1790476812.2784,27.6566,1.0729,0.1995,0.317,0.076,-0.2409,1.1269,True
1790476812.3233,27.7015,1.0751,0.2003,0.305,0.0771,-0.221,1.1292,True
1790476812.3728,27.751,1.0795,0.2016,0.2809,0.0783,-0.2007,1.1338,True
1790476812.4227,27.8009,1.0817,0.2022,0.2689,0.028,0.0226,1.1361,True
1790476812.4727,27.8509,1.0861,0.2034,0.245,0.028,0.0456,1.1407,True
1790476812.5231,27.9013,1.0884,0.2039,0.2329,0.0889,-0.0188,1.143,True
1790476812.5727,27.9509,1.0934,0.2051,0.2154,0.0882,-0.0302,1.1481,True
1790476812.6227,28.0009,1.0959,0.2056,0.208,0.0879,-0.0358,1.1507,True
1790476812.6728,28.051,1.1011,0.2066,0.1932,0.0878,-0.0375,1.156,True
1790476812.7227,28.1009,1.1036,0.2071,0.1859,0.088,-0.0348,1.1586,True
1790476812.7727,28.1509,1.1087,0.2081,0.1711,0.088,-0.0348,1.1638,True
1790476812.8227,28.2009,1.1113,0.2085,0.1638,0.0882,-0.0307,1.1664,True
1790476812.8728,28.251,1.1139,0.2089,0.1564,0.0885,-0.0258,1.169,True
1790476812.9241,28.3023,1.119,0.2097,0.1417,0.0891,-0.0149,1.1742,True
1790476812.9727,28.3509,1.1216,0.21,0.1344,0.0895,-0.0081,1.1768,True
1790476813.0228,28.401,1.1271,0.2108,0.125,0.0899,-0.001,1.1824,True
1790476813.0773,28.4555,1.1301,0.2111,0.1239,0.0897,0.0056,1.1854,True
1790476813.1227,28.5009,1.1361,0.2119,0.1218,0.0893,0.0119,1.1914,True
1790476813.1784,28.5566,1.139,0.2122,0.1208,0.089,0.018,1.1944,True
1790476813.2227,28.6009,1.145,0.2129,0.1187,0.0887,0.0231,1.2004,True
1790476813.273,28.6512,1.148,0.2133,0.1177,0.0887,0.0231,1.2034,True
1790476813.3246,28.7028,1.1539,0.214,0.1157,0.028,0.0019,1.2094,True
1790476813.3728,28.751,1.1569,0.2143,0.1146,0.028,0.0019,1.2123,True
1790476813.4227,28.8009,1.1629,0.215,0.1126,0.0882,0.0314,1.2183,True
1790476813.4728,28.851,1.1658,0.2153,0.1116,0.088,0.0347,1.2213,True
1790476813.5231,28.9013,1.1718,0.216,0.1107,0.0878,0.0375,1.2274,True
1790476813.5728,28.9511,1.1749,0.2164,0.1109,0.0878,0.0375,1.2304,True
1790476813.6227,29.0009,1.1809,0.217,0.1113,0.0876,0.0418,1.2365,True
1790476813.6727,29.0509,1.184,0.2174,0.1115,0.0875,0.0434,1.2396,True
1790476813.7229,29.1012,1.187,0.2177,0.1117,0.028,-0.0004,1.2426,True
1790476813.7773,29.1555,1.193,0.2184,0.1137,0.028,-0.0004,1.2487,True
1790476813.8227,29.2009,1.196,0.2187,0.1147,0.0874,0.0451,1.2517,True
1790476813.8763,29.2545,1.2019,0.2194,0.1169,0.0874,0.0454,1.2576,True
1790476813.9227,29.3009,1.2049,0.2198,0.1179,0.0874,0.0454,1.2606,True
1790476813.9752,29.3534,1.2108,0.2205,0.1201,0.0874,0.0454,1.2666,True
1790476814.0226,29.4009,1.2138,0.2208,0.1211,0.0874,0.0445,1.2696,True
1790476814.0727,29.4509,1.2198,0.2216,0.1232,0.0875,0.0438,1.2756,True
1790476814.1229,29.5011,1.2228,0.2219,0.1243,0.0875,0.0429,1.2786,True
1790476814.1765,29.5548,1.2287,0.2227,0.1264,0.0875,0.0429,1.2846,True
1790476814.2227,29.6009,1.2317,0.2231,0.1275,0.0876,0.0407,1.2876,True
1790476814.2766,29.6548,1.2346,0.2235,0.129,0.0877,0.0396,1.2906,True
1790476814.3226,29.7008,1.2405,0.2242,0.1321,0.0878,0.0385,1.2966,True
1790476814.3779,29.7561,1.2435,0.2246,0.1336,0.0878,0.0385,1.2995,True
1790476814.4227,29.8009,1.2494,0.2254,0.1367,0.0879,0.0355,1.3055,True
1790476814.4758,29.8541,1.2523,0.2258,0.1382,0.088,0.0342,1.3085,True
1790476814.5227,29.9009,1.2582,0.2267,0.1412,0.0881,0.0327,1.3144,True
1790476814.5728,29.951,1.2611,0.2271,0.1428,0.0881,0.0327,1.3174,True
1790476814.6227,30.001,1.267,0.2279,0.1458,0.0882,0.0308,1.3233,True
1790476814.6728,30.051,1.27,0.2284,0.1471,0.0883,0.029,1.3263,True
1790476814.7227,30.101,1.2759,0.2293,0.1497,0.0884,0.0274,1.3323,True
1790476814.7728,30.151,1.2788,0.2297,0.151,0.0885,0.0257,1.3353,True
1790476814.8226,30.2008,1.2848,0.2306,0.1536,0.0887,0.0219,1.3412,True
1790476814.8729,30.2511,1.2877,0.2311,0.155,0.0888,0.02,1.3442,True
1790476814.9227,30.3009,1.2936,0.232,0.1576,0.0888,0.02,1.3502,True
1790476814.9727,30.3509,1.2966,0.2325,0.1589,0.089,0.0179,1.3532,True
1790476815.0227,30.4009,1.3024,0.2334,0.1615,0.0891,0.016,1.3592,True
1790476815.0763,30.4545,1.3054,0.2339,0.1628,0.0892,0.0139,1.3622,True
1790476815.1228,30.501,1.3083,0.2344,0.1641,0.0893,0.0121,1.3651,True
1790476815.1747,30.5529,1.3143,0.2354,0.166,0.0894,0.0105,1.3712,True
1790476815.2227,30.6009,1.3202,0.2364,0.1679,0.0896,0.0072,1.3772,True
1790476815.273,30.6513,1.3232,0.2369,0.1688,0.0897,0.0058,1.3802,True
1790476815.3228,30.701,1.3261,0.2374,0.1697,0.0897,0.0046,1.3832,True
1790476815.3772,30.7554,1.3321,0.2384,0.1708,0.0897,0.0046,1.3892,True
1790476815.4227,30.8009,1.3351,0.2389,0.1712,0.0898,0.0031,1.3923,True
1790476815.475,30.8533,1.3411,0.24,0.172,0.0899,0.0015,1.3984,True
1790476815.5228,30.901,1.3441,0.2405,0.1724,0.09,-0.0001,1.4014,True
1790476815.573,30.9512,1.3501,0.2415,0.1733,0.0898,-0.0029,1.4075,True
1790476815.6229,31.0011,1.3531,0.2421,0.1737,0.0898,-0.004,1.4105,True
1790476815.676,31.0542,1.359,0.2431,0.1745,0.0898,-0.004,1.4166,True
1790476815.7227,31.101,1.362,0.2436,0.175,0.0897,-0.0049,1.4196,True
1790476815.7731,31.1513,1.368,0.2447,0.1758,0.0897,-0.0059,1.4257,True
1790476815.8226,31.2008,1.371,0.2452,0.1762,0.0895,-0.0085,1.4287,True
1790476815.873,31.2512,1.377,0.2463,0.1762,0.0895,-0.0085,1.4348,True
1790476815.9229,31.3011,1.38,0.2468,0.1762,0.028,0.0001,1.4379,True
1790476815.9727,31.3509,1.3861,0.2479,0.1761,0.028,0.0002,1.444,True
1790476816.0227,31.4009,1.3891,0.2484,0.1761,0.0893,-0.0112,1.4471,True
1790476816.0727,31.4509,1.3921,0.249,0.176,0.0893,-0.0125,1.4501,True
1790476816.1227,31.5009,1.3981,0.2501,0.176,0.0892,-0.0137,1.4563,True
1790476816.1727,31.5509,1.4011,0.2506,0.1759,0.0891,-0.0148,1.4593,True
1790476816.2228,31.601,1.4071,0.2517,0.1758,0.0891,-0.0157,1.4654,True
1790476816.2727,31.6509,1.4101,0.2522,0.1758,0.089,-0.0164,1.4685,True
1790476816.3227,31.7009,1.4161,0.2533,0.1755,0.089,-0.017,1.4746,True
1790476816.3729,31.7511,1.4191,0.2538,0.1751,0.089,-0.0176,1.4776,True
1790476816.4227,31.8009,1.4251,0.2548,0.1745,0.0889,-0.0182,1.4837,True
1790476816.4728,31.851,1.4281,0.2554,0.1742,0.0889,-0.0188,1.4867,True
1790476816.5228,31.901,1.4341,0.2564,0.1736,0.0889,-0.0192,1.4928,True
1790476816.5728,31.951,1.4371,0.257,0.1732,0.0889,-0.0196,1.4959,True
1790476816.6227,32.0009,1.4431,0.258,0.1724,0.0888,-0.02,1.5019,True
1790476816.6728,32.051,1.4461,0.2585,0.172,0.0888,-0.0203,1.505,True
1790476816.7262,32.1045,1.452,0.2595,0.171,0.0888,-0.0207,1.511,True
1790476816.7728,32.151,1.455,0.2601,0.1705,0.0888,-0.0209,1.5141,True
1790476816.8226,32.2009,1.461,0.2611,0.1694,0.0888,-0.0213,1.5201,True
1790476816.8728,32.251,1.464,0.2616,0.1688,0.0887,-0.0217,1.5231,True
1790476816.9227,32.3009,1.467,0.2621,0.1681,0.0887,-0.0218,1.5262,True
1790476816.9728,32.351,1.4729,0.2631,0.1669,0.0887,-0.0219,1.5322,True
1790476817.0227,32.4009,1.4759,0.2636,0.1662,0.0887,-0.022,1.5352,True
1790476817.0727,32.4509,1.4819,0.2646,0.1649,0.0887,-0.0222,1.5413,True
1790476817.1227,32.5009,1.4848,0.2651,0.1643,0.0887,-0.0222,1.5443,True
1790476817.1727,32.5509,1.4908,0.2661,0.1629,0.0887,-0.0222,1.5503,True
1790476817.2227,32.6009,1.4938,0.2666,0.1622,0.0887,-0.0222,1.5533,True
1790476817.2727,32.6509,1.4997,0.2675,0.1608,0.0887,-0.0221,1.5594,True
1790476817.3227,32.7009,1.5027,0.268,0.1601,0.0887,-0.022,1.5624,True
1790476817.3727,32.7509,1.5087,0.269,0.1587,0.0887,-0.0219,1.5684,True
1790476817.4227,32.8009,1.5116,0.2695,0.158,0.0887,-0.0218,1.5715,True
1790476817.4727,32.8509,1.5146,0.2699,0.1573,0.0887,-0.0217,1.5745,True
1790476817.5227,32.9009,1.5206,0.2709,0.1559,0.0887,-0.0217,1.5805,True
1790476817.5728,32.951,1.5236,0.2713,0.1552,0.0887,-0.0216,1.5835,True
1790476817.6227,33.0009,1.5295,0.2723,0.1537,0.0887,-0.0215,1.5896,True
1790476817.6727,33.0509,1.5325,0.2727,0.153,0.0888,-0.0213,1.5926,True
1790476817.723,33.1012,1.5385,0.2736,0.1515,0.0888,-0.0212,1.5986,True
1790476817.7727,33.1509,1.5415,0.2741,0.1508,0.0888,-0.0212,1.6016,True
1790476817.8227,33.2009,1.5474,0.275,0.1493,0.0888,-0.0208,1.6077,True
1790476817.8727,33.2509,1.5504,0.2755,0.1486,0.0888,-0.0207,1.6107,True
1790476817.9227,33.3009,1.5564,0.2763,0.1471,0.0888,-0.0205,1.6167,True
1790476817.9727,33.3509,1.5594,0.2768,0.1464,0.0888,-0.0205,1.6197,True
1790476818.0227,33.401,1.5653,0.2777,0.145,0.0888,-0.0203,1.6258,True
1790476818.073,33.4512,1.5683,0.2781,0.1443,0.0888,-0.0202,1.6288,True
1790476818.1227,33.5009,1.5743,0.279,0.1428,0.0888,-0.0201,1.6348,True
1790476818.1726,33.5509,1.5773,0.2794,0.1421,0.0888,-0.02,1.6378,True
1790476818.2227,33.6009,1.5832,0.2802,0.1407,0.0888,-0.0198,1.6439,True
1790476818.2727,33.651,1.5862,0.2807,0.14,0.0889,-0.0194,1.6469,True
1790476818.3226,33.7009,1.5922,0.2815,0.1386,0.0889,-0.0191,1.6529,True
1790476818.3728,33.751,1.5952,0.2819,0.1379,0.0889,-0.019,1.6559,True
1790476818.4227,33.8009,1.5982,0.2823,0.1372,0.0889,-0.0186,1.6589,True
1790476818.4727,33.8509,1.6042,0.2831,0.1358,0.0889,-0.0183,1.665,True
1790476818.5227,33.9009,1.6072,0.2836,0.1352,0.089,-0.018,1.668,True
1790476818.5727,33.9509,1.6131,0.2844,0.1338,0.089,-0.018,1.674,True
1790476818.6227,34.0009,1.6161,0.2848,0.1331,0.0889,-0.0181,1.6771,True
1790476818.6728,34.051,1.6221,0.2856,0.1318,0.0889,-0.0183,1.6831,True
1790476818.7227,34.1009,1.6251,0.286,0.1311,0.0889,-0.0183,1.6861,True
1790476818.7728,34.151,1.6311,0.2867,0.1298,0.0889,-0.0181,1.6922,True
1790476818.8228,34.201,1.6341,0.2871,0.1292,0.0889,-0.0181,1.6952,True
1790476818.8728,34.251,1.6401,0.2879,0.1279,0.0889,-0.0182,1.7012,True
1790476818.9252,34.3035,1.6431,0.2883,0.1273,0.0889,-0.0181,1.7043,True
1790476818.9727,34.3509,1.6491,0.2891,0.1261,0.089,-0.0179,1.7103,True
1790476819.0227,34.401,1.6521,0.2894,0.1255,0.089,-0.0179,1.7133,True
1790476819.0728,34.451,1.6551,0.2898,0.1249,0.089,-0.0175,1.7163,True
1790476819.123,34.5012,1.6611,0.2906,0.1237,0.089,-0.0175,1.7224,True
1790476819.1728,34.551,1.6641,0.2909,0.1231,0.089,-0.0175,1.7254,True
1790476819.2227,34.6009,1.6701,0.2917,0.1219,0.089,-0.0176,1.7315,True
1790476819.2728,34.651,1.6731,0.292,0.1213,0.089,-0.0177,1.7345,True
1790476819.3227,34.7009,1.6791,0.2928,0.1201,0.089,-0.0178,1.7405,True
1790476819.3728,34.751,1.6821,0.2931,0.1195,0.089,-0.0177,1.7436,True
1790476819.4227,34.8009,1.6881,0.2939,0.1183,0.089,-0.0178,1.7496,True
1790476819.4727,34.8509,1.6911,0.2942,0.1177,0.089,-0.0178,1.7526,True
1790476819.5227,34.9009,1.6971,0.2949,0.1166,0.089,-0.0177,1.7587,True
1790476819.5727,34.9509,1.7001,0.2953,0.116,0.089,-0.0176,1.7617,True
1790476819.6227,35.0009,1.7061,0.296,0.1148,0.089,-0.0175,1.7678,True
1790476819.6727,35.0509,1.7091,0.2963,0.1142,0.089,-0.0174,1.7708,True
1790476819.7255,35.1037,1.7152,0.297,0.113,0.089,-0.0174,1.7768,True
1790476819.7728,35.151,1.7182,0.2973,0.1124,0.089,-0.0175,1.7799,True
1790476819.8227,35.2009,1.7212,0.2977,0.1118,0.089,-0.0175,1.7829,True
1790476819.8727,35.251,1.7272,0.2983,0.1107,0.089,-0.0174,1.7889,True
1790476819.9286,35.3068,1.7302,0.2987,0.1101,0.089,-0.0173,1.792,True
1790476819.9728,35.351,1.7362,0.2993,0.1089,0.089,-0.0171,1.798,True
1790476820.0227,35.4009,1.7392,0.2997,0.1083,0.089,-0.017,1.801,True
1790476820.0728,35.451,1.7452,0.3003,0.1071,0.089,-0.017,1.8071,True
1790476820.1227,35.5009,1.7482,0.3006,0.1065,0.089,-0.0171,1.8101,True
1790476820.1727,35.5509,1.7542,0.3013,0.1054,0.089,-0.0172,1.8162,True
1790476820.2227,35.6009,1.7573,0.3016,0.1048,0.089,-0.0172,1.8192,True
1790476820.2727,35.6509,1.7633,0.3022,0.1036,0.089,-0.0171,1.8252,True
1790476820.3227,35.7009,1.7663,0.3025,0.103,0.089,-0.017,1.8283,True
1790476820.3727,35.751,1.7723,0.3032,0.1019,0.089,-0.017,1.8343,True
1790476820.4227,35.8009,1.7753,0.3035,0.1014,0.089,-0.0168,1.8373,True
1790476820.4727,35.8509,1.7813,0.3041,0.1002,0.089,-0.017,1.8434,True
1790476820.5228,35.901,1.7843,0.3044,0.0997,0.089,-0.017,1.8464,True
1790476820.5753,35.9535,1.7904,0.305,0.0986,0.089,-0.0172,1.8525,True
1790476820.6227,36.0009,1.7934,0.3053,0.098,0.089,-0.0171,1.8555,True
1790476820.6731,36.0513,1.7994,0.3059,0.0969,0.089,-0.017,1.8615,True
1790476820.7229,36.1011,1.8024,0.3061,0.0963,0.089,-0.0171,1.8646,True
1790476820.773,36.1512,1.8084,0.3067,0.0952,0.089,-0.0171,1.8706,True
1790476820.8227,36.2009,1.8115,0.307,0.0946,0.089,-0.0171,1.8736,True
1790476820.8728,36.251,1.8145,0.3073,0.0941,0.089,-0.0171,1.8767,True
1790476820.9227,36.3009,1.8205,0.3079,0.0929,0.089,-0.0172,1.8827,True
1790476820.9729,36.3511,1.8235,0.3081,0.0924,0.089,-0.0173,1.8858,True
1790476821.0227,36.4009,1.8295,0.3087,0.0912,0.089,-0.0175,1.8918,True
1790476821.0727,36.451,1.8325,0.309,0.0907,0.089,-0.0176,1.8948,True
1790476821.1238,36.502,1.8386,0.3095,0.0895,0.089,-0.0179,1.9009,True
1790476821.1732,36.5514,1.8416,0.3098,0.089,0.089,-0.018,1.9039,True
1790476821.2227,36.6009,1.8476,0.3103,0.0879,0.089,-0.018,1.91,True
1790476821.2728,36.6511,1.8506,0.3106,0.0873,0.0889,-0.018,1.913,True
1790476821.3255,36.7037,1.8536,0.3109,0.0867,0.0889,-0.0181,1.916,True
1790476821.3748,36.753,1.8597,0.3114,0.0856,0.0889,-0.0182,1.9221,True
1790476821.4226,36.8009,1.8657,0.3119,0.0844,0.0889,-0.0184,1.9281,True
1790476821.4727,36.851,1.8687,0.3121,0.0838,0.0889,-0.0185,1.9311,True
1790476821.5261,36.9043,1.8717,0.3124,0.0833,0.0889,-0.0185,1.9342,True
1790476821.5731,36.9513,1.8778,0.3129,0.0821,0.0889,-0.0186,1.9402,True
1790476821.6227,37.0009,1.8808,0.3131,0.0815,0.0889,-0.0188,1.9432,True
1790476821.6728,37.051,1.8868,0.3136,0.0804,0.028,0.0011,1.9493,True
1790476821.7227,37.1009,1.8898,0.3139,0.0798,0.028,0.0024,1.9523,True
1790476821.7729,37.1511,1.8959,0.3143,0.0786,0.0897,-0.0044,1.9584,True
1790476821.8227,37.2009,1.8989,0.3146,0.078,0.0895,-0.0079,1.9614,True
1790476821.8727,37.251,1.9049,0.3151,0.0768,0.0894,-0.0106,1.9674,True
1790476821.9262,37.3045,1.9079,0.3153,0.0762,0.0893,-0.0127,1.9705,True
1790476821.9731,37.3514,1.9139,0.3157,0.075,0.0892,-0.0144,1.9765,True
1790476822.0227,37.4009,1.917,0.316,0.0744,0.0891,-0.0156,1.9795,True
1790476822.0729,37.4511,1.9219,0.3163,0.0718,0.089,-0.0166,1.9844,True
1790476822.123,37.5012,1.9228,0.3164,0.0717,0.089,-0.0174,1.9854,True
1790476822.1732,37.5514,1.9247,0.3165,0.0718,0.089,-0.0179,1.9873,True
1790476822.2226,37.6009,1.9257,0.3166,0.0718,0.0889,-0.0182,1.9883,True
1790476822.2738,37.6521,1.9266,0.3167,0.0719,0.0889,-0.0184,1.9893,True
1790476822.3267,37.7049,1.9317,0.317,0.0715,0.0889,-0.0185,1.9943,True
1790476822.3727,37.7509,1.9347,0.3173,0.0711,0.0889,-0.019,1.9973,True
1790476822.4228,37.801,1.9408,0.3177,0.0703,0.0889,-0.019,2.0034,True
1790476822.4726,37.8509,1.9438,0.3179,0.0699,0.0889,-0.0193,2.0065,True
1790476822.5239,37.9021,1.9498,0.3183,0.0687,0.0889,-0.0195,2.0125,True
1790476822.5727,37.9509,1.9529,0.3185,0.0681,0.0889,-0.0197,2.0155,True
1790476822.6227,38.001,1.9589,0.3189,0.0668,0.0888,-0.0198,2.0216,True
1790476822.6727,38.051,1.9619,0.3191,0.0662,0.0888,-0.02,2.0246,True
1790476822.7263,38.1046,1.9679,0.3195,0.065,0.0888,-0.0201,2.0306,True
1790476822.7727,38.1509,1.971,0.3197,0.0644,0.0888,-0.0201,2.0337,True
1790476822.8227,38.2009,1.977,0.3201,0.0632,0.0888,-0.02,2.0397,True
1790476822.8727,38.2509,1.98,0.3203,0.0626,0.0888,-0.0199,2.0427,True
1790476822.9226,38.3009,1.986,0.3207,0.0613,0.0888,-0.0198,2.0488,True
1790476822.9757,38.3539,1.9891,0.3209,0.0607,0.0889,-0.0197,2.0518,True
1790476823.0228,38.401,1.9921,0.321,0.0601,0.0889,-0.0197,2.0548,True
1790476823.0728,38.451,1.9981,0.3214,0.0587,0.0889,-0.0195,2.0609,True
1790476823.128,38.5063,2.0011,0.3216,0.0581,0.0889,-0.0192,2.0639,True
1790476823.1727,38.5509,2.0072,0.3219,0.0567,0.0889,-0.0189,2.0699,True
1790476823.2228,38.601,2.0102,0.3221,0.056,0.0889,-0.0187,2.0729,True
1790476823.2728,38.651,2.0162,0.3224,0.0547,0.0889,-0.0185,2.079,True
1790476823.3232,38.7014,2.0192,0.3226,0.054,0.0889,-0.0185,2.082,True
1790476823.3727,38.751,2.0252,0.3229,0.0527,0.0889,-0.0184,2.088,True
1790476823.4227,38.8009,2.0283,0.3231,0.052,0.0889,-0.0183,2.0911,True
1790476823.4727,38.8509,2.0343,0.3234,0.0507,0.089,-0.018,2.0971,True
1790476823.525,38.9032,2.0373,0.3235,0.0501,0.089,-0.0178,2.1001,True
1790476823.5727,38.9509,2.0433,0.3238,0.0488,0.089,-0.0175,2.1062,True
1790476823.6228,39.001,2.0464,0.324,0.0482,0.089,-0.0173,2.1092,True
1790476823.6727,39.0509,2.0524,0.3243,0.047,0.089,-0.017,2.1152,True
1790476823.7227,39.101,2.0554,0.3244,0.0464,0.089,-0.0169,2.1183,True
1790476823.7728,39.1511,2.0584,0.3245,0.0458,0.089,-0.0167,2.1213,True
1790476823.8227,39.201,2.0645,0.3248,0.0445,0.089,-0.0165,2.1273,True
1790476823.8727,39.251,2.0675,0.3249,0.0439,0.0891,-0.0162,2.1304,True
1790476823.9227,39.301,2.0735,0.3252,0.0427,0.0891,-0.0159,2.1364,True
1790476823.9726,39.3509,2.0766,0.3253,0.0421,0.0891,-0.0156,2.1394,True
1790476824.0227,39.401,2.0826,0.3256,0.0409,0.0891,-0.0155,2.1455,True
1790476824.0728,39.451,2.0856,0.3257,0.0404,0.0891,-0.0153,2.1485,True
1790476824.128,39.5062,2.0917,0.326,0.0392,0.0891,-0.0151,2.1546,True
1790476824.1726,39.5509,2.0947,0.3261,0.0387,0.0891,-0.0149,2.1576,True
1790476824.2228,39.601,2.1008,0.3263,0.0376,0.0891,-0.0148,2.1636,True
1790476824.2736,39.6518,2.1038,0.3264,0.037,0.0891,-0.0147,2.1667,True
1790476824.3227,39.7009,2.1098,0.3266,0.0359,0.0892,-0.0146,2.1727,True
1790476824.3728,39.751,2.1129,0.3267,0.0353,0.0892,-0.0145,2.1757,True
1790476824.4227,39.801,2.1189,0.327,0.0342,0.0892,-0.0143,2.1818,True
1790476824.4728,39.851,2.1219,0.3271,0.0336,0.0892,-0.0141,2.1848,True
1790476824.5226,39.9009,2.128,0.3273,0.0326,0.0892,-0.0138,2.1909,True
1790476824.5727,39.951,2.131,0.3274,0.0321,0.0892,-0.0134,2.1939,True
1790476824.6227,40.0009,2.1371,0.3275,0.0311,0.0892,-0.0131,2.2,True
1790476824.6726,40.0509,2.1401,0.3276,0.0306,0.0893,-0.0128,2.203,True
1790476824.7227,40.1009,2.1431,0.3277,0.0301,0.0893,-0.0126,2.206,True
1790476824.7727,40.1509,2.1492,0.3279,0.0291,0.0893,-0.0123,2.2121,True
1790476824.8227,40.201,2.1522,0.328,0.0285,0.0893,-0.0121,2.2151,True
1790476824.8738,40.252,2.1583,0.3282,0.0276,0.0893,-0.0118,2.2212,True
1790476824.9254,40.3036,2.1613,0.3283,0.0271,0.0893,-0.0117,2.2242,True
1790476824.9726,40.3509,2.1674,0.3284,0.0262,0.0893,-0.0115,2.2303,True
1790476825.0227,40.4009,2.1704,0.3285,0.0257,0.0893,-0.0112,2.2333,True
1790476825.0727,40.4509,2.1765,0.3286,0.0247,0.0894,-0.0109,2.2394,True
1790476825.1239,40.5022,2.1795,0.3287,0.0243,0.0894,-0.0106,2.2424,True
1790476825.1726,40.5508,2.1856,0.3289,0.0235,0.0894,-0.0103,2.2485,True
1790476825.2228,40.601,2.1886,0.3289,0.0231,0.0894,-0.01,2.2515,True
1790476825.2727,40.6509,2.1947,0.3291,0.0223,0.0894,-0.0098,2.2576,True
1790476825.3227,40.701,2.1977,0.3291,0.0219,0.0894,-0.0095,2.2606,True
1790476825.3727,40.7509,2.2038,0.3293,0.0212,0.0895,-0.0092,2.2667,True
1790476825.4228,40.801,2.2068,0.3293,0.0208,0.0895,-0.0089,2.2697,True
1790476825.4727,40.8509,2.2129,0.3295,0.02,0.0895,-0.0087,2.2758,True
1790476825.5227,40.9009,2.2159,0.3295,0.0196,0.0895,-0.0082,2.2788,True
1790476825.5734,40.9516,2.219,0.3296,0.0192,0.0895,-0.0082,2.2819,True
1790476825.6227,41.0009,2.225,0.3297,0.0185,0.0895,-0.0079,2.288,True
1790476825.6739,41.0521,2.2281,0.3297,0.0182,0.0896,-0.0077,2.291,True
1790476825.7228,41.1011,2.2342,0.3299,0.0175,0.0896,-0.0076,2.2971,True
1790476825.7727,41.1509,2.2372,0.3299,0.0172,0.0896,-0.0075,2.3001,True
1790476825.8227,41.2009,2.2433,0.33,0.0166,0.0896,-0.0075,2.3062,True
1790476825.8727,41.2509,2.2463,0.3301,0.0163,0.0896,-0.0073,2.3092,True
1790476825.9255,41.3037,2.2524,0.3302,0.0158,0.0896,-0.0073,2.3153,True
1790476825.9726,41.3509,2.2554,0.3302,0.0155,0.0896,-0.007,2.3184,True
1790476826.0227,41.401,2.2615,0.3303,0.0149,0.0896,-0.007,2.3245,True
1790476826.0727,41.4509,2.2646,0.3303,0.0146,0.0896,-0.0067,2.3275,True
1790476826.1231,41.5014,2.2707,0.3304,0.0141,0.0896,-0.0064,2.3336,True
1790476826.1727,41.5509,2.2737,0.3305,0.0138,0.0896,-0.0062,2.3366,True
1790476826.2226,41.6008,2.2798,0.3306,0.0132,0.0897,-0.006,2.3427,True
1790476826.2728,41.651,2.2828,0.3306,0.013,0.0897,-0.0059,2.3458,True
1790476826.3261,41.7043,2.2859,0.3306,0.0127,0.0897,-0.0058,2.3488,True
1790476826.3727,41.7509,2.292,0.3307,0.0122,0.0897,-0.0057,2.3549,True
1790476826.4228,41.801,2.295,0.3307,0.012,0.0897,-0.0057,2.358,True
1790476826.4745,41.8527,2.3011,0.3308,0.0115,0.0897,-0.0055,2.364,True
1790476826.5227,41.9009,2.3042,0.3309,0.0113,0.0897,-0.0054,2.3671,True
1790476826.5727,41.9509,2.3102,0.3309,0.0108,0.0897,-0.0053,2.3732,True
1790476826.6227,42.0009,2.3133,0.331,0.0106,0.0897,-0.0052,2.3762,True
1790476826.6726,42.0508,2.3194,0.331,0.0102,0.0897,-0.005,2.3823,True
1790476826.7228,42.101,2.3224,0.331,0.0099,0.0897,-0.0049,2.3854,True
1790476826.7727,42.1509,2.3285,0.3311,0.0095,0.0897,-0.0049,2.3915,True
1790476826.8226,42.2008,2.3316,0.3311,0.0093,0.0897,-0.0048,2.3945,True
1790476826.8726,42.2509,2.3377,0.3312,0.0089,0.0897,-0.0047,2.4006,True
1790476826.9228,42.301,2.3407,0.3312,0.0087,0.0897,-0.0047,2.4037,True
1790476826.9727,42.351,2.3438,0.3312,0.0085,0.0897,-0.0046,2.4067,True
1790476827.0227,42.4009,2.3499,0.3313,0.0082,0.0897,-0.0045,2.4128,True
1790476827.0727,42.4509,2.356,0.3313,0.0078,0.0897,-0.0043,2.4189,True
1790476827.1226,42.5009,2.359,0.3314,0.0077,0.0898,-0.0042,2.422,True
1790476827.1727,42.5509,2.3621,0.3314,0.0075,0.0898,-0.004,2.425,True
1790476827.2227,42.6009,2.3682,0.3314,0.0072,0.0897,-0.0047,2.4311,True
1790476827.2727,42.6509,2.3712,0.3315,0.0071,0.0897,-0.0049,2.4342,True
1790476827.3226,42.7009,2.3773,0.3315,0.0068,0.0897,-0.0049,2.4403,True
1790476827.3727,42.7509,2.3804,0.3315,0.0066,0.0897,-0.0048,2.4433,True
1790476827.4228,42.801,2.3865,0.3316,0.0063,0.0897,-0.0045,2.4494,True
1790476827.4727,42.8509,2.3895,0.3316,0.0061,0.0898,-0.0043,2.4525,True
1790476827.5227,42.901,2.3956,0.3316,0.0058,0.0898,-0.0041,2.4586,True
1790476827.5727,42.9509,2.3987,0.3316,0.0057,0.0898,-0.004,2.4616,True
1790476827.6227,43.0009,2.4048,0.3317,0.0054,0.0898,-0.0038,2.4677,True
1790476827.6727,43.051,2.4078,0.3317,0.0052,0.0898,-0.0037,2.4708,True
1790476827.7227,43.1009,2.4139,0.3317,0.0049,0.0898,-0.0035,2.4769,True
1790476827.7771,43.1553,2.417,0.3317,0.0048,0.0898,-0.0034,2.4799,True
1790476827.8228,43.201,2.42,0.3317,0.0046,0.0898,-0.0033,2.483,True
1790476827.8769,43.2551,2.4261,0.3318,0.0044,0.0898,-0.0032,2.4891,True
1790476827.9226,43.3009,2.4322,0.3318,0.0041,0.0898,-0.0032,2.4952,True
1790476827.9746,43.3528,2.4353,0.3318,0.004,0.0898,-0.0032,2.4982,True
1790476828.0227,43.4009,2.4414,0.3318,0.0037,0.0898,-0.0031,2.5043,True
1790476828.0729,43.4511,2.4445,0.3318,0.0036,0.0898,-0.0031,2.5074,True
1790476828.1228,43.501,2.4475,0.3319,0.0034,0.0898,-0.0031,2.5104,True
1790476828.1733,43.5516,2.4536,0.3319,0.0032,0.0898,-0.003,2.5166,True
1790476828.2227,43.6009,2.4567,0.3319,0.003,0.0898,-0.003,2.5196,True
1790476828.2727,43.6509,2.4628,0.3319,0.0028,0.0898,-0.003,2.5257,True
1790476828.3227,43.7009,2.4658,0.3319,0.0027,0.0898,-0.0029,2.5288,True
1790476828.3728,43.751,2.4719,0.3319,0.0025,0.0898,-0.0029,2.5349,True
1790476828.4227,43.8009,2.475,0.3319,0.0024,0.0899,-0.0025,2.5379,True
1790476828.4734,43.8517,2.478,0.3319,0.0023,0.0899,-0.0025,2.541,True
1790476828.5227,43.9009,2.4842,0.332,0.0021,0.0899,-0.0021,2.5471,True
1790476828.5726,43.9508,2.4903,0.332,0.0019,0.0899,-0.0021,2.5532,True
1790476828.6226,44.0009,2.4933,0.332,0.0018,0.0899,-0.0019,2.5563,True
1790476828.6727,44.0509,2.4994,0.332,0.0016,0.0899,-0.0018,2.5624,True
1790476828.7227,44.101,2.5025,0.332,0.0015,0.0899,-0.0018,2.5654,True
1790476828.7726,44.1508,2.5055,0.332,0.0014,0.0899,-0.0018,2.5685,True
1790476828.8244,44.2027,2.5116,0.332,0.0012,0.0899,-0.0019,2.5746,True
1790476828.8751,44.2533,2.5147,0.332,0.0011,0.0899,-0.0019,2.5776,True
1790476828.9227,44.3009,2.5208,0.332,0.0009,0.0899,-0.002,2.5837,True
1790476828.9728,44.351,2.5239,0.332,0.0009,0.0899,-0.0019,2.5868,True
1790476829.0227,44.4009,2.53,0.332,0.0007,0.0899,-0.0018,2.5929,True
1790476829.0727,44.4509,2.533,0.332,0.0007,0.0899,-0.0018,2.596,True
1790476829.1246,44.5028,2.5391,0.332,0.0005,0.0899,-0.0017,2.6021,True
1790476829.1757,44.554,2.5422,0.332,0.0004,0.0899,-0.0016,2.6051,True
1790476829.2227,44.6009,2.5483,0.332,0.0003,0.0899,-0.0015,2.6113,True
1790476829.2727,44.6509,2.5514,0.332,0.0003,0.0899,-0.0014,2.6143,True
1790476829.3226,44.7009,2.5575,0.332,0.0001,0.0899,-0.0014,2.6204,True
1790476829.3747,44.7529,2.5605,0.332,0.0001,0.0899,-0.0014,2.6235,True
1790476829.4227,44.8009,2.5667,0.332,-0.0,0.0899,-0.0014,2.6296,True
1790476829.4727,44.851,2.5697,0.332,-0.0001,0.0899,-0.0016,2.6327,True
1790476829.5227,44.9009,2.5728,0.332,-0.0001,0.0899,-0.0019,2.6357,True
1790476829.5752,44.9534,2.5789,0.332,-0.0002,0.0899,-0.0021,2.6418,True
1790476829.6227,45.001,2.5819,0.332,-0.0003,0.0899,-0.0023,2.6449,True
1790476829.6744,45.0526,2.5881,0.332,-0.0004,0.0899,-0.0022,2.651,True
1790476829.7227,45.1009,2.5911,0.332,-0.0004,0.0899,-0.0022,2.6541,True
1790476829.7791,45.1574,2.5972,0.332,-0.0005,0.0899,-0.002,2.6602,True
1790476829.8227,45.2009,2.6003,0.332,-0.0006,0.0899,-0.0019,2.6632,True
1790476829.8771,45.2553,2.6064,0.332,-0.0007,0.0899,-0.0019,2.6693,True
1790476829.9227,45.3009,2.6095,0.332,-0.0007,0.0899,-0.0018,2.6724,True
1790476829.9776,45.3558,2.6156,0.332,-0.0008,0.0899,-0.0017,2.6785,True
1790476830.0227,45.4009,2.6186,0.332,-0.0009,0.0899,-0.0016,2.6816,True
1790476830.0782,45.4564,2.6217,0.332,-0.0009,0.0899,-0.0016,2.6846,True
1790476830.1227,45.5009,2.6278,0.332,-0.001,0.0899,-0.0015,2.6907,True
1790476830.1779,45.5562,2.6309,0.332,-0.0011,0.0899,-0.0015,2.6938,True
1790476830.2227,45.6009,2.637,0.332,-0.0012,0.0899,-0.0013,2.6999,True
1790476830.275,45.6532,2.64,0.332,-0.0013,0.0899,-0.0013,2.703,True
1790476830.3226,45.7009,2.6461,0.332,-0.0014,0.0899,-0.0013,2.7091,True
1790476830.377,45.7552,2.6492,0.332,-0.0015,0.0899,-0.0013,2.7121,True
1790476830.4227,45.8009,2.6553,0.332,-0.0016,0.0899,-0.0015,2.7182,True
1790476830.4728,45.851,2.6584,0.332,-0.0016,0.0899,-0.0015,2.7213,True
1790476830.5227,45.901,2.6645,0.3319,-0.0018,0.0899,-0.0016,2.7274,True
1790476830.5728,45.951,2.6675,0.3319,-0.0018,0.0899,-0.0017,2.7305,True
1790476830.6227,46.0009,2.6736,0.3319,-0.0019,0.0899,-0.0021,2.7366,True
1790476830.6777,46.056,2.6767,0.3319,-0.002,0.0899,-0.0023,2.7396,True
1790476830.7226,46.1009,2.6828,0.3319,-0.002,0.0899,-0.0025,2.7458,True
1790476830.7728,46.151,2.6859,0.3319,-0.0021,0.0899,-0.0025,2.7488,True
1790476830.8226,46.2009,2.692,0.3319,-0.0022,0.0898,-0.0026,2.7549,True
1790476830.8784,46.2567,2.6951,0.3319,-0.0022,0.0899,-0.0025,2.758,True
1790476830.9227,46.301,2.7012,0.3319,-0.0023,0.0899,-0.0024,2.7641,True
1790476830.9775,46.3557,2.7042,0.3319,-0.0023,0.0899,-0.0024,2.7672,True
1790476831.0227,46.4009,2.7103,0.3318,-0.0024,0.0899,-0.0023,2.7733,True
1790476831.0729,46.4511,2.7134,0.3318,-0.0025,0.0899,-0.0025,2.7763,True
1790476831.1226,46.5009,2.7165,0.3318,-0.0025,0.0898,-0.0027,2.7794,True
1790476831.1726,46.5508,2.7226,0.3318,-0.0027,0.0898,-0.0028,2.7855,True
1790476831.2227,46.6009,2.7256,0.3318,-0.0027,0.0898,-0.0029,2.7886,True
1790476831.2735,46.6517,2.7317,0.3318,-0.0029,0.0898,-0.003,2.7947,True
1790476831.3226,46.7009,2.7348,0.3318,-0.003,0.0898,-0.003,2.7977,True
1790476831.3727,46.7509,2.7409,0.3318,-0.0031,0.0898,-0.0031,2.8038,True
1790476831.4227,46.8009,2.744,0.3318,-0.0032,0.0898,-0.003,2.8069,True
1790476831.4726,46.8509,2.7501,0.3317,-0.0034,0.0898,-0.0029,2.813,True
1790476831.5227,46.9009,2.7531,0.3317,-0.0034,0.0898,-0.003,2.8161,True
1790476831.5726,46.9509,2.7592,0.3317,-0.0036,0.0898,-0.003,2.8222,True
1790476831.6227,47.001,2.7623,0.3317,-0.0037,0.0898,-0.003,2.8252,True
1790476831.6736,47.0518,2.7684,0.3317,-0.0038,0.0898,-0.0029,2.8313,True
1790476831.7227,47.1009,2.7715,0.3317,-0.0039,0.0898,-0.0028,2.8344,True
1790476831.7758,47.154,2.7776,0.3316,-0.0041,0.0898,-0.0027,2.8405,True
1790476831.8227,47.2009,2.7806,0.3316,-0.0041,0.0898,-0.0027,2.8436,True
1790476831.8727,47.2509,2.7837,0.3316,-0.0042,0.0898,-0.0026,2.8466,True
1790476831.9228,47.301,2.7898,0.3316,-0.0044,0.0899,-0.0024,2.8527,True
1790476831.9726,47.3509,2.7928,0.3316,-0.0045,0.0899,-0.0023,2.8558,True
1790476832.0227,47.401,2.7989,0.3315,-0.0047,0.0899,-0.0023,2.8619,True
1790476832.0728,47.451,2.802,0.3315,-0.0048,0.0899,-0.0024,2.8649,True
1790476832.1227,47.5009,2.8081,0.3315,-0.005,0.0899,-0.0025,2.8711,True
1790476832.1728,47.551,2.8112,0.3315,-0.005,0.0899,-0.0025,2.8741,True
1790476832.2228,47.6011,2.8173,0.3314,-0.0052,0.0899,-0.0024,2.8802,True
1790476832.2727,47.6509,2.8203,0.3314,-0.0053,0.0899,-0.0025,2.8833,True
1790476832.3227,47.701,2.8264,0.3314,-0.0054,0.0898,-0.0026,2.8894,True
1790476832.3727,47.7509,2.8295,0.3314,-0.0055,0.0899,-0.0025,2.8924,True
1790476832.4227,47.8009,2.8356,0.3313,-0.0057,0.0899,-0.0024,2.8986,True
1790476832.4742,47.8524,2.8387,0.3313,-0.0058,0.0899,-0.0025,2.9016,True
1790476832.5227,47.9009,2.8448,0.3313,-0.0059,0.0899,-0.0025,2.9077,True
1790476832.5747,47.9529,2.8478,0.3313,-0.006,0.0899,-0.0025,2.9108,True
1790476832.6227,48.0009,2.8539,0.3312,-0.0062,0.0899,-0.0023,2.9169,True
1790476832.674,48.0522,2.857,0.3312,-0.0063,0.0899,-0.0021,2.9199,True
1790476832.7252,48.1035,2.8601,0.3312,-0.0063,0.0899,-0.0018,2.923,True
1790476832.7727,48.151,2.8662,0.3312,-0.0065,0.0899,-0.0017,2.9291,True
1790476832.8228,48.201,2.8692,0.3311,-0.0066,0.0899,-0.0016,2.9322,True
1790476832.8745,48.2527,2.8753,0.3311,-0.0067,0.0899,-0.0015,2.9383,True
1790476832.9228,48.301,2.8784,0.3311,-0.0068,0.0899,-0.0016,2.9413,True
1790476832.9768,48.355,2.8845,0.331,-0.007,0.0899,-0.0015,2.9474,True
1790476833.0227,48.401,2.8876,0.331,-0.007,0.0899,-0.0014,2.9505,True
1790476833.0752,48.4534,2.8937,0.331,-0.0072,0.0899,-0.0013,2.9566,True
1790476833.1228,48.501,2.8967,0.331,-0.0072,0.0899,-0.0013,2.9597,True
1790476833.1739,48.5521,2.8998,0.3309,-0.0073,0.0899,-0.0012,2.9627,True
1790476833.2228,48.601,2.9059,0.3309,-0.0074,0.0899,-0.0011,2.9688,True
1790476833.276,48.6542,2.909,0.3309,-0.0074,0.0899,-0.001,2.9719,True
1790476833.3227,48.7009,2.9151,0.3308,-0.0075,0.0899,-0.001,2.978,True
1790476833.3727,48.7509,2.9181,0.3308,-0.0076,0.0899,-0.0009,2.9811,True
1790476833.4227,48.801,2.9242,0.3307,-0.0077,0.09,-0.0008,2.9872,True
1790476833.4727,48.8509,2.9273,0.3307,-0.0077,0.09,-0.0008,2.9902,True
1790476833.5229,48.9011,2.9334,0.3307,-0.0078,0.09,-0.0008,2.9964,True
1790476833.573,48.9512,2.9365,0.3307,-0.0079,0.09,-0.0008,2.9994,True
1790476833.6228,49.0011,2.9426,0.3306,-0.0079,0.09,-0.0007,3.0055,True
1790476833.6757,49.0539,2.9456,0.3306,-0.0079,0.09,-0.0008,3.0086,True
1790476833.7228,49.101,2.9518,0.3305,-0.008,0.09,-0.0009,3.0147,True
1790476833.7727,49.1509,2.9548,0.3305,-0.008,0.09,-0.0008,3.0178,True
1790476833.8227,49.2009,2.9609,0.3305,-0.0081,0.09,-0.0008,3.0239,True
1790476833.8727,49.2509,2.964,0.3304,-0.0081,0.09,-0.0007,3.0269,True
1790476833.9227,49.3009,2.9701,0.3304,-0.0081,0.09,-0.0006,3.0331,True
1790476833.9736,49.3518,2.9732,0.3304,-0.0082,0.09,-0.0005,3.0361,True
1790476834.0227,49.4009,2.9793,0.3303,-0.0082,0.09,-0.0005,3.0422,True
1790476834.0767,49.4549,2.9823,0.3303,-0.0082,0.09,-0.0003,3.0453,True
1790476834.1227,49.5009,2.9885,0.3302,-0.0083,0.09,-0.0002,3.0514,True
1790476834.1733,49.5515,2.9915,0.3302,-0.0083,0.09,-0.0001,3.0545,True
1790476834.2226,49.6008,2.9976,0.3302,-0.0084,0.09,-0.0001,3.0606,True
1790476834.2728,49.651,3.0007,0.3301,-0.0084,0.09,-0.0,3.0636,True
1790476834.3226,49.7009,3.0068,0.3301,-0.0084,0.09,0.0001,3.0698,True
1790476835.033,50.4113,3.0068,0.3301,-0.0084,0.09,0.0001,3.0698,True
1790476835.0727,50.4509,3.0313,0.3299,-0.0085,0.09,0.0001,3.0942,True
1790476835.123,50.5012,3.0374,0.3298,-0.0086,0.09,-0.0001,3.1004,True
1790476835.1727,50.5509,3.0435,0.3298,-0.0086,0.09,-0.0002,3.1065,True
1790476835.2226,50.6009,3.0466,0.3297,-0.0086,0.09,-0.0002,3.1095,True
1790476836.0109,51.3892,3.0496,0.3297,-0.0086,0.09,-0.0002,3.1126,True
1790476836.0227,51.4009,3.0619,0.3296,-0.0086,0.09,-0.0002,3.1248,True
1790476836.0727,51.451,3.0772,0.3295,-0.0086,0.09,-0.0003,3.1401,True
1790476836.1232,51.5014,3.0833,0.3294,-0.0086,0.09,-0.0004,3.1463,True
1790476836.1727,51.5509,3.0864,0.3294,-0.0086,0.09,-0.0003,3.1493,True
1790476836.2228,51.601,3.0925,0.3293,-0.0086,0.09,-0.0003,3.1554,True
1790476836.2728,51.651,3.0955,0.3293,-0.0086,0.09,-0.0002,3.1585,True
1790476836.3275,51.7057,3.1017,0.3293,-0.0086,0.09,-0.0001,3.1646,True
1790476836.3727,51.7509,3.1047,0.3292,-0.0086,0.09,0.0001,3.1677,True
1790476836.4226,51.8008,3.1108,0.3292,-0.0086,0.09,0.0001,3.1738,True
1790476836.4736,51.8518,3.1139,0.3292,-0.0086,0.09,0.0001,3.1769,True
1790476836.528,51.9063,3.12,0.3291,-0.0086,0.09,0.0,3.183,True
1790476836.5727,51.9509,3.1231,0.3291,-0.0086,0.09,0.0,3.186,True
1790476836.6227,52.0009,3.1292,0.329,-0.0086,0.09,-0.0,3.1922,True
1790476836.6728,52.051,3.1323,0.329,-0.0086,0.09,-0.0,3.1952,True
1790476836.7227,52.1009,3.1384,0.329,-0.0086,0.09,-0.0,3.2013,True
1790476836.7727,52.1509,3.1414,0.3289,-0.0086,0.09,-0.0,3.2044,True
1790476836.8227,52.2009,3.1476,0.3289,-0.0086,0.09,-0.0001,3.2105,True
1790476836.8794,52.2576,3.1506,0.3288,-0.0086,0.09,-0.0002,3.2136,True
1790476836.9227,52.3009,3.1537,0.3288,-0.0086,0.09,-0.0002,3.2166,True
1790476836.9727,52.351,3.1598,0.3288,-0.0086,0.09,-0.0003,3.2228,True
1790476837.0239,52.4022,3.1629,0.3287,-0.0086,0.09,-0.0003,3.2258,True
1790476837.0727,52.4509,3.169,0.3287,-0.0086,0.09,-0.0002,3.2319,True
1790476837.1241,52.5023,3.172,0.3287,-0.0086,0.09,-0.0001,3.235,True
1790476837.1727,52.5509,3.1782,0.3286,-0.0085,0.09,-0.0002,3.2411,True
1790476837.2238,52.602,3.1812,0.3286,-0.0085,0.09,-0.0003,3.2442,True
1790476837.2727,52.6509,3.1874,0.3285,-0.0085,0.09,-0.0003,3.2503,True
1790476837.3264,52.7046,3.1904,0.3285,-0.0085,0.09,-0.0003,3.2534,True
1790476837.3727,52.7509,3.1965,0.3285,-0.0085,0.09,-0.0004,3.2595,True
1790476837.4227,52.8009,3.1996,0.3284,-0.0085,0.09,-0.0003,3.2625,True
1790476837.4727,52.8509,3.2057,0.3284,-0.0085,0.09,-0.0003,3.2687,True
1790476837.5227,52.9009,3.2088,0.3283,-0.0085,0.09,-0.0003,3.2717,True
1790476837.5726,52.9509,3.2149,0.3283,-0.0085,0.09,-0.0002,3.2778,True
1790476837.6226,53.0009,3.218,0.3283,-0.0085,0.09,-0.0002,3.2809,True
1790476837.6727,53.0509,3.2241,0.3282,-0.0085,0.09,-0.0002,3.287,True
1790476837.7228,53.101,3.2271,0.3282,-0.0085,0.09,-0.0002,3.2901,True
1790476837.7726,53.1509,3.2302,0.3282,-0.0085,0.09,-0.0003,3.2931,True
1790476837.8228,53.201,3.2363,0.3281,-0.0085,0.09,-0.0003,3.2993,True
1790476837.8766,53.2548,3.2394,0.3281,-0.0085,0.09,-0.0004,3.3023,True
1790476837.9228,53.301,3.2455,0.328,-0.0085,0.09,-0.0005,3.3084,True
1790476837.9727,53.3509,3.2486,0.328,-0.0085,0.09,-0.0006,3.3115,True
1790476838.0227,53.4009,3.2547,0.328,-0.0085,0.09,-0.0006,3.3176,True
1790476838.0727,53.4509,3.2577,0.3279,-0.0085,0.09,-0.0007,3.3207,True
1790476838.1227,53.5009,3.2639,0.3279,-0.0085,0.09,-0.0007,3.3268,True
1790476838.1727,53.5509,3.2669,0.3279,-0.0085,0.09,-0.0008,3.3299,True
1790476838.2227,53.601,3.273,0.3278,-0.0086,0.09,-0.0008,3.336,True
1790476838.2756,53.6538,3.2761,0.3278,-0.0086,0.0899,-0.001,3.339,True
1790476838.3227,53.701,3.2822,0.3277,-0.0086,0.0899,-0.001,3.3452,True
1790476838.3727,53.7509,3.2853,0.3277,-0.0086,0.0899,-0.001,3.3482,True
1790476838.4227,53.8009,3.2914,0.3276,-0.0086,0.0899,-0.0009,3.3543,True
1790476838.4729,53.8511,3.2944,0.3276,-0.0086,0.0899,-0.001,3.3574,True
1790476838.5226,53.9009,3.2975,0.3276,-0.0087,0.0899,-0.001,3.3605,True
1790476838.5727,53.951,3.3036,0.3275,-0.0087,0.0899,-0.0009,3.3666,True
1790476838.6227,54.0009,3.3067,0.3275,-0.0087,0.0899,-0.001,3.3696,True
1790476838.6728,54.051,3.3128,0.3275,-0.0087,0.0899,-0.0011,3.3758,True
1790476838.7227,54.1009,3.3159,0.3274,-0.0087,0.0899,-0.001,3.3788,True
1790476838.7727,54.1509,3.322,0.3274,-0.0088,0.09,-0.0008,3.3849,True
1790476838.8229,54.2012,3.325,0.3273,-0.0088,0.09,-0.0008,3.388,True
1790476838.8728,54.251,3.3312,0.3273,-0.0089,0.09,-0.0007,3.3941,True
1790476838.9228,54.301,3.3342,0.3273,-0.0089,0.09,-0.0005,3.3972,True
1790476838.9727,54.3509,3.3403,0.3272,-0.009,0.09,-0.0004,3.4033,True
1790476839.0228,54.401,3.3434,0.3272,-0.009,0.09,-0.0003,3.4063,True
1790476839.0728,54.451,3.3495,0.3271,-0.009,0.09,-0.0002,3.4125,True
1790476839.1227,54.501,3.3526,0.3271,-0.0091,0.09,-0.0002,3.4155,True
1790476839.1727,54.5509,3.3587,0.327,-0.0091,0.09,-0.0002,3.4216,True
1790476839.2227,54.601,3.3617,0.327,-0.0091,0.09,-0.0001,3.4247,True
1790476839.2727,54.6509,3.3679,0.327,-0.0092,0.09,-0.0001,3.4308,True
1790476839.3227,54.701,3.3709,0.3269,-0.0092,0.09,0.0,3.4339,True
1790476839.3727,54.7509,3.377,0.3269,-0.0092,0.09,-0.0001,3.44,True
1790476839.4227,54.8009,3.3801,0.3269,-0.0092,0.09,-0.0001,3.4431,True
1790476839.4778,54.8561,3.3832,0.3268,-0.0093,0.09,-0.0003,3.4461,True
1790476839.5227,54.9009,3.3893,0.3268,-0.0093,0.09,-0.0002,3.4522,True
1790476839.5748,54.953,3.3923,0.3267,-0.0093,0.09,0.0001,3.4553,True
1790476839.6228,55.001,3.3984,0.3267,-0.0093,0.09,0.0001,3.4614,True
1790476839.6728,55.0511,3.4015,0.3267,-0.0094,0.09,0.0003,3.4645,True
1790476839.7227,55.1009,3.4076,0.3266,-0.0094,0.09,0.0003,3.4706,True
1790476839.7727,55.151,3.4107,0.3266,-0.0094,0.09,0.0003,3.4736,True
1790476839.8227,55.201,3.4168,0.3265,-0.0094,0.09,0.0003,3.4798,True
1790476839.8729,55.2511,3.4199,0.3265,-0.0094,0.09,0.0002,3.4828,True
1790476839.9227,55.301,3.426,0.3264,-0.0094,0.09,0.0002,3.4889,True
1790476839.9727,55.3509,3.429,0.3264,-0.0094,0.09,0.0002,3.492,True
1790476840.0227,55.401,3.4352,0.3263,-0.0094,0.09,0.0001,3.4981,True
1790476840.0764,55.4546,3.4382,0.3263,-0.0094,0.09,0.0001,3.5012,True
1790476840.1227,55.5009,3.4443,0.3263,-0.0094,0.09,0.0,3.5073,True
1790476840.1727,55.5509,3.4474,0.3262,-0.0094,0.09,0.0002,3.5104,True
1790476840.2227,55.6009,3.4535,0.3262,-0.0093,0.09,0.0002,3.5165,True
1790476840.2728,55.651,3.4566,0.3261,-0.0093,0.09,0.0003,3.5196,True
1790476840.3263,55.7045,3.4596,0.3261,-0.0093,0.09,0.0004,3.5226,True
1790476840.3728,55.751,3.4658,0.3261,-0.0093,0.09,0.0004,3.5287,True
1790476840.4228,55.801,3.4688,0.326,-0.0093,0.09,0.0003,3.5318,True
1790476840.4728,55.851,3.4749,0.326,-0.0093,0.09,0.0002,3.5379,True
1790476840.5227,55.901,3.478,0.3259,-0.0093,0.09,0.0001,3.541,True
1790476840.5728,55.951,3.4841,0.3259,-0.0093,0.09,0.0,3.5471,True
1790476840.6228,56.001,3.4872,0.3259,-0.0093,0.09,-0.0001,3.5502,True
1790476840.6728,56.051,3.4933,0.3258,-0.0093,0.09,-0.0003,3.5563,True
1790476840.7228,56.101,3.4964,0.3258,-0.0093,0.09,-0.0004,3.5593,True
1790476840.7727,56.1509,3.5025,0.3257,-0.0093,0.09,-0.0004,3.5655,True
1790476840.8228,56.201,3.5055,0.3257,-0.0093,0.09,-0.0003,3.5685,True
1790476840.8753,56.2536,3.5086,0.3257,-0.0093,0.09,-0.0003,3.5716,True
1790476840.9227,56.3009,3.5147,0.3256,-0.0093,0.09,-0.0003,3.5777,True
1790476840.9727,56.3509,3.5178,0.3256,-0.0093,0.09,-0.0003,3.5808,True
1790476841.0227,56.4009,3.5239,0.3255,-0.0093,0.09,-0.0004,3.5869,True
1790476841.0803,56.4586,3.527,0.3255,-0.0093,0.09,-0.0004,3.5899,True
1790476841.1227,56.5009,3.5331,0.3254,-0.0093,0.09,-0.0005,3.5961,True
1790476841.1727,56.5509,3.5362,0.3254,-0.0093,0.09,-0.0005,3.5991,True
1790476841.2228,56.601,3.5423,0.3253,-0.0093,0.09,-0.0005,3.6052,True
1790476841.2728,56.6511,3.5453,0.3253,-0.0093,0.09,-0.0004,3.6083,True
1790476841.3228,56.701,3.5515,0.3253,-0.0093,0.09,-0.0004,3.6144,True
1790476841.3728,56.751,3.5545,0.3252,-0.0093,0.09,-0.0002,3.6175,True
1790476841.4227,56.8009,3.5606,0.3252,-0.0093,0.09,-0.0001,3.6236,True
1790476841.4728,56.851,3.5637,0.3251,-0.0093,0.09,-0.0,3.6267,True
1790476841.5227,56.9009,3.5698,0.3251,-0.0094,0.09,0.0,3.6328,True
1790476841.5727,56.951,3.5729,0.3251,-0.0094,0.09,0.0,3.6358,True
1790476841.6227,57.0009,3.579,0.325,-0.0094,0.09,0.0001,3.642,True
1790476841.6728,57.051,3.5821,0.325,-0.0094,0.09,0.0001,3.645,True
1790476841.7227,57.1009,3.5882,0.3249,-0.0094,0.09,0.0001,3.6511,True
1790476841.7727,57.151,3.5912,0.3249,-0.0094,0.09,0.0001,3.6542,True
1790476841.8228,57.201,3.5943,0.3248,-0.0094,0.09,0.0001,3.6573,True
1790476841.8726,57.2509,3.6004,0.3248,-0.0094,0.09,0.0001,3.6634,True
1790476841.9228,57.3011,3.6035,0.3248,-0.0094,0.09,0.0,3.6664,True
1790476841.9727,57.3509,3.6096,0.3247,-0.0094,0.09,0.0001,3.6726,True
1790476842.0231,57.4013,3.6126,0.3247,-0.0094,0.09,0.0,3.6756,True
1790476842.0731,57.4513,3.6188,0.3246,-0.0094,0.09,-0.0001,3.6817,True
1790476842.1263,57.5045,3.6218,0.3246,-0.0094,0.09,-0.0001,3.6848,True
1790476842.1726,57.5509,3.628,0.3245,-0.0094,0.09,-0.0001,3.6909,True
1790476842.2227,57.6009,3.631,0.3245,-0.0094,0.09,-0.0001,3.694,True
1790476842.2728,57.651,3.6371,0.3244,-0.0094,0.09,-0.0002,3.7001,True
1790476842.326,57.7042,3.6402,0.3244,-0.0094,0.09,-0.0002,3.7032,True
1790476842.3727,57.7509,3.6463,0.3244,-0.0094,0.09,-0.0002,3.7093,True
1790476842.4227,57.801,3.6494,0.3243,-0.0094,0.09,-0.0002,3.7123,True
1790476842.4727,57.8509,3.6555,0.3243,-0.0095,0.09,-0.0001,3.7185,True
1790476842.5227,57.9009,3.6586,0.3242,-0.0095,0.09,-0.0002,3.7215,True
1790476842.5727,57.9509,3.6647,0.3242,-0.0095,0.09,-0.0002,3.7276,True
1790476842.625,58.0032,3.6677,0.3242,-0.0095,0.09,-0.0003,3.7307,True
1790476842.6728,58.051,3.6708,0.3241,-0.0095,0.09,-0.0003,3.7338,True
1790476842.7228,58.101,3.6769,0.3241,-0.0095,0.09,-0.0004,3.7399,True
1790476842.7728,58.151,3.68,0.324,-0.0095,0.09,-0.0003,3.7429,True
1790476842.8248,58.203,3.6861,0.324,-0.0095,0.09,-0.0003,3.7491,True
1790476842.8742,58.2524,3.6892,0.324,-0.0095,0.09,-0.0004,3.7521,True
1790476842.9266,58.3048,3.6953,0.3239,-0.0095,0.09,-0.0004,3.7582,True
1790476842.9727,58.351,3.6983,0.3239,-0.0095,0.09,-0.0003,3.7613,True
1790476843.0248,58.403,3.7045,0.3238,-0.0095,0.09,-0.0003,3.7674,True
1790476843.0728,58.451,3.7075,0.3238,-0.0095,0.09,-0.0003,3.7705,True
1790476843.1254,58.5036,3.7106,0.3238,-0.0095,0.09,-0.0003,3.7735,True
1790476843.1727,58.5509,3.7167,0.3237,-0.0095,0.09,-0.0003,3.7797,True
1790476843.2273,58.6055,3.7228,0.3236,-0.0095,0.09,-0.0003,3.7858,True
1790476843.2727,58.6509,3.7259,0.3236,-0.0095,0.09,-0.0002,3.7888,True
1790476843.3241,58.7023,3.732,0.3235,-0.0095,0.09,-0.0001,3.795,True
1790476843.3727,58.7509,3.7351,0.3235,-0.0095,0.09,-0.0001,3.798,True
1790476843.4229,58.8011,3.7381,0.3235,-0.0095,0.09,-0.0,3.8011,True
1790476843.4727,58.8509,3.7442,0.3234,-0.0096,0.09,-0.0,3.8072,True
1790476843.5228,58.901,3.7473,0.3234,-0.0096,0.09,-0.0001,3.8103,True
1790476843.5727,58.951,3.7534,0.3233,-0.0096,0.09,-0.0001,3.8164,True
1790476843.6269,59.0051,3.7565,0.3233,-0.0096,0.09,-0.0002,3.8194,True
1790476843.6727,59.051,3.7626,0.3233,-0.0096,0.09,-0.0003,3.8256,True
1790476843.7234,59.1016,3.7657,0.3232,-0.0096,0.09,-0.0003,3.8286,True
1790476843.7727,59.1509,3.7718,0.3232,-0.0096,0.09,-0.0003,3.8347,True
1790476843.8227,59.201,3.7748,0.3231,-0.0096,0.09,-0.0002,3.8378,True
1790476843.8779,59.2561,3.781,0.3231,-0.0096,0.09,-0.0001,3.8439,True
1790476843.9228,59.301,3.784,0.323,-0.0096,0.09,0.0001,3.847,True
1790476843.9727,59.3509,3.7901,0.323,-0.0096,0.09,0.0002,3.8531,True
1790476844.0228,59.401,3.7932,0.323,-0.0096,0.09,0.0003,3.8562,True
1790476844.0727,59.4509,3.7963,0.3229,-0.0096,0.09,0.0004,3.8592,True
1790476844.1229,59.5011,3.8024,0.3229,-0.0096,0.09,0.0005,3.8654,True
1790476844.1727,59.5509,3.8054,0.3228,-0.0097,0.09,0.0005,3.8684,True
1790476844.2227,59.6009,3.8116,0.3228,-0.0097,0.09,0.0004,3.8745,True
1790476844.2728,59.651,3.8146,0.3228,-0.0097,0.09,0.0003,3.8776,True
1790476844.3228,59.7011,3.8207,0.3227,-0.0097,0.09,0.0003,3.8837,True
1790476844.3728,59.751,3.8238,0.3227,-0.0097,0.09,0.0004,3.8868,True
1790476844.4228,59.801,3.8299,0.3226,-0.0097,0.09,0.0004,3.8929,True
1790476844.4727,59.851,3.833,0.3226,-0.0097,0.09,0.0005,3.896,True
1790476844.5234,59.9016,3.8391,0.3225,-0.0097,0.09,0.0006,3.9021,True
1790476844.5727,59.9509,3.8421,0.3225,-0.0097,0.09,0.0005,3.9051,True
1790476844.6226,60.0008,3.8483,0.3224,-0.0097,0.09,0.0005,3.9112,True
1790476844.6727,60.0509,3.8513,0.3224,-0.0097,0.09,0.0005,3.9143,True
1790476844.7227,60.1009,3.8574,0.3223,-0.0097,0.09,0.0005,3.9204,True
1790476844.7728,60.151,3.8605,0.3223,-0.0097,0.09,0.0005,3.9235,True
1790476844.8228,60.201,3.8666,0.3222,-0.0097,0.09,0.0006,3.9296,True
1790476844.8727,60.2509,3.8697,0.3222,-0.0097,0.09,0.0006,3.9327,True
1790476844.9227,60.301,3.8727,0.3222,-0.0097,0.09,0.0007,3.9357,True
1790476844.9726,60.3509,3.8789,0.3221,-0.0097,0.09,0.0007,3.9418,True
1790476845.0228,60.401,3.8819,0.3221,-0.0097,0.09,0.0007,3.9449,True
1790476845.0727,60.4509,3.888,0.322,-0.0098,0.09,0.0007,3.951,True
1790476845.1256,60.5038,3.8911,0.322,-0.0098,0.09,0.0008,3.9541,True
1790476845.1726,60.5509,3.8972,0.322,-0.0098,0.09,0.0007,3.9602,True
1790476845.2243,60.6025,3.9003,0.3219,-0.0098,0.09,0.0006,3.9633,True
1790476845.2727,60.6509,3.9064,0.3219,-0.0098,0.09,0.0005,3.9694,True
1790476845.3278,60.706,3.9095,0.3218,-0.0098,0.09,0.0005,3.9724,True
1790476845.3727,60.7509,3.9156,0.3218,-0.0098,0.09,0.0005,3.9786,True
1790476845.4232,60.8014,3.9186,0.3217,-0.0097,0.09,0.0004,3.9816,True
1790476845.4727,60.8509,3.9248,0.3217,-0.0097,0.09,0.0005,3.9877,True
1790476845.5227,60.901,3.9278,0.3217,-0.0097,0.09,0.0005,3.9908,True
1790476845.5743,60.9525,3.9339,0.3216,-0.0097,0.09,0.0004,3.9969,True
1790476845.6251,61.0033,3.937,0.3216,-0.0097,0.09,0.0003,4.0,True
1790476845.6726,61.0509,3.9431,0.3215,-0.0097,0.09,0.0003,4.0061,True
1790476845.7228,61.101,3.9462,0.3215,-0.0097,0.09,0.0003,4.0092,True
1790476845.7728,61.151,3.9492,0.3214,-0.0097,0.09,0.0002,4.0122,True
1790476845.8271,61.2053,3.9553,0.3214,-0.0097,0.09,0.0002,4.0183,True
1790476845.8728,61.251,3.9584,0.3214,-0.0097,0.09,0.0001,4.0214,True
1790476845.9229,61.3011,3.9645,0.3213,-0.0097,0.09,0.0,4.0275,True
1790476845.9727,61.3509,3.9676,0.3213,-0.0097,0.09,-0.0,4.0306,True
1790476846.0228,61.401,3.9737,0.3212,-0.0098,0.09,0.0001,4.0367,True
1790476846.0727,61.451,3.9768,0.3212,-0.0098,0.09,0.0002,4.0397,True
1790476846.1227,61.5009,3.9829,0.3211,-0.0098,0.09,0.0003,4.0459,True
1790476846.1728,61.551,3.9859,0.3211,-0.0098,0.09,0.0004,4.0489,True
1790476846.2227,61.6009,3.9921,0.321,-0.0098,0.09,0.0004,4.055,True
1790476846.2727,61.651,3.9951,0.321,-0.0098,0.09,0.0003,4.0581,True
1790476846.3229,61.7011,3.9982,0.321,-0.0098,0.09,0.0002,4.0612,True
1790476846.3727,61.751,4.0043,0.3209,-0.0098,0.09,0.0002,4.0673,True
1790476846.4227,61.801,4.0074,0.3209,-0.0098,0.09,0.0003,4.0703,True
1790476846.4727,61.8509,4.0135,0.3208,-0.0098,0.09,0.0005,4.0765,True
1790476846.523,61.9012,4.0165,0.3208,-0.0099,0.09,0.0006,4.0795,True
1790476846.5727,61.951,4.0227,0.3207,-0.0099,0.09,0.0006,4.0856,True
1790476846.6228,62.001,4.0257,0.3207,-0.0099,0.09,0.0006,4.0887,True
1790476846.6727,62.0509,4.0318,0.3206,-0.0099,0.09,0.0004,4.0948,True
1790476846.7227,62.101,4.0349,0.3206,-0.0099,0.09,0.0004,4.0979,True
1790476846.7727,62.1509,4.041,0.3205,-0.0099,0.09,0.0004,4.104,True
1790476846.827,62.2052,4.0441,0.3205,-0.0099,0.09,0.0005,4.1071,True
1790476846.8727,62.2509,4.0502,0.3205,-0.0099,0.09,0.0006,4.1132,True
1790476846.9227,62.3009,4.0533,0.3204,-0.0099,0.09,0.0007,4.1162,True
1790476846.9727,62.3509,4.0594,0.3204,-0.0099,0.09,0.0007,4.1224,True
1790476847.0283,62.4066,4.0624,0.3203,-0.01,0.09,0.0008,4.1254,True
1790476847.0777,62.4559,4.0655,0.3203,-0.01,0.0899,0.0009,4.1285,True
1790476847.1239,62.5022,4.0716,0.3202,-0.01,0.0899,0.001,4.1346,True
1790476847.1727,62.5509,4.0747,0.3202,-0.01,0.0899,0.0011,4.1377,True
1790476847.228,62.6062,4.0808,0.3201,-0.01,0.0899,0.0011,4.1438,True
1790476847.2727,62.6509,4.0839,0.3201,-0.01,0.0899,0.001,4.1468,True
1790476847.3233,62.7015,4.09,0.3201,-0.01,0.0899,0.0009,4.153,True
1790476847.3727,62.7509,4.093,0.32,-0.01,0.09,0.0008,4.156,True
1790476847.4277,62.806,4.0991,0.32,-0.01,0.09,0.0007,4.1621,True
1790476847.4727,62.8509,4.1022,0.3199,-0.01,0.09,0.0007,4.1652,True
1790476847.5228,62.901,4.1083,0.3199,-0.01,0.09,0.0008,4.1713,True
1790476847.5728,62.951,4.1114,0.3198,-0.01,0.09,0.0008,4.1744,True
1790476847.6227,63.001,4.1175,0.3198,-0.01,0.09,0.0007,4.1805,True
1790476847.6727,63.0509,4.1206,0.3198,-0.01,0.09,0.0007,4.1836,True
1790476847.7232,63.1014,4.1236,0.3197,-0.0099,0.09,0.0007,4.1866,True
1790476847.7728,63.151,4.1297,0.3197,-0.0099,0.09,0.0007,4.1927,True
1790476847.8227,63.2009,4.1359,0.3196,-0.0099,0.09,0.0006,4.1988,True
1790476847.8726,63.2509,4.1389,0.3196,-0.0099,0.09,0.0005,4.2019,True
1790476847.9229,63.3011,4.145,0.3195,-0.0099,0.09,0.0004,4.208,True
1790476847.9728,63.351,4.1481,0.3195,-0.0099,0.09,0.0005,4.2111,True
1790476848.0227,63.4009,4.1511,0.3194,-0.0099,0.09,0.0006,4.2141,True
1790476848.0728,63.451,4.1573,0.3194,-0.0099,0.09,0.0007,4.2203,True
1790476848.1231,63.5013,4.1603,0.3194,-0.0099,0.09,0.0008,4.2233,True
1790476848.1728,63.551,4.1664,0.3193,-0.0099,0.09,0.0009,4.2294,True
1790476848.2227,63.6009,4.1695,0.3193,-0.0099,0.09,0.0008,4.2325,True
1790476848.2732,63.6514,4.1756,0.3192,-0.0099,0.0899,0.0009,4.2386,True
1790476848.3278,63.706,4.1787,0.3192,-0.0099,0.0899,0.001,4.2417,True
1790476848.3728,63.751,4.1848,0.3191,-0.0099,0.0899,0.001,4.2478,True
1790476848.4228,63.8011,4.1879,0.3191,-0.0099,0.0899,0.0011,4.2509,True
1790476848.4727,63.8509,4.194,0.319,-0.0099,0.0899,0.0013,4.257,True
1790476848.5228,63.9011,4.197,0.319,-0.0099,0.0899,0.0015,4.26,True
1790476848.5726,63.9508,4.2032,0.3189,-0.0099,0.0899,0.0017,4.2662,True
1790476848.6227,64.0009,4.2062,0.3189,-0.0099,0.0899,0.0017,4.2692,True
1790476848.6727,64.0509,4.2123,0.3188,-0.0099,0.0899,0.0017,4.2753,True
1790476848.723,64.1012,4.2154,0.3188,-0.0099,0.0899,0.0016,4.2784,True
1790476848.7732,64.1514,4.2215,0.3188,-0.0099,0.0899,0.0015,4.2845,True
1790476848.8227,64.2009,4.2246,0.3187,-0.0099,0.0899,0.0014,4.2876,True
1790476848.8728,64.251,4.2276,0.3187,-0.0099,0.0899,0.0014,4.2906,True
1790476848.9228,64.301,4.2337,0.3186,-0.0098,0.0899,0.0013,4.2967,True
1790476848.9728,64.351,4.2368,0.3186,-0.0098,0.0899,0.0014,4.2998,True
1790476849.0228,64.401,4.2429,0.3185,-0.0097,0.0899,0.0015,4.3059,True
1790476849.0726,64.4509,4.246,0.3185,-0.0097,0.0899,0.0016,4.309,True
1790476849.1228,64.501,4.2521,0.3185,-0.0096,0.0899,0.0016,4.3151,True
1790476849.1728,64.551,4.2551,0.3184,-0.0095,0.0899,0.0015,4.3181,True
1790476849.2228,64.601,4.2613,0.3184,-0.0094,0.0899,0.0015,4.3243,True
1790476849.2728,64.651,4.2643,0.3183,-0.0094,0.0899,0.0014,4.3273,True
1790476849.3265,64.7047,4.2704,0.3183,-0.0093,0.0899,0.0012,4.3334,True
1790476849.3726,64.7509,4.2735,0.3183,-0.0093,0.0899,0.0012,4.3365,True
1790476849.4227,64.8009,4.2796,0.3182,-0.0092,0.0899,0.001,4.3426,True
1790476849.4726,64.8508,4.2827,0.3182,-0.0092,0.0899,0.0009,4.3457,True
1790476849.5307,64.9089,4.2888,0.3181,-0.0091,0.09,0.0008,4.3518,True
1790476849.5727,64.951,4.2918,0.3181,-0.0091,0.09,0.0007,4.3548,True
1790476849.6228,65.001,4.2949,0.3181,-0.0091,0.09,0.0007,4.3579,True
1790476849.6729,65.0511,4.301,0.318,-0.009,0.09,0.0007,4.364,True
1790476849.7228,65.101,4.3041,0.318,-0.009,0.09,0.0008,4.3671,True
1790476849.7727,65.151,4.3102,0.3179,-0.0089,0.09,0.0008,4.3732,True
1790476849.8228,65.201,4.3132,0.3179,-0.0089,0.0899,0.0009,4.3762,True
1790476849.8729,65.2511,4.3194,0.3178,-0.0089,0.0899,0.001,4.3824,True
1790476849.9227,65.3009,4.3224,0.3178,-0.0089,0.0899,0.001,4.3854,True
1790476849.9727,65.3509,4.3285,0.3178,-0.0088,0.0899,0.001,4.3915,True
1790476850.0229,65.4012,4.3316,0.3177,-0.0088,0.0899,0.0009,4.3946,True
1790476850.0732,65.4515,4.3346,0.3177,-0.0088,0.09,0.0007,4.3976,True
1790476850.1227,65.501,4.3408,0.3176,-0.0088,0.09,0.0005,4.4038,True
1790476850.1727,65.5509,4.3469,0.3176,-0.0088,0.09,0.0003,4.4099,True
1790476850.2228,65.601,4.3499,0.3176,-0.0087,0.09,0.0001,4.4129,True
1790476850.2727,65.6509,4.3561,0.3175,-0.0087,0.09,0.0001,4.4191,True
1790476850.3228,65.701,4.3591,0.3175,-0.0087,0.09,0.0002,4.4221,True
1790476850.3727,65.751,4.3622,0.3175,-0.0087,0.09,0.0002,4.4252,True
1790476850.4228,65.801,4.3683,0.3174,-0.0087,0.09,0.0002,4.4313,True
1790476850.4752,65.8535,4.3714,0.3174,-0.0087,0.09,0.0001,4.4344,True
1790476850.5227,65.9009,4.3775,0.3173,-0.0086,0.09,0.0,4.4405,True
1790476850.5727,65.951,4.3805,0.3173,-0.0086,0.09,0.0,4.4435,True
1790476850.6227,66.0009,4.3866,0.3172,-0.0086,0.09,0.0,4.4497,True
1790476850.6726,66.0509,4.3897,0.3172,-0.0086,0.09,0.0001,4.4527,True
1790476850.7228,66.101,4.3958,0.3172,-0.0086,0.09,0.0001,4.4588,True
1790476850.7744,66.1526,4.3989,0.3171,-0.0086,0.09,0.0,4.4619,True
1790476850.8227,66.2009,4.405,0.3171,-0.0086,0.09,-0.0,4.468,True
1790476850.8726,66.2508,4.4081,0.3171,-0.0086,0.09,-0.0001,4.4711,True
1790476850.9227,66.3009,4.4142,0.317,-0.0085,0.09,-0.0001,4.4772,True
1790476850.9727,66.3509,4.4173,0.317,-0.0085,0.09,-0.0002,4.4803,True
1790476851.0232,66.4014,4.4234,0.3169,-0.0085,0.09,-0.0002,4.4864,True
1790476851.0728,66.451,4.4264,0.3169,-0.0085,0.09,-0.0003,4.4894,True
1790476851.1229,66.5011,4.4295,0.3169,-0.0085,0.09,-0.0002,4.4925,True
1790476851.1727,66.551,4.4356,0.3168,-0.0085,0.09,-0.0002,4.4986,True
1790476851.2227,66.6009,4.4387,0.3168,-0.0085,0.09,-0.0003,4.5017,True
1790476851.2727,66.6509,4.4448,0.3168,-0.0085,0.09,-0.0003,4.5078,True
1790476851.3227,66.7009,4.4479,0.3167,-0.0084,0.09,-0.0004,4.5109,True
1790476851.3727,66.7509,4.454,0.3167,-0.0084,0.09,-0.0003,4.517,True
1790476851.4227,66.801,4.457,0.3166,-0.0084,0.09,-0.0002,4.52,True
1790476851.4727,66.8509,4.4632,0.3166,-0.0084,0.09,-0.0001,4.5262,True
1790476851.5227,66.9009,4.4662,0.3166,-0.0084,0.09,-0.0,4.5292,True
1790476851.5727,66.9509,4.4723,0.3165,-0.0084,0.09,0.0,4.5353,True
1790476851.6227,67.0009,4.4754,0.3165,-0.0085,0.09,-0.0001,4.5384,True
1790476851.6727,67.0509,4.4815,0.3164,-0.0085,0.09,-0.0002,4.5445,True
1790476851.7228,67.1011,4.4846,0.3164,-0.0085,0.09,-0.0001,4.5476,True
1790476851.7729,67.1511,4.4907,0.3164,-0.0085,0.09,-0.0002,4.5537,True
1790476851.8227,67.2009,4.4938,0.3163,-0.0085,0.09,-0.0002,4.5568,True
1790476851.8727,67.2509,4.4999,0.3163,-0.0085,0.09,-0.0002,4.5629,True
1790476851.9228,67.301,4.5029,0.3163,-0.0085,0.09,-0.0003,4.5659,True
1790476851.9726,67.3509,4.5091,0.3162,-0.0085,0.09,-0.0003,4.5721,True
1790476852.0228,67.401,4.5121,0.3162,-0.0085,0.09,-0.0004,4.5751,True
1790476852.0727,67.451,4.5152,0.3162,-0.0085,0.09,-0.0005,4.5782,True
1790476852.1227,67.5009,4.5213,0.3161,-0.0085,0.09,-0.0006,4.5843,True
1790476852.1727,67.551,4.5244,0.3161,-0.0085,0.09,-0.0007,4.5874,True
1790476852.2228,67.601,4.5305,0.316,-0.0085,0.09,-0.0008,4.5935,True
1790476852.2727,67.6509,4.5335,0.316,-0.0085,0.09,-0.0008,4.5965,True
1790476852.3231,67.7013,4.5397,0.3159,-0.0085,0.09,-0.0008,4.6027,True
1790476852.3727,67.7509,4.5427,0.3159,-0.0085,0.09,-0.0008,4.6057,True
1790476852.4227,67.8009,4.5488,0.3159,-0.0085,0.09,-0.0008,4.6118,True
1790476852.4727,67.8509,4.5519,0.3158,-0.0085,0.09,-0.0009,4.6149,True
1790476852.5227,67.9009,4.558,0.3158,-0.0085,0.0899,-0.0009,4.621,True
1790476852.5727,67.9509,4.5611,0.3158,-0.0085,0.0899,-0.0009,4.6241,True
1790476852.6227,68.001,4.5672,0.3157,-0.0086,0.0899,-0.0009,4.6302,True
1790476852.6726,68.0509,4.5703,0.3157,-0.0086,0.09,-0.0008,4.6333,True
1790476852.7227,68.1009,4.5733,0.3157,-0.0086,0.09,-0.0008,4.6363,True
1790476852.7727,68.1509,4.5794,0.3156,-0.0086,0.09,-0.0008,4.6424,True
1790476852.8227,68.2009,4.5825,0.3156,-0.0087,0.09,-0.0008,4.6455,True
1790476852.8728,68.251,4.5886,0.3155,-0.0087,0.09,-0.0007,4.6516,True
1790476852.9227,68.3009,4.5917,0.3155,-0.0087,0.09,-0.0006,4.6547,True
1790476852.974,68.3523,4.5978,0.3154,-0.0088,0.09,-0.0005,4.6608,True
1790476853.0227,68.4009,4.6008,0.3154,-0.0088,0.09,-0.0004,4.6639,True
1790476853.073,68.4512,4.607,0.3154,-0.0088,0.09,-0.0004,4.67,True
1790476853.1227,68.5009,4.61,0.3153,-0.0088,0.09,-0.0004,4.673,True
1790476853.1726,68.5509,4.6161,0.3153,-0.0089,0.09,-0.0004,4.6791,True
1790476853.2228,68.601,4.6192,0.3153,-0.0089,0.09,-0.0004,4.6822,True
1790476853.2727,68.6509,4.6253,0.3152,-0.0089,0.09,-0.0004,4.6883,True
1790476853.3228,68.701,4.6284,0.3152,-0.009,0.09,-0.0004,4.6914,True
1790476853.3727,68.7509,4.6345,0.3151,-0.009,0.09,-0.0004,4.6975,True
1790476853.4228,68.801,4.6375,0.3151,-0.009,0.09,-0.0004,4.7006,True
1790476853.4742,68.8524,4.6406,0.3151,-0.009,0.09,-0.0004,4.7036,True
1790476853.5227,68.9009,4.6467,0.315,-0.0091,0.09,-0.0003,4.7097,True
1790476853.5729,68.9511,4.6498,0.315,-0.0091,0.09,-0.0002,4.7128,True
1790476853.6228,69.001,4.6559,0.3149,-0.0091,0.09,-0.0001,4.7189,True
1790476853.6737,69.0519,4.659,0.3149,-0.0091,0.09,-0.0001,4.722,True
1790476853.7227,69.1009,4.6651,0.3148,-0.0091,0.09,-0.0,4.7281,True
1790476853.7729,69.1511,4.6681,0.3148,-0.0091,0.09,0.0,4.7312,True
1790476853.8227,69.2009,4.6743,0.3148,-0.0091,0.09,0.0001,4.7373,True
1790476853.8782,69.2564,4.6773,0.3147,-0.0092,0.09,0.0001,4.7403,True
1790476853.9227,69.3009,4.6834,0.3147,-0.0092,0.09,0.0001,4.7465,True
1790476853.9727,69.3509,4.6865,0.3146,-0.0092,0.09,-0.0001,4.7495,True
1790476854.0228,69.401,4.6926,0.3146,-0.0092,0.09,-0.0002,4.7556,True
1790476854.0727,69.4509,4.6957,0.3146,-0.0092,0.09,-0.0001,4.7587,True
1790476854.1227,69.5009,4.7018,0.3145,-0.0092,0.09,-0.0002,4.7648,True
1790476854.1728,69.5511,4.7049,0.3145,-0.0092,0.09,-0.0001,4.7679,True
1790476854.2227,69.6009,4.711,0.3144,-0.0092,0.09,-0.0002,4.774,True
1790476854.2727,69.6509,4.714,0.3144,-0.0092,0.09,-0.0001,4.7771,True
1790476854.3227,69.7009,4.7202,0.3143,-0.0092,0.09,-0.0002,4.7832,True
1790476854.3728,69.7511,4.7232,0.3143,-0.0092,0.09,-0.0003,4.7862,True
1790476854.4228,69.801,4.7263,0.3143,-0.0092,0.09,-0.0004,4.7893,True
1790476854.4727,69.851,4.7324,0.3142,-0.0092,0.09,-0.0006,4.7954,True
1790476854.5268,69.905,4.7355,0.3142,-0.0092,0.09,-0.0007,4.7985,True
1790476854.5727,69.9509,4.7416,0.3141,-0.0091,0.09,-0.0007,4.8046,True
1790476854.6228,70.001,4.7446,0.3141,-0.0091,0.09,-0.0008,4.8077,True
1790476854.6727,70.051,4.7508,0.3141,-0.0091,0.09,-0.0008,4.8138,True
1790476854.7227,70.101,4.7538,0.314,-0.0091,0.09,-0.0007,4.8168,True
1790476854.7727,70.151,4.7599,0.314,-0.0092,0.09,-0.0006,4.823,True
1790476854.8228,70.201,4.763,0.3139,-0.0092,0.09,-0.0006,4.826,True
1790476854.8727,70.251,4.7691,0.3139,-0.0092,0.09,-0.0005,4.8321,True
1790476854.9227,70.301,4.7722,0.3139,-0.0092,0.09,-0.0005,4.8352,True
1790476854.9728,70.351,4.7783,0.3138,-0.0092,0.09,-0.0004,4.8413,True
1790476855.0227,70.401,4.7814,0.3138,-0.0092,0.09,-0.0004,4.8444,True
1790476855.0726,70.4509,4.7875,0.3137,-0.0092,0.09,-0.0003,4.8505,True
1790476855.1237,70.5019,4.7905,0.3137,-0.0092,0.09,-0.0003,4.8536,True
1790476855.1727,70.5509,4.7967,0.3136,-0.0093,0.09,-0.0002,4.8597,True
1790476855.2269,70.6051,4.7997,0.3136,-0.0093,0.09,-0.0002,4.8627,True
1790476855.2726,70.6508,4.8028,0.3136,-0.0093,0.09,-0.0001,4.8658,True
1790476855.3227,70.7009,4.8089,0.3135,-0.0093,0.09,-0.0,4.8719,True
1790476855.3728,70.751,4.812,0.3135,-0.0093,0.09,0.0001,4.875,True
1790476855.4228,70.801,4.8181,0.3134,-0.0094,0.09,0.0001,4.8811,True
1790476855.4727,70.8509,4.8211,0.3134,-0.0094,0.09,0.0,4.8842,True
1790476855.5227,70.9009,4.8273,0.3134,-0.0094,0.09,-0.0002,4.8903,True
1790476855.5727,70.9509,4.8303,0.3133,-0.0094,0.09,-0.0002,4.8933,True
1790476855.6227,71.001,4.8364,0.3133,-0.0094,0.09,-0.0001,4.8995,True
1790476855.6727,71.0509,4.8395,0.3132,-0.0094,0.09,0.0,4.9025,True
1790476855.7227,71.1009,4.8456,0.3132,-0.0094,0.09,0.0002,4.9086,True
1790476855.7727,71.1509,4.8487,0.3132,-0.0094,0.09,0.0004,4.9117,True
1790476855.8229,71.2011,4.8517,0.3131,-0.0094,0.09,0.0005,4.9148,True
1790476855.8727,71.2509,4.8579,0.3131,-0.0094,0.09,0.0006,4.9209,True
1790476855.9275,71.3058,4.8609,0.313,-0.0094,0.09,0.0005,4.9239,True
1790476855.9726,71.3508,4.867,0.313,-0.0094,0.09,0.0003,4.9301,True
1790476856.0227,71.4009,4.8701,0.3129,-0.0094,0.09,0.0001,4.9331,True
1790476856.0775,71.4557,4.8762,0.3129,-0.0094,0.09,-0.0001,4.9392,True
1790476856.1227,71.5009,4.8793,0.3129,-0.0094,0.09,-0.0002,4.9423,True
1790476856.1728,71.551,4.8854,0.3128,-0.0094,0.09,-0.0002,4.9484,True
1790476856.2227,71.6009,4.8885,0.3128,-0.0094,0.09,-0.0002,4.9515,True
1790476856.2727,71.6509,4.8946,0.3127,-0.0094,0.09,-0.0002,4.9576,True
1790476856.3227,71.7009,4.8976,0.3127,-0.0094,0.09,-0.0002,4.9607,True
1790476856.3727,71.7509,4.9038,0.3126,-0.0094,0.09,-0.0001,4.9668,True
1790476856.4228,71.801,4.9068,0.3126,-0.0094,0.09,-0.0,4.9698,True
1790476856.4747,71.8529,4.9129,0.3125,-0.0094,0.09,0.0001,4.976,True
1790476856.5227,71.9009,4.916,0.3125,-0.0094,0.09,0.0002,4.979,True
1790476856.5727,71.9509,4.9221,0.3125,-0.0094,0.09,0.0002,4.9851,True
1790476856.6227,72.0009,4.9252,0.3124,-0.0094,0.09,0.0002,4.9882,True
1790476856.6727,72.0509,4.9313,0.3124,-0.0094,0.09,0.0003,4.9943,True
1790476856.7227,72.101,4.9343,0.3123,-0.0094,0.09,0.0004,4.9974,True
1790476856.7729,72.1511,4.9405,0.3123,-0.0095,0.09,0.0003,5.0035,True
1790476856.8227,72.2009,4.9435,0.3123,-0.0095,0.09,0.0003,5.0066,True
1790476856.8727,72.2509,4.9466,0.3122,-0.0095,0.09,0.0004,5.0096,True
1790476856.9227,72.3009,4.9527,0.3122,-0.0095,0.09,0.0003,5.0157,True
1790476856.9727,72.3509,4.9558,0.3121,-0.0095,0.09,0.0002,5.0188,True
1790476857.0227,72.401,4.9619,0.3121,-0.0095,0.09,0.0001,5.0249,True
1790476857.0727,72.451,4.9649,0.3121,-0.0095,0.09,0.0001,5.028,True
1790476857.1227,72.5009,4.9711,0.312,-0.0095,0.09,-0.0001,5.0341,True
1790476857.1727,72.551,4.9741,0.312,-0.0095,0.09,-0.0001,5.0372,True
1790476857.2231,72.6014,4.9802,0.3119,-0.0095,0.09,-0.0001,5.0433,True
1790476857.2728,72.651,4.9833,0.3119,-0.0095,0.2,-0.0001,5.0463,True
1790476857.3286,72.7068,4.9894,0.3118,-0.0095,0.2,-0.0001,5.0525,True
1790476857.3727,72.7509,4.9925,0.3118,-0.0095,0.2,-0.0001,5.0555,True
1790476857.4227,72.8009,4.9986,0.3117,-0.0096,0.2,-0.0001,5.0616,True
1790476857.4728,72.851,5.0017,0.3117,-0.0096,0.2,-0.0001,5.0647,True
1790476857.5227,72.9009,5.0078,0.3116,-0.0096,0.2,-0.0001,5.0708,True
1790476857.5727,72.9509,5.0108,0.3116,-0.0096,0.2,-0.0,5.0739,True
1790476857.6227,73.0009,5.0139,0.3116,-0.0096,0.2,0.0001,5.0769,True
1790476857.6726,73.0509,5.02,0.3115,-0.0096,0.2,0.0003,5.0831,True
1790476857.7227,73.1009,5.0231,0.3115,-0.0096,0.2,0.0003,5.0861,True
1790476857.7726,73.1509,5.0292,0.3114,-0.0096,0.2,0.0003,5.0922,True
1790476857.8228,73.2011,5.0323,0.3114,-0.0097,0.2,0.0003,5.0953,True
1790476857.8734,73.2517,5.0384,0.3114,-0.0097,0.2,0.0003,5.1014,True
1790476857.9228,73.301,5.0414,0.3113,-0.0097,0.2,0.0002,5.1045,True
1790476857.9726,73.3509,5.0476,0.3113,-0.0097,0.2,-0.0,5.1106,True
1790476858.0228,73.401,5.0517,0.3112,-0.0101,0.2,-0.0001,5.1148,True
1790476858.0727,73.4509,5.0635,0.3111,-0.0109,0.2,-0.0001,5.1265,True
1790476858.1244,73.5026,5.0703,0.311,-0.0109,0.2,-0.0,5.1333,True
1790476858.1727,73.5509,5.0839,0.3109,-0.0109,0.2,0.0,5.1469,True
1790476858.2228,73.601,5.0907,0.3108,-0.0109,0.2,0.0001,5.1537,True
1790476858.2726,73.6509,5.1043,0.3107,-0.011,0.2,0.0002,5.1673,True
1790476858.3248,73.703,5.1111,0.3106,-0.011,0.2,0.0002,5.1741,True
1790476858.3726,73.7509,5.1247,0.3104,-0.011,0.2,0.0004,5.1877,True
1790476858.4227,73.8009,5.1315,0.3104,-0.011,0.2,0.0006,5.1945,True
1790476858.4794,73.8576,5.1383,0.3103,-0.011,0.25,0.0008,5.2013,True
1790476858.5227,73.9009,5.1519,0.3101,-0.011,0.25,0.0009,5.2149,True
1790476858.5728,73.951,5.1587,0.3101,-0.011,0.25,0.0011,5.2217,True
1790476858.6228,74.001,5.1723,0.3099,-0.011,0.25,0.0014,5.2353,True
1790476858.6809,74.0591,5.1791,0.3098,-0.011,0.25,0.0016,5.2421,True
1790476858.7227,74.1009,5.1927,0.3097,-0.011,0.25,0.0018,5.2557,True
1790476858.7726,74.1509,5.1995,0.3096,-0.011,0.25,0.0019,5.2625,True
1790476858.8229,74.2011,5.2131,0.3095,-0.011,0.25,0.002,5.2761,True
1790476858.8726,74.2509,5.2199,0.3094,-0.011,0.25,0.0021,5.2829,True
1790476858.9227,74.3009,5.2335,0.3092,-0.011,0.25,0.0022,5.2965,True
1790476858.9728,74.351,5.2403,0.3092,-0.011,0.25,0.0024,5.3033,True
1790476859.0228,74.401,5.2567,0.309,-0.011,0.25,0.0024,5.3197,True
1790476859.0726,74.4509,5.2652,0.3089,-0.011,0.25,0.0023,5.3282,True
1790476859.1227,74.5009,5.2822,0.3087,-0.0109,0.25,0.0023,5.3452,True
1790476859.1729,74.5511,5.2907,0.3086,-0.0109,0.25,0.0022,5.3537,True
1790476859.2228,74.601,5.3077,0.3084,-0.0108,0.25,0.0022,5.3707,True
1790476859.2727,74.6509,5.3162,0.3083,-0.0108,0.25,0.0022,5.3792,True
1790476859.3227,74.7009,5.3247,0.3082,-0.0108,0.25,0.0021,5.3877,True
1790476859.3728,74.751,5.3417,0.3081,-0.0107,0.25,0.0021,5.4047,True
1790476859.4228,74.801,5.3502,0.308,-0.0106,0.25,0.002,5.4132,True
1790476859.4728,74.851,5.3672,0.3078,-0.0104,0.25,0.0018,5.4302,True
1790476859.5227,74.9009,5.3757,0.3077,-0.0104,0.25,0.0017,5.4387,True
1790476859.5728,74.951,5.3927,0.3075,-0.0102,0.25,0.0015,5.4557,True
1790476859.6228,75.001,5.4012,0.3074,-0.0101,0.25,0.0012,5.4642,True
1790476859.6727,75.0509,5.4182,0.3073,-0.01,0.25,0.0009,5.4812,True
1790476859.7227,75.1009,5.4267,0.3072,-0.0099,0.25,0.0006,5.4897,True
1790476859.7728,75.151,5.4437,0.307,-0.0098,0.25,-0.0002,5.5067,True
1790476859.8287,75.207,5.4522,0.3069,-0.0097,0.25,-0.0002,5.5152,True
1790476859.8727,75.2509,5.4692,0.3068,-0.0096,0.25,-0.0026,5.5322,True
1790476859.9227,75.3009,5.4777,0.3067,-0.0095,0.25,-0.0041,5.5407,True
1790476859.9727,75.3509,5.4862,0.3066,-0.0095,0.25,-0.0058,5.5492,True
1790476860.0228,75.401,5.5032,0.3064,-0.0094,0.25,-0.0075,5.5662,True
1790476860.0727,75.4509,5.5117,0.3064,-0.0094,0.25,-0.0093,5.5747,True
1790476860.1227,75.5009,5.5287,0.3062,-0.0094,0.25,-0.011,5.5917,True
1790476860.1728,75.551,5.5372,0.3061,-0.0094,0.25,-0.013,5.6002,True
1790476860.2228,75.601,5.5542,0.306,-0.0094,0.25,-0.0149,5.6172,True
1790476860.2753,75.6536,5.5627,0.3059,-0.0094,0.25,-0.0166,5.6257,True
1790476860.3227,75.7009,5.5797,0.3057,-0.0094,0.25,-0.0186,5.6427,True
1790476860.3728,75.751,5.5882,0.3056,-0.0094,0.25,-0.0208,5.6512,True
1790476860.4228,75.801,5.6051,0.3055,-0.0094,0.0887,-0.0228,5.6682,True
1790476860.4727,75.8509,5.6136,0.3054,-0.0094,0.0886,-0.0244,5.6766,True
1790476860.5226,75.9009,5.6305,0.3052,-0.0096,0.0885,-0.0255,5.6936,True
1790476860.5728,75.951,5.639,0.3052,-0.0101,0.0885,-0.0261,5.7021,True
1790476860.6227,76.0009,5.6559,0.305,-0.0111,0.0885,-0.0263,5.719,True
1790476860.6728,76.051,5.6644,0.3049,-0.0116,0.0885,-0.0256,5.7275,True
1790476860.7227,76.1009,5.6814,0.3047,-0.0126,0.0886,-0.0244,5.7444,True
1790476860.7727,76.151,5.6898,0.3046,-0.0131,0.0887,-0.0222,5.7529,True
1790476860.8237,76.2019,5.7068,0.3043,-0.0141,0.0888,-0.0199,5.7698,True
1790476860.8727,76.2509,5.7152,0.3042,-0.0146,0.089,-0.0166,5.7783,True
1790476860.9227,76.3009,5.7322,0.304,-0.0156,0.0892,-0.0132,5.7953,True
1790476860.9728,76.351,5.7406,0.3038,-0.0161,0.0895,-0.0093,5.8037,True
1790476861.023,76.4012,5.7491,0.3037,-0.0165,0.0897,-0.0054,5.8122,True
1790476861.0752,76.4535,5.7627,0.3035,-0.0165,0.0899,-0.0013,5.8258,True
1790476861.1227,76.501,5.7677,0.3034,-0.0165,0.06,0.0028,5.8308,True
1790476861.1728,76.5511,5.7746,0.3033,-0.0174,0.06,0.0068,5.8377,True
1790476861.2228,76.601,5.7776,0.3032,-0.0183,0.06,0.0103,5.8407,True
1790476861.2728,76.651,5.7836,0.3031,-0.02,0.06,0.0137,5.8467,True
1790476861.3227,76.701,5.7866,0.303,-0.0207,0.06,0.017,5.8497,True
1790476861.3728,76.751,5.7926,0.3029,-0.0216,0.06,0.02,5.8557,True
1790476861.4227,76.8009,5.7956,0.3029,-0.022,0.06,0.0227,5.8587,True
1790476861.4727,76.8509,5.8016,0.3027,-0.0229,0.06,0.0253,5.8647,True
1790476861.5229,76.9011,5.8046,0.3026,-0.0233,0.06,0.0277,5.8677,True
1790476861.5728,76.951,5.8097,0.3025,-0.0239,0.06,0.0298,5.8728,True
1790476861.623,77.0012,5.8117,0.3025,-0.0233,0.06,0.0315,5.8748,True
1790476861.6781,77.0564,5.8137,0.3024,-0.0228,0.06,0.0329,5.8768,True
1790476861.7227,77.1009,5.8177,0.3023,-0.0216,0.06,0.0341,5.8808,True
1790476861.7728,77.151,5.8197,0.3023,-0.0211,0.06,0.035,5.8828,True
1790476861.8228,77.201,5.8238,0.3022,-0.0199,0.06,0.0357,5.8869,True
1790476861.8727,77.2509,5.8258,0.3022,-0.0194,0.06,0.0362,5.8889,True
1790476861.9228,77.301,5.8298,0.3021,-0.0182,0.06,0.0366,5.8929,True
1790476861.9732,77.3514,5.8318,0.3021,-0.0177,0.06,0.0369,5.8949,True
1790476862.0227,77.4009,5.8358,0.302,-0.0165,0.06,0.0371,5.8989,True
1790476862.0727,77.451,5.8379,0.302,-0.016,0.06,0.0369,5.9009,True
1790476862.1227,77.5009,5.8419,0.3019,-0.0138,0.06,0.0368,5.905,True
1790476862.173,77.5512,5.8439,0.3019,-0.0126,0.06,0.0364,5.907,True
1790476862.2227,77.6009,5.8479,0.3018,-0.0103,0.06,0.0358,5.911,True
1790476862.2764,77.6546,5.8499,0.3018,-0.0092,0.06,0.035,5.913,True
1790476862.3227,77.7009,5.854,0.3018,-0.0069,0.06,0.0341,5.9171,True
1790476862.3742,77.7524,5.856,0.3018,-0.0058,0.06,0.0331,5.9191,True
1790476862.4227,77.8009,5.86,0.3017,-0.0034,0.06,0.0321,5.9231,True
1790476862.4747,77.853,5.862,0.3017,-0.0022,0.06,0.0308,5.9251,True
1790476862.5227,77.9009,5.864,0.3017,-0.0009,0.06,0.0294,5.9271,True
1790476862.5727,77.951,5.8681,0.3017,0.0015,0.06,0.0281,5.9311,True
1790476862.6227,78.0009,5.8701,0.3017,0.0028,0.06,0.0269,5.9332,True
1790476862.676,78.0542,5.8741,0.3018,0.0051,0.06,0.0256,5.9372,True
1790476862.7227,78.1009,5.8761,0.3018,0.0062,0.06,0.0239,5.9392,True
1790476862.7738,78.152,5.8801,0.3018,0.0084,0.06,0.0222,5.9432,True
1790476862.8227,78.201,5.8821,0.3018,0.0095,0.06,0.0207,5.9452,True
1790476862.8727,78.2509,5.8862,0.3019,0.0117,0.06,0.0193,5.9493,True
1790476862.9227,78.3009,5.8882,0.3019,0.0128,0.06,0.0178,5.9513,True
1790476862.9728,78.351,5.8922,0.3019,0.0149,0.06,0.0161,5.9553,True
1790476863.0232,78.4015,5.8942,0.302,0.0159,0.06,0.0147,5.9573,True
1790476863.0727,78.451,5.8982,0.302,0.0178,0.06,0.0132,5.9613,True
1790476863.1227,78.5009,5.9003,0.3021,0.0188,0.06,0.0118,5.9634,True
1790476863.1727,78.5509,5.9043,0.3022,0.0208,0.06,0.0106,5.9674,True
1790476863.2228,78.601,5.9063,0.3022,0.0218,0.06,0.0096,5.9694,True
1790476863.2727,78.651,5.9103,0.3023,0.0237,0.06,0.0084,5.9734,True
1790476863.3227,78.7009,5.9123,0.3023,0.0247,0.06,0.0071,5.9754,True
1790476863.3728,78.751,5.9144,0.3024,0.0257,0.06,0.0057,5.9774,True
1790476863.4229,78.8011,5.9184,0.3025,0.0269,0.06,0.0043,5.9815,True
1790476863.4753,78.8535,5.9204,0.3026,0.0275,0.06,0.0031,5.9835,True
1790476863.5227,78.901,5.9244,0.3027,0.0285,0.06,0.0019,5.9875,True
1790476863.5726,78.9509,5.9264,0.3027,0.0288,0.06,0.0007,5.9895,True
1790476863.6227,79.0009,5.9304,0.3028,0.0295,0.06,-0.0005,5.9935,True
1790476863.6727,79.0509,5.9325,0.3029,0.0298,0.06,-0.0016,5.9956,True
1790476863.7251,79.1033,5.9365,0.303,0.0305,0.06,-0.0024,5.9996,True
1790476863.7726,79.1509,5.9385,0.3031,0.0308,0.06,-0.0031,6.0016,True
1790476863.8226,79.2008,5.9425,0.3032,0.0315,0.06,-0.0037,6.0056,True
1790476863.8727,79.2509,5.9445,0.3033,0.0318,0.06,-0.004,6.0076,True
1790476863.9227,79.3009,5.9485,0.3034,0.0325,0.06,-0.0042,6.0117,True
1790476863.9728,79.351,5.9506,0.3035,0.0326,0.06,-0.0044,6.0137,True
1790476864.0227,79.4009,5.9546,0.3036,0.0327,0.06,-0.0046,6.0177,True
1790476864.0727,79.4509,5.9566,0.3037,0.0328,0.06,-0.0048,6.0197,True
1790476864.1268,79.505,5.9586,0.3037,0.0329,0.06,-0.005,6.0217,True
1790476864.1728,79.551,5.9626,0.3039,0.0327,0.06,-0.0052,6.0257,True
1790476864.2227,79.6009,5.9646,0.3039,0.0326,0.06,-0.0053,6.0278,True
1790476864.2727,79.651,5.9687,0.3041,0.0323,0.06,-0.0054,6.0318,True
1790476864.3227,79.7009,5.9707,0.3041,0.0322,0.06,-0.0053,6.0338,True
1790476864.3728,79.751,5.9747,0.3043,0.032,0.06,-0.0051,6.0378,True
1790476864.4228,79.801,5.9767,0.3043,0.0319,0.06,-0.0051,6.0398,True
1790476864.4727,79.8509,5.9807,0.3044,0.0317,0.06,-0.005,6.0438,True
1790476864.5274,79.9057,5.9827,0.3045,0.0315,0.06,-0.0048,6.0459,True
1790476864.5727,79.9509,5.9867,0.3046,0.0313,0.06,-0.0045,6.0499,True
1790476864.6228,80.0011,5.9888,0.3047,0.0311,0.06,-0.0042,6.0519,True
1790476864.6729,80.0511,5.9928,0.3048,0.0308,0.06,-0.0038,6.0559,True
1790476864.7226,80.1009,5.9948,0.3049,0.0306,0.06,-0.0035,6.0579,True
1790476864.7769,80.1552,5.9988,0.305,0.0303,0.06,-0.0033,6.0619,True
1790476864.8227,80.2009,6.0008,0.3051,0.0302,0.06,-0.003,6.064,True
1790476864.8728,80.251,6.0028,0.3051,0.03,0.06,-0.0027,6.066,True
1790476864.9226,80.3008,6.0069,0.3052,0.0297,0.06,-0.0023,6.07,True
1790476864.9727,80.3509,6.0089,0.3053,0.0295,0.06,-0.002,6.072,True
1790476865.0228,80.401,6.0129,0.3054,0.0292,0.06,-0.0016,6.076,True
1790476865.0726,80.4509,6.0149,0.3055,0.029,0.06,-0.0013,6.078,True
1790476865.1227,80.5009,6.0189,0.3056,0.0287,0.06,-0.0011,6.0821,True
1790476865.1727,80.5509,6.0209,0.3057,0.0286,0.06,-0.0009,6.0841,True
1790476865.2237,80.6019,6.0249,0.3058,0.0282,0.06,-0.0007,6.0881,True
1790476865.2769,80.6551,6.027,0.3058,0.0281,0.06,-0.0004,6.0901,True
1790476865.3227,80.7009,6.031,0.3059,0.028,0.06,-0.0003,6.0941,True
1790476865.3727,80.751,6.033,0.306,0.0279,0.06,-0.0001,6.0961,True
1790476865.4227,80.8009,6.037,0.3061,0.0278,0.06,0.0001,6.1002,True
1790476865.4727,80.8509,6.039,0.3062,0.0278,0.06,0.0003,6.1022,True
1790476865.5227,80.9009,6.043,0.3063,0.0277,0.06,0.0005,6.1062,True
1790476865.5727,80.9509,6.0451,0.3063,0.0276,0.06,0.0008,6.1082,True
1790476865.6229,81.0011,6.0471,0.3064,0.0276,0.06,0.0012,6.1102,True
1790476865.6726,81.0509,6.0511,0.3065,0.0275,0.06,0.0016,6.1143,True
1790476865.7227,81.1009,6.0531,0.3066,0.0275,0.06,0.002,6.1163,True
1790476865.7727,81.1509,6.0571,0.3067,0.0274,0.06,0.0023,6.1203,True
1790476866.509,81.8872,6.0591,0.3067,0.0274,0.06,0.0023,6.1223,True
1790476866.5227,81.9009,6.0692,0.307,0.0274,0.06,0.0023,6.1324,True
1790476866.5727,81.9509,6.0752,0.3072,0.0274,0.06,0.0025,6.1384,True
1790476866.6274,82.0056,6.0792,0.3073,0.0274,0.06,0.0025,6.1424,True
1790476866.6726,82.0509,6.0833,0.3074,0.0275,0.06,0.0025,6.1464,True
1790476867.4859,82.8641,6.0853,0.3074,0.0275,0.06,0.0029,6.1485,True
1790476867.5227,82.9009,6.0994,0.3078,0.0276,0.06,0.0032,6.1625,True
1790476867.5729,82.9511,6.1034,0.3079,0.0277,0.06,0.0036,6.1666,True
1790476867.6227,83.0009,6.1074,0.308,0.0277,0.06,0.0036,6.1706,True
1790476867.6727,83.0509,6.1114,0.3082,0.0277,0.06,0.0047,6.1746,True
1790476867.7227,83.1009,6.1134,0.3082,0.0277,0.06,0.0052,6.1766,True
1790476867.7727,83.1509,6.1175,0.3083,0.0279,0.06,0.0055,6.1806,True
1790476867.8226,83.2008,6.1195,0.3084,0.028,0.06,0.006,6.1827,True
1790476867.8727,83.2509,6.1235,0.3085,0.0282,0.06,0.0066,6.1867,True
1790476867.9228,83.301,6.1255,0.3086,0.0283,0.06,0.0072,6.1887,True
1790476867.9728,83.351,6.1295,0.3087,0.0285,0.06,0.0078,6.1927,True
1790476868.0227,83.4009,6.1315,0.3087,0.0286,0.06,0.0085,6.1947,True
1790476868.0727,83.4509,6.1356,0.3088,0.0288,0.06,0.0089,6.1987,True
1790476868.1235,83.5018,6.1376,0.3089,0.0289,0.06,0.0092,6.2008,True
1790476868.1726,83.5509,6.1416,0.309,0.0292,0.06,0.0096,6.2048,True
1790476868.2231,83.6013,6.1436,0.3091,0.0294,0.06,0.0096,6.2068,True
1790476868.2737,83.652,6.1476,0.3092,0.03,0.06,0.0104,6.2108,True
1790476868.323,83.7013,6.1496,0.3093,0.0302,0.06,0.0107,6.2128,True
1790476868.3727,83.751,6.1537,0.3094,0.0308,0.06,0.0109,6.2169,True
1790476868.4227,83.8009,6.1557,0.3094,0.031,0.06,0.011,6.2189,True
1790476868.4727,83.8509,6.1597,0.3096,0.0316,0.06,0.0111,6.2229,True
1790476868.5228,83.901,6.1617,0.3096,0.0318,0.06,0.0112,6.2249,True
1790476868.5731,83.9513,6.1657,0.3098,0.0324,0.06,0.0112,6.2289,True
1790476868.6263,84.0045,6.1677,0.3098,0.0327,0.06,0.0112,6.2309,True
1790476868.6726,84.0509,6.1697,0.3099,0.0329,0.06,0.0113,6.233,True
1790476868.7227,84.1009,6.1738,0.31,0.0337,0.06,0.0112,6.237,True
1790476868.7727,84.151,6.1758,0.3101,0.0341,0.06,0.0109,6.239,True
1790476868.8228,84.2011,6.1798,0.3102,0.0348,0.06,0.0108,6.243,True
1790476868.8743,84.2525,6.1818,0.3103,0.0352,0.06,0.0106,6.245,True
1790476868.9227,84.3009,6.1858,0.3104,0.036,0.06,0.0106,6.249,True
1790476868.9727,84.3509,6.1878,0.3105,0.0364,0.06,0.0102,6.2511,True
1790476869.027,84.4053,6.1919,0.3107,0.0371,0.06,0.01,6.2551,True
1790476869.0728,84.451,6.1939,0.3107,0.0375,0.06,0.0097,6.2571,True
1790476869.1237,84.502,6.1979,0.3109,0.0383,0.06,0.0097,6.2611,True
1790476869.1727,84.5509,6.1999,0.311,0.0386,0.06,0.0089,6.2631,True
1790476869.2235,84.6018,6.2039,0.3111,0.0394,0.06,0.0087,6.2672,True
1790476869.276,84.6542,6.2059,0.3112,0.0398,0.06,0.0085,6.2692,True
1790476869.3227,84.7009,6.21,0.3114,0.0406,0.06,0.0082,6.2732,True
1790476869.3728,84.751,6.212,0.3114,0.0409,0.06,0.008,6.2752,True
1790476869.4227,84.8009,6.214,0.3115,0.0413,0.06,0.0078,6.2772,True
1790476869.4727,84.851,6.218,0.3117,0.042,0.06,0.0076,6.2812,True
1790476869.5235,84.9017,6.22,0.3118,0.0424,0.06,0.0075,6.2833,True
1790476869.5727,84.951,6.224,0.312,0.0431,0.06,0.0072,6.2873,True
1790476869.6227,85.0009,6.226,0.312,0.0434,0.06,0.0069,6.2893,True
1790476869.6729,85.0511,6.2301,0.3122,0.0441,0.06,0.0068,6.2933,True
1790476869.7229,85.1012,6.2321,0.3123,0.0444,0.06,0.0067,6.2953,True
1790476869.7727,85.1509,6.2361,0.3125,0.045,0.06,0.0067,6.2994,True
1790476869.8227,85.2009,6.2381,0.3126,0.0452,0.06,0.0063,6.3014,True
1790476869.8727,85.2509,6.2421,0.3128,0.0458,0.06,0.0061,6.3054,True
1790476869.9244,85.3026,6.2441,0.3129,0.0461,0.06,0.0059,6.3074,True
1790476869.9727,85.3509,6.2461,0.3129,0.0464,0.06,0.0058,6.3094,True
1790476870.0226,85.4008,6.2502,0.3131,0.0469,0.06,0.0057,6.3134,True
1790476870.0726,85.4509,6.2522,0.3132,0.0472,0.06,0.0056,6.3155,True
1790476870.1228,85.501,6.2562,0.3134,0.0478,0.06,0.0056,6.3195,True
1790476870.1727,85.551,6.2582,0.3135,0.048,0.06,0.0054,6.3215,True
1790476870.2227,85.6009,6.2622,0.3137,0.0485,0.06,0.0052,6.3255,True
1790476870.2726,85.6509,6.2642,0.3138,0.0487,0.06,0.005,6.3275,True
1790476870.3227,85.701,6.2683,0.314,0.0491,0.06,0.0049,6.3315,True
1790476870.3726,85.7508,6.2703,0.3141,0.0494,0.06,0.005,6.3336,True
1790476870.4236,85.8018,6.2743,0.3143,0.0498,0.06,0.0051,6.3376,True
1790476870.4726,85.8509,6.2763,0.3144,0.05,0.06,0.0051,6.3396,True
1790476870.5231,85.9014,6.2803,0.3146,0.0504,0.06,0.0052,6.3436,True
1790476870.5727,85.9509,6.2823,0.3147,0.0506,0.06,0.0052,6.3456,True
1790476870.6227,86.0009,6.2863,0.3149,0.0511,0.06,0.0052,6.3497,True
1790476870.6752,86.0535,6.2883,0.315,0.0513,0.06,0.0051,6.3517,True
1790476870.7227,86.1009,6.2924,0.3152,0.0516,0.06,0.0052,6.3557,True
1790476870.7727,86.1509,6.2944,0.3153,0.0518,0.06,0.0051,6.3577,True
1790476870.8228,86.201,6.2964,0.3154,0.052,0.06,0.005,6.3597,True
1790476870.8726,86.2509,6.3004,0.3156,0.0523,0.06,0.0049,6.3637,True
1790476870.9227,86.3009,6.3024,0.3157,0.0525,0.06,0.0047,6.3658,True
1790476870.9726,86.3509,6.3064,0.316,0.0529,0.06,0.0044,6.3698,True
1790476871.0227,86.4009,6.3084,0.3161,0.0531,0.06,0.0042,6.3718,True
1790476871.0726,86.4509,6.3125,0.3163,0.0534,0.06,0.0039,6.3758,True
1790476871.1227,86.501,6.3145,0.3164,0.0536,0.06,0.0039,6.3778,True
1790476871.1727,86.551,6.3185,0.3166,0.054,0.06,0.0043,6.3819,True
1790476871.2228,86.601,6.3205,0.3167,0.0542,0.06,0.0049,6.3839,True
1790476871.2727,86.6509,6.3245,0.3169,0.0545,0.06,0.0052,6.3879,True
1790476871.3226,86.7009,6.3265,0.317,0.0547,0.06,0.0056,6.3899,True
1790476871.3726,86.7509,6.3305,0.3173,0.0551,0.06,0.0059,6.3939,True
1790476871.4227,86.801,6.3326,0.3174,0.0553,0.06,0.0062,6.3959,True
1790476871.4726,86.8509,6.3366,0.3176,0.0556,0.06,0.0065,6.4,True
1790476871.5228,86.901,6.3386,0.3177,0.0556,0.06,0.0068,6.4019,True
1790476871.5727,86.9509,6.3425,0.3179,0.0557,0.06,0.0073,6.4059,True
1790476871.6227,87.0009,6.3445,0.318,0.0558,0.06,0.0079,6.4079,True
1790476871.6726,87.0509,6.3465,0.3182,0.056,0.06,0.0084,6.41,True
1790476871.7227,87.1009,6.3506,0.3184,0.0566,0.06,0.0086,6.414,True
1790476871.7728,87.151,6.3526,0.3185,0.057,0.06,0.0086,6.416,True
1790476871.8227,87.201,6.3566,0.3187,0.0577,0.06,0.0083,6.42,True
1790476871.8727,87.2509,6.3586,0.3188,0.0581,0.06,0.0078,6.422,True
1790476871.9228,87.301,6.3626,0.3191,0.059,0.06,0.0078,6.426,True
1790476871.9727,87.3509,6.3646,0.3192,0.0593,0.06,0.006,6.4281,True
1790476872.0227,87.4009,6.3687,0.3194,0.0598,0.06,0.0049,6.4321,True
1790476872.0727,87.4509,6.3707,0.3196,0.0601,0.06,0.0035,6.4342,True
1790476872.1227,87.5009,6.3748,0.3198,0.0606,0.06,0.0019,6.4383,True
1790476872.1727,87.5509,6.3768,0.3199,0.0609,0.06,0.0002,6.4403,True
1790476872.2227,87.6009,6.3809,0.3202,0.0614,0.0899,-0.0014,6.4444,True
1790476872.2727,87.6509,6.3829,0.3203,0.0616,0.0898,-0.0032,6.4464,True
1790476872.324,87.7023,6.387,0.3206,0.0621,0.0897,-0.005,6.4505,True
1790476872.3727,87.751,6.3891,0.3207,0.0624,0.0896,-0.0069,6.4525,True
1790476872.4227,87.8009,6.3931,0.3209,0.0625,0.0895,-0.0087,6.4566,True
1790476872.4774,87.8556,6.3952,0.3211,0.0625,0.0894,-0.0106,6.4587,True
1790476872.5227,87.9009,6.3972,0.3212,0.0625,0.0893,-0.0125,6.4607,True
1790476872.5728,87.951,6.4013,0.3214,0.0625,0.0893,-0.0125,6.4648,True
1790476872.6228,88.001,6.4033,0.3216,0.0625,0.0891,-0.0161,6.4668,True
1790476872.6767,88.0549,6.4074,0.3218,0.0625,0.089,-0.0179,6.4709,True
1790476872.7227,88.1009,6.4094,0.322,0.0625,0.0889,-0.0196,6.4729,True
1790476872.7727,88.151,6.4135,0.3222,0.0625,0.0888,-0.0213,6.477,True
1790476872.8228,88.201,6.4155,0.3223,0.0625,0.0887,-0.0229,6.4791,True
1790476872.8749,88.2531,6.4206,0.3227,0.062,0.0887,-0.0229,6.4841,True
1790476872.9227,88.3009,6.4236,0.3228,0.0617,0.0885,-0.0261,6.4872,True
1790476872.9727,88.351,6.4297,0.3232,0.0611,0.0884,-0.0279,6.4933,True
1790476873.0227,88.4009,6.4327,0.3234,0.0608,0.0883,-0.0296,6.4963,True
1790476873.0727,88.4509,6.4388,0.3238,0.0602,0.0882,-0.0315,6.5024,True
1790476873.1227,88.5009,6.4418,0.324,0.0599,0.088,-0.0337,6.5054,True
1790476873.1727,88.5509,6.4479,0.3243,0.0593,0.0879,-0.0359,6.5115,True
1790476873.2227,88.6009,6.4509,0.3245,0.0587,0.0878,-0.038,6.5145,True
1790476873.2726,88.6509,6.4539,0.3247,0.0578,0.0877,-0.04,6.5175,True
1790476873.3227,88.7009,6.4599,0.325,0.056,0.0876,-0.0419,6.5235,True
1790476873.3727,88.7509,6.4629,0.3252,0.055,0.0874,-0.0438,6.5265,True
1790476873.4226,88.8009,6.4689,0.3255,0.0531,0.0873,-0.0456,6.5326,True
1790476873.4757,88.8539,6.4719,0.3257,0.0522,0.0873,-0.0456,6.5356,True
1790476873.5227,88.901,6.4779,0.326,0.0503,0.0872,-0.0487,6.5416,True
1790476873.5727,88.9509,6.4809,0.3261,0.0494,0.0871,-0.0503,6.5446,True
1790476873.6226,89.0009,6.4869,0.3264,0.0475,0.087,-0.0518,6.5506,True
1790476873.6726,89.0509,6.4899,0.3265,0.0465,0.0869,-0.0532,6.5536,True
1790476873.7227,89.101,6.4959,0.3268,0.0442,0.0868,-0.0543,6.5596,True
1790476873.7727,89.1509,6.4989,0.3269,0.0426,0.0868,-0.0554,6.5625,True
1790476873.8227,89.2009,6.5048,0.3272,0.0394,0.0867,-0.0563,6.5685,True
1790476873.8729,89.2511,6.5077,0.3273,0.0378,0.0867,-0.0571,6.5714,True
1790476873.9228,89.301,6.5137,0.3275,0.0346,0.0866,-0.0578,6.5773,True
1790476873.9732,89.3514,6.5166,0.3276,0.033,0.0866,-0.0582,6.5803,True
1790476874.0227,89.4009,6.5196,0.3277,0.0314,0.0866,-0.0585,6.5833,True
1790476874.0726,89.4509,6.5255,0.3279,0.0283,0.0866,-0.0582,6.5892,True
1790476874.1258,89.504,6.5285,0.328,0.0267,0.0867,-0.0574,6.5922,True
1790476874.1728,89.551,6.5344,0.3281,0.0233,0.0867,-0.0574,6.5981,True
1790476874.2228,89.601,6.5374,0.3282,0.0215,0.0868,-0.0552,6.601,True
1790476874.2727,89.6509,6.5433,0.3283,0.0178,0.0869,-0.0537,6.6069,True
1790476874.3227,89.701,6.5462,0.3284,0.016,0.0869,-0.0537,6.6099,True
1790476874.3727,89.751,6.5521,0.3284,0.0121,0.087,-0.0521,6.6158,True
1790476874.4231,89.8013,6.555,0.3285,0.0101,0.0871,-0.0499,6.6187,True
1790476874.4726,89.8509,6.5609,0.3285,0.0062,0.0872,-0.0478,6.6246,True
1790476874.5227,89.901,6.5639,0.3285,0.0043,0.0875,-0.0429,6.6275,True
1790476874.5727,89.951,6.5697,0.3285,0.0003,0.0875,-0.0429,6.6334,True
1790476874.6228,90.001,6.5727,0.3285,-0.0016,0.0876,-0.0404,6.6364,True
1790476874.6726,90.0509,6.5786,0.3285,-0.0055,0.0879,-0.0359,6.6423,True
1790476874.7227,90.1009,6.5815,0.3285,-0.0075,0.0881,-0.0332,6.6452,True
1790476874.7732,90.1514,6.5874,0.3284,-0.0114,0.0882,-0.0302,6.6511,True
1790476874.8228,90.201,6.5903,0.3284,-0.0133,0.0884,-0.0274,6.654,True
1790476874.8726,90.2509,6.5963,0.3283,-0.0161,0.0886,-0.0247,6.66,True
1790476874.9227,90.301,6.5993,0.3283,-0.0175,0.0886,-0.0247,6.663,True
1790476874.9728,90.351,6.6022,0.3282,-0.0189,0.0889,-0.0192,6.6659,True
1790476875.0266,90.4048,6.6082,0.3281,-0.0216,0.0889,-0.0192,6.6719,True
1790476875.0726,90.4509,6.6112,0.328,-0.0229,0.089,-0.017,6.6749,True
1790476875.1227,90.5009,6.6171,0.3279,-0.0256,0.0892,-0.0143,6.6808,True
1790476875.1728,90.551,6.6201,0.3278,-0.027,0.0893,-0.0117,6.6838,True
1790476875.2227,90.6009,6.6261,0.3276,-0.0297,0.0895,-0.0092,6.6898,True
1790476875.2727,90.6509,6.629,0.3276,-0.0311,0.0896,-0.0071,6.6927,True
1790476875.3227,90.7009,6.635,0.3274,-0.0333,0.0899,-0.0024,6.6987,True
1790476875.3727,90.7509,6.638,0.3273,-0.034,0.09,-0.0,6.7017,True
1790476875.4227,90.8009,6.6441,0.327,-0.0351,0.0899,0.0021,6.7078,True
1790476875.4728,90.851,6.6471,0.3269,-0.0357,0.0898,0.0042,6.7108,True
1790476875.5226,90.9009,6.6532,0.3267,-0.0368,0.0896,0.0065,6.7169,True
1790476875.5726,90.9509,6.6562,0.3266,-0.0374,0.0895,0.0087,6.7199,True
1790476875.6227,91.0009,6.6592,0.3265,-0.0379,0.0894,0.0107,6.7229,True
1790476875.6726,91.0509,6.6653,0.3263,-0.0391,0.0893,0.0127,6.729,True
1790476875.7226,91.1008,6.6683,0.3261,-0.0396,0.0891,0.0146,6.732,True
1790476875.7727,91.1509,6.6743,0.3259,-0.0408,0.089,0.0165,6.7381,True
1790476875.8228,91.201,6.6774,0.3258,-0.0414,0.0889,0.0182,6.7411,True
1790476875.8727,91.2509,6.6835,0.3255,-0.0411,0.0888,0.0202,6.7472,True
1790476875.9226,91.3008,6.6865,0.3254,-0.0409,0.0887,0.0222,6.7502,True
1790476875.9726,91.3508,6.6926,0.3252,-0.0405,0.0886,0.024,6.7563,True
1790476876.0227,91.4009,6.6956,0.325,-0.0402,0.0886,0.024,6.7594,True
1790476876.0726,91.4509,6.7017,0.3248,-0.0398,0.0884,0.027,6.7655,True
1790476876.1226,91.5009,6.7048,0.3247,-0.0396,0.0884,0.0281,6.7685,True
1790476876.1727,91.5509,6.7109,0.3244,-0.0392,0.0883,0.0292,6.7746,True
1790476876.2226,91.6009,6.7139,0.3243,-0.039,0.0882,0.0301,6.7777,True
1790476876.2739,91.6521,6.72,0.3241,-0.0385,0.0882,0.0311,6.7838,True
1790476876.3226,91.7009,6.723,0.324,-0.0383,0.0881,0.032,6.7868,True
1790476876.3726,91.7509,6.7291,0.3237,-0.037,0.0881,0.0331,6.7929,True
1790476876.423,91.8013,6.7321,0.3236,-0.0363,0.088,0.0342,6.7959,True
1790476876.4726,91.8508,6.7381,0.3234,-0.035,0.0879,0.0352,6.8019,True
1790476876.5226,91.9009,6.7412,0.3233,-0.0343,0.0879,0.036,6.8049,True
1790476876.5729,91.9511,6.7442,0.3232,-0.0336,0.0879,0.0366,6.808,True
1790476876.6228,92.001,6.7502,0.323,-0.032,0.0879,0.0366,6.814,True
1790476876.6727,92.051,6.7532,0.3229,-0.031,0.0878,0.037,6.817,True
1790476876.7228,92.101,6.7592,0.3227,-0.029,0.0878,0.0375,6.823,True
1790476876.7727,92.1509,6.7622,0.3226,-0.028,0.0878,0.0375,6.826,True
1790476876.8233,92.2016,6.7682,0.3225,-0.0257,0.0878,0.0374,6.832,True
1790476876.8727,92.2509,6.7712,0.3224,-0.0244,0.0878,0.0374,6.835,True
1790476876.9228,92.301,6.7772,0.3223,-0.022,0.0878,0.0374,6.841,True
1790476876.9727,92.3509,6.7802,0.3222,-0.0208,0.0878,0.0374,6.8439,True
1790476877.0228,92.401,6.7861,0.3221,-0.0183,0.0878,0.0373,6.8499,True
1790476877.0727,92.4509,6.7891,0.322,-0.0171,0.0878,0.0372,6.8529,True
1790476877.1227,92.5009,6.7951,0.3219,-0.0146,0.0878,0.0371,6.8589,True
1790476877.1728,92.551,6.7981,0.3219,-0.0134,0.0879,0.0367,6.8619,True
1790476877.2227,92.6009,6.8041,0.3218,-0.011,0.0879,0.0362,6.8679,True
1790476877.2726,92.6509,6.8071,0.3218,-0.0097,0.0879,0.0357,6.8709,True
1790476877.3228,92.701,6.81,0.3218,-0.0084,0.088,0.0351,6.8738,True
1790476877.3727,92.7509,6.816,0.3217,-0.0059,0.088,0.0345,6.8798,True
1790476877.4228,92.801,6.819,0.3217,-0.0047,0.088,0.034,6.8828,True
1790476877.4726,92.8509,6.825,0.3217,-0.0022,0.0881,0.0333,6.8888,True
1790476877.5228,92.901,6.828,0.3217,-0.0009,0.0881,0.0325,6.8918,True
1790476877.5728,92.951,6.834,0.3217,0.0016,0.0881,0.0318,6.8977,True
1790476877.6229,93.0012,6.8369,0.3217,0.0028,0.0882,0.0311,6.9007,True
1790476877.6726,93.0509,6.8429,0.3217,0.0053,0.0882,0.0305,6.9067,True
1790476877.7228,93.101,6.8459,0.3217,0.0066,0.0883,0.0298,6.9097,True
1790476877.7727,93.1509,6.8518,0.3218,0.0088,0.0883,0.0292,6.9156,True
1790476877.8228,93.2011,6.8548,0.3218,0.0101,0.0883,0.0292,6.9186,True
1790476877.8726,93.2509,6.8608,0.3219,0.0125,0.0884,0.028,6.9246,True
1790476877.9226,93.3009,6.8638,0.3219,0.0137,0.0884,0.027,6.9276,True
1790476877.9726,93.3509,6.8698,0.322,0.0159,0.0885,0.0254,6.9336,True
1790476878.0245,93.4028,6.8729,0.322,0.017,0.0886,0.0236,6.9367,True
1790476878.0727,93.451,6.8789,0.3222,0.0191,0.0888,0.0213,6.9427,True
1790476878.1227,93.5009,6.882,0.3222,0.0202,0.0889,0.0189,6.9458,True
1790476878.1729,93.5511,6.885,0.3223,0.0213,0.0891,0.016,6.9488,True
1790476878.2228,93.601,6.891,0.3224,0.0235,0.0892,0.0131,6.9548,True
1790476878.2726,93.6508,6.8941,0.3225,0.0246,0.0894,0.0106,6.9579,True
1790476878.3227,93.7009,6.9001,0.3226,0.0263,0.0895,0.0084,6.9639,True
1790476878.3736,93.7518,6.9032,0.3227,0.0271,0.0895,0.0084,6.967,True
1790476878.4227,93.8009,6.9093,0.3229,0.0287,0.0897,0.0054,6.9731,True
1790476878.4727,93.8509,6.9123,0.323,0.0295,0.0899,0.0021,6.9761,True
1790476878.5226,93.9009,6.9184,0.3232,0.031,0.0897,-0.0045,6.9822,True
1790476878.5727,93.9509,6.9214,0.3233,0.0318,0.0897,-0.0045,6.9852,True
1790476878.6227,94.0009,6.9275,0.3235,0.0334,0.0893,-0.012,6.9913,True
1790476878.6727,94.0509,6.9306,0.3236,0.0342,0.0891,-0.0157,6.9944,True
1790476878.7227,94.1009,6.9366,0.3238,0.0358,0.0889,-0.0194,7.0005,True
1790476878.7727,94.1509,6.9397,0.3239,0.0366,0.0886,-0.0232,7.0035,True
1790476878.8234,94.2016,6.9458,0.3241,0.0371,0.0886,-0.0232,7.0096,True
1790476878.8758,94.254,6.9489,0.3242,0.0374,0.0884,-0.0266,7.0127,True
1790476878.9227,94.3009,6.952,0.3243,0.0377,0.0882,-0.0304,7.0158,True
1790476878.9728,94.351,6.9581,0.3246,0.0376,0.088,-0.0341,7.022,True
1790476879.0227,94.4009,6.9612,0.3247,0.0376,0.0878,-0.0375,7.0251,True
1790476879.0766,94.4549,6.9674,0.3249,0.0375,0.0876,-0.0404,7.0312,True
1790476879.1227,94.5009,6.9704,0.325,0.0371,0.0875,-0.0434,7.0343,True
1790476879.1727,94.5509,6.9766,0.3253,0.0363,0.0873,-0.0464,7.0404,True
1790476879.2227,94.6009,6.9796,0.3254,0.0359,0.06,-0.0494,7.0435,True
1790476879.2769,94.6551,6.9857,0.3256,0.0347,0.06,-0.0521,7.0496,True
1790476879.3226,94.7008,6.9888,0.3257,0.0336,0.06,-0.0546,7.0526,True
1790476879.373,94.7513,6.9948,0.3259,0.031,0.06,-0.0569,7.0586,True
1790476879.4229,94.8011,6.9978,0.326,0.0298,0.06,-0.061,7.0617,True
1790476879.4757,94.854,7.0038,0.3261,0.0272,0.06,-0.061,7.0677,True
1790476879.5227,94.9009,7.0068,0.3262,0.026,0.06,-0.0646,7.0707,True
1790476879.5727,94.9509,7.0129,0.3264,0.0234,0.06,-0.0663,7.0767,True
1790476879.6227,95.0009,7.0159,0.3264,0.0222,0.06,-0.0678,7.0797,True
1790476879.6763,95.0545,7.0189,0.3265,0.0209,0.06,-0.0678,7.0827,True
1790476879.7226,95.1009,7.0249,0.3266,0.0184,0.06,-0.0701,7.0888,True
1790476879.7727,95.151,7.0279,0.3267,0.0171,0.06,-0.0709,7.0918,True
1790476879.8228,95.201,7.0321,0.3267,0.0136,0.06,-0.0714,7.096,True
1790476879.8741,95.2523,7.0342,0.3268,0.0112,0.06,-0.0714,7.0981,True
1790476879.9227,95.3009,7.0383,0.3268,0.0064,0.06,-0.0708,7.1022,True
1790476879.9732,95.3514,7.0404,0.3268,0.004,0.06,-0.0708,7.1043,True
1790476880.0228,95.401,7.0445,0.3268,-0.0007,0.06,-0.0684,7.1084,True
1790476880.0727,95.4509,7.0466,0.3268,-0.003,0.06,-0.0669,7.1105,True
1790476880.1233,95.5015,7.0507,0.3268,-0.0076,0.0,0.0,7.1146,True
1790476880.1727,95.551,7.0518,0.3268,-0.0087,0.0,0.0,7.1156,True
1790476880.2227,95.6009,7.0518,0.3268,-0.0087,0.06,-0.0648,7.1157,True
1790476880.2727,95.6509,7.0529,0.3268,-0.0087,0.06,-0.0627,7.1168,True
1790476880.3226,95.7009,7.057,0.3267,-0.0128,0.06,-0.0607,7.1208,True
1790476880.3733,95.7515,7.059,0.3267,-0.0149,0.06,-0.0587,7.1229,True
1790476880.4227,95.8009,7.0632,0.3266,-0.0189,0.06,-0.0568,7.127,True
1790476880.4727,95.851,7.0652,0.3266,-0.0208,0.06,-0.0552,7.1291,True
1790476880.5226,95.9009,7.0694,0.3265,-0.0246,0.06,-0.0538,7.1332,True
1790476880.5734,95.9517,7.0714,0.3265,-0.0264,0.06,-0.0519,7.1353,True
1790476880.6227,96.0009,7.0735,0.3264,-0.0282,0.0,0.0,7.1374,True
1790476880.6727,96.0509,7.0765,0.3263,-0.032,0.0,0.0,7.1403,True
1790476880.7227,96.1009,7.0765,0.3263,-0.032,0.06,-0.0494,7.1404,True
1790476880.7729,96.1511,7.0776,0.3263,-0.032,0.06,-0.0494,7.1415,True
1790476880.823,96.2012,7.0796,0.3262,-0.0337,0.06,-0.0442,7.1435,True
1790476880.8727,96.2509,7.0838,0.3261,-0.0367,0.06,-0.0419,7.1477,True
1790476880.9226,96.3008,7.0858,0.326,-0.0382,0.06,-0.0398,7.1497,True
1790476880.9728,96.351,7.09,0.3258,-0.041,0.06,-0.0377,7.1539,True
1790476881.0227,96.4009,7.092,0.3257,-0.0423,0.06,-0.0358,7.1559,True
1790476881.0727,96.4509,7.0962,0.3256,-0.0448,0.06,-0.0338,7.1601,True
1790476881.1226,96.5009,7.0982,0.3255,-0.0459,0.06,-0.0321,7.1621,True
1790476881.1728,96.551,7.1024,0.3253,-0.0481,0.06,-0.0321,7.1663,True
1790476881.2227,96.601,7.1044,0.3252,-0.0492,0.06,-0.0303,7.1683,True
1790476881.2727,96.6509,7.1065,0.3251,-0.0502,0.06,-0.0286,7.1704,True
1790476881.3228,96.701,7.1106,0.3248,-0.0521,0.06,-0.0258,7.1745,True
1790476881.3733,96.7515,7.1127,0.3247,-0.053,0.06,-0.0242,7.1766,True
1790476881.4228,96.801,7.1168,0.3245,-0.0547,0.06,-0.0242,7.1807,True
1790476881.4732,96.8514,7.1189,0.3244,-0.0555,0.06,-0.0227,7.1828,True
1790476881.5228,96.901,7.123,0.3242,-0.057,0.0,0.0,7.1869,True
1790476881.5728,96.951,7.1239,0.3241,-0.0587,0.0,0.0,7.1879,True
1790476881.6226,97.0008,7.124,0.3241,-0.0588,0.06,-0.0202,7.1879,True
1790476881.6731,97.0513,7.124,0.3241,-0.0588,0.06,-0.0202,7.188,True
1790476881.7282,97.1064,7.1271,0.3239,-0.0594,0.06,-0.0191,7.1911,True
1790476881.7728,97.151,7.1292,0.3238,-0.06,0.06,-0.018,7.1931,True
1790476881.8227,97.2009,7.1333,0.3236,-0.0613,0.06,-0.0169,7.1973,True
1790476881.8735,97.2517,7.1354,0.3234,-0.0619,0.06,-0.0158,7.1993,True
1790476881.9229,97.3011,7.1375,0.3233,-0.0624,0.06,-0.0149,7.2014,True
1790476881.9728,97.351,7.1416,0.323,-0.0634,0.06,-0.014,7.2056,True
1790476882.0226,97.4008,7.1457,0.3228,-0.0643,0.06,-0.0123,7.2097,True
1790476882.0728,97.451,7.1478,0.3226,-0.0647,0.06,-0.0123,7.2118,True
1790476882.1227,97.5009,7.1498,0.3225,-0.0652,0.06,-0.0114,7.2138,True
1790476882.1727,97.551,7.154,0.3222,-0.0659,0.06,-0.0106,7.218,True
1790476882.2227,97.6009,7.156,0.3221,-0.0663,0.06,-0.0091,7.22,True
1790476882.2728,97.651,7.1602,0.3218,-0.0669,0.06,-0.0091,7.2242,True
1790476882.3228,97.701,7.1622,0.3217,-0.0672,0.06,-0.0087,7.2262,True
1790476882.3727,97.751,7.1664,0.3214,-0.0678,0.06,-0.0081,7.2304,True
1790476882.4227,97.8009,7.1684,0.3213,-0.0681,0.028,0.0006,7.2324,True
1790476882.4727,97.8509,7.1704,0.3211,-0.0685,0.028,0.001,7.2344,True
1790476882.5227,97.9009,7.1713,0.3211,-0.0684,0.06,-0.0009,7.2354,True
1790476882.5727,97.9509,7.1753,0.3208,-0.0689,0.06,-0.0028,7.2394,True
1790476882.6227,98.0009,7.1774,0.3206,-0.069,0.06,-0.0028,7.2414,True
1790476882.6726,98.0509,7.1815,0.3204,-0.0692,0.06,-0.0043,7.2456,True
1790476882.7227,98.1009,7.1836,0.3202,-0.0693,0.06,-0.0043,7.2476,True
1790476882.7728,98.151,7.1857,0.3201,-0.0695,0.06,-0.0047,7.2497,True
1790476882.823,98.2012,7.1898,0.3198,-0.0698,0.06,-0.0048,7.2539,True
1790476882.8774,98.2556,7.1918,0.3196,-0.0699,0.06,-0.0047,7.2559,True
1790476882.9227,98.3009,7.196,0.3194,-0.0703,0.06,-0.0047,7.2601,True
1790476882.9764,98.3546,7.198,0.3192,-0.0704,0.06,-0.0042,7.2621,True
1790476883.0227,98.4009,7.2022,0.3189,-0.0707,0.06,-0.0042,7.2663,True
1790476883.0726,98.4509,7.2042,0.3188,-0.0709,0.06,-0.0041,7.2683,True
1790476883.1227,98.5009,7.2084,0.3185,-0.0711,0.06,-0.0039,7.2725,True
1790476883.1728,98.551,7.2104,0.3183,-0.0713,0.06,-0.0036,7.2745,True
1790476883.2228,98.6011,7.2145,0.318,-0.0715,0.06,-0.0036,7.2787,True
1790476883.2754,98.6536,7.2166,0.3179,-0.0716,0.06,-0.0035,7.2807,True
1790476883.3228,98.701,7.2207,0.3176,-0.0719,0.06,-0.0034,7.2849,True
1790476883.3754,98.7536,7.2228,0.3174,-0.072,0.06,-0.0033,7.287,True
1790476883.4227,98.8009,7.2269,0.3171,-0.0722,0.06,-0.0032,7.2911,True
1790476883.4726,98.8509,7.229,0.317,-0.0723,0.06,-0.0032,7.2932,True
1790476883.5227,98.9009,7.2331,0.3167,-0.0726,0.06,-0.0032,7.2973,True
1790476883.5727,98.9509,7.2352,0.3165,-0.0727,0.06,-0.0032,7.2994,True
1790476883.6227,99.0009,7.2393,0.3162,-0.0729,0.06,-0.0033,7.3035,True
1790476883.6727,99.0509,7.2414,0.3161,-0.073,0.06,-0.0033,7.3056,True
1790476883.7227,99.1009,7.2434,0.3159,-0.0731,0.028,0.0002,7.3076,True
1790476883.7751,99.1533,7.2453,0.3158,-0.0734,0.06,-0.0032,7.3095,True
1790476883.8227,99.2009,7.2472,0.3157,-0.0738,0.06,-0.0031,7.3114,True
1790476883.8726,99.2509,7.2513,0.3154,-0.074,0.06,-0.003,7.3156,True
1790476883.9227,99.3009,7.2534,0.3152,-0.0741,0.06,-0.0028,7.3176,True
1790476883.9726,99.3509,7.2575,0.3149,-0.0743,0.06,-0.0025,7.3218,True
1790476884.0227,99.401,7.2596,0.3147,-0.0744,0.06,-0.0023,7.3238,True
1790476884.0741,99.4523,7.2637,0.3144,-0.0746,0.06,-0.002,7.328,True
1790476884.1227,99.5009,7.2658,0.3143,-0.0746,0.06,-0.0018,7.33,True
1790476884.1728,99.551,7.2699,0.314,-0.0747,0.06,-0.0015,7.3342,True
1790476884.2227,99.6009,7.272,0.3138,-0.0748,0.06,-0.0014,7.3362,True
1790476884.2727,99.6509,7.2761,0.3135,-0.0749,0.06,-0.0012,7.3404,True
1790476884.3227,99.7009,7.2781,0.3134,-0.0749,0.06,-0.0011,7.3424,True
1790476884.3786,99.7568,7.2823,0.313,-0.075,0.06,-0.001,7.3466,True
1790476884.4229,99.8011,7.2843,0.3129,-0.075,0.06,-0.0009,7.3487,True
1790476884.4727,99.8509,7.2885,0.3126,-0.0751,0.06,-0.0009,7.3528,True
1790476884.5227,99.9009,7.2905,0.3124,-0.0751,0.06,-0.0009,7.3549,True
1790476884.5758,99.954,7.2926,0.3123,-0.0752,0.06,-0.0009,7.3569,True
1790476884.6227,100.001,7.2967,0.312,-0.0752,0.06,-0.0008,7.3611,True
1790476884.6726,100.0509,7.2988,0.3118,-0.0753,0.06,-0.0007,7.3631,True
1790476884.7227,100.1009,7.3029,0.3115,-0.0753,0.06,-0.0007,7.3673,True
1790476884.7727,100.1509,7.305,0.3113,-0.0753,0.06,-0.0006,7.3693,True
1790476884.8228,100.201,7.3091,0.311,-0.0754,0.06,-0.0005,7.3735,True
1790476884.8731,100.2514,7.3112,0.3109,-0.0754,0.06,-0.0005,7.3756,True
1790476884.9227,100.3009,7.3153,0.3106,-0.0754,0.06,-0.0006,7.3797,True
1790476884.9759,100.3541,7.3173,0.3104,-0.0755,0.06,-0.0007,7.3818,True
1790476885.0254,100.4036,7.3215,0.3101,-0.0755,0.06,-0.0007,7.3859,True
1790476885.0727,100.451,7.3235,0.3099,-0.0755,0.06,-0.0007,7.388,True
1790476885.1227,100.5009,7.3277,0.3096,-0.0756,0.06,-0.0007,7.3921,True
1790476885.1727,100.5509,7.3297,0.3095,-0.0756,0.06,-0.0007,7.3942,True
1790476885.2227,100.601,7.3339,0.3092,-0.0757,0.06,-0.0007,7.3983,True
1790476885.2737,100.652,7.3359,0.309,-0.0757,0.06,-0.0006,7.4004,True
1790476885.3227,100.7009,7.34,0.3087,-0.0757,0.028,0.0,7.4045,True
1790476885.3763,100.7546,7.3421,0.3085,-0.0758,0.028,0.0,7.4066,True
1790476885.4234,100.8017,7.343,0.3085,-0.0761,0.06,-0.0005,7.4075,True
1790476885.4766,100.8548,7.347,0.3082,-0.0765,0.06,-0.0004,7.4115,True
1790476885.5227,100.9009,7.349,0.308,-0.0765,0.06,-0.0002,7.4135,True
1790476885.5759,100.9541,7.352,0.3078,-0.0769,0.028,0.0,7.4165,True
1790476885.6228,101.001,7.3529,0.3077,-0.0769,0.06,-0.0001,7.4175,True
1790476885.6727,101.0509,7.3569,0.3074,-0.0773,0.06,-0.0001,7.4214,True
1790476885.7227,101.1009,7.3589,0.3072,-0.0773,0.06,0.0001,7.4235,True
1790476885.779,101.1572,7.3631,0.3069,-0.0773,0.06,0.0001,7.4276,True
1790476885.8227,101.2009,7.3651,0.3068,-0.0773,0.06,0.0002,7.4297,True
1790476885.8727,101.2509,7.3693,0.3064,-0.0773,0.06,0.0002,7.4338,True
1790476885.9227,101.3009,7.3713,0.3063,-0.0772,0.06,0.0003,7.4359,True
1790476885.9727,101.3509,7.3755,0.306,-0.0772,0.06,0.0003,7.44,True
1790476886.0227,101.4009,7.3775,0.3058,-0.0772,0.06,0.0003,7.4421,True
1790476886.0726,101.4509,7.3816,0.3055,-0.0772,0.06,0.0002,7.4462,True
1790476886.1227,101.5009,7.3837,0.3053,-0.0772,0.06,0.0002,7.4483,True
1790476886.1727,101.5509,7.3878,0.305,-0.0772,0.06,0.0003,7.4525,True
1790476886.2228,101.601,7.3899,0.3048,-0.0772,0.06,0.0003,7.4545,True
1790476886.2727,101.6509,7.392,0.3047,-0.0772,0.06,0.0003,7.4566,True
1790476886.3227,101.7009,7.3961,0.3044,-0.0772,0.06,0.0003,7.4607,True
1790476886.3791,101.7573,7.3981,0.3042,-0.0772,0.06,0.0002,7.4628,True
1790476886.4227,101.801,7.4023,0.3039,-0.0771,0.06,0.0002,7.4669,True
1790476886.4727,101.8509,7.4043,0.3037,-0.0771,0.06,0.0002,7.469,True
1790476886.5226,101.9009,7.4085,0.3034,-0.0771,0.06,0.0002,7.4731,True
1790476886.5727,101.9509,7.4105,0.3032,-0.0771,0.06,0.0002,7.4752,True
1790476886.6226,102.0009,7.4146,0.3029,-0.0771,0.06,0.0002,7.4794,True
1790476886.6728,102.051,7.4167,0.3028,-0.0771,0.06,0.0002,7.4814,True
1790476886.7226,102.1008,7.4208,0.3024,-0.0771,0.06,0.0001,7.4856,True
1790476886.775,102.1532,7.4229,0.3023,-0.0771,0.06,0.0,7.4876,True
1790476886.8227,102.2009,7.427,0.302,-0.0771,0.06,-0.0001,7.4918,True
1790476886.8727,102.2509,7.4291,0.3018,-0.0771,0.06,-0.0002,7.4938,True
1790476886.9227,102.3009,7.4312,0.3016,-0.0771,0.06,-0.0003,7.4959,True
1790476886.9727,102.3509,7.4353,0.3013,-0.0771,0.06,-0.0004,7.5,True
1790476887.0227,102.4009,7.4373,0.3012,-0.0772,0.0,0.0,7.5021,True
1790476887.0726,102.4509,7.4402,0.3009,-0.0775,0.0,0.0,7.505,True
1790476887.1226,102.5009,7.4403,0.3009,-0.0776,0.0,0.0,7.505,False
1790476887.1727,102.5509,7.4403,0.3009,-0.0776,0.06,-0.0007,7.5051,True
1790476887.2227,102.6009,7.4414,0.3009,-0.0776,0.06,-0.0008,7.5062,True
1790476887.2728,102.651,7.4455,0.3005,-0.0776,0.06,-0.0007,7.5103,True
1790476887.3226,102.7009,7.4475,0.3004,-0.0776,0.06,-0.0006,7.5123,True
1790476887.3727,102.7509,7.4517,0.3001,-0.0777,0.06,-0.0006,7.5165,True
1790476887.4228,102.801,7.4537,0.2999,-0.0777,0.06,-0.0007,7.5185,True
1790476887.4726,102.8509,7.4579,0.2996,-0.0777,0.06,-0.0006,7.5227,True
1790476887.5227,102.9009,7.4599,0.2994,-0.0778,0.0,0.0,7.5248,True
1790476887.5726,102.9509,7.4609,0.2993,-0.0778,0.0,0.0,7.5257,False
1790476887.6226,103.0009,7.4609,0.2993,-0.0778,0.0,0.0,7.5257,False
1790476887.6728,103.051,7.462,0.2992,-0.0778,0.06,-0.0007,7.5269,True
1790476887.7226,103.1009,7.464,0.2991,-0.0778,0.06,-0.0009,7.5289,True
1790476887.7727,103.1509,7.4682,0.2988,-0.0779,0.06,-0.001,7.533,True
1790476887.8228,103.201,7.4702,0.2986,-0.0779,0.06,-0.0011,7.5351,True
1790476887.8726,103.2509,7.4723,0.2984,-0.078,0.06,-0.001,7.5372,True
1790476887.9227,103.3009,7.4764,0.2981,-0.078,0.0,0.0,7.5413,True
1790476887.9727,103.3509,7.4773,0.2981,-0.0781,0.0,0.0,7.5422,True
1790476888.0226,103.4008,7.4774,0.298,-0.0781,0.0,0.0,7.5423,False
1790476888.0727,103.451,7.4774,0.298,-0.0781,0.06,-0.0009,7.5423,True
1790476888.1227,103.5009,7.4805,0.2978,-0.0781,0.06,-0.0008,7.5454,True
1790476888.1726,103.5509,7.4826,0.2976,-0.0781,0.06,-0.0007,7.5475,True
1790476888.2227,103.6009,7.4867,0.2973,-0.0782,0.06,-0.0007,7.5516,True
1790476888.2726,103.6509,7.4888,0.2972,-0.0782,0.06,-0.0007,7.5537,True
1790476888.3229,103.7012,7.4908,0.297,-0.0782,0.0,0.0,7.5558,True
1790476888.3728,103.751,7.4938,0.2968,-0.0783,0.0,0.0,7.5588,True
1790476888.4227,103.8009,7.4939,0.2968,-0.0783,0.0,0.0,7.5588,False
1790476888.4727,103.8509,7.4939,0.2968,-0.0783,0.06,-0.0008,7.5589,True
1790476888.5227,103.9009,7.497,0.2965,-0.0783,0.06,-0.001,7.562,True
1790476888.5727,103.951,7.4991,0.2963,-0.0783,0.06,-0.0011,7.564,True
1790476888.6228,104.001,7.5011,0.2962,-0.0784,0.06,-0.0013,7.5661,True
1790476888.6727,104.051,7.5053,0.2959,-0.0785,0.06,-0.0015,7.5702,True
1790476888.7228,104.101,7.5073,0.2957,-0.0785,0.0,0.0,7.5723,True
1790476888.7727,104.151,7.5103,0.2955,-0.0786,0.0,0.0,7.5753,True
1790476888.8228,104.2011,7.5103,0.2955,-0.0786,0.0,0.0,7.5753,False
1790476888.8727,104.2509,7.5104,0.2955,-0.0786,0.06,-0.0018,7.5754,True
1790476888.9228,104.3011,7.5115,0.2954,-0.0786,0.06,-0.002,7.5765,True
1790476888.9727,104.3509,7.5156,0.2951,-0.0787,0.06,-0.0022,7.5806,True
1790476889.0228,104.401,7.5176,0.2949,-0.0788,0.06,-0.0024,7.5826,True
1790476889.0727,104.4509,7.5218,0.2946,-0.079,0.06,-0.0024,7.5868,True
1790476889.1228,104.501,7.5238,0.2944,-0.079,0.06,-0.0023,7.5889,True
1790476889.1726,104.5509,7.5279,0.2941,-0.0792,0.06,-0.0021,7.593,True
1790476889.2235,104.6017,7.53,0.2939,-0.0793,0.0,0.0,7.5951,True
1790476889.2729,104.6511,7.531,0.2938,-0.0794,0.0,0.0,7.596,False
1790476889.3227,104.701,7.531,0.2938,-0.0794,0.0,0.0,7.596,False
1790476889.3727,104.7509,7.531,0.2938,-0.0794,0.06,-0.0019,7.5961,True
1790476889.4227,104.801,7.5341,0.2936,-0.0794,0.06,-0.0016,7.5992,True
1790476889.4726,104.8509,7.5362,0.2934,-0.0795,0.06,-0.0013,7.6013,True
1790476889.523,104.9013,7.5403,0.2931,-0.0796,0.06,-0.001,7.6054,True
1790476889.5727,104.9509,7.5424,0.2929,-0.0796,0.06,-0.0007,7.6075,True
1790476889.6227,105.0009,7.5465,0.2926,-0.0796,0.06,-0.0005,7.6116,True
1790476889.6728,105.051,7.5486,0.2924,-0.0797,0.06,-0.0005,7.6137,True
1790476889.725,105.1032,7.5527,0.2921,-0.0797,0.06,-0.0006,7.6178,True
1790476889.7727,105.1509,7.5547,0.2919,-0.0797,0.06,-0.0007,7.6199,True
1790476889.8228,105.201,7.5589,0.2916,-0.0798,0.0,0.0,7.624,True
1790476889.8727,105.251,7.5598,0.2915,-0.0799,0.0,0.0,7.6249,True
1790476889.9284,105.3066,7.5598,0.2915,-0.0799,0.0,0.0,7.625,False
1790476889.9727,105.3509,7.5599,0.2915,-0.0799,0.06,-0.0009,7.625,True
1790476890.0228,105.401,7.563,0.2913,-0.0799,0.06,-0.001,7.6281,True
1790476890.0726,105.4509,7.565,0.2911,-0.0799,0.06,-0.0011,7.6302,True
1790476890.1247,105.5029,7.5671,0.2909,-0.0799,0.06,-0.0012,7.6323,True
1790476890.1727,105.5509,7.5712,0.2906,-0.08,0.06,-0.0013,7.6364,True
1790476890.2227,105.6009,7.5733,0.2905,-0.0801,0.06,-0.0013,7.6385,True
1790476890.2728,105.651,7.5774,0.2901,-0.0802,0.06,-0.0013,7.6426,True
1790476890.3268,105.705,7.5795,0.29,-0.0802,0.06,-0.0013,7.6447,True
1790476890.3727,105.751,7.5836,0.2896,-0.0802,0.06,-0.0013,7.6488,True
1790476890.4228,105.801,7.5856,0.2895,-0.0802,0.06,-0.0014,7.6509,True
1790476890.4727,105.8509,7.5897,0.2891,-0.0802,0.06,-0.0015,7.655,True
1790476890.5242,105.9024,7.5918,0.289,-0.0802,0.06,-0.0016,7.657,True
1790476890.5727,105.9509,7.5959,0.2886,-0.0802,0.06,-0.0017,7.6612,True
1790476890.6227,106.0009,7.598,0.2885,-0.0801,0.06,-0.0016,7.6632,True
1790476890.6726,106.0509,7.6021,0.2881,-0.08,0.06,-0.0015,7.6673,True
1790476890.7228,106.101,7.6041,0.288,-0.08,0.06,-0.0015,7.6694,True
1790476890.7727,106.1509,7.6082,0.2877,-0.08,0.06,-0.0014,7.6735,True
1790476890.8227,106.2009,7.6102,0.2875,-0.08,0.06,-0.0013,7.6755,True
1790476890.8727,106.2509,7.6143,0.2872,-0.0801,0.06,-0.0014,7.6796,True
1790476890.9267,106.3049,7.6163,0.287,-0.0801,0.06,-0.0014,7.6817,True
1790476890.9727,106.3509,7.6204,0.2867,-0.0802,0.06,-0.0014,7.6857,True
1790476891.0227,106.4009,7.6224,0.2865,-0.0803,0.06,-0.0013,7.6878,True
1790476891.0727,106.4509,7.6245,0.2863,-0.0803,0.06,-0.0011,7.6898,True
1790476891.1236,106.5018,7.6285,0.286,-0.0804,0.06,-0.0009,7.6939,True
1790476891.1727,106.5509,7.6306,0.2859,-0.0805,0.06,-0.0007,7.6959,True
1790476891.2227,106.601,7.6346,0.2855,-0.0805,0.06,0.0,7.7,True
1790476891.2727,106.6509,7.6367,0.2854,-0.0805,0.06,0.0009,7.7021,True
1790476891.3227,106.7009,7.6407,0.285,-0.0804,0.06,0.0018,7.7061,True
1790476891.3727,106.7509,7.6428,0.2849,-0.0804,0.06,0.0031,7.7082,True
1790476891.4227,106.8009,7.6468,0.2845,-0.0802,0.06,0.0045,7.7123,True
1790476891.4726,106.8509,7.6489,0.2844,-0.08,0.06,0.006,7.7143,True
1790476891.5235,106.9018,7.6529,0.284,-0.0796,0.06,0.0074,7.7184,True
1790476891.5727,106.9509,7.655,0.2839,-0.0794,0.06,0.0105,7.7204,True
1790476891.6226,107.0009,7.659,0.2836,-0.0787,0.06,0.0119,7.7245,True
1790476891.6728,107.051,7.6611,0.2834,-0.0784,0.0892,0.0131,7.7266,True
1790476891.7247,107.1029,7.6631,0.2832,-0.078,0.0892,0.0131,7.7286,True
1790476891.7726,107.1509,7.6691,0.2828,-0.0775,0.0892,0.0145,7.7346,True
1790476891.8227,107.2009,7.6721,0.2825,-0.0771,0.0891,0.0158,7.7376,True
1790476891.8727,107.2509,7.6782,0.2821,-0.076,0.089,0.017,7.7437,True
1790476891.9271,107.3054,7.6812,0.2819,-0.0755,0.089,0.018,7.7467,True
1790476891.9727,107.3509,7.6872,0.2814,-0.0742,0.0889,0.0195,7.7528,True
1790476892.0227,107.4009,7.6902,0.2812,-0.0736,0.0888,0.0211,7.7558,True
1790476892.0792,107.4574,7.6962,0.2807,-0.0721,0.0887,0.0226,7.7618,True
1790476892.1227,107.5009,7.6993,0.2805,-0.0714,0.0886,0.024,7.7648,True
1790476892.1727,107.5509,7.7053,0.2801,-0.0698,0.0885,0.0255,7.7709,True
1790476892.2227,107.6009,7.7083,0.2799,-0.0689,0.0884,0.0271,7.7739,True
1790476892.2728,107.651,7.7143,0.2795,-0.0671,0.0883,0.0286,7.7799,True
1790476892.3247,107.7029,7.7173,0.2793,-0.0661,0.0883,0.0299,7.7829,True
1790476892.3727,107.7509,7.7233,0.2789,-0.0641,0.0882,0.0309,7.7889,True
1790476892.4227,107.8009,7.7263,0.2787,-0.0631,0.0881,0.0321,7.7919,True
1790476892.4726,107.8509,7.7292,0.2785,-0.062,0.0881,0.0333,7.7949,True
1790476892.5235,107.9018,7.7352,0.2781,-0.0598,0.088,0.0343,7.8009,True
1790476892.5727,107.9509,7.7382,0.278,-0.0586,0.0879,0.0356,7.8039,True
1790476892.6227,108.0009,7.7442,0.2776,-0.0563,0.0879,0.0367,7.8099,True
1790476892.6726,108.0509,7.7472,0.2775,-0.055,0.0877,0.0388,7.8129,True
1790476892.7228,108.101,7.7531,0.2771,-0.0525,0.0877,0.0388,7.8188,True
1790476892.7727,108.1509,7.7561,0.277,-0.0512,0.0877,0.0396,7.8218,True
1790476892.8227,108.2009,7.7621,0.2767,-0.0485,0.0877,0.0403,7.8278,True
1790476892.8727,108.251,7.7651,0.2765,-0.0472,0.0876,0.0409,7.8308,True
1790476892.9243,108.3025,7.771,0.2763,-0.0444,0.0876,0.0413,7.8367,True
1790476892.9727,108.3509,7.774,0.2761,-0.043,0.0876,0.0417,7.8397,True
1790476893.0227,108.4009,7.78,0.2759,-0.0402,0.0875,0.0421,7.8457,True
1790476893.0727,108.4509,7.7829,0.2758,-0.0388,0.0875,0.0423,7.8487,True
1790476893.1227,108.5009,7.7889,0.2756,-0.036,0.0875,0.0423,7.8546,True
1790476893.1727,108.5509,7.7919,0.2754,-0.0346,0.0875,0.0424,7.8576,True
1790476893.2227,108.6009,7.7978,0.2752,-0.0318,0.0875,0.0424,7.8635,True
1790476893.2727,108.6509,7.8008,0.2752,-0.0303,0.0875,0.0425,7.8665,True
1790476893.3227,108.7009,7.8067,0.275,-0.0275,0.0875,0.0423,7.8725,True
1790476893.3727,108.751,7.8097,0.2749,-0.0261,0.0875,0.0422,7.8755,True
1790476893.4227,108.8009,7.8157,0.2748,-0.0232,0.0875,0.0421,7.8814,True
1790476893.4727,108.8509,7.8187,0.2747,-0.0218,0.0876,0.0421,7.8844,True
1790476893.5227,108.9009,7.8216,0.2746,-0.0204,0.0876,0.0416,7.8874,True
1790476893.5727,108.9509,7.8276,0.2745,-0.0176,0.0876,0.0409,7.8933,True
1790476893.6227,109.0009,7.8306,0.2745,-0.0162,0.0877,0.0403,7.8963,True
1790476893.6727,109.0509,7.8365,0.2744,-0.0135,0.0877,0.0397,7.9023,True
1790476893.7227,109.1009,7.8395,0.2743,-0.0121,0.0878,0.0385,7.9053,True
1790476893.7727,109.1509,7.8455,0.2743,-0.0095,0.0878,0.037,7.9112,True
1790476893.8227,109.2009,7.8485,0.2742,-0.0082,0.0879,0.0354,7.9142,True
1790476893.8726,109.2509,7.8545,0.2742,-0.0058,0.088,0.0339,7.9202,True
1790476893.9227,109.3009,7.8574,0.2742,-0.0047,0.0881,0.0322,7.9232,True
1790476893.9727,109.3509,7.8634,0.2742,-0.0024,0.0882,0.0306,7.9292,True
1790476894.0226,109.4009,7.8664,0.2742,-0.0014,0.0883,0.0292,7.9322,True
1790476894.0728,109.4511,7.8724,0.2742,0.0006,0.0884,0.0279,7.9382,True
1790476894.1227,109.5009,7.8755,0.2742,0.0015,0.0885,0.0264,7.9412,True
1790476894.1728,109.551,7.8785,0.2742,0.0025,0.0886,0.0247,7.9442,True
1790476894.2227,109.601,7.8845,0.2742,0.0042,0.0887,0.0231,7.9502,True
1790476894.2727,109.6509,7.8875,0.2742,0.005,0.0887,0.0218,7.9532,True
1790476894.3226,109.7008,7.8935,0.2742,0.0065,0.0888,0.0206,7.9593,True
1790476894.3727,109.7509,7.8965,0.2743,0.0072,0.0889,0.0194,7.9623,True
1790476894.4227,109.8009,7.9026,0.2743,0.0086,0.0889,0.0181,7.9683,True
1790476894.4727,109.8509,7.9056,0.2743,0.0092,0.089,0.017,7.9714,True
1790476894.5226,109.9008,7.9117,0.2744,0.0104,0.0891,0.0159,7.9774,True
1790476894.5787,109.9569,7.9147,0.2744,0.011,0.0891,0.015,7.9804,True
1790476894.6227,110.0009,7.9208,0.2745,0.012,0.0892,0.014,7.9865,True
1790476894.6726,110.0509,7.9238,0.2745,0.0125,0.0892,0.0131,7.9895,True
1790476894.7226,110.1008,7.9299,0.2746,0.0134,0.0893,0.0122,7.9956,True
1790476894.7732,110.1514,7.9329,0.2746,0.0138,0.0893,0.0114,7.9986,True
1790476894.8226,110.2009,7.939,0.2747,0.0146,0.0894,0.0107,8.0047,True
1790476894.8728,110.251,7.942,0.2748,0.015,0.0894,0.0099,8.0078,True
1790476894.9226,110.3009,7.9481,0.2749,0.0157,0.0895,0.0091,8.0138,True
1790476894.9726,110.3509,7.9511,0.2749,0.016,0.0895,0.0083,8.0169,True
1790476895.0229,110.4012,7.9542,0.275,0.0163,0.0896,0.0076,8.0199,True
1790476895.0729,110.4511,7.9603,0.2751,0.0169,0.0896,0.0069,8.026,True
1790476895.1226,110.5008,7.9633,0.2751,0.0171,0.0896,0.0063,8.0291,True
1790476895.1728,110.551,7.9694,0.2752,0.0176,0.0897,0.0056,8.0352,True
1790476895.2227,110.6009,7.9725,0.2753,0.0178,0.0897,0.0049,8.0382,True
1790476895.2727,110.651,7.9786,0.2754,0.0182,0.0898,0.0042,8.0443,True
1790476895.3226,110.7009,7.9816,0.2755,0.0183,0.0898,0.0034,8.0474,True
1790476895.3727,110.7509,7.9877,0.2756,0.0186,0.0898,0.0027,8.0535,True
1790476895.4226,110.8008,7.9908,0.2756,0.0187,0.0899,0.0019,8.0565,True
1790476895.4727,110.851,7.9969,0.2757,0.0189,0.0899,0.0012,8.0626,True
1790476895.5227,110.9009,7.9999,0.2758,0.019,0.09,0.0005,8.0657,True
1790476895.573,110.9512,8.006,0.2759,0.019,0.09,-0.0001,8.0718,True
1790476895.6227,111.001,8.0091,0.276,0.0191,0.09,-0.0001,8.0749,True
1790476895.673,111.0512,8.0152,0.2761,0.0191,0.09,-0.0005,8.081,True
1790476895.7227,111.101,8.0183,0.2761,0.019,0.0899,-0.0011,8.084,True
1790476895.7728,111.1511,8.0244,0.2763,0.019,0.0899,-0.0019,8.0902,True
1790476895.8227,111.201,8.0275,0.2763,0.0189,0.0899,-0.0019,8.0932,True
1790476895.8727,111.251,8.0305,0.2764,0.0189,0.0899,-0.0021,8.0963,True
1790476895.9227,111.3009,8.0366,0.2765,0.0187,0.0899,-0.0023,8.1024,True
1790476895.9727,111.3509,8.0397,0.2765,0.0186,0.0899,-0.0024,8.1054,True
1790476896.0227,111.4009,8.0458,0.2767,0.0185,0.0899,-0.0024,8.1115,True
1790476896.0727,111.4509,8.0488,0.2767,0.0184,0.0899,-0.0025,8.1146,True
1790476896.1226,111.5008,8.055,0.2768,0.0183,0.0898,-0.0027,8.1207,True
1790476896.1729,111.5511,8.058,0.2769,0.0182,0.0898,-0.003,8.1238,True
1790476896.2227,111.601,8.0641,0.277,0.018,0.0898,-0.003,8.1299,True
1790476896.2727,111.651,8.0672,0.277,0.0179,0.0898,-0.0032,8.1329,True
1790476896.3262,111.7045,8.0733,0.2772,0.0177,0.0898,-0.0033,8.139,True
1790476896.3728,111.751,8.0763,0.2772,0.0176,0.0898,-0.0035,8.1421,True
1790476896.4227,111.8009,8.0824,0.2773,0.0174,0.0898,-0.0037,8.1482,True
1790476896.4727,111.8509,8.0855,0.2774,0.0172,0.0898,-0.0038,8.1513,True
1790476896.5226,111.9009,8.0916,0.2775,0.017,0.0898,-0.0041,8.1574,True
1790476896.5728,111.9511,8.0946,0.2775,0.0169,0.0898,-0.0041,8.1604,True
1790476896.6226,112.0009,8.1007,0.2776,0.0166,0.0898,-0.0043,8.1665,True
1790476896.6728,112.051,8.1038,0.2777,0.0165,0.0897,-0.0045,8.1696,True
1790476896.7232,112.1014,8.1069,0.2777,0.0163,0.0897,-0.0047,8.1726,True
1790476896.7728,112.151,8.113,0.2778,0.016,0.0897,-0.0046,8.1787,True
1790476896.8227,112.2009,8.116,0.2779,0.0159,0.0897,-0.0046,8.1818,True
1790476896.8727,112.2509,8.1221,0.278,0.0156,0.0897,-0.0046,8.1879,True
1790476896.9275,112.3058,8.1252,0.278,0.0154,0.0897,-0.0046,8.1909,True
1790476896.9727,112.3509,8.1313,0.2781,0.0151,0.0897,-0.0046,8.197,True
1790476897.0227,112.4009,8.1343,0.2782,0.015,0.0897,-0.0048,8.2001,True
1790476897.0727,112.451,8.1404,0.2783,0.0147,0.0897,-0.0051,8.2062,True
1790476897.1228,112.501,8.1435,0.2783,0.0145,0.0897,-0.0054,8.2092,True
1790476897.1727,112.5509,8.1496,0.2784,0.0141,0.0897,-0.0056,8.2153,True
1790476897.2227,112.6009,8.1526,0.2784,0.0139,0.0897,-0.0058,8.2184,True
1790476897.2729,112.6511,8.1587,0.2785,0.0136,0.0897,-0.0059,8.2245,True
1790476897.9691,113.3473,8.1587,0.2785,0.0136,0.0897,-0.006,8.2245,True
1790476897.9726,113.3508,8.1618,0.2785,0.0134,0.0897,-0.006,8.2275,True
1790476898.0227,113.4009,8.1831,0.2788,0.012,0.0897,-0.006,8.2489,True
1790476898.0743,113.4525,8.1892,0.2789,0.0116,0.0897,-0.006,8.255,True
1790476898.1227,113.5009,8.1953,0.279,0.0112,0.0896,-0.006,8.2611,True
1790476898.1743,113.5525,8.1983,0.279,0.011,0.0897,-0.006,8.2641,True
1790476898.9598,114.3381,8.2014,0.279,0.0108,0.0897,-0.006,8.2672,True
1790476898.9757,114.3539,8.2075,0.2791,0.0104,0.0897,-0.0059,8.2733,True
1790476899.0227,114.4009,8.2288,0.2793,0.0091,0.0897,-0.0058,8.2946,True
1790476899.0727,114.4509,8.2349,0.2794,0.0087,0.0897,-0.0054,8.3007,True
1790476899.1228,114.501,8.238,0.2794,0.0085,0.0897,-0.0053,8.3037,True
1790476899.1728,114.551,8.2441,0.2794,0.0082,0.0897,-0.0053,8.3098,True
1790476899.2227,114.6009,8.2471,0.2795,0.008,0.0897,-0.0054,8.3129,True
1790476899.2727,114.6509,8.2532,0.2795,0.0076,0.0897,-0.0054,8.319,True
1790476899.3227,114.701,8.2563,0.2795,0.0075,0.0898,-0.004,8.322,True
1790476899.3727,114.7509,8.2624,0.2796,0.0072,0.0898,-0.003,8.3281,True
1790476899.4227,114.8009,8.2654,0.2796,0.007,0.0899,-0.0018,8.3312,True
1790476899.4727,114.8509,8.2715,0.2796,0.0069,0.09,-0.0008,8.3373,True
1790476899.5227,114.9009,8.2746,0.2797,0.0068,0.09,0.0001,8.3404,True
1790476899.5727,114.9509,8.2807,0.2797,0.0068,0.0899,0.0009,8.3465,True
1790476899.6247,115.0029,8.2838,0.2797,0.0068,0.0899,0.0017,8.3495,True
1790476899.6727,115.051,8.2899,0.2798,0.0069,0.0899,0.0025,8.3557,True
1790476899.7228,115.101,8.2929,0.2798,0.007,0.0898,0.0033,8.3587,True
1790476899.7728,115.151,8.299,0.2798,0.0072,0.0898,0.0041,8.3648,True
1790476899.8227,115.2009,8.3021,0.2799,0.0073,0.0897,0.0047,8.3679,True
1790476899.8727,115.2509,8.3082,0.2799,0.0076,0.0897,0.0051,8.374,True
1790476899.9227,115.301,8.3113,0.2799,0.0078,0.0897,0.0053,8.377,True
1790476899.9727,115.3509,8.3174,0.28,0.0081,0.0897,0.0053,8.3831,True
1790476900.0226,115.4009,8.3204,0.28,0.0083,0.0897,0.0054,8.3862,True
1790476900.0726,115.4509,8.3265,0.28,0.0087,0.0897,0.0054,8.3923,True
1790476900.1228,115.501,8.3296,0.2801,0.0089,0.0897,0.0055,8.3953,True
1790476900.1727,115.5509,8.3326,0.2801,0.0091,0.0897,0.0057,8.3984,True
1790476900.2226,115.6009,8.3387,0.2802,0.0095,0.0896,0.006,8.4045,True
1790476900.2727,115.651,8.3418,0.2802,0.0097,0.0896,0.0064,8.4075,True
1790476900.3227,115.7009,8.3479,0.2802,0.0101,0.0896,0.0064,8.4136,True
1790476900.3727,115.7509,8.3509,0.2803,0.0103,0.0896,0.0075,8.4167,True
1790476900.4227,115.8009,8.357,0.2803,0.0108,0.0895,0.0081,8.4228,True
1790476900.4727,115.851,8.36,0.2804,0.0111,0.0895,0.0091,8.4258,True
1790476900.5227,115.9009,8.3661,0.2804,0.0117,0.0894,0.0102,8.4319,True
1790476900.5748,115.953,8.3692,0.2805,0.012,0.0894,0.0102,8.435,True
1790476900.6226,116.0008,8.3752,0.2806,0.0127,0.0893,0.0122,8.441,True
1790476900.6727,116.0509,8.3783,0.2806,0.0131,0.0892,0.0129,8.4441,True
1790476900.7227,116.1009,8.3844,0.2807,0.0139,0.0892,0.0141,8.4502,True
1790476900.7727,116.1509,8.3874,0.2807,0.0144,0.0891,0.0153,8.4532,True
1790476900.8228,116.201,8.3935,0.2808,0.0153,0.089,0.0169,8.4592,True
1790476900.8726,116.2509,8.3965,0.2809,0.0159,0.0889,0.0188,8.4623,True
1790476900.9229,116.3012,8.4025,0.281,0.0171,0.0888,0.0206,8.4683,True
1790476900.9727,116.3509,8.4056,0.281,0.0178,0.0887,0.0222,8.4713,True
1790476901.0233,116.4015,8.4086,0.2811,0.0185,0.0887,0.0222,8.4744,True
1790476901.0727,116.4509,8.4146,0.2812,0.02,0.0886,0.0236,8.4804,True
1790476901.1227,116.501,8.4176,0.2812,0.0208,0.0884,0.0272,8.4834,True
1790476901.1727,116.5509,8.4236,0.2814,0.0225,0.0883,0.029,8.4894,True
1790476901.2255,116.6038,8.4266,0.2814,0.0235,0.0883,0.029,8.4924,True
1790476901.2727,116.6509,8.4327,0.2816,0.0255,0.0882,0.0309,8.4985,True
1790476901.3226,116.7009,8.4357,0.2817,0.0265,0.0881,0.0325,8.5015,True
1790476901.3726,116.7508,8.4416,0.2818,0.0287,0.088,0.0341,8.5074,True
1790476901.4228,116.801,8.4446,0.2819,0.0299,0.0879,0.0355,8.5104,True
1790476901.4726,116.8508,8.4506,0.2821,0.0323,0.0879,0.0367,8.5164,True
1790476901.5227,116.9009,8.4536,0.2822,0.0335,0.0877,0.0398,8.5194,True
1790476901.5727,116.9509,8.4596,0.2824,0.0361,0.0877,0.0398,8.5254,True
1790476901.6227,117.0009,8.4626,0.2825,0.0375,0.0875,0.0424,8.5284,True
1790476901.6727,117.0509,8.4655,0.2826,0.0389,0.0875,0.0434,8.5313,True
1790476901.7226,117.1008,8.4715,0.2829,0.0417,0.0874,0.0441,8.5373,True
1790476901.7726,117.1509,8.4745,0.283,0.0432,0.0874,0.0441,8.5403,True
1790476901.8227,117.201,8.4804,0.2833,0.0462,0.0874,0.0447,8.5462,True
1790476901.8726,117.2509,8.4834,0.2834,0.0477,0.0874,0.0451,8.5492,True
1790476901.9227,117.3009,8.4893,0.2837,0.0507,0.0873,0.0468,8.5552,True
1790476901.9727,117.3509,8.4923,0.2839,0.0523,0.087,0.0515,8.5581,True
1790476902.0228,117.401,8.4982,0.2842,0.0556,0.087,0.0515,8.5641,True
1790476902.0728,117.451,8.5012,0.2843,0.0573,0.0867,0.0574,8.567,True
1790476902.1226,117.5009,8.507,0.2847,0.0612,0.0865,0.0604,8.5729,True
1790476902.1727,117.5509,8.51,0.2849,0.0632,0.0865,0.0601,8.5759,True
1790476902.2227,117.6009,8.5159,0.2853,0.0673,0.0865,0.0601,8.5817,True
1790476902.2727,117.6509,8.5188,0.2855,0.0693,0.0865,0.0596,8.5847,True
1790476902.3226,117.7009,8.5247,0.2859,0.0733,0.0866,0.0591,8.5906,True
1790476902.3726,117.7508,8.5276,0.2861,0.0753,0.0866,0.0589,8.5935,True
1790476902.4228,117.801,8.5306,0.2863,0.0773,0.0865,0.0595,8.5965,True
1790476902.4727,117.8509,8.5364,0.2868,0.0813,0.0865,0.0603,8.6024,True
1790476902.5227,117.9009,8.5394,0.287,0.0833,0.0864,0.0611,8.6053,True
1790476902.5727,117.9509,8.5452,0.2875,0.0874,0.0862,0.0655,8.6112,True
1790476902.6227,118.0009,8.5482,0.2878,0.0894,0.0862,0.0655,8.6141,True
1790476902.6727,118.0509,8.553,0.2882,0.0916,0.086,0.0679,8.619,True
1790476902.7227,118.1009,8.5539,0.2883,0.0915,0.086,0.0692,8.6199,True
1790476902.7752,118.1534,8.5589,0.2888,0.0937,0.0859,0.0701,8.6249,True
1790476902.8232,118.2014,8.5618,0.289,0.0961,0.0859,0.0708,8.6278,True
1790476902.8727,118.2509,8.5676,0.2896,0.1008,0.0858,0.0714,8.6337,True
1790476902.9227,118.3009,8.5705,0.2899,0.1032,0.0858,0.0722,8.6366,True
1790476902.973,118.3512,8.5763,0.2905,0.108,0.0858,0.0722,8.6424,True
1790476903.0228,118.4011,8.5792,0.2909,0.1105,0.0857,0.0737,8.6453,True
1790476903.0727,118.4509,8.585,0.2915,0.1154,0.0857,0.0743,8.6512,True
1790476903.1228,118.5011,8.5879,0.2919,0.1179,0.0856,0.0748,8.6541,True
1790476903.1727,118.5509,8.5937,0.2926,0.123,0.0856,0.0748,8.6599,True
1790476903.2233,118.6015,8.5966,0.2929,0.1255,0.0856,0.0754,8.6629,True
1790476903.2727,118.6509,8.5995,0.2933,0.128,0.0856,0.0761,8.6658,True
1790476903.3227,118.7009,8.6053,0.294,0.1332,0.0855,0.0765,8.6716,True
1790476903.3727,118.7509,8.6082,0.2944,0.1357,0.0855,0.0768,8.6745,True
1790476903.4227,118.8009,8.6139,0.2952,0.1409,0.0855,0.0773,8.6803,True
1790476903.4727,118.8509,8.6168,0.2956,0.1435,0.0855,0.0777,8.6832,True
1790476903.5228,118.901,8.6226,0.2965,0.1487,0.0855,0.0779,8.6891,True
1790476903.5727,118.9509,8.6254,0.2969,0.1514,0.0855,0.0779,8.692,True
1790476903.6226,119.0008,8.6312,0.2978,0.1567,0.0854,0.0782,8.6978,True
1790476903.6727,119.0509,8.6341,0.2983,0.1593,0.0854,0.0788,8.7007,True
1790476903.7228,119.1011,8.6398,0.2992,0.1647,0.0854,0.0788,8.7065,True
1790476903.7727,119.1509,8.6427,0.2997,0.1673,0.0853,0.08,8.7094,True
1790476903.8227,119.2009,8.6484,0.3007,0.1728,0.0853,0.08,8.7152,True
1790476903.8727,119.251,8.6513,0.3012,0.1755,0.0853,0.0807,8.7182,True
1790476903.9227,119.3009,8.657,0.3022,0.181,0.0852,0.0823,8.724,True
1790476903.9727,119.351,8.6598,0.3027,0.1838,0.0852,0.0823,8.7269,True
1790476904.0227,119.4009,8.6627,0.3033,0.1865,0.085,0.0864,8.7298,True
1790476904.0726,119.4509,8.6684,0.3044,0.1925,0.0845,0.0943,8.7356,True
1790476904.1271,119.5053,8.6712,0.3049,0.1955,0.0843,0.0982,8.7385,True
1790476904.1727,119.5509,8.6769,0.3061,0.2019,0.0842,0.0994,8.7442,True
1790476904.2226,119.6009,8.6797,0.3066,0.2052,0.0842,0.0993,8.7471,True
1790476904.2727,119.6509,8.6853,0.3078,0.2118,0.0842,0.0989,8.7529,True
1790476904.3227,119.7009,8.6881,0.3084,0.2151,0.0842,0.0989,8.7557,True
1790476904.373,119.7513,8.6938,0.3097,0.2217,0.0843,0.098,8.7615,True
1790476904.4228,119.801,8.6966,0.3103,0.225,0.0843,0.098,8.7644,True
1790476904.4727,119.851,8.7022,0.3116,0.2315,0.0843,0.0977,8.7701,True
1790476904.5229,119.9011,8.705,0.3123,0.2347,0.0843,0.0977,8.773,True
1790476904.5727,119.9509,8.7106,0.3137,0.2413,0.0843,0.0976,8.7788,True
1790476904.6228,120.0011,8.7134,0.3144,0.2445,0.0843,0.0974,8.7817,True
1790476904.6727,120.0509,8.719,0.3158,0.251,0.0844,0.0968,8.7874,True
1790476904.7232,120.1015,8.7218,0.3165,0.2542,0.0844,0.0965,8.7903,True
1790476904.7727,120.1509,8.7273,0.318,0.2607,0.0842,0.0999,8.7961,True
1790476904.8227,120.2009,8.7301,0.3187,0.264,0.0839,0.1046,8.799,True
1790476904.8727,120.2509,8.7357,0.3202,0.2709,0.0838,0.1061,8.8047,True
1790476904.9227,120.3009,8.7384,0.321,0.2744,0.0838,0.1061,8.8076,True
1790476904.9727,120.3509,8.7412,0.3218,0.278,0.0836,0.11,8.8104,True
1790476905.0227,120.4009,8.7467,0.3234,0.2853,0.0837,0.1086,8.8161,True
1790476905.0748,120.453,8.7494,0.3242,0.289,0.0838,0.1065,8.819,True
1790476905.1227,120.5009,8.7549,0.3258,0.2962,0.0838,0.1065,8.8247,True
1790476905.1727,120.5509,8.7576,0.3267,0.2997,0.0838,0.1063,8.8276,True
1790476905.2227,120.6009,8.7631,0.3284,0.3068,0.0838,0.1063,8.8333,True
1790476905.2727,120.6509,8.7658,0.3292,0.3103,0.028,-0.007,8.8362,True
1790476905.3227,120.7009,8.7703,0.3307,0.3163,0.028,-0.0139,8.8408,True
1790476905.3727,120.7509,8.7712,0.331,0.3161,0.028,-0.0161,8.8418,True
1790476905.4227,120.8009,8.773,0.3316,0.3153,0.028,-0.0161,8.8437,True
1790476905.4728,120.851,8.7739,0.3319,0.3148,0.028,-0.0154,8.8447,True
1790476905.5226,120.9009,8.7757,0.3325,0.314,0.0835,0.1108,8.8466,True
1790476905.5727,120.9509,8.7766,0.3327,0.3135,0.0836,0.1101,8.8475,True
1790476905.6226,121.0009,8.7786,0.3334,0.3135,0.0837,0.1088,8.8496,True
1790476905.6726,121.0509,8.7839,0.3351,0.3204,0.0837,0.1078,8.8552,True
1790476905.7227,121.1009,8.7866,0.336,0.3241,0.0837,0.1078,8.858,True
1790476905.7751,121.1533,8.792,0.3379,0.3314,0.0837,0.1074,8.8637,True
1790476905.8226,121.2009,8.7947,0.3388,0.3351,0.0838,0.1073,8.8666,True
1790476905.8777,121.2559,8.8001,0.3407,0.3424,0.0837,0.1075,8.8723,True
1790476905.9227,121.3009,8.8027,0.3417,0.346,0.0837,0.1075,8.8751,True
1790476905.9727,121.3509,8.8081,0.3436,0.3533,0.0837,0.1089,8.8808,True
1790476906.0227,121.401,8.8108,0.3446,0.357,0.0837,0.1089,8.8837,True
1790476906.0795,121.4578,8.8161,0.3466,0.3644,0.0835,0.1108,8.8894,True
1790476906.1227,121.501,8.8188,0.3476,0.3681,0.0835,0.1117,8.8922,True
1790476906.1728,121.5511,8.8241,0.3497,0.3757,0.0834,0.1126,8.8979,True
1790476906.2227,121.6009,8.8267,0.3508,0.3795,0.0834,0.1126,8.9008,True
1790476906.2756,121.6538,8.8294,0.3518,0.3833,0.0834,0.1138,8.9036,True
1790476906.3228,121.701,8.8346,0.354,0.391,0.0833,0.1144,8.9093,True
1790476906.3729,121.7511,8.8399,0.3561,0.3987,0.0833,0.1148,8.915,True
1790476906.4227,121.8009,8.8425,0.3572,0.4026,0.0833,0.1148,8.9178,True
1790476906.4728,121.851,8.8451,0.3584,0.4064,0.0833,0.1151,8.9207,True
1790476906.5227,121.9009,8.8503,0.3606,0.4142,0.0833,0.1156,8.9263,True
1790476906.5726,121.9508,8.8529,0.3618,0.4181,0.0833,0.1156,8.9292,True
1790476906.6227,122.0009,8.8581,0.3641,0.426,0.0832,0.1162,8.9349,True
1790476906.6726,122.0509,8.8606,0.3653,0.4299,0.0832,0.1172,8.9377,True
1790476906.7227,122.1009,8.8658,0.3677,0.4378,0.0832,0.1174,8.9434,True
1790476906.7727,122.1509,8.8684,0.3689,0.4418,0.0832,0.1176,8.9462,True
1790476906.8227,122.2009,8.8735,0.3713,0.4497,0.0832,0.1176,8.9519,True
1790476906.8727,122.2509,8.876,0.3726,0.4537,0.0832,0.1172,8.9547,True
1790476906.9226,122.3009,8.8811,0.3751,0.4616,0.0832,0.1168,8.9604,True
1790476906.9727,122.3509,8.8836,0.3763,0.4656,0.0832,0.1165,8.9632,True
1790476907.0226,122.4009,8.8862,0.3776,0.4695,0.0832,0.1162,8.966,True
1790476907.0728,122.451,8.8912,0.3802,0.4774,0.028,-0.006,8.9717,True
1790476907.1227,122.5009,8.8952,0.3823,0.4844,0.028,-0.006,8.9762,True
1790476907.1727,122.551,8.8961,0.3827,0.4844,0.0832,0.1162,8.9772,True
1790476907.2271,122.6053,8.8979,0.3837,0.4844,0.0832,0.1162,8.9793,True
1790476907.2727,122.6509,8.9028,0.3863,0.4917,0.0832,0.1167,8.9848,True
1790476907.3227,122.701,8.9053,0.3876,0.4956,0.0832,0.117,8.9876,True
1790476907.3727,122.7509,8.9103,0.3903,0.5035,0.0832,0.1173,8.9933,True
1790476907.4228,122.801,8.9128,0.3917,0.5074,0.0832,0.1173,8.9961,True
1790476907.4726,122.8509,8.9177,0.3945,0.5154,0.0831,0.1186,9.0018,True
1790476907.5227,122.901,8.9202,0.3959,0.5194,0.083,0.1198,9.0046,True
1790476907.5727,122.951,8.9251,0.3987,0.5274,0.083,0.1209,9.0103,True
1790476907.6228,123.001,8.9275,0.4001,0.5315,0.083,0.1209,9.0131,True
1790476907.6726,123.0508,8.9324,0.403,0.5397,0.0829,0.1227,9.0188,True
1790476907.7227,123.101,8.9348,0.4045,0.5438,0.0826,0.127,9.0216,True
1790476907.7727,123.151,8.9396,0.4074,0.5522,0.0825,0.1289,9.0272,True
1790476907.8228,123.2011,8.942,0.4089,0.5565,0.0824,0.1297,9.03,True
1790476907.8727,123.2509,8.9444,0.4104,0.5609,0.0824,0.1301,9.0328,True
1790476907.9227,123.3009,8.9491,0.4134,0.5697,0.0824,0.1302,9.0385,True
1790476907.9727,123.351,8.9515,0.4149,0.5741,0.0824,0.1302,9.0413,True
1790476908.0227,123.4009,8.9562,0.418,0.5829,0.0824,0.1302,9.0469,True
1790476908.0727,123.4509,8.9585,0.4195,0.5873,0.0824,0.13,9.0497,True
1790476908.1226,123.5009,8.9632,0.4227,0.596,0.0824,0.1298,9.0553,True
1790476908.1727,123.5509,8.9655,0.4243,0.6004,0.0825,0.1292,9.0581,True
1790476908.223,123.6012,8.9701,0.4274,0.6091,0.0825,0.1292,9.0637,True
1790476908.2726,123.6509,8.9724,0.4291,0.6134,0.0826,0.1278,9.0666,True
1790476908.3245,123.7027,8.977,0.4323,0.622,0.0826,0.1272,9.0722,True
1790476908.3727,123.7509,8.9793,0.434,0.6263,0.0826,0.1272,9.075,True
1790476908.4227,123.8009,8.9838,0.4373,0.6348,0.0826,0.1263,9.0806,True
1790476908.4757,123.8539,8.9861,0.439,0.6391,0.0827,0.1254,9.0834,True
1790476908.5227,123.9009,8.9906,0.4423,0.6475,0.0827,0.1248,9.0891,True
1790476908.5727,123.9509,8.9928,0.444,0.6517,0.0828,0.1238,9.0919,True
1790476908.6227,124.0009,8.9951,0.4458,0.6558,0.0828,0.1238,9.0947,True
1790476908.6727,124.0509,8.9995,0.4492,0.6641,0.0829,0.1228,9.1004,True
1790476908.7227,124.1009,9.0018,0.451,0.6682,0.0829,0.1223,9.1032,True
1790476908.7727,124.1509,9.0062,0.4545,0.6765,0.0829,0.1223,9.1088,True
1790476908.8227,124.2009,9.0084,0.4563,0.6805,0.0829,0.1218,9.1117,True
1790476908.8726,124.2509,9.0128,0.4598,0.6887,0.0829,0.1213,9.1173,True
1790476908.9227,124.3009,9.0149,0.4616,0.6927,0.0829,0.1221,9.1201,True
1790476908.9727,124.3509,9.0193,0.4653,0.7009,0.0828,0.1228,9.1258,True
1790476909.0228,124.401,9.0214,0.4671,0.7049,0.0828,0.1228,9.1286,True
1790476909.0729,124.4511,9.0257,0.4708,0.7132,0.0827,0.1246,9.1343,True
1790476909.1227,124.5009,9.0279,0.4726,0.7173,0.0827,0.1256,9.1371,True
1790476909.1727,124.5509,9.0321,0.4763,0.7257,0.0826,0.1264,9.1427,True
1790476909.2227,124.6009,9.0342,0.4782,0.7299,0.0826,0.127,9.1456,True
1790476909.2732,124.6515,9.0363,0.4801,0.7341,0.0826,0.127,9.1484,True
1790476909.3227,124.7009,9.0405,0.4839,0.7425,0.0826,0.1279,9.154,True
1790476909.3727,124.7509,9.0425,0.4858,0.7468,0.0825,0.1289,9.1568,True
1790476909.4302,124.8084,9.0466,0.4896,0.7554,0.0825,0.1295,9.1624,True
1790476909.4727,124.8509,9.0487,0.4916,0.7597,0.0824,0.1298,9.1653,True
1790476909.5228,124.9011,9.0527,0.4955,0.7684,0.0824,0.1302,9.1709,True
1790476909.5728,124.951,9.0548,0.4974,0.7727,0.0824,0.1306,9.1737,True
1790476909.6228,125.001,9.0588,0.5014,0.7814,0.0824,0.1309,9.1793,True
1790476909.6727,125.0509,9.0608,0.5033,0.7858,0.0824,0.1313,9.1821,True
1790476909.7226,125.1009,9.0647,0.5073,0.7945,0.0823,0.1315,9.1877,True
1790476909.7726,125.1508,9.0667,0.5093,0.7989,0.0823,0.1315,9.1905,True
1790476909.8227,125.2009,9.0706,0.5134,0.8076,0.0823,0.1315,9.1962,True
1790476909.8728,125.251,9.0725,0.5154,0.812,0.0823,0.1314,9.199,True
1790476909.9226,125.3008,9.0764,0.5195,0.8207,0.0824,0.1304,9.2046,True
1790476909.9727,125.3509,9.0783,0.5216,0.8251,0.0824,0.1304,9.2074,True
1790476910.0228,125.4011,9.0821,0.5257,0.8337,0.0824,0.1299,9.213,True
1790476910.0727,125.451,9.084,0.5278,0.838,0.0825,0.1287,9.2158,True
1790476910.123,125.5012,9.0858,0.5299,0.8423,0.0826,0.1279,9.2186,True
1790476910.173,125.5513,9.0896,0.5341,0.8508,0.0826,0.1279,9.2243,True
1790476910.2228,125.6011,9.0914,0.5362,0.8551,0.0826,0.1272,9.2271,True
1790476910.2728,125.651,9.0951,0.5405,0.8635,0.0826,0.1266,9.2327,True
1790476910.3227,125.7009,9.0969,0.5426,0.8677,0.0827,0.1261,9.2355,True
1790476910.3726,125.7509,9.1005,0.547,0.8762,0.0824,0.1301,9.2412,True
1790476910.4236,125.8019,9.1023,0.5491,0.8805,0.0821,0.1358,9.244,True
1790476910.4727,125.8509,9.1059,0.5535,0.8895,0.0817,0.1417,9.2496,True
1790476910.5228,125.901,9.1076,0.5556,0.8942,0.0812,0.1518,9.2524,True
1790476910.5726,125.9508,9.1111,0.56,0.9042,0.0811,0.152,9.2579,True
1790476910.6227,126.0009,9.1128,0.5621,0.9092,0.0813,0.1502,9.2607,True
1790476910.6727,126.0509,9.1162,0.5665,0.9193,0.0814,0.1475,9.2662,True
1790476910.7228,126.101,9.1178,0.5687,0.9242,0.0816,0.1446,9.269,True
1790476910.7728,126.151,9.1212,0.5732,0.9339,0.0817,0.1419,9.2745,True
1790476910.8244,126.2026,9.1228,0.5754,0.9387,0.0817,0.1419,9.2773,True
1790476910.8726,126.2509,9.1245,0.5777,0.9434,0.082,0.1375,9.2801,True
1790476910.9229,126.3011,9.1277,0.5822,0.9526,0.082,0.1375,9.2857,True
1790476910.9729,126.3511,9.1293,0.5845,0.9572,0.0821,0.1357,9.2885,True
1790476911.0262,126.4044,9.1325,0.5891,0.9662,0.0822,0.1332,9.2941,True
1790476911.0728,126.451,9.1341,0.5914,0.9706,0.0822,0.1332,9.2969,True
1790476911.1227,126.5009,9.1366,0.5951,0.9784,0.028,-0.0151,9.3013,True
1790476911.1728,126.551,9.1372,0.5959,0.9783,0.028,-0.0184,9.3023,True
1790476911.2227,126.6009,9.1382,0.5975,0.9772,0.028,-0.0175,9.3042,True
1790476911.2727,126.6509,9.1388,0.5983,0.9765,0.028,-0.0163,9.3052,True
1790476911.3227,126.701,9.1398,0.5998,0.9754,0.028,-0.0149,9.3071,True
1790476911.3727,126.7509,9.1404,0.6006,0.9748,0.0823,0.1328,9.308,True
1790476911.4228,126.801,9.142,0.6031,0.9743,0.0823,0.1328,9.311,True
1790476911.4731,126.8513,9.1435,0.6053,0.9779,0.0823,0.133,9.3137,True
1790476911.5227,126.9009,9.1466,0.61,0.9868,0.0822,0.1336,9.3193,True
1790476911.5727,126.9509,9.1482,0.6123,0.9913,0.028,-0.0085,9.3221,True
1790476911.6229,127.0012,9.1506,0.616,0.9995,0.028,-0.0085,9.3265,True
1790476911.6727,127.0509,9.1511,0.6168,0.9995,0.0822,0.1345,9.3275,True
1790476911.7229,127.1011,9.1516,0.6176,0.9989,0.0821,0.1354,9.3284,True
1790476911.7728,127.151,9.1541,0.6215,1.0026,0.0821,0.136,9.3331,True
1790476911.8227,127.2009,9.1556,0.6239,1.0071,0.0821,0.1365,9.3359,True
1790476911.8766,127.2549,9.1586,0.6286,1.0163,0.082,0.1374,9.3415,True
1790476911.9228,127.301,9.1601,0.631,1.0209,0.082,0.1374,9.3443,True
1790476911.9728,127.351,9.163,0.6358,1.0303,0.0817,0.1421,9.3498,True
1790476912.0271,127.4054,9.1644,0.6382,1.0351,0.0816,0.1446,9.3526,True
1790476912.0728,127.451,9.1672,0.643,1.0449,0.0815,0.1461,9.3582,True
1790476912.1227,127.5009,9.1686,0.6454,1.0498,0.0815,0.146,9.3609,True
1790476912.1728,127.551,9.1713,0.6502,1.0596,0.0813,0.1494,9.3665,True
1790476912.2227,127.601,9.1727,0.6526,1.0645,0.0813,0.1494,9.3693,True
1790476912.2727,127.6509,9.1753,0.6575,1.0746,0.081,0.1549,9.3748,True
1790476912.3227,127.7009,9.1766,0.6599,1.0798,0.081,0.1539,9.3775,True
1790476912.3728,127.751,9.1792,0.6648,1.0901,0.0811,0.152,9.3831,True
1790476912.4287,127.8069,9.1805,0.6672,1.0953,0.0811,0.152,9.3858,True
1790476912.4727,127.8509,9.1817,0.6697,1.1003,0.0814,0.1477,9.3886,True
1790476912.5228,127.901,9.1842,0.6746,1.1103,0.0813,0.149,9.3941,True
1790476912.5729,127.9511,9.1867,0.6796,1.1201,0.0812,0.1517,9.3997,True
1790476912.6228,128.0011,9.1879,0.6821,1.1251,0.081,0.155,9.4025,True
1790476912.6727,128.0509,9.1891,0.6846,1.1301,0.081,0.154,9.4052,True
1790476912.7227,128.101,9.1914,0.6896,1.1403,0.0812,0.1512,9.4108,True
1790476912.7726,128.1509,9.1925,0.6922,1.1454,0.0814,0.1476,9.4135,True
1790476912.8236,128.2018,9.1948,0.6972,1.1553,0.0814,0.1476,9.4191,True
1790476912.874,128.2523,9.1959,0.6998,1.1602,0.0818,0.1401,9.4218,True
1790476912.9228,128.301,9.1981,0.7049,1.1697,0.028,-0.0091,9.4274,True
1790476912.9728,128.351,9.1992,0.7074,1.1743,0.0821,0.1363,9.4302,True
1790476913.0227,128.4009,9.2008,0.7113,1.1819,0.0823,0.1329,9.4344,True
1790476913.0728,128.4511,9.2019,0.7139,1.1865,0.0825,0.1295,9.4372,True
1790476913.1227,128.5009,9.2039,0.7191,1.1953,0.0826,0.1265,9.4428,True
1790476913.1727,128.5509,9.205,0.7217,1.1996,0.0828,0.1239,9.4456,True
1790476913.2227,128.6009,9.207,0.727,1.208,0.0828,0.1239,9.4513,True
1790476913.2733,128.6516,9.208,0.7296,1.2121,0.083,0.1196,9.4541,True
1790476913.3227,128.7009,9.2099,0.7349,1.2202,0.0832,0.1176,9.4597,True
1790476913.3728,128.751,9.2109,0.7376,1.2241,0.0832,0.1176,9.4626,True
1790476913.4228,128.801,9.2119,0.7403,1.228,0.0833,0.1158,9.4654,True
1790476913.4761,128.8543,9.2138,0.7456,1.2357,0.0833,0.1144,9.4711,True
1790476913.5227,128.9009,9.2147,0.7483,1.2395,0.0835,0.111,9.4739,True
1790476913.5729,128.9511,9.2165,0.7537,1.2469,0.0836,0.1092,9.4796,True
1790476913.6228,129.001,9.2174,0.7564,1.2506,0.0836,0.1092,9.4824,True
1790476913.6729,129.0511,9.2192,0.7618,1.2578,0.0837,0.1075,9.4881,True
1790476913.7228,129.101,9.2201,0.7645,1.2613,0.0838,0.1057,9.491,True
1790476913.7727,129.151,9.2218,0.77,1.2682,0.0839,0.1041,9.4967,True
1790476913.8227,129.2009,9.2226,0.7727,1.2716,0.084,0.1026,9.4996,True
1790476913.8727,129.2509,9.2243,0.7782,1.2783,0.0841,0.1012,9.5053,True
1790476913.9227,129.301,9.2251,0.7809,1.2816,0.0842,0.1,9.5082,True
1790476913.9727,129.3509,9.2267,0.7865,1.2882,0.0842,0.0988,9.5139,True
1790476914.0228,129.401,9.2275,0.7892,1.2914,0.0843,0.0974,9.5168,True
1790476914.0727,129.4509,9.2291,0.7947,1.2977,0.0844,0.096,9.5226,True
1790476914.1227,129.5009,9.2299,0.7975,1.3009,0.0845,0.0946,9.5254,True
1790476914.1727,129.5509,9.2307,0.8003,1.304,0.0846,0.0934,9.5283,True
1790476914.2228,129.601,9.2322,0.8059,1.3101,0.0846,0.0921,9.5341,True
1790476914.2727,129.6509,9.2329,0.8087,1.3131,0.0847,0.0909,9.537,True
1790476914.3242,129.7024,9.2344,0.8143,1.319,0.0848,0.0898,9.5427,True
1790476914.3727,129.7509,9.2351,0.8171,1.322,0.0849,0.0877,9.5456,True
1790476914.4227,129.801,9.2365,0.8227,1.3278,0.0849,0.0877,9.5514,True
1790476914.4727,129.8509,9.2372,0.8255,1.3306,0.085,0.0864,9.5543,True
1790476914.5227,129.9009,9.2385,0.8311,1.3363,0.085,0.0851,9.5601,True
1790476914.5727,129.9509,9.2392,0.8339,1.339,0.0851,0.0835,9.563,True
1790476914.6226,130.0009,9.2399,0.8368,1.3418,0.0852,0.0819,9.5659,True
1790476914.6727,130.0509,9.2412,0.8424,1.3471,0.0853,0.0803,9.5717,True
1790476914.7227,130.1009,9.2424,0.8481,1.3524,0.0855,0.0772,9.5775,True
1790476914.7727,130.1509,9.2431,0.8509,1.3549,0.0855,0.0772,9.5805,True
1790476914.8228,130.201,9.2437,0.8538,1.3575,0.0856,0.0758,9.5834,True
1790476914.8726,130.2509,9.2449,0.8595,1.3624,0.0857,0.0746,9.5892,True
1790476914.9227,130.3009,9.2455,0.8624,1.3649,0.0857,0.0735,9.5921,True
1790476914.9727,130.351,9.2467,0.8681,1.3697,0.0858,0.0724,9.598,True
1790476915.0232,130.4014,9.2473,0.8709,1.372,0.0859,0.0712,9.6009,True
1790476915.0727,130.4509,9.2484,0.8767,1.3767,0.0859,0.0702,9.6068,True
1790476915.1227,130.5009,9.249,0.8796,1.379,0.086,0.0693,9.6097,True
1790476915.1728,130.551,9.2501,0.8853,1.3835,0.086,0.0683,9.6155,True
1790476915.2227,130.6009,9.2506,0.8882,1.3857,0.0861,0.0674,9.6185,True
1790476915.2727,130.6509,9.2517,0.894,1.3901,0.0861,0.0665,9.6244,True
1790476915.3227,130.7009,9.2522,0.8969,1.3922,0.0862,0.0658,9.6273,True
1790476915.3728,130.751,9.2533,0.9027,1.3965,0.0862,0.0649,9.6332,True
1790476915.4226,130.8009,9.2538,0.9055,1.3986,0.0863,0.0638,9.6361,True
1790476915.4728,130.851,9.2548,0.9113,1.4027,0.0864,0.0627,9.642,True
1790476915.523,130.9013,9.2552,0.9142,1.4048,0.0864,0.0617,9.6449,True
1790476915.5728,130.951,9.2562,0.9201,1.4088,0.0865,0.0607,9.6508,True
1790476915.623,131.0012,9.2567,0.923,1.4108,0.0865,0.0596,9.6538,True
1790476915.6727,131.0509,9.2576,0.9288,1.4146,0.0866,0.0586,9.6597,True
1790476915.7227,131.1009,9.2581,0.9317,1.4165,0.0867,0.0568,9.6626,True
1790476915.7728,131.151,9.2585,0.9346,1.4184,0.0867,0.056,9.6656,True
1790476915.8227,131.2009,9.2594,0.9405,1.4221,0.0867,0.056,9.6715,True
1790476915.8727,131.2509,9.2598,0.9434,1.4239,0.0868,0.0552,9.6744,True
1790476915.9226,131.3009,9.2607,0.9493,1.4275,0.0869,0.0535,9.6804,True
1790476915.9727,131.3509,9.2611,0.9522,1.4293,0.0869,0.0525,9.6833,True
1790476916.0228,131.401,9.2619,0.958,1.4327,0.087,0.0516,9.6892,True
1790476916.0727,131.4509,9.2623,0.961,1.4344,0.087,0.0507,9.6922,True
1790476916.1228,131.501,9.2631,0.9669,1.4377,0.0871,0.0499,9.6981,True
1790476916.1726,131.5508,9.2635,0.9698,1.4394,0.0871,0.0493,9.7011,True
1790476916.2227,131.6009,9.2643,0.9757,1.4426,0.0871,0.0493,9.707,True
1790476916.2727,131.651,9.2647,0.9786,1.4441,0.0872,0.0487,9.71,True
1790476916.3227,131.7009,9.2654,0.9845,1.4473,0.0872,0.0472,9.716,True
1790476916.3726,131.7509,9.2658,0.9875,1.4488,0.0872,0.0472,9.7189,True
1790476916.4228,131.801,9.2661,0.9904,1.4503,0.0873,0.0463,9.7219,True
1790476916.4728,131.851,9.2669,0.9964,1.4533,0.0874,0.0454,9.7279,True
1790476916.5226,131.9008,9.2672,0.9993,1.4548,0.0874,0.044,9.7308,True
1790476916.5728,131.951,9.2679,1.0052,1.4577,0.0875,0.0432,9.7368,True
1790476916.6227,132.001,9.2682,1.0082,1.4591,0.0875,0.0432,9.7398,True
1790476916.6728,132.051,9.2689,1.0141,1.4618,0.0875,0.0425,9.7457,True
1790476916.7227,132.1009,9.2692,1.0171,1.4632,0.0876,0.0419,9.7487,True
1790476916.7727,132.1509,9.2698,1.023,1.4659,0.0876,0.0414,9.7547,True
1790476916.8228,132.201,9.2701,1.026,1.4672,0.0876,0.0405,9.7577,True
1790476916.8728,132.251,9.2707,1.0319,1.4698,0.0877,0.0396,9.7637,True
1790476916.9227,132.3009,9.271,1.0349,1.471,0.0877,0.0388,9.7667,True
1790476916.9727,132.351,9.2716,1.0409,1.4735,0.0878,0.0379,9.7726,True
1790476917.0227,132.401,9.2719,1.0438,1.4747,0.0878,0.0371,9.7756,True
1790476917.0726,132.4508,9.2725,1.0498,1.4771,0.0879,0.0364,9.7816,True
1790476917.123,132.5012,9.2728,1.0528,1.4782,0.0879,0.0357,9.7846,True
1790476917.1726,132.5509,9.2733,1.0588,1.4805,0.088,0.0349,9.7906,True
1790476917.2278,132.6061,9.2736,1.0617,1.4816,0.088,0.034,9.7936,True
1790476917.2726,132.6509,9.2741,1.0677,1.4838,0.0881,0.0333,9.7996,True
1790476917.3262,132.7045,9.2744,1.0707,1.4849,0.0881,0.0325,9.8026,True
1790476917.3727,132.7509,9.2746,1.0737,1.4859,0.0882,0.0317,9.8056,True
1790476917.4228,132.801,9.2751,1.0797,1.4879,0.0882,0.031,9.8116,True
1790476917.4728,132.851,9.2754,1.0827,1.4889,0.0882,0.0304,9.8146,True
1790476917.5227,132.9009,9.2759,1.0887,1.4909,0.0883,0.0297,9.8206,True
1790476917.5727,132.9509,9.2761,1.0917,1.4918,0.0883,0.0284,9.8236,True
1790476917.6228,133.001,9.2766,1.0977,1.4937,0.0883,0.0284,9.8297,True
1790476917.6726,133.0509,9.2768,1.1007,1.4946,0.0884,0.0277,9.8327,True
1790476917.7227,133.1009,9.2773,1.1067,1.4964,0.0885,0.0264,9.8387,True
1790476917.7726,133.1509,9.2775,1.1097,1.4973,0.0885,0.0259,9.8417,True
1790476917.8227,133.2009,9.2779,1.1157,1.499,0.0885,0.0259,9.8477,True
1790476917.8727,133.2509,9.2781,1.1187,1.4999,0.0885,0.0251,9.8507,True
1790476917.9227,133.3009,9.2785,1.1247,1.5016,0.0886,0.0247,9.8567,True
1790476917.9726,133.3508,9.2788,1.1277,1.5024,0.0886,0.0242,9.8598,True
1790476918.0226,133.4009,9.2792,1.1337,1.504,0.0886,0.0242,9.8658,True
1790476918.0726,133.4509,9.2794,1.1367,1.5048,0.0887,0.0231,9.8688,True
1790476918.1226,133.5009,9.2798,1.1427,1.5063,0.0887,0.0225,9.8748,True
1790476918.1732,133.5514,9.28,1.1457,1.5071,0.0887,0.0219,9.8778,True
1790476918.2228,133.601,9.2801,1.1488,1.5078,0.0887,0.0219,9.8809,True
1790476918.2726,133.6509,9.2805,1.1548,1.5092,0.0888,0.0211,9.8869,True
1790476918.3229,133.7011,9.2807,1.1578,1.5099,0.0888,0.0211,9.8899,True
1790476918.3728,133.751,9.2811,1.1638,1.5113,0.0888,0.0208,9.896,True
1790476918.4264,133.8046,9.2812,1.1668,1.512,0.0888,0.0204,9.899,True
1790476918.4728,133.851,9.2816,1.1729,1.5133,0.0888,0.0199,9.905,True
1790476918.5255,133.9037,9.2818,1.1759,1.514,0.0889,0.0194,9.908,True
1790476918.5727,133.9509,9.2821,1.1819,1.5152,0.0889,0.0184,9.9141,True
1790476918.6227,134.001,9.2823,1.185,1.5158,0.0889,0.0181,9.9171,True
1790476918.6729,134.0511,9.2826,1.191,1.517,0.0889,0.0181,9.9232,True
1790476918.7226,134.1009,9.2828,1.194,1.5176,0.089,0.017,9.9262,True
1790476918.7728,134.151,9.2831,1.2001,1.5188,0.089,0.0165,9.9323,True
1790476918.8226,134.2009,9.2832,1.2031,1.5193,0.0891,0.0159,9.9353,True
1790476918.8758,134.254,9.2834,1.2061,1.5199,0.0891,0.0154,9.9383,True
1790476918.9226,134.3009,9.2837,1.2122,1.5209,0.0891,0.015,9.9444,True
1790476918.973,134.3512,9.284,1.2182,1.5219,0.0891,0.0146,9.9504,True
1790476919.0227,134.4009,9.2841,1.2212,1.5224,0.0891,0.0146,9.9535,True
1790476919.0769,134.4551,9.2843,1.2243,1.5228,0.0892,0.0144,9.9565,True
1790476919.1228,134.501,9.2846,1.2303,1.5238,0.0892,0.014,9.9626,True
1790476919.1726,134.5509,9.2847,1.2334,1.5242,0.0892,0.0134,9.9656,True
1790476919.2226,134.6009,9.285,1.2394,1.5251,0.0892,0.0131,9.9717,True
1790476919.2728,134.651,9.2851,1.2425,1.5256,0.0893,0.0129,9.9747,True
1790476919.3227,134.7009,9.2854,1.2485,1.5264,0.0893,0.0125,9.9808,True
1790476919.3728,134.751,9.2855,1.2516,1.5268,0.0893,0.0122,9.9838,True
1790476919.4226,134.8008,9.2857,1.2546,1.5273,0.0893,0.0122,9.9868,True
1790476919.4728,134.8511,9.2859,1.2607,1.5281,0.0893,0.0119,9.9929,True
1790476919.5227,134.9009,9.2862,1.2667,1.5288,0.0893,0.0117,9.999,True
1790476919.5727,134.951,9.2863,1.2698,1.5292,0.0893,0.0115,10.002,True
1790476919.6229,135.0011,9.2866,1.2758,1.53,0.0893,0.0112,10.0081,True
1790476919.6728,135.0511,9.2867,1.2789,1.5304,0.0894,0.011,10.0111,True
1790476919.7227,135.1009,9.2869,1.2849,1.5311,0.0894,0.0107,10.0172,True
1790476919.7728,135.151,9.2871,1.288,1.5314,0.0894,0.0106,10.0203,True
1790476919.8226,135.2009,9.2872,1.291,1.5318,0.0894,0.0106,10.0233,True
1790476919.8728,135.251,9.2874,1.2971,1.5325,0.0894,0.0104,10.0294,True
1790476919.9227,135.3009,9.2875,1.3001,1.5328,0.0894,0.0101,10.0324,True
1790476919.9727,135.3509,9.2878,1.3062,1.5335,0.0894,0.0098,10.0385,True
1790476920.0227,135.4009,9.2879,1.3092,1.5338,0.0894,0.0095,10.0415,True
1790476920.0727,135.4509,9.2881,1.3153,1.5345,0.0895,0.0092,10.0476,True
1790476920.1227,135.5009,9.2882,1.3184,1.5348,0.0895,0.0088,10.0507,True
1790476920.1728,135.5511,9.2884,1.3244,1.5354,0.0895,0.0086,10.0568,True
1790476920.2226,135.6009,9.2885,1.3275,1.5357,0.0895,0.0084,10.0598,True
1790476920.2727,135.6509,9.2887,1.3336,1.5362,0.0895,0.0083,10.0659,True
1790476920.3226,135.7009,9.2888,1.3366,1.5365,0.0895,0.0081,10.0689,True
1790476920.3728,135.751,9.2891,1.3427,1.537,0.0895,0.0079,10.075,True
1790476920.4227,135.8009,9.2892,1.3457,1.5373,0.0895,0.0078,10.0781,True
1790476920.4737,135.852,9.2893,1.3488,1.5375,0.0896,0.0076,10.0811,True
1790476920.5227,135.9009,9.2895,1.3549,1.5381,0.0896,0.0075,10.0872,True
1790476920.5727,135.9509,9.2896,1.3579,1.5383,0.0896,0.0074,10.0902,True
1790476920.6227,136.001,9.2898,1.364,1.5388,0.0896,0.0073,10.0963,True
1790476920.6727,136.0509,9.2899,1.3671,1.539,0.0896,0.0071,10.0994,True
1790476920.7227,136.101,9.29,1.3731,1.5395,0.0896,0.0068,10.1055,True
1790476920.7728,136.151,9.2901,1.3762,1.5397,0.0896,0.0065,10.1085,True
1790476920.8227,136.2009,9.2903,1.3823,1.5402,0.0896,0.0063,10.1146,True
1790476920.8727,136.2509,9.2904,1.3853,1.5404,0.0896,0.0061,10.1177,True
1790476920.9227,136.3009,9.2906,1.3914,1.5408,0.0897,0.0059,10.1238,True
1790476920.9727,136.351,9.2907,1.3945,1.541,0.0897,0.0059,10.1268,True
1790476921.024,136.4022,9.2909,1.4006,1.5414,0.0897,0.0059,10.1329,True
1790476921.0728,136.451,9.291,1.4036,1.5415,0.0897,0.0057,10.136,True
1790476921.1227,136.5009,9.2911,1.4097,1.5419,0.0897,0.0056,10.1421,True
1790476921.1728,136.5511,9.2912,1.4128,1.5421,0.0897,0.0056,10.1451,True
1790476921.2247,136.6029,9.2914,1.4189,1.5425,0.0897,0.0055,10.1512,True
1790476921.273,136.6512,9.2915,1.4219,1.5426,0.0897,0.0054,10.1543,True
1790476921.3226,136.7009,9.2917,1.428,1.543,0.0897,0.0053,10.1604,True
1790476921.3728,136.751,9.2917,1.431,1.5432,0.0897,0.0052,10.1634,True
1790476921.4227,136.8009,9.2918,1.4341,1.5433,0.0897,0.0052,10.1665,True
1790476921.4728,136.851,9.292,1.4402,1.5437,0.0897,0.0051,10.1726,True
1790476921.5226,136.9009,9.2921,1.4432,1.5438,0.0897,0.0051,10.1756,True
1790476921.5728,136.951,9.2922,1.4493,1.5442,0.0897,0.005,10.1817,True
1790476921.6227,137.0009,9.2923,1.4524,1.5443,0.0897,0.005,10.1848,True
1790476921.6727,137.051,9.2925,1.4585,1.5447,0.0897,0.0049,10.1909,True
1790476921.7227,137.1009,9.2926,1.4615,1.5448,0.0897,0.0047,10.1939,True
1790476921.7728,137.1511,9.2927,1.4676,1.5451,0.0897,0.0045,10.2,True
1790476921.8227,137.2009,9.2928,1.4707,1.5453,0.0898,0.0042,10.2031,True
1790476921.8727,137.251,9.293,1.4768,1.5456,0.0898,0.0039,10.2092,True
1790476921.9226,137.3008,9.293,1.4798,1.5457,0.0898,0.0036,10.2122,True
1790476921.9728,137.351,9.2932,1.486,1.5459,0.0898,0.0034,10.2183,True
1790476922.0227,137.4009,9.2933,1.489,1.546,0.0898,0.0033,10.2214,True
1790476922.0726,137.4509,9.2934,1.4951,1.5463,0.0898,0.0033,10.2275,True
1790476922.1227,137.5009,9.2935,1.4982,1.5464,0.0898,0.0034,10.2305,True
1790476922.173,137.5513,9.2936,1.5043,1.5466,0.0898,0.0034,10.2367,True
1790476922.2226,137.6008,9.2937,1.5073,1.5467,0.0898,0.0036,10.2397,True
1790476922.2732,137.6514,9.2938,1.5104,1.5468,0.0898,0.0035,10.2428,True
1790476922.3227,137.7009,9.2939,1.5165,1.547,0.0898,0.0034,10.2489,True
1790476922.3727,137.751,9.294,1.5195,1.5471,0.0898,0.0031,10.2519,True
1790476922.4228,137.801,9.2941,1.5256,1.5473,0.0898,0.0029,10.258,True
1790476922.4727,137.8509,9.2942,1.5287,1.5474,0.0898,0.0026,10.2611,True
1790476922.5227,137.9009,9.2944,1.5348,1.5476,0.0899,0.0023,10.2672,True
1790476922.5728,137.951,9.2944,1.5379,1.5477,0.0899,0.0021,10.2702,True
1790476922.6227,138.0009,9.2946,1.544,1.5478,0.0899,0.0019,10.2764,True
1790476922.6732,138.0514,9.2946,1.547,1.5479,0.0899,0.0017,10.2794,True
1790476922.7227,138.1009,9.2948,1.5531,1.548,0.0899,0.0016,10.2855,True
1790476922.7727,138.1509,9.2948,1.5562,1.548,0.0899,0.0014,10.2886,True
1790476922.8227,138.2009,9.2949,1.5592,1.5481,0.0899,0.0011,10.2916,True
1790476922.8727,138.2509,9.2951,1.5654,1.5482,0.0899,0.001,10.2978,True
1790476922.9226,138.3009,9.2952,1.5715,1.5482,0.09,0.0008,10.3039,True
1790476922.9727,138.3509,9.2953,1.5745,1.5482,0.09,0.0005,10.3069,True
1790476923.0239,138.4021,9.2953,1.5776,1.5483,0.09,0.0003,10.31,True
1790476923.0726,138.4509,9.2955,1.5837,1.5483,0.09,0.0003,10.3161,True
1790476923.1227,138.5009,9.2955,1.5868,1.5483,0.09,0.0002,10.3192,True
1790476923.1727,138.5509,9.2957,1.5929,1.5483,0.09,0.0003,10.3253,True
1790476923.2226,138.6009,9.2957,1.596,1.5483,0.09,0.0003,10.3284,True
1790476923.2728,138.651,9.2959,1.6021,1.5483,0.09,0.0004,10.3345,True
1790476923.3227,138.7009,9.296,1.6051,1.5483,0.09,0.0004,10.3375,True
1790476923.3727,138.7509,9.2961,1.6112,1.5483,0.09,0.0005,10.3437,True
1790476923.4227,138.8009,9.2962,1.6143,1.5483,0.09,0.0007,10.3467,True
1790476923.4728,138.851,9.2963,1.6204,1.5483,0.09,0.0008,10.3528,True
1790476923.5227,138.9009,9.2964,1.6235,1.5484,0.09,0.0008,10.3559,True
1790476923.5727,138.9509,9.2965,1.6296,1.5484,0.0899,0.0009,10.362,True
1790476923.6262,139.0044,9.2966,1.6327,1.5484,0.0899,0.0009,10.3651,True
1790476923.673,139.0512,9.2967,1.6388,1.5485,0.0899,0.0009,10.3712,True
1790476923.7227,139.1009,9.2968,1.6418,1.5485,0.09,0.0007,10.3742,True
1790476923.7727,139.151,9.2969,1.6479,1.5485,0.09,0.0007,10.3804,True
1790476923.8226,139.2009,9.297,1.651,1.5486,0.09,0.0006,10.3834,True
1790476923.8727,139.2509,9.297,1.6541,1.5486,0.09,0.0006,10.3865,True
1790476923.9226,139.3009,9.2972,1.6602,1.5486,0.09,0.0006,10.3926,True
1790476923.9728,139.351,9.2973,1.6632,1.5486,0.09,0.0005,10.3957,True
1790476924.0227,139.401,9.2974,1.6694,1.5486,0.09,0.0005,10.4018,True
1790476924.0728,139.451,9.2975,1.6724,1.5486,0.09,0.0005,10.4048,True
1790476924.1265,139.5047,9.2976,1.6785,1.5487,0.09,0.0005,10.411,True
1790476924.1726,139.5509,9.2977,1.6816,1.5487,0.09,0.0006,10.414,True
1790476924.2226,139.6009,9.2978,1.6877,1.5487,0.09,0.0006,10.4201,True
1790476924.2726,139.6509,9.2979,1.6908,1.5487,0.09,0.0007,10.4232,True
1790476924.3227,139.7009,9.298,1.6969,1.5487,0.09,0.0008,10.4293,True
1790476924.3727,139.7509,9.2981,1.6999,1.5488,0.09,0.0007,10.4324,True
1790476924.4247,139.8029,9.2982,1.7061,1.5488,0.09,0.0006,10.4385,True
1790476924.4728,139.8511,9.2983,1.7091,1.5488,0.09,0.0006,10.4416,True
1790476924.5253,139.9035,9.2983,1.7122,1.5488,0.09,0.0008,10.4446,True
1790476924.5726,139.9508,9.2985,1.7183,1.5489,0.0899,0.0011,10.4507,True
1790476924.6228,140.001,9.2985,1.7214,1.5489,0.0899,0.0014,10.4538,True
1790476924.6727,140.0509,9.2987,1.7275,1.549,0.0899,0.0017,10.4599,True
1790476924.7227,140.1009,9.2987,1.7305,1.549,0.0899,0.0019,10.463,True
1790476924.7727,140.1509,9.2989,1.7366,1.5491,0.0899,0.002,10.4691,True
1790476924.8227,140.2009,9.2989,1.7397,1.5492,0.0899,0.0021,10.4721,True
1790476924.8728,140.251,9.2991,1.7458,1.5493,0.0899,0.0021,10.4782,True
1790476924.9227,140.3009,9.2991,1.7489,1.5494,0.0899,0.0021,10.4813,True
1790476924.9727,140.3509,9.2993,1.755,1.5495,0.0899,0.0021,10.4874,True
1790476925.0227,140.4009,9.2993,1.758,1.5496,0.0899,0.0021,10.4905,True
1790476925.0728,140.451,9.2995,1.7641,1.5497,0.0899,0.0022,10.4966,True
1790476925.1226,140.5009,9.2995,1.7672,1.5498,0.0899,0.0022,10.4996,True
1790476925.1727,140.5509,9.2996,1.7733,1.5499,0.0899,0.0021,10.5058,True
1790476925.2226,140.6009,9.2997,1.7764,1.55,0.0899,0.002,10.5088,True
1790476925.2744,140.6526,9.2998,1.7794,1.55,0.0899,0.0019,10.5119,True
1790476925.3227,140.7009,9.2999,1.7855,1.5502,0.0899,0.0017,10.518,True
1790476925.3728,140.7511,9.3,1.7886,1.5502,0.0899,0.0016,10.521,True
1790476925.4227,140.8009,9.3001,1.7947,1.5503,0.0899,0.0015,10.5272,True
1790476925.4729,140.8512,9.3002,1.7978,1.5504,0.0899,0.0015,10.5302,True
1790476925.5227,140.9009,9.3003,1.8039,1.5504,0.0899,0.0015,10.5363,True
1790476925.5728,140.951,9.3003,1.8069,1.5505,0.0899,0.0014,10.5394,True
1790476925.6227,141.0009,9.3005,1.813,1.5506,0.0899,0.0014,10.5455,True
1790476925.6728,141.0511,9.3005,1.8161,1.5506,0.0899,0.0013,10.5486,True
1790476925.7228,141.1011,9.3006,1.8222,1.5507,0.0899,0.001,10.5547,True
1790476925.7727,141.151,9.3007,1.8253,1.5507,0.09,0.0007,10.5577,True
1790476925.8227,141.2009,9.3008,1.8314,1.5508,0.09,0.0004,10.5638,True
1790476925.8728,141.251,9.3009,1.8344,1.5508,0.09,0.0003,10.5669,True
1790476925.9227,141.3009,9.301,1.8406,1.5507,0.09,0.0004,10.573,True
1790476925.9728,141.351,9.3011,1.8436,1.5507,0.09,0.0005,10.5761,True
1790476926.0228,141.401,9.3011,1.8467,1.5507,0.09,0.0007,10.5791,True
1790476926.0728,141.451,9.3013,1.8528,1.5508,0.0899,0.001,10.5853,True
1790476926.1227,141.5009,9.3014,1.8589,1.5508,0.0899,0.0012,10.5914,True
1790476926.1728,141.551,9.3014,1.862,1.5508,0.0899,0.0013,10.5944,True
1790476926.2227,141.6009,9.3015,1.865,1.5509,0.0899,0.0015,10.5975,True
1790476926.2727,141.6509,9.3016,1.8711,1.5509,0.0899,0.0012,10.6036,True
1790476926.3227,141.7009,9.3017,1.8742,1.551,0.0899,0.0014,10.6067,True
1790476926.3728,141.751,9.3018,1.8803,1.551,0.0899,0.0017,10.6128,True
1790476926.4227,141.8009,9.3019,1.8834,1.5511,0.0899,0.0021,10.6158,True
1790476926.4726,141.8509,9.302,1.8895,1.5512,0.0899,0.0023,10.622,True
1790476926.5227,141.9009,9.3021,1.8925,1.5513,0.0899,0.002,10.625,True
1790476926.5728,141.951,9.3022,1.8987,1.5514,0.0899,0.002,10.6311,True
1790476926.6228,142.0011,9.3022,1.9017,1.5515,0.0899,0.0021,10.6342,True
1790476926.6728,142.051,9.3023,1.9078,1.5516,0.0899,0.0022,10.6403,True
1790476926.7227,142.1009,9.3024,1.9109,1.5517,0.0899,0.0022,10.6434,True
1790476926.7727,142.151,9.3025,1.917,1.5518,0.0899,0.0023,10.6495,True
1790476926.8227,142.2009,9.3026,1.92,1.5519,0.0899,0.0023,10.6525,True
1790476926.8726,142.2509,9.3027,1.9262,1.552,0.0899,0.0023,10.6586,True
1790476926.9227,142.3009,9.3028,1.9292,1.5521,0.0899,0.0023,10.6617,True
1790476926.9727,142.3509,9.3029,1.9353,1.5522,0.0899,0.0024,10.6678,True
1790476927.0246,142.4028,9.3029,1.9384,1.5523,0.0899,0.0024,10.6709,True
1790476927.0727,142.451,9.303,1.9414,1.5524,0.0899,0.0024,10.6739,True
1790476927.1227,142.5009,9.3031,1.9475,1.5525,0.0899,0.0024,10.68,True
1790476927.1728,142.551,9.3031,1.9506,1.5526,0.0899,0.0024,10.6831,True
1790476927.2251,142.6033,9.3033,1.9567,1.5527,0.0899,0.0024,10.6892,True
1790476927.2727,142.651,9.3033,1.9598,1.5528,0.0899,0.0024,10.6923,True
1790476927.3276,142.7058,9.3034,1.9659,1.553,0.0899,0.0024,10.6984,True
1790476927.3729,142.7511,9.3035,1.9689,1.553,0.0899,0.0024,10.7014,True
1790476927.4227,142.8009,9.3036,1.975,1.5532,0.0899,0.0025,10.7075,True
1790476927.4741,142.8524,9.3036,1.9781,1.5533,0.0899,0.0025,10.7106,True
1790476927.5228,142.901,9.3037,1.9842,1.5534,0.0898,0.0026,10.7167,True
1790476927.5728,142.9511,9.3038,1.9873,1.5535,0.0899,0.0026,10.7198,True
1790476927.63,143.0082,9.3039,1.9934,1.5536,0.0899,0.0025,10.7259,True
1790476927.6727,143.0509,9.304,1.9964,1.5537,0.0898,0.0026,10.7289,True
1790476927.727,143.1052,9.304,1.9995,1.5538,0.0898,0.0027,10.732,True
1790476927.7729,143.1511,9.3041,2.0056,1.5539,0.028,-0.0001,10.7381,True
1790476927.823,143.2013,9.3042,2.0086,1.554,0.028,-0.0007,10.7411,True
1790476927.8735,143.2517,9.3042,2.0112,1.558,0.028,-0.005,10.7437,True
1790476927.9227,143.301,9.3042,2.0121,1.5579,0.028,-0.005,10.7446,True
1790476927.9728,143.351,9.3042,2.014,1.5576,0.028,-0.0047,10.7465,True
1790476928.0227,143.4009,9.3042,2.015,1.5575,0.028,-0.0044,10.7475,True
1790476928.0727,143.4509,9.3043,2.0169,1.5572,0.028,-0.0042,10.7494,True
1790476928.1228,143.501,9.3043,2.0178,1.557,0.028,-0.0039,10.7503,True
1790476928.1728,143.5511,9.3043,2.0197,1.5568,0.028,-0.0036,10.7522,True
1790476928.2251,143.6034,9.3043,2.0207,1.5566,0.028,-0.0034,10.7532,True
1790476928.2727,143.6509,9.3044,2.0226,1.5564,0.028,-0.0032,10.7551,True
1790476928.3226,143.7009,9.3044,2.0235,1.5563,0.028,-0.0029,10.756,True
1790476928.3728,143.751,9.3044,2.0254,1.5561,0.028,-0.0027,10.7579,True
1790476928.4228,143.801,9.3044,2.0264,1.556,0.028,-0.0026,10.7589,True
1790476928.4727,143.8509,9.3044,2.0283,1.5559,0.028,-0.0024,10.7608,True
1790476928.5228,143.901,9.3045,2.0293,1.5558,0.028,-0.0023,10.7618,True
1790476928.5726,143.9509,9.3045,2.0312,1.5556,0.028,-0.0021,10.7637,True
1790476928.6229,144.0011,9.3045,2.0321,1.5556,0.028,-0.002,10.7646,True
1790476928.6727,144.0509,9.3045,2.0331,1.5555,0.028,-0.0019,10.7656,True
1790476928.7227,144.1009,9.3045,2.035,1.5554,0.028,-0.0018,10.7675,True
1790476929.4329,144.8111,9.3046,2.0359,1.5553,0.028,-0.0018,10.7684,True
1790476929.4729,144.8511,9.3047,2.0426,1.555,0.028,-0.0017,10.7751,True
1790476929.5227,144.9009,9.3047,2.0445,1.5549,0.028,-0.0011,10.777,True
1790476929.5867,144.9649,9.3047,2.0464,1.5548,0.028,-0.001,10.7789,True
1790476929.6227,145.001,9.3047,2.0483,1.5547,0.028,-0.0009,10.7808,True
1790476930.4079,145.7862,9.3047,2.0483,1.5547,0.028,-0.0009,10.7808,True
1790476930.4226,145.8009,9.3048,2.0521,1.5546,0.028,-0.0009,10.7846,True
1790476930.4728,145.851,9.3049,2.0559,1.5546,0.028,-0.0007,10.7884,True
1790476930.5227,145.9009,9.3049,2.0578,1.5545,0.028,-0.0006,10.7903,True
1790476930.5731,145.9513,9.3049,2.0588,1.5545,0.028,-0.0006,10.7913,True
1790476930.6227,146.0009,9.3049,2.0607,1.5545,0.028,-0.0006,10.7932,True
1790476930.6727,146.0509,9.305,2.0616,1.5545,0.028,-0.0005,10.7941,True
1790476930.7227,146.101,9.305,2.0635,1.5544,0.028,-0.0005,10.796,True
1790476930.7728,146.151,9.305,2.0645,1.5544,0.028,-0.0005,10.797,True
1790476930.8227,146.2009,9.305,2.0664,1.5544,0.028,-0.0005,10.7989,True
1790476930.8726,146.2508,9.3051,2.0674,1.5544,0.028,-0.0004,10.7999,True
1790476930.9228,146.301,9.3051,2.0693,1.5544,0.028,-0.0004,10.8018,True
1790476930.9727,146.3509,9.3051,2.0702,1.5544,0.028,-0.0004,10.8027,True
1790476931.0237,146.402,9.3051,2.0721,1.5544,0.028,-0.0004,10.8046,True
1790476931.0727,146.451,9.3052,2.0731,1.5544,0.028,-0.0004,10.8056,True
1790476931.1226,146.5009,9.3052,2.075,1.5543,0.028,-0.0004,10.8075,True
1790476931.1728,146.551,9.3052,2.0759,1.5543,0.028,-0.0004,10.8084,True
1790476931.2236,146.6018,9.3052,2.0778,1.5543,0.028,-0.0003,10.8103,True
1790476931.2727,146.6509,9.3052,2.0788,1.5543,0.028,-0.0003,10.8113,True
1790476931.3226,146.7008,9.3053,2.0807,1.5543,0.028,-0.0003,10.8132,True
1790476931.3729,146.7511,9.3053,2.0816,1.5543,0.028,-0.0003,10.8141,True
1790476931.4228,146.801,9.3053,2.0826,1.5543,0.028,-0.0003,10.8151,True
1790476931.4748,146.853,9.3053,2.0845,1.5543,0.028,-0.0003,10.817,True
1790476931.5227,146.9009,9.3054,2.0864,1.5543,0.028,-0.0003,10.8189,True
1790476931.5728,146.951,9.3054,2.0874,1.5543,0.028,-0.0003,10.8199,True
1790476931.6227,147.001,9.3054,2.0883,1.5543,0.028,-0.0003,10.8208,True
1790476931.6727,147.051,9.3054,2.0902,1.5543,0.028,-0.0003,10.8227,True
1790476931.7227,147.1009,9.3055,2.0912,1.5543,0.028,-0.0003,10.8237,True
1790476931.7728,147.151,9.3055,2.0931,1.5543,0.028,-0.0003,10.8256,True
1790476931.8228,147.201,9.3055,2.094,1.5543,0.028,-0.0003,10.8265,True
1790476931.8747,147.2529,9.3055,2.0959,1.5543,0.028,-0.0003,10.8284,True
1790476931.9227,147.301,9.3055,2.0969,1.5542,0.028,-0.0003,10.8294,True
1790476931.9751,147.3533,9.3056,2.0988,1.5542,0.028,-0.0002,10.8313,True
1790476932.0228,147.401,9.3056,2.0997,1.5542,0.028,-0.0002,10.8322,True
1790476932.0749,147.4531,9.3056,2.1016,1.5542,0.028,-0.0002,10.8341,True
1790476932.1227,147.5009,9.3056,2.1026,1.5542,0.028,0.0001,10.8351,True
1790476932.1727,147.5509,9.3057,2.1045,1.5542,0.028,0.0001,10.837,True
1790476932.2227,147.6009,9.3057,2.1055,1.5542,0.028,0.0001,10.838,True
1790476932.2727,147.6509,9.3057,2.1074,1.5542,0.028,0.0001,10.8399,True
1790476932.3227,147.7009,9.3057,2.1083,1.5542,0.028,0.0001,10.8408,True
1790476932.3728,147.751,9.3058,2.1093,1.5542,0.028,0.0001,10.8418,True
1790476932.4227,147.8009,9.3058,2.1112,1.5542,0.028,0.0001,10.8437,True
1790476932.4727,147.8509,9.3058,2.1121,1.5542,0.028,0.0001,10.8446,True
1790476932.5227,147.9009,9.3058,2.114,1.5542,0.028,0.0001,10.8465,True
1790476932.5756,147.9538,9.3058,2.115,1.5542,0.028,0.0001,10.8475,True
1790476932.624,148.0022,9.3059,2.1169,1.5542,0.028,0.0001,10.8494,True
1790476932.6728,148.051,9.3059,2.1178,1.5542,0.028,0.0001,10.8503,True
1790476932.7227,148.1009,9.3059,2.1197,1.5542,0.028,0.0001,10.8522,True
1790476932.7729,148.1511,9.3059,2.1207,1.5542,0.028,0.0001,10.8532,True
1790476932.8227,148.2009,9.306,2.1226,1.5542,0.028,0.0001,10.8551,True
1790476932.8728,148.251,9.306,2.1235,1.5542,0.028,0.0001,10.8561,True
1790476932.9227,148.3009,9.306,2.1255,1.5542,0.028,0.0001,10.858,True
1790476932.9728,148.3511,9.306,2.1264,1.5542,0.028,0.0001,10.8589,True
1790476933.0227,148.4009,9.3061,2.1283,1.5542,0.028,0.0001,10.8608,True
1790476933.0753,148.4535,9.3061,2.1293,1.5542,0.028,0.0001,10.8618,True
1790476933.1226,148.5008,9.3061,2.1312,1.5542,0.028,0.0001,10.8637,True
1790476933.1729,148.5511,9.3061,2.1321,1.5542,0.028,0.0001,10.8646,True
1790476933.2227,148.6009,9.3061,2.1331,1.5542,0.028,0.0002,10.8656,True
1790476933.2776,148.6558,9.3062,2.135,1.5542,0.028,0.0002,10.8675,True
1790476933.3227,148.7009,9.3062,2.1359,1.5542,0.028,0.0002,10.8684,True
1790476933.3728,148.751,9.3062,2.1378,1.5542,0.028,0.0002,10.8703,True
1790476933.4227,148.801,9.3062,2.1388,1.5542,0.028,0.0002,10.8713,True
1790476933.4753,148.8535,9.3063,2.1407,1.5542,0.028,0.0002,10.8732,True
1790476933.5227,148.901,9.3063,2.1416,1.5542,0.028,0.0002,10.8742,True
1790476933.5754,148.9536,9.3063,2.1435,1.5542,0.028,0.0002,10.8761,True
1790476933.6227,149.0009,9.3063,2.1445,1.5542,0.03,0.0002,10.877,True
1790476933.6727,149.0509,9.3064,2.1465,1.5542,0.03,0.0002,10.879,True
1790476933.7227,149.1009,9.3064,2.1475,1.5542,0.03,0.0002,10.88,True
1790476933.7727,149.151,9.3064,2.1495,1.5542,0.03,0.0002,10.882,True
1790476933.8228,149.201,9.3064,2.1506,1.5542,0.03,0.0002,10.8831,True
1790476933.8731,149.2514,9.3065,2.1526,1.5542,0.03,0.0002,10.8851,True
1790476933.9227,149.3009,9.3065,2.1536,1.5542,0.03,0.0002,10.8861,True
1790476933.9742,149.3524,9.3065,2.1557,1.5542,0.03,0.0002,10.8882,True
1790476934.0228,149.401,9.3065,2.1567,1.5542,0.03,0.0002,10.8892,True
1790476934.0727,149.4509,9.3066,2.1577,1.5542,0.03,0.0002,10.8902,True
1790476934.1227,149.501,9.3066,2.1597,1.5542,0.03,0.0002,10.8922,True
1790476934.1727,149.551,9.3066,2.1608,1.5542,0.03,0.0002,10.8933,True
1790476934.2228,149.601,9.3066,2.1628,1.5542,0.03,0.0002,10.8953,True
1790476934.2728,149.651,9.3067,2.1638,1.5542,0.03,0.0002,10.8963,True
1790476934.3227,149.7009,9.3067,2.1659,1.5542,0.03,0.0002,10.8984,True
1790476934.3728,149.751,9.3067,2.1669,1.5542,0.03,0.0002,10.8994,True
1790476934.4227,149.8009,9.3067,2.1689,1.5542,0.03,0.0002,10.9014,True
1790476934.4728,149.851,9.3068,2.1699,1.5542,0.03,0.0002,10.9025,True
1790476934.5227,149.9009,9.3068,2.172,1.5542,0.03,0.0002,10.9045,True
1790476934.5728,149.951,9.3068,2.173,1.5542,0.03,0.0002,10.9055,True
1790476934.6226,150.0008,9.3068,2.175,1.5542,0.03,0.0002,10.9076,True
1790476934.6748,150.053,9.3069,2.1761,1.5542,0.03,0.0002,10.9086,True
1790476934.7227,150.1009,9.3069,2.1781,1.5542,0.03,0.0002,10.9106,True
1790476934.7728,150.151,9.3069,2.1791,1.5542,0.03,0.0002,10.9116,True
1790476934.8228,150.201,9.3069,2.1801,1.5542,0.03,0.0002,10.9127,True
1790476934.8728,150.251,9.307,2.1822,1.5542,0.03,0.0002,10.9147,True
1790476934.9263,150.3045,9.307,2.1832,1.5542,0.03,0.0002,10.9157,True
1790476934.9728,150.3511,9.307,2.1852,1.5542,0.03,0.0002,10.9178,True
1790476935.0227,150.4009,9.307,2.1863,1.5542,0.03,0.0002,10.9188,True
1790476935.0728,150.4511,9.3071,2.1883,1.5542,0.03,0.0002,10.9208,True
1790476935.1226,150.5009,9.3071,2.1893,1.5542,0.03,0.0002,10.9218,True
1790476935.1728,150.551,9.3071,2.1914,1.5542,0.03,0.0002,10.9239,True
1790476935.2227,150.6009,9.3071,2.1924,1.5542,0.03,0.0002,10.9249,True
1790476935.2727,150.6509,9.3072,2.1944,1.5542,0.03,0.0002,10.9269,True
1790476935.3227,150.7009,9.3072,2.1955,1.5542,0.03,0.0002,10.928,True
1790476935.3727,150.7509,9.3072,2.1975,1.5542,0.03,0.0002,10.93,True
1790476935.4231,150.8013,9.3072,2.1985,1.5542,0.03,0.0002,10.931,True
1790476935.4727,150.8509,9.3073,2.2006,1.5542,0.03,0.0002,10.9331,True
1790476935.5226,150.9009,9.3073,2.2016,1.5542,0.03,0.0002,10.9341,True
1790476935.5727,150.9509,9.3073,2.2036,1.5542,0.03,0.0002,10.9361,True
1790476935.6228,151.001,9.3073,2.2046,1.5542,0.03,0.0002,10.9372,True
1790476935.6727,151.0509,9.3073,2.2057,1.5542,0.03,0.0002,10.9382,True
1790476935.7226,151.1008,9.3074,2.2077,1.5542,0.03,0.0002,10.9402,True
1790476935.7727,151.1509,9.3074,2.2087,1.5542,0.03,0.0002,10.9412,True
1790476935.8226,151.2009,9.3074,2.2108,1.5542,0.03,0.0002,10.9433,True
1790476935.8728,151.251,9.3074,2.2118,1.5542,0.03,0.0002,10.9443,True
1790476935.9227,151.3009,9.3075,2.2138,1.5542,0.03,0.0002,10.9463,True
1790476935.9727,151.3509,9.3075,2.2148,1.5542,0.03,0.0002,10.9474,True
1790476936.0228,151.401,9.3075,2.2169,1.5542,0.03,0.0002,10.9494,True
1790476936.0728,151.451,9.3075,2.2179,1.5542,0.03,0.0002,10.9504,True
1790476936.1227,151.5009,9.3076,2.2199,1.5542,0.03,0.0002,10.9525,True
1790476936.1727,151.5509,9.3076,2.221,1.5542,0.03,0.0002,10.9535,True
1790476936.2228,151.601,9.3076,2.222,1.5542,0.03,0.0002,10.9545,True
1790476936.2777,151.656,9.3076,2.224,1.5542,0.03,0.0002,10.9565,True
1790476936.3227,151.7009,9.3077,2.2261,1.5542,0.03,0.0002,10.9586,True
1790476936.3727,151.7509,9.3077,2.2271,1.5542,0.03,0.0002,10.9596,True
1790476936.4227,151.801,9.3077,2.2281,1.5542,0.03,0.0002,10.9606,True
1790476936.4728,151.851,9.3078,2.2301,1.5542,0.03,0.0002,10.9627,True
1790476936.5227,151.9009,9.3078,2.2312,1.5542,0.03,0.0002,10.9637,True
1790476936.5727,151.951,9.3078,2.2332,1.5542,0.03,0.0003,10.9657,True
1790476936.6228,152.001,9.3078,2.2342,1.5542,0.03,0.0003,10.9668,True
1790476936.6727,152.0509,9.3079,2.2363,1.5542,0.03,0.0003,10.9688,True
1790476936.7228,152.101,9.3079,2.2373,1.5542,0.03,0.0003,10.9698,True
1790476936.7729,152.1512,9.3079,2.2393,1.5542,0.03,0.0003,10.9719,True
1790476936.8229,152.2011,9.3079,2.2403,1.5542,0.03,0.0003,10.9729,True
1790476936.8728,152.251,9.308,2.2424,1.5542,0.03,0.0003,10.9749,True
1790476936.9227,152.301,9.308,2.2434,1.5542,0.03,0.0003,10.9759,True
1790476936.9727,152.3509,9.308,2.2455,1.5542,0.03,0.0003,10.978,True
1790476937.0228,152.4011,9.308,2.2465,1.5542,0.03,0.0003,10.979,True
1790476937.0728,152.451,9.3081,2.2485,1.5542,0.03,0.0003,10.981,True
1790476937.1227,152.5009,9.3081,2.2495,1.5542,0.03,0.0003,10.9821,True
1790476937.1727,152.5509,9.3081,2.2516,1.5542,0.03,0.0003,10.9841,True
1790476937.223,152.6012,9.3081,2.2526,1.5542,0.03,0.0003,10.9851,True
1790476937.2776,152.6558,9.3081,2.2536,1.5542,0.03,0.0003,10.9861,True
1790476937.3228,152.701,9.3082,2.2557,1.5542,0.03,0.0003,10.9882,True
1790476937.3728,152.751,9.3082,2.2567,1.5542,0.03,0.0003,10.9892,True
1790476937.4227,152.8009,9.3082,2.2587,1.5542,0.03,0.0003,10.9912,True
1790476937.4727,152.851,9.3082,2.2597,1.5542,0.03,0.0003,10.9923,True
1790476937.5227,152.9009,9.3083,2.2618,1.5542,0.03,0.0003,10.9943,True
1790476937.5728,152.951,9.3083,2.2628,1.5542,0.03,0.0003,10.9953,True
1790476937.6227,153.0009,9.3083,2.2648,1.5542,0.03,0.0003,10.9974,True
1790476937.6728,153.051,9.3083,2.2659,1.5542,0.03,0.0003,10.9984,True
1790476937.7227,153.1009,9.3084,2.2679,1.5542,0.03,0.0003,11.0004,True
1790476937.7728,153.151,9.3084,2.2689,1.5542,0.03,0.0003,11.0014,True
1790476937.8227,153.2009,9.3084,2.271,1.5542,0.03,0.0003,11.0035,True
1790476937.8727,153.251,9.3084,2.272,1.5542,0.03,0.0003,11.0045,True
1790476937.9226,153.3009,9.3085,2.274,1.5542,0.03,0.0003,11.0066,True
1790476937.9731,153.3514,9.3085,2.275,1.5542,0.03,0.0003,11.0076,True
1790476938.0227,153.4009,9.3085,2.2761,1.5542,0.03,0.0003,11.0086,True
1790476938.0727,153.4509,9.3085,2.2781,1.5542,0.03,0.0003,11.0106,True
1790476938.1227,153.5009,9.3086,2.2791,1.5542,0.03,0.0003,11.0117,True
1790476938.1728,153.551,9.3086,2.2812,1.5542,0.0899,0.0023,11.0137,True
1790476938.2289,153.6071,9.3086,2.2822,1.5542,0.0897,0.006,11.0147,True
1790476938.2728,153.651,9.3087,2.2872,1.5546,0.0893,0.0113,11.0198,True
1790476938.3228,153.701,9.3087,2.2903,1.555,0.089,0.0168,11.0228,True
1790476938.3728,153.751,9.3088,2.2964,1.5559,0.0887,0.0219,11.0289,True
1790476938.4253,153.8035,9.3089,2.2994,1.5566,0.0885,0.0263,11.0319,True
1790476938.4729,153.8511,9.309,2.3054,1.5582,0.028,-0.0011,11.0379,True
1790476938.5228,153.901,9.309,2.3073,1.5584,0.0883,0.0298,11.0399,True
1790476938.5728,153.951,9.309,2.3104,1.5583,0.0881,0.0325,11.0429,True
1790476938.6226,154.0009,9.3091,2.3133,1.5595,0.088,0.0346,11.0459,True
1790476938.6726,154.0509,9.3091,2.3193,1.5617,0.0879,0.036,11.0519,True
1790476938.7228,154.101,9.3091,2.3223,1.5629,0.0878,0.0371,11.0549,True
1790476938.7727,154.1509,9.3092,2.3283,1.5654,0.0878,0.0378,11.0608,True
1790476938.8227,154.2009,9.3092,2.3313,1.5667,0.0878,0.0384,11.0638,True
1790476938.8778,154.2561,9.3092,2.3343,1.5679,0.0878,0.0383,11.0668,True
1790476938.9227,154.301,9.3092,2.3403,1.5705,0.0878,0.0379,11.0728,True
1790476938.9728,154.351,9.3092,2.3432,1.5718,0.0878,0.037,11.0758,True
1790476939.0227,154.4009,9.3092,2.3492,1.5743,0.0879,0.0361,11.0817,True
1790476939.0727,154.4509,9.3092,2.3522,1.5755,0.088,0.0348,11.0847,True
1790476939.1229,154.5011,9.3092,2.3582,1.5779,0.028,-0.0024,11.0907,True
1790476939.1728,154.551,9.3091,2.3601,1.5789,0.028,-0.0049,11.0926,True
1790476939.2227,154.6009,9.3091,2.362,1.5787,0.028,-0.0048,11.0945,True
1790476939.2728,154.651,9.3091,2.363,1.5785,0.0881,0.0331,11.0955,True
1790476939.3227,154.7009,9.3091,2.366,1.5784,0.0882,0.0315,11.0985,True
1790476939.3727,154.751,9.3091,2.3689,1.5795,0.0883,0.03,11.1015,True
1790476939.4227,154.8009,9.309,2.3749,1.5815,0.0883,0.0287,11.1075,True
1790476939.4761,154.8543,9.309,2.3779,1.5825,0.0884,0.0276,11.1105,True
1790476939.5226,154.9009,9.3089,2.3839,1.5844,0.0885,0.0264,11.1165,True
1790476939.5728,154.951,9.3089,2.387,1.5853,0.0885,0.0253,11.1195,True
1790476939.6227,155.0009,9.3088,2.393,1.587,0.0886,0.0242,11.1255,True
1790476939.6727,155.051,9.3087,2.396,1.5878,0.0887,0.0229,11.1285,True
1790476939.7227,155.1009,9.3087,2.399,1.5886,0.0888,0.0214,11.1315,True
1790476939.7727,155.1509,9.3086,2.405,1.5901,0.0888,0.02,11.1376,True
1790476939.8255,155.2037,9.3085,2.4081,1.5908,0.0889,0.0189,11.1406,True
1790476939.8727,155.251,9.3084,2.4141,1.5921,0.089,0.0177,11.1466,True
1790476939.9227,155.301,9.3083,2.4171,1.5928,0.089,0.0164,11.1497,True
1790476939.9728,155.351,9.3082,2.4232,1.594,0.0891,0.0151,11.1557,True
1790476940.0228,155.401,9.3081,2.4262,1.5945,0.0892,0.0139,11.1587,True
1790476940.0727,155.4509,9.308,2.4323,1.5955,0.0893,0.0126,11.1648,True
1790476940.1226,155.5009,9.3079,2.4353,1.596,0.0893,0.0113,11.1679,True
1790476940.1727,155.5509,9.3077,2.4414,1.5968,0.0894,0.01,11.1739,True
1790476940.2244,155.6027,9.3076,2.4444,1.5971,0.0895,0.0087,11.177,True
1790476940.2727,155.6509,9.3075,2.4505,1.5978,0.0896,0.0075,11.1831,True
1790476940.3227,155.701,9.3074,2.4535,1.598,0.0896,0.0067,11.1861,True
1790476940.3729,155.7511,9.3072,2.4596,1.5985,0.0897,0.006,11.1922,True
1790476940.4231,155.8014,9.3071,2.4627,1.5987,0.0897,0.0055,11.1952,True
1790476940.4727,155.8509,9.3071,2.4657,1.599,0.0897,0.005,11.1983,True
1790476940.5227,155.9009,9.3069,2.4718,1.5993,0.0897,0.0044,11.2044,True
1790476940.5728,155.951,9.3068,2.4749,1.5995,0.0898,0.0037,11.2074,True
1790476940.6227,156.001,9.3066,2.481,1.5998,0.0898,0.0032,11.2135,True
1790476940.6728,156.051,9.3065,2.484,1.5999,0.0899,0.0025,11.2166,True
1790476940.7226,156.1009,9.3064,2.4901,1.6001,0.0899,0.0018,11.2227,True
1790476940.7728,156.151,9.3063,2.4932,1.6002,0.0899,0.001,11.2258,True
1790476940.823,156.2012,9.3061,2.4993,1.6003,0.09,0.0002,11.2319,True
1790476940.8727,156.2509,9.306,2.5024,1.6004,0.09,-0.0005,11.2349,True
1790476940.9229,156.3011,9.3058,2.5085,1.6004,0.0899,-0.0012,11.2411,True
1790476940.9727,156.3509,9.3057,2.5115,1.6004,0.0899,-0.0019,11.2441,True
1790476941.0228,156.401,9.3055,2.5177,1.6003,0.0898,-0.0026,11.2502,True
1790476941.0727,156.451,9.3055,2.5207,1.6002,0.0898,-0.0031,11.2533,True
1790476941.1234,156.5016,9.3054,2.5238,1.6001,0.0898,-0.0034,11.2563,True
1790476941.1728,156.551,9.3052,2.5299,1.5999,0.0898,-0.0036,11.2625,True
1790476941.2227,156.6009,9.3051,2.5329,1.5998,0.0898,-0.0037,11.2655,True
1790476941.2727,156.651,9.3049,2.539,1.5996,0.0898,-0.0038,11.2716,True
1790476941.3228,156.701,9.3048,2.5421,1.5995,0.0898,-0.004,11.2747,True
1790476941.3727,156.751,9.3047,2.5482,1.5992,0.0898,-0.0041,11.2808,True
1790476941.4227,156.8009,9.3046,2.5512,1.5991,0.0898,-0.0043,11.2838,True
1790476941.4727,156.8509,9.3044,2.5573,1.5988,0.0898,-0.0042,11.2899,True
1790476941.5227,156.9009,9.3043,2.5604,1.5987,0.0898,-0.0037,11.293,True
1790476941.5727,156.9509,9.3041,2.5665,1.5985,0.0898,-0.0035,11.2991,True
1790476941.6227,157.0009,9.3041,2.5695,1.5983,0.0898,-0.0032,11.3021,True
1790476941.6727,157.0509,9.3039,2.5756,1.5981,0.0898,-0.0031,11.3082,True
1790476941.7227,157.101,9.3038,2.5787,1.598,0.0898,-0.0029,11.3113,True
1790476941.7727,157.1509,9.3036,2.5848,1.5979,0.0898,-0.0027,11.3174,True
1790476941.8228,157.201,9.3036,2.5879,1.5978,0.0899,-0.0025,11.3205,True
1790476941.8727,157.2509,9.3034,2.594,1.5976,0.0899,-0.0021,11.3266,True
1790476941.9255,157.3037,9.3033,2.597,1.5976,0.0899,-0.0016,11.3296,True
1790476941.9727,157.3509,9.3032,2.6001,1.5975,0.0899,-0.0014,11.3327,True
1790476942.0227,157.4009,9.3031,2.6062,1.5974,0.0899,-0.0013,11.3388,True
1790476942.0728,157.451,9.303,2.6093,1.5974,0.0899,-0.0011,11.3419,True
1790476942.1227,157.5009,9.3028,2.6154,1.5973,0.09,-0.0006,11.348,True
1790476942.1726,157.5509,9.3027,2.6184,1.5973,0.09,-0.0003,11.351,True
1790476942.2227,157.6009,9.3026,2.6245,1.5973,0.09,0.0,11.3572,True
1790476942.2727,157.6509,9.3025,2.6276,1.5973,0.0898,-0.0037,11.3602,True
1790476942.3228,157.701,9.3023,2.6337,1.5972,0.0897,-0.0051,11.3663,True
1790476942.3727,157.7509,9.3023,2.6368,1.597,0.0897,-0.0052,11.3694,True
1790476942.4227,157.8009,9.3021,2.6429,1.5967,0.0897,-0.0048,11.3755,True
1790476942.4727,157.851,9.302,2.6459,1.5965,0.0897,-0.0048,11.3785,True
1790476942.5262,157.9044,9.3019,2.652,1.5963,0.0899,-0.0021,11.3846,True
1790476942.5727,157.9509,9.3018,2.6551,1.5962,0.09,-0.0007,11.3877,True
1790476942.624,158.0022,9.3017,2.6581,1.5962,0.09,-0.0007,11.3908,True
1790476942.6727,158.0509,9.3016,2.6642,1.5961,0.0899,0.0014,11.3969,True
1790476942.7227,158.1009,9.3014,2.6704,1.5962,0.0899,0.0024,11.403,True
1790476942.7727,158.1509,9.3013,2.6734,1.5963,0.0898,0.0035,11.406,True
1790476942.8258,158.204,9.3012,2.6765,1.5964,0.0898,0.0035,11.4091,True
1790476942.8727,158.2509,9.3011,2.6826,1.5967,0.0897,0.0056,11.4152,True
1790476942.9251,158.3034,9.301,2.6856,1.5968,0.0898,0.0031,11.4183,True
1790476942.9727,158.351,9.3008,2.6917,1.5971,0.0898,0.0029,11.4244,True
1790476943.0228,158.401,9.3008,2.6948,1.5972,0.0898,0.004,11.4274,True
1790476943.0727,158.4509,9.3006,2.7009,1.5975,0.0897,0.0057,11.4335,True
1790476943.1227,158.5009,9.3005,2.7039,1.5976,0.0896,0.0076,11.4366,True
1790476943.1729,158.5511,9.3004,2.71,1.5981,0.0894,0.0095,11.4427,True
1790476943.2228,158.601,9.3003,2.7131,1.5984,0.0894,0.0095,11.4457,True
1790476943.2728,158.651,9.3001,2.7192,1.5991,0.0893,0.0128,11.4518,True
1790476943.3242,158.7024,9.3,2.7222,1.5995,0.0892,0.0142,11.4548,True
1790476943.3727,158.7509,9.2998,2.7283,1.6004,0.0891,0.0155,11.4609,True
1790476943.4227,158.8009,9.2998,2.7313,1.6009,0.089,0.0168,11.4639,True
1790476943.4727,158.8509,9.2996,2.7373,1.602,0.028,-0.001,11.47,True
1790476943.5228,158.901,9.2995,2.7392,1.603,0.0889,0.0185,11.4719,True
1790476943.5727,158.9509,9.2994,2.7423,1.603,0.0888,0.0199,11.4749,True
1790476943.6227,159.001,9.2993,2.7452,1.6037,0.0888,0.0208,11.4779,True
1790476943.6727,159.0509,9.2992,2.7483,1.6044,0.0887,0.0224,11.4809,True
1790476943.7227,159.1009,9.299,2.7543,1.6059,0.0886,0.0238,11.487,True
1790476943.773,159.1512,9.2989,2.7573,1.6066,0.0885,0.0249,11.49,True
1790476943.8228,159.201,9.2987,2.7633,1.6083,0.0885,0.0263,11.496,True
1790476943.878,159.2562,9.2986,2.7663,1.6091,0.0884,0.0275,11.499,True
1790476943.9227,159.3009,9.2983,2.7724,1.611,0.0886,0.0246,11.505,True
1790476943.9727,159.3509,9.2982,2.7754,1.6119,0.0886,0.0241,11.508,True
1790476944.0261,159.4043,9.2979,2.7814,1.6136,0.0885,0.0254,11.5141,True
1790476944.0727,159.4509,9.2978,2.7844,1.6144,0.0884,0.0273,11.5171,True
1790476944.1228,159.5011,9.2976,2.7904,1.6162,0.0885,0.0251,11.5231,True
1790476944.173,159.5512,9.2974,2.7934,1.6171,0.0885,0.0254,11.5261,True
1790476944.2257,159.604,9.2971,2.7994,1.6188,0.0884,0.0272,11.5321,True
1790476944.2727,159.651,9.297,2.8024,1.6196,0.0882,0.0301,11.5352,True
1790476944.3227,159.7009,9.2967,2.8084,1.6216,0.0881,0.0331,11.5412,True
1790476944.3727,159.7509,9.2965,2.8114,1.6227,0.0879,0.0359,11.5442,True
1790476944.4227,159.8009,9.2962,2.8174,1.6251,0.0878,0.0383,11.5501,True
1790476944.4727,159.851,9.2961,2.8204,1.6263,0.0876,0.0407,11.5531,True
1790476944.5228,159.901,9.2959,2.8234,1.6276,0.0876,0.0407,11.5561,True
1790476944.5727,159.9509,9.2955,2.8293,1.6304,0.0877,0.0394,11.5621,True
1790476944.6227,160.0009,9.2954,2.8323,1.6319,0.088,0.0352,11.5651,True
1790476944.6727,160.0509,9.295,2.8383,1.6344,0.0882,0.0312,11.571,True
1790476944.7228,160.101,9.2948,2.8413,1.6356,0.0882,0.0309,11.574,True
1790476944.7727,160.1509,9.2944,2.8472,1.6377,0.0883,0.0296,11.58,True
1790476944.8227,160.2009,9.2942,2.8502,1.6388,0.0884,0.028,11.583,True
1790476944.8728,160.251,9.2938,2.8562,1.6408,0.0883,0.0299,11.589,True
1790476944.9228,160.3011,9.2936,2.8592,1.6417,0.088,0.0342,11.592,True
1790476944.9727,160.3509,9.2931,2.8652,1.6439,0.088,0.0345,11.598,True
1790476945.0229,160.4011,9.2929,2.8682,1.6451,0.088,0.0337,11.601,True
1790476945.0727,160.4509,9.2927,2.8712,1.6463,0.0879,0.0362,11.604,True
1790476945.1267,160.505,9.2922,2.8772,1.6486,0.0876,0.0411,11.61,True
1790476945.1727,160.5509,9.2918,2.8831,1.6513,0.0873,0.047,11.616,True
1790476945.2238,160.602,9.2915,2.8861,1.6529,0.0869,0.0528,11.619,True
1790476945.2728,160.651,9.2913,2.889,1.6545,0.0866,0.0583,11.6219,True
1790476945.3227,160.7009,9.2908,2.8949,1.6582,0.0863,0.063,11.6278,True
1790476945.3727,160.7509,9.2905,2.8979,1.6602,0.0864,0.0625,11.6308,True
1790476945.4232,160.8014,9.29,2.9037,1.6644,0.0865,0.0595,11.6367,True
1790476945.4727,160.8509,9.2897,2.9066,1.6665,0.0865,0.0595,11.6396,True
1790476945.5228,160.9011,9.2891,2.9125,1.6706,0.0863,0.0639,11.6455,True
1790476945.5727,160.9509,9.2888,2.9154,1.6726,0.086,0.0679,11.6484,True
1790476945.6228,161.001,9.2882,2.9213,1.677,0.0858,0.0719,11.6543,True
1790476945.6727,161.0509,9.2879,2.9242,1.6793,0.0856,0.0757,11.6572,True
1790476945.7228,161.101,9.2873,2.93,1.6843,0.0854,0.0793,11.6631,True
1790476945.7727,161.1509,9.2869,2.9329,1.6869,0.0852,0.0824,11.666,True
1790476945.8227,161.2009,9.2862,2.9386,1.6924,0.0851,0.0849,11.6718,True
1790476945.8727,161.2509,9.2859,2.9415,1.6952,0.0851,0.0849,11.6747,True
1790476945.9233,161.3015,9.2855,2.9444,1.6981,0.0848,0.0889,11.6776,True
1790476945.9727,161.3509,9.2848,2.9501,1.7041,0.0848,0.09,11.6834,True
1790476946.0227,161.4009,9.2844,2.953,1.7071,0.0847,0.0909,11.6863,True
1790476946.0728,161.451,9.2836,2.9587,1.7132,0.0849,0.0868,11.692,True
1790476946.1227,161.5009,9.2832,2.9616,1.7163,0.0849,0.0868,11.6949,True
1790476946.1727,161.5509,9.2823,2.9673,1.722,0.0856,0.0751,11.7007,True
1790476946.2227,161.6009,9.2819,2.9702,1.7247,0.0859,0.0698,11.7036,True
1790476946.2727,161.6509,9.2809,2.9759,1.7297,0.0862,0.0657,11.7095,True
1790476946.3262,161.7044,9.2805,2.9788,1.7321,0.0861,0.0669,11.7124,True
1790476946.3727,161.7509,9.2795,2.9846,1.7366,0.0862,0.0654,11.7183,True
1790476946.4247,161.8029,9.279,2.9875,1.7389,0.0862,0.0654,11.7212,True
1790476946.4728,161.851,9.278,2.9933,1.7433,0.0861,0.0661,11.7271,True
1790476946.5228,161.901,9.2775,2.9962,1.7454,0.0861,0.0661,11.73,True
1790476946.5727,161.951,9.2765,3.002,1.75,0.0862,0.066,11.7359,True
1790476946.6227,162.001,9.276,3.0048,1.7522,0.0862,0.0652,11.7388,True
1790476946.6731,162.0513,9.2754,3.0077,1.7544,0.0863,0.0642,11.7417,True
1790476946.7228,162.101,9.2744,3.0135,1.7588,0.0863,0.0632,11.7476,True
1790476946.7733,162.1515,9.2738,3.0164,1.761,0.0857,0.0743,11.7506,True
1790476946.8228,162.201,9.2727,3.0221,1.7659,0.0853,0.0813,11.7564,True
1790476946.8757,162.2539,9.2721,3.025,1.7684,0.0849,0.0882,11.7593,True
1790476946.9227,162.3009,9.271,3.0307,1.7742,0.0849,0.0882,11.7651,True
1790476946.9728,162.351,9.2704,3.0335,1.7772,0.0849,0.0881,11.768,True
1790476947.0228,162.401,9.2692,3.0392,1.7832,0.0849,0.0881,11.7738,True
1790476947.0727,162.4509,9.2686,3.042,1.7862,0.085,0.0856,11.7767,True
1790476947.1227,162.5009,9.2673,3.0476,1.792,0.0852,0.0829,11.7825,True
1790476947.1728,162.551,9.2667,3.0505,1.7948,0.028,-0.0054,11.7854,True
1790476947.2226,162.6009,9.2656,3.0552,1.7982,0.028,-0.0054,11.7902,True
1790476947.2727,162.6509,9.2654,3.0561,1.798,0.028,-0.0106,11.7912,True
1790476947.323,162.7012,9.2649,3.058,1.7974,0.028,-0.0106,11.7931,True
1790476947.3728,162.7511,9.2647,3.0589,1.7971,0.028,-0.0102,11.794,True
1790476947.4227,162.8009,9.2643,3.0607,1.7966,0.028,-0.0096,11.7959,True
1790476947.4728,162.851,9.2641,3.0617,1.7964,0.028,-0.009,11.7969,True
1790476947.5226,162.9009,9.2639,3.0626,1.7961,0.0855,0.0777,11.7978,True
1790476947.5727,162.9509,9.2628,3.0674,1.7985,0.0855,0.0777,11.8027,True
1790476947.6226,163.0009,9.2621,3.0702,1.8011,0.0854,0.0782,11.8056,True
1790476947.6727,163.0509,9.2608,3.0759,1.8065,0.0854,0.0791,11.8114,True
1790476947.7227,163.101,9.2601,3.0787,1.8091,0.0851,0.084,11.8143,True
1790476947.773,163.1513,9.2587,3.0843,1.8147,0.028,-0.0042,11.8201,True
1790476947.8256,163.2038,9.258,3.0871,1.8175,0.028,-0.0042,11.823,True
1790476947.8727,163.2509,9.2569,3.0916,1.8227,0.0849,0.087,11.8276,True
1790476947.9246,163.3028,9.2562,3.0944,1.8256,0.0848,0.0887,11.8305,True
1790476947.9727,163.3509,9.2547,3.0999,1.8317,0.0845,0.0947,11.8363,True
1790476948.0256,163.4038,9.2539,3.1027,1.8348,0.0845,0.0947,11.8392,True
1790476948.0727,163.4509,9.2524,3.1083,1.8413,0.0843,0.0979,11.8449,True
1790476948.1244,163.5026,9.2516,3.111,1.8446,0.0843,0.0984,11.8478,True
1790476948.1727,163.5509,9.2501,3.1166,1.8513,0.084,0.1028,11.8535,True
1790476948.225,163.6032,9.2493,3.1193,1.8547,0.084,0.1028,11.8564,True
1790476948.2727,163.6509,9.2476,3.1248,1.8619,0.0835,0.1108,11.8621,True
1790476948.3229,163.7011,9.2468,3.1275,1.8656,0.0833,0.115,11.865,True
1790476948.3728,163.751,9.246,3.1302,1.8694,0.0833,0.1157,11.8678,True
1790476948.4226,163.8009,9.2443,3.1357,1.8773,0.0831,0.1189,11.8735,True
1790476948.4727,163.8509,9.2434,3.1384,1.8812,0.0831,0.1189,11.8763,True
1790476948.5235,163.9017,9.2417,3.1438,1.8893,0.0829,0.1219,11.882,True
1790476948.5727,163.9509,9.2408,3.1464,1.8933,0.0827,0.1259,11.8848,True
1790476948.6226,164.0009,9.239,3.1518,1.9017,0.0824,0.1301,11.8905,True
1790476948.6728,164.051,9.2381,3.1545,1.906,0.0825,0.1295,11.8933,True
1790476948.7227,164.1009,9.2362,3.1598,1.9148,0.0826,0.1269,11.8989,True
1790476948.7727,164.1509,9.2352,3.1624,1.9192,0.028,-0.0084,11.9017,True
1790476948.8226,164.2009,9.2337,3.1667,1.9261,0.028,-0.0164,11.9063,True
1790476948.8727,164.2509,9.2333,3.1676,1.926,0.028,-0.0164,11.9073,True
1790476948.9255,164.3037,9.2323,3.1704,1.9254,0.0828,0.1233,11.9102,True
1790476948.9727,164.351,9.2313,3.1729,1.9289,0.0831,0.1179,11.913,True
1790476949.0227,164.4009,9.2293,3.1782,1.9369,0.0831,0.1179,11.9186,True
1790476949.0726,164.4509,9.2283,3.1809,1.9409,0.083,0.1202,11.9214,True
1790476949.1226,164.5008,9.2263,3.1861,1.9491,0.0831,0.1191,11.9271,True
1790476949.173,164.5512,9.2252,3.1888,1.9532,0.0831,0.118,11.9299,True
1790476949.2226,164.6009,9.2241,3.1914,1.9573,0.0831,0.118,11.9328,True
1790476949.2727,164.6509,9.2224,3.1955,1.9647,0.0832,0.1169,11.9372,True
1790476949.3228,164.7011,9.2221,3.1964,1.9646,0.0833,0.1157,11.9382,True
1790476949.3727,164.7509,9.2202,3.2008,1.9678,0.0833,0.1153,11.9429,True
1790476949.4227,164.8009,9.2191,3.2034,1.9717,0.0833,0.1153,11.9458,True
1790476949.4728,164.851,9.2169,3.2086,1.9796,0.083,0.1196,11.9515,True
1790476949.5227,164.9009,9.2158,3.2112,1.9835,0.083,0.1196,11.9543,True
1790476949.5728,164.951,9.2135,3.2164,1.9917,0.0826,0.1269,11.9599,True
1790476949.6227,165.0009,9.2123,3.219,1.9958,0.0823,0.1328,11.9628,True
1790476949.6727,165.0509,9.21,3.2241,2.0046,0.0822,0.1344,11.9684,True
1790476949.7228,165.101,9.2088,3.2266,2.0091,0.0822,0.1342,11.9712,True
1790476949.7731,165.1513,9.2064,3.2317,2.0183,0.0822,0.1331,11.9768,True
1790476949.8227,165.2009,9.2052,3.2342,2.0228,0.0823,0.1316,11.9796,True
1790476949.8726,165.2509,9.2027,3.2392,2.0319,0.0824,0.13,11.9852,True
1790476949.9227,165.301,9.2015,3.2417,2.0363,0.0825,0.1286,11.988,True
1790476949.9728,165.351,9.2002,3.2442,2.0407,0.0825,0.1286,11.9908,True
1790476950.0227,165.4009,9.1976,3.2493,2.0494,0.0826,0.1275,11.9964,True
1790476950.0727,165.4509,9.1963,3.2517,2.0537,0.0827,0.1261,11.9992,True
1790476950.1227,165.501,9.1937,3.2567,2.0623,0.0827,0.1261,12.0049,True
1790476950.1728,165.551,9.1924,3.2592,2.0666,0.0827,0.1255,12.0077,True
1790476950.2227,165.6009,9.1896,3.2642,2.0751,0.0827,0.1247,12.0133,True
1790476950.2726,165.6509,9.1883,3.2666,2.0793,0.0825,0.1286,12.0162,True
1790476950.3227,165.7009,9.1855,3.2715,2.0879,0.0822,0.1341,12.0218,True
1790476950.3727,165.7509,9.1841,3.274,2.0923,0.0821,0.1357,12.0246,True
1790476950.4227,165.8009,9.1813,3.2788,2.1014,0.0821,0.1353,12.0302,True
1790476950.4727,165.8509,9.1799,3.2812,2.106,0.082,0.1381,12.033,True
1790476950.5227,165.9009,9.177,3.286,2.1153,0.0819,0.1383,12.0386,True
1790476950.5727,165.9509,9.1756,3.2884,2.12,0.082,0.1372,12.0414,True
1790476950.6228,166.001,9.1741,3.2908,2.1247,0.0821,0.1353,12.0442,True
1790476950.6726,166.0509,9.1711,3.2955,2.1339,0.0823,0.1331,12.0498,True
1790476950.7227,166.1009,9.1681,3.3003,2.1431,0.0824,0.131,12.0554,True
1790476950.7728,166.151,9.1666,3.3026,2.1475,0.0822,0.1335,12.0582,True
1790476950.8231,166.2014,9.1651,3.305,2.1519,0.028,-0.0085,12.061,True
1790476950.8727,166.2509,9.1626,3.3087,2.1597,0.0822,0.1341,12.0655,True
1790476950.9227,166.3009,9.1621,3.3095,2.1596,0.082,0.1373,12.0664,True
1790476950.9727,166.3509,9.1594,3.3134,2.1633,0.082,0.1379,12.0711,True
1790476951.0226,166.4009,9.1579,3.3157,2.1679,0.0818,0.141,12.0739,True
1790476951.0727,166.4509,9.1547,3.3203,2.1773,0.0816,0.1451,12.0795,True
1790476951.1226,166.5009,9.1531,3.3226,2.1821,0.028,-0.0091,12.0823,True
1790476951.1727,166.5509,9.1506,3.3262,2.1906,0.0815,0.1453,12.0867,True
1790476951.2243,166.6025,9.15,3.327,2.1905,0.0814,0.148,12.0876,True
1790476951.2727,166.6509,9.1473,3.3307,2.1946,0.0814,0.1477,12.0923,True
1790476951.3227,166.7009,9.1457,3.333,2.1996,0.0815,0.1459,12.095,True
1790476951.3728,166.751,9.1424,3.3374,2.2095,0.0817,0.1433,12.1006,True
1790476951.4229,166.8011,9.1408,3.3397,2.2145,0.0817,0.1433,12.1034,True
1790476951.4727,166.8509,9.1374,3.3441,2.2241,0.082,0.138,12.1089,True
1790476951.5227,166.9009,9.1357,3.3463,2.2289,0.0821,0.1358,12.1117,True
1790476951.5727,166.9509,9.1323,3.3507,2.2382,0.0821,0.1358,12.1173,True
1790476951.6227,167.0009,9.1305,3.3529,2.2428,0.0819,0.1385,12.1201,True
1790476951.6727,167.0509,9.1288,3.3551,2.2474,0.0819,0.1385,12.1229,True
1790476951.7229,167.1011,9.1253,3.3594,2.2568,0.082,0.1375,12.1285,True
1790476951.7727,167.1509,9.1235,3.3616,2.2614,0.0821,0.136,12.1313,True
1790476951.8228,167.201,9.1199,3.3659,2.2706,0.0822,0.1337,12.1369,True
1790476951.8735,167.2518,9.1181,3.368,2.2751,0.0822,0.1337,12.1397,True
1790476951.9227,167.301,9.1145,3.3723,2.2841,0.0823,0.133,12.1453,True
1790476951.9729,167.3511,9.1126,3.3744,2.2886,0.0823,0.1324,12.1481,True
1790476952.0227,167.4009,9.1089,3.3786,2.2976,0.0821,0.1362,12.1537,True
1790476952.0727,167.4509,9.1071,3.3807,2.3022,0.0817,0.1417,12.1565,True
1790476952.1227,167.5009,9.1033,3.3848,2.3119,0.0811,0.1526,12.162,True
1790476952.1727,167.5509,9.1014,3.3868,2.3171,0.0811,0.1526,12.1648,True
1790476952.2226,167.6009,9.0977,3.3909,2.3275,0.0806,0.1611,12.1703,True
1790476952.2727,167.6509,9.0958,3.3929,2.3328,0.0804,0.1643,12.1731,True
1790476952.3226,167.7009,9.092,3.3968,2.3437,0.0806,0.162,12.1786,True
1790476952.376,167.7542,9.09,3.3988,2.3492,0.0808,0.1576,12.1813,True
1790476952.4227,167.8009,9.0862,3.4027,2.36,0.0811,0.1526,12.1868,True
1790476952.4728,167.851,9.0842,3.4046,2.3651,0.0814,0.1478,12.1896,True
1790476952.5226,167.9009,9.0822,3.4065,2.3703,0.0814,0.1474,12.1923,True
1790476952.5727,167.9509,9.0782,3.4104,2.3802,0.0813,0.1489,12.1979,True
1790476952.6228,168.001,9.0762,3.4123,2.3852,0.0812,0.1516,12.2007,True
1790476952.6755,168.0537,9.0722,3.4161,2.3953,0.0812,0.1516,12.2062,True
1790476952.7227,168.1009,9.0701,3.418,2.4003,0.0811,0.1531,12.209,True
1790476952.7727,168.1509,9.066,3.4217,2.4107,0.028,-0.0099,12.2145,True
1790476952.8227,168.2009,9.064,3.4235,2.4158,0.0813,0.1494,12.2173,True
1790476952.8727,168.2509,9.0608,3.4263,2.4236,0.0816,0.145,12.2214,True
1790476952.9227,168.3009,9.0587,3.4281,2.4286,0.0818,0.1405,12.2242,True
1790476952.9727,168.351,9.0545,3.4317,2.4382,0.0821,0.1365,12.2298,True
1790476953.0227,168.4009,9.0524,3.4335,2.4428,0.0821,0.1365,12.2325,True
1790476953.0728,168.451,9.0481,3.4371,2.4519,0.0824,0.1304,12.2381,True
1790476953.1227,168.5009,9.0459,3.4389,2.4563,0.0825,0.1282,12.2409,True
1790476953.1728,168.551,9.0437,3.4406,2.4607,0.0825,0.1282,12.2438,True
1790476953.2229,168.6011,9.0394,3.4441,2.4694,0.0827,0.1251,12.2494,True
1790476953.2735,168.6517,9.0372,3.4459,2.4736,0.0828,0.124,12.2522,True
1790476953.3229,168.7011,9.0327,3.4494,2.482,0.0828,0.1233,12.2578,True
1790476953.3728,168.751,9.0305,3.4511,2.4862,0.0829,0.1227,12.2606,True
1790476953.4228,168.801,9.026,3.4545,2.4945,0.0829,0.1227,12.2663,True
1790476953.4728,168.851,9.0238,3.4562,2.4986,0.0829,0.1218,12.2691,True
1790476953.5237,168.9019,9.0192,3.4596,2.5068,0.083,0.1209,12.2747,True
1790476953.5728,168.951,9.0169,3.4612,2.5108,0.083,0.1201,12.2776,True
1790476953.6227,169.001,9.0124,3.4645,2.5189,0.083,0.1198,12.2832,True
1790476953.6728,169.0511,9.0101,3.4662,2.5229,0.083,0.1197,12.286,True
1790476953.7227,169.1009,9.0055,3.4695,2.531,0.083,0.1198,12.2917,True
1790476953.7727,169.151,9.0031,3.4711,2.5349,0.083,0.1205,12.2945,True
1790476953.8226,169.2008,8.9985,3.4743,2.5429,0.083,0.1208,12.3002,True
1790476953.8728,169.251,8.9961,3.4759,2.5469,0.083,0.1208,12.303,True
1790476953.9227,169.3009,8.9938,3.4775,2.5509,0.0829,0.1211,12.3058,True
1790476953.9728,169.351,8.9891,3.4806,2.5589,0.0829,0.1211,12.3115,True
1790476954.0227,169.4009,8.9867,3.4821,2.5629,0.0829,0.1215,12.3143,True
1790476954.0728,169.451,8.9819,3.4852,2.571,0.0829,0.1215,12.32,True
1790476954.1227,169.5009,8.9796,3.4867,2.575,0.0829,0.1227,12.3228,True
1790476954.1727,169.5509,8.9748,3.4898,2.5831,0.0829,0.1227,12.3285,True
1790476954.2227,169.601,8.9724,3.4912,2.5872,0.0828,0.1242,12.3313,True
1790476954.2729,169.6511,8.9676,3.4942,2.5954,0.0828,0.1242,12.337,True
1790476954.3227,169.7009,8.9651,3.4957,2.5995,0.028,-0.0079,12.3398,True
1790476954.3728,169.7511,8.963,3.497,2.6033,0.028,-0.0158,12.3423,True
1790476954.4227,169.8009,8.9622,3.4975,2.6028,0.0827,0.1258,12.3433,True
1790476954.4727,169.8509,8.9581,3.4999,2.6059,0.0826,0.1265,12.348,True
1790476954.5227,169.9009,8.9557,3.5013,2.6101,0.0826,0.1272,12.3508,True
1790476954.5727,169.9509,8.9508,3.5041,2.6187,0.0825,0.1285,12.3564,True
1790476954.6227,170.001,8.9484,3.5055,2.623,0.0825,0.1285,12.3592,True
1790476954.6726,170.0509,8.9435,3.5083,2.6316,0.0825,0.1295,12.3649,True
1790476954.7227,170.101,8.941,3.5097,2.636,0.0824,0.1302,12.3677,True
1790476954.7727,170.1509,8.9361,3.5124,2.6447,0.0824,0.1307,12.3733,True
1790476954.8227,170.2009,8.9336,3.5137,2.6491,0.0823,0.1314,12.3761,True
1790476954.8727,170.251,8.9322,3.5145,2.6526,0.0823,0.132,12.3777,True
1790476954.9228,170.301,8.9274,3.517,2.6608,0.0823,0.1324,12.3831,True
1790476954.9726,170.3509,8.9249,3.5183,2.6652,0.0823,0.133,12.3859,True
1790476955.0227,170.4009,8.9199,3.5208,2.6741,0.0822,0.1331,12.3915,True
1790476955.0726,170.4508,8.9174,3.5221,2.6786,0.0822,0.1331,12.3943,True
1790476955.1229,170.5011,8.9124,3.5246,2.6875,0.082,0.1374,12.3999,True
1790476955.1749,170.5532,8.9099,3.5258,2.692,0.082,0.1374,12.4027,True
1790476955.2227,170.6009,8.9049,3.5282,2.7012,0.0819,0.1392,12.4083,True
1790476955.273,170.6513,8.9023,3.5294,2.7059,0.0819,0.1392,12.4111,True
1790476955.3227,170.7009,8.8998,3.5305,2.7105,0.0819,0.1386,12.4139,True
1790476955.3727,170.7509,8.8947,3.5328,2.7198,0.0819,0.1384,12.4195,True
1790476955.4227,170.8009,8.8896,3.5351,2.7289,0.0819,0.1383,12.4251,True
1790476955.4727,170.8509,8.887,3.5362,2.7335,0.082,0.1382,12.4279,True
1790476955.5226,170.9009,8.8845,3.5373,2.7381,0.082,0.1382,12.4307,True
1790476955.5727,170.9509,8.8793,3.5395,2.7472,0.082,0.1381,12.4363,True
1790476955.6227,171.0009,8.8767,3.5406,2.7518,0.0819,0.1383,12.4391,True
1790476955.6728,171.051,8.8715,3.5427,2.7609,0.0819,0.1386,12.4447,True
1790476955.7227,171.1009,8.8689,3.5437,2.7655,0.0819,0.1389,12.4475,True
1790476955.7727,171.1509,8.8637,3.5457,2.7747,0.0819,0.1389,12.4531,True
1790476955.8227,171.2009,8.8611,3.5467,2.7793,0.0819,0.1391,12.4559,True
1790476955.8727,171.2509,8.8559,3.5487,2.7884,0.0819,0.1391,12.4615,True
1790476955.9226,171.3009,8.8532,3.5497,2.793,0.0819,0.1392,12.4643,True
1790476955.9726,171.3508,8.848,3.5516,2.8022,0.0819,0.1393,12.4698,True
1790476956.0227,171.4009,8.8453,3.5525,2.8068,0.0819,0.1393,12.4726,True
1790476956.0728,171.451,8.84,3.5543,2.816,0.0819,0.1393,12.4782,True
1790476956.1228,171.501,8.8374,3.5552,2.8206,0.0819,0.1394,12.481,True
1790476956.1727,171.5509,8.832,3.5569,2.8298,0.0819,0.1392,12.4866,True
1790476956.2226,171.6009,8.8294,3.5578,2.8345,0.0819,0.1392,12.4894,True
1790476956.2728,171.651,8.8267,3.5586,2.8391,0.0817,0.1429,12.4922,True
1790476956.3228,171.701,8.8214,3.5603,2.8485,0.0814,0.1481,12.4978,True
1790476956.3727,171.7509,8.8187,3.561,2.8534,0.081,0.1546,12.5006,True
1790476956.4227,171.8009,8.8134,3.5626,2.8636,0.0811,0.1532,12.5061,True
1790476956.4727,171.8509,8.8107,3.5633,2.8687,0.0812,0.1509,12.5089,True
1790476956.5227,171.9009,8.8054,3.5648,2.8788,0.0812,0.1509,12.5144,True
1790476956.5733,171.9515,8.8027,3.5655,2.8838,0.0815,0.146,12.5172,True
1790476956.6228,172.0011,8.7973,3.5669,2.8936,0.0815,0.146,12.5228,True
1790476956.6727,172.051,8.7946,3.5676,2.8984,0.0816,0.1435,12.5256,True
1790476956.7226,172.1008,8.7919,3.5683,2.9032,0.0818,0.1413,12.5284,True
1790476956.7728,172.151,8.7865,3.5696,2.9126,0.0819,0.1393,12.5339,True
1790476956.8227,172.2009,8.781,3.5708,2.9219,0.0817,0.1422,12.5395,True
1790476956.8727,172.2509,8.7783,3.5714,2.9266,0.0817,0.1428,12.5423,True
1790476956.9263,172.3045,8.7756,3.572,2.9313,0.0817,0.1424,12.5451,True
1790476956.9728,172.351,8.7701,3.5731,2.9407,0.0818,0.1415,12.5507,True
1790476957.0227,172.401,8.7674,3.5737,2.9454,0.0818,0.1402,12.5535,True
1790476957.0727,172.4509,8.7619,3.5747,2.9548,0.0817,0.143,12.5591,True
1790476957.1228,172.5011,8.7591,3.5753,2.9595,0.0814,0.1473,12.5619,True
1790476957.1727,172.5509,8.7537,3.5762,2.9694,0.0811,0.152,12.5674,True
1790476957.2227,172.6009,8.7509,3.5767,2.9744,0.0813,0.15,12.5702,True
1790476957.2727,172.6509,8.7454,3.5776,2.9844,0.0813,0.15,12.5758,True
1790476957.3227,172.701,8.7427,3.578,2.9894,0.0814,0.1472,12.5786,True
1790476957.3727,172.7509,8.7372,3.5789,2.999,0.0816,0.1444,12.5841,True
1790476957.4227,172.8009,8.7344,3.5792,3.0038,0.0817,0.1418,12.5869,True
1790476957.4727,172.851,8.7289,3.58,3.0131,0.0819,0.1393,12.5925,True
1790476957.5244,172.9026,8.7261,3.5803,3.0177,0.0822,0.1347,12.5953,True
1790476957.573,172.9512,8.7205,3.581,3.0267,0.0822,0.1347,12.6009,True
1790476957.6227,173.0009,8.7177,3.5813,3.0312,0.0824,0.1306,12.6037,True
1790476957.6728,173.051,8.7149,3.5816,3.0355,0.0825,0.129,12.6066,True
1790476957.7227,173.101,8.7093,3.5822,3.0441,0.0826,0.1277,12.6122,True
1790476957.7727,173.151,8.7065,3.5825,3.0484,0.0826,0.1277,12.615,True
1790476957.8227,173.201,8.7009,3.583,3.0568,0.0826,0.1269,12.6207,True
1790476957.8728,173.251,8.6981,3.5832,3.061,0.0826,0.1265,12.6235,True
1790476957.9227,173.3009,8.6924,3.5836,3.0693,0.0827,0.1262,12.6291,True
1790476957.9728,173.351,8.6896,3.5838,3.0734,0.0827,0.1262,12.632,True
1790476958.0228,173.4011,8.684,3.5842,3.0817,0.0827,0.1262,12.6376,True
1790476958.0727,173.4509,8.6811,3.5844,3.0859,0.0826,0.1264,12.6405,True
1790476958.1226,173.5008,8.6755,3.5847,3.0942,0.0826,0.1267,12.6461,True
1790476958.1727,173.5509,8.6727,3.5848,3.0983,0.0826,0.1271,12.649,True
1790476958.2227,173.6009,8.667,3.585,3.1066,0.0826,0.1273,12.6546,True
1790476958.2729,173.6511,8.6642,3.5851,3.1108,0.0826,0.1276,12.6574,True
1790476958.3226,173.7008,8.6585,3.5852,3.1191,0.0826,0.1276,12.6631,True
1790476958.3727,173.7509,8.6557,3.5853,3.1233,0.0826,0.1278,12.6659,True
1790476958.4227,173.801,8.6529,3.5853,3.1276,0.0823,0.1322,12.6688,True
1790476958.4727,173.8509,8.6472,3.5854,3.1363,0.082,0.1382,12.6744,True
1790476958.5226,173.9009,8.6444,3.5854,3.1409,0.0818,0.1401,12.6772,True
1790476958.5727,173.9509,8.6388,3.5854,-3.1331,0.0818,0.1402,12.6828,True
1790476958.6227,174.001,8.636,3.5854,-3.1285,0.0819,0.1394,12.6856,True
1790476958.6727,174.0509,8.6304,3.5853,-3.1193,0.0817,0.1421,12.6912,True
1790476958.7227,174.101,8.6276,3.5852,-3.1146,0.0817,0.1422,12.694,True
1790476958.7727,174.1509,8.622,3.585,-3.1053,0.0818,0.1412,12.6997,True
1790476958.8228,174.201,8.6192,3.5849,-3.1007,0.0819,0.1394,12.7025,True
1790476958.8726,174.2509,8.6135,3.5846,-3.0915,0.0818,0.1416,12.7081,True
1790476958.9242,174.3025,8.6107,3.5845,-3.0868,0.0818,0.1412,12.7109,True
1790476958.9727,174.351,8.6051,3.5842,-3.0776,0.0819,0.1397,12.7165,True
1790476959.0228,174.401,8.6023,3.584,-3.073,0.028,-0.0092,12.7193,True
1790476959.0731,174.4514,8.5981,3.5837,-3.0653,0.0821,0.1352,12.7235,True
1790476959.1229,174.5011,8.5953,3.5835,-3.0608,0.0821,0.1352,12.7263,True
1790476959.1727,174.551,8.5925,3.5832,-3.0564,0.0823,0.133,12.7291,True
1790476959.2227,174.6009,8.5869,3.5827,-3.0476,0.0824,0.131,12.7348,True
1790476959.2727,174.6509,8.5841,3.5824,-3.0433,0.082,0.1377,12.7376,True
1790476959.3227,174.7009,8.5785,3.5819,-3.0344,0.0817,0.1424,12.7432,True
1790476959.3743,174.7525,8.5757,3.5816,-3.0298,0.0817,0.1424,12.746,True
1790476959.4228,174.801,8.5702,3.5809,-3.0203,0.0814,0.1471,12.7516,True
1790476959.4727,174.8509,8.5674,3.5806,-3.0154,0.081,0.1539,12.7544,True
1790476959.5227,174.9009,8.5619,3.5798,-3.0053,0.081,0.1539,12.76,True
1790476959.5727,174.9509,8.5591,3.5795,-3.0002,0.0809,0.1562,12.7628,True
1790476959.6227,175.001,8.5536,3.5786,-2.99,0.0811,0.1536,12.7683,True
1790476959.673,175.0513,8.5509,3.5782,-2.9849,0.0813,0.1489,12.7711,True
1790476959.7227,175.1009,8.5454,3.5773,-2.9751,0.0816,0.1437,12.7767,True
1790476959.7727,175.151,8.5426,3.5768,-2.9704,0.0819,0.1387,12.7795,True
1790476959.8226,175.2009,8.5371,3.5759,-2.9613,0.0822,0.1343,12.7851,True
1790476959.873,175.2512,8.5343,3.5754,-2.9568,0.0824,0.1305,12.7879,True
1790476959.9228,175.301,8.5315,3.5748,-2.9525,0.028,-0.0107,12.7908,True
1790476959.9727,175.3509,8.5291,3.5744,-2.9487,0.028,-0.019,12.7933,True
1790476960.0229,175.4011,8.5281,3.5742,-2.9493,0.028,-0.0231,12.7942,True
1790476960.0729,175.4511,8.5263,3.5738,-2.9507,0.028,-0.0221,12.7961,True
1790476960.1227,175.5009,8.5253,3.5736,-2.9514,0.028,-0.0211,12.7971,True
1790476960.1728,175.551,8.5235,3.5733,-2.9526,0.028,-0.0197,12.799,True
1790476960.8986,176.2768,8.5225,3.5731,-2.9532,0.0826,0.1277,12.7999,True
1790476960.9227,176.301,8.5068,3.57,-2.9327,0.0827,0.1257,12.8159,True
1790476960.9727,176.351,8.4985,3.5681,-2.9202,0.0828,0.1243,12.8244,True
1790476961.0227,176.4009,8.493,3.5669,-2.9119,0.0828,0.1233,12.8301,True
1790476961.073,176.4513,8.4902,3.5662,-2.9078,0.0829,0.1226,12.8329,True
1790476961.8861,177.2643,8.4875,3.5656,-2.9037,0.0829,0.1225,12.8358,True
1790476961.9227,177.3009,8.4655,3.5599,-2.8709,0.0828,0.1228,12.8584,True
1790476961.9728,177.351,8.4601,3.5583,-2.8627,0.0828,0.1231,12.8641,True
1790476962.0228,177.4011,8.4546,3.5567,-2.8543,0.0825,0.1279,12.8698,True
1790476962.0727,177.4509,8.4519,3.5559,-2.8501,0.0822,0.1343,12.8726,True
1790476962.1228,177.501,8.4466,3.5543,-2.8411,0.082,0.1366,12.8782,True
1790476962.1726,177.5509,8.4412,3.5526,-2.832,0.082,0.1368,12.8838,True
1790476962.2228,177.601,8.4385,3.5517,-2.8274,0.0821,0.136,12.8866,True
1790476962.2726,177.6509,8.4332,3.55,-2.8183,0.0822,0.1347,12.8923,True
1790476962.3227,177.7009,8.4305,3.5491,-2.8138,0.0822,0.1334,12.8951,True
1790476962.3726,177.7509,8.4252,3.5472,-2.8049,0.0823,0.1321,12.9007,True
1790476962.4227,177.8009,8.4226,3.5463,-2.8005,0.0821,0.1355,12.9035,True
1790476962.4727,177.8509,8.4173,3.5444,-2.7914,0.082,0.1365,12.9091,True
1790476962.5252,177.9034,8.4147,3.5434,-2.7868,0.0821,0.1364,12.9119,True
1790476962.5728,177.951,8.412,3.5425,-2.7823,0.0821,0.1357,12.9147,True
1790476962.6228,178.001,8.4068,3.5405,-2.7732,0.0821,0.1349,12.9203,True
1790476962.6728,178.0511,8.4042,3.5394,-2.7687,0.0822,0.1341,12.9232,True
1790476962.7227,178.1009,8.3989,3.5374,-2.7596,0.082,0.1373,12.9288,True
1790476962.7747,178.1529,8.3963,3.5363,-2.755,0.0817,0.1421,12.9316,True
1790476962.8228,178.201,8.3912,3.5342,-2.7453,0.0814,0.1471,12.9371,True
1790476962.8727,178.251,8.3886,3.5331,-2.7404,0.0814,0.1478,12.9399,True
1790476962.9227,178.3009,8.3835,3.5309,-2.7305,0.0815,0.1463,12.9455,True
1790476962.9728,178.351,8.381,3.5298,-2.7256,0.0816,0.144,12.9483,True
1790476963.0227,178.4009,8.3759,3.5275,-2.7159,0.0815,0.1455,12.9539,True
1790476963.0727,178.4509,8.3733,3.5264,-2.711,0.028,-0.0095,12.9566,True
1790476963.1234,178.5017,8.3709,3.5253,-2.7081,0.028,-0.0191,12.9593,True
1790476963.1727,178.5509,8.3701,3.5249,-2.7086,0.028,-0.0255,12.9602,True
1790476963.2226,178.6009,8.3674,3.5236,-2.7092,0.0814,0.1482,12.9632,True
1790476963.2727,178.6509,8.365,3.5225,-2.7051,0.0814,0.1473,12.9658,True
1790476963.3227,178.7009,8.3625,3.5214,-2.7002,0.0816,0.1448,12.9686,True
1790476963.3727,178.751,8.3575,3.519,-2.6904,0.0817,0.1418,12.9741,True
1790476963.4228,178.801,8.355,3.5177,-2.6856,0.0819,0.1393,12.9769,True
1790476963.4727,178.851,8.35,3.5153,-2.6761,0.082,0.1373,12.9825,True
1790476963.5227,178.9009,8.3475,3.514,-2.6715,0.0821,0.1355,12.9853,True
1790476963.5727,178.9509,8.3425,3.5114,-2.6623,0.0822,0.1339,12.9909,True
1790476963.6227,179.0009,8.3401,3.5101,-2.6578,0.0823,0.1326,12.9937,True
1790476963.675,179.0532,8.3351,3.5075,-2.6488,0.0823,0.1315,12.9993,True
1790476963.7228,179.101,8.3326,3.5062,-2.6444,0.0821,0.135,13.0021,True
1790476963.7728,179.151,8.3277,3.5035,-2.6351,0.0818,0.1403,13.0077,True
1790476963.8228,179.201,8.3253,3.5021,-2.6304,0.0815,0.1459,13.0105,True
1790476963.8728,179.2511,8.3205,3.4994,-2.6205,0.0814,0.1468,13.016,True
1790476963.9227,179.3009,8.3181,3.498,-2.6156,0.0815,0.1456,13.0188,True
1790476963.9727,179.351,8.3157,3.4966,-2.6106,0.0817,0.1433,13.0216,True
1790476964.0228,179.401,8.3109,3.4938,-2.601,0.0818,0.1409,13.0271,True
1790476964.0729,179.4511,8.3061,3.4909,-2.5915,0.0819,0.1383,13.0327,True
1790476964.1228,179.501,8.3037,3.4894,-2.5869,0.0821,0.1358,13.0355,True
1790476964.1728,179.551,8.3014,3.4879,-2.5823,0.0822,0.1336,13.0383,True
1790476964.223,179.6012,8.2966,3.4849,-2.5733,0.0823,0.1316,13.0439,True
1790476964.2729,179.6511,8.2943,3.4834,-2.5689,0.0824,0.1301,13.0467,True
1790476964.3227,179.7009,8.2896,3.4803,-2.5601,0.0825,0.1288,13.0523,True
1790476964.3727,179.751,8.2872,3.4788,-2.5557,0.0826,0.1276,13.0551,True
1790476964.4227,179.8009,8.2825,3.4757,-2.5472,0.0826,0.1266,13.0608,True
1790476964.4727,179.8509,8.2802,3.4741,-2.543,0.0827,0.1259,13.0636,True
1790476964.5228,179.9011,8.2756,3.4709,-2.5345,0.0827,0.1256,13.0692,True
1790476964.5728,179.951,8.2733,3.4693,-2.5303,0.0827,0.1254,13.072,True
1790476964.6227,180.0009,8.2686,3.466,-2.5219,0.0827,0.1253,13.0777,True
1790476964.6727,180.051,8.2664,3.4644,-2.5177,0.0827,0.125,13.0805,True
1790476964.7227,180.1009,8.2618,3.4611,-2.5093,0.0827,0.1247,13.0861,True
1790476964.7727,180.1509,8.2595,3.4594,-2.5052,0.0828,0.1244,13.089,True
1790476964.8228,180.201,8.2573,3.4577,-2.501,0.0828,0.1243,13.0918,True
1790476964.8727,180.2509,8.2527,3.4543,-2.4927,0.0828,0.1244,13.0974,True
1790476964.9228,180.301,8.2505,3.4526,-2.4885,0.0827,0.1246,13.1002,True
1790476964.9727,180.3509,8.246,3.4492,-2.4802,0.0827,0.1248,13.1059,True
1790476965.0227,180.4009,8.2438,3.4474,-2.476,0.0827,0.1251,13.1087,True
1790476965.0727,180.4509,8.2394,3.4439,-2.4676,0.0827,0.1256,13.1144,True
1790476965.1228,180.501,8.2372,3.4422,-2.4635,0.0827,0.1262,13.1172,True
1790476965.1727,180.5509,8.2328,3.4386,-2.455,0.0826,0.1267,13.1228,True
1790476965.2228,180.601,8.2306,3.4368,-2.4508,0.0826,0.1268,13.1256,True
1790476965.2727,180.6509,8.2263,3.4332,-2.4423,0.0826,0.1267,13.1313,True
1790476965.3226,180.7009,8.2242,3.4314,-2.4381,0.0826,0.1266,13.1341,True
1790476965.3727,180.7509,8.2199,3.4277,-2.4296,0.0826,0.1265,13.1397,True
1790476965.4234,180.8017,8.2177,3.4259,-2.4254,0.0827,0.1262,13.1425,True
1790476965.4751,180.8533,8.2135,3.4222,-2.417,0.0827,0.1259,13.1482,True
1790476965.5231,180.9013,8.2114,3.4203,-2.4128,0.0827,0.1257,13.151,True
1790476965.5727,180.9509,8.2072,3.4165,-2.4044,0.0827,0.1258,13.1566,True
1790476965.6228,181.0011,8.2051,3.4146,-2.4002,0.0826,0.1263,13.1594,True
1790476965.6726,181.0508,8.2031,3.4127,-2.396,0.0826,0.1266,13.1623,True
1790476965.7234,181.1016,8.1989,3.4089,-2.3876,0.0826,0.1267,13.1679,True
1790476965.7727,181.1509,8.1969,3.4069,-2.3834,0.0826,0.1269,13.1707,True
1790476965.8227,181.2009,8.1928,3.403,-2.375,0.0824,0.1313,13.1763,True
1790476965.8727,181.2509,8.1908,3.4011,-2.3706,0.0822,0.1333,13.1792,True
1790476965.9277,181.3059,8.1868,3.3972,-2.3617,0.0822,0.134,13.1848,True
1790476965.9727,181.3509,8.1848,3.3952,-2.3572,0.0822,0.1338,13.1876,True
1790476966.0227,181.4009,8.1808,3.3912,-2.3484,0.0822,0.1334,13.1932,True
1790476966.0731,181.4513,8.1789,3.3892,-2.3439,0.0823,0.1327,13.196,True
1790476966.1227,181.5009,8.175,3.3852,-2.3351,0.0823,0.1321,13.2016,True
1790476966.1727,181.5509,8.173,3.3831,-2.3307,0.0823,0.1315,13.2044,True
1790476966.2259,181.6041,8.1692,3.379,-2.322,0.0824,0.131,13.21,True
1790476966.2728,181.651,8.1673,3.377,-2.3176,0.0824,0.131,13.2128,True
1790476966.3227,181.701,8.1654,3.3749,-2.3133,0.0824,0.1312,13.2156,True
1790476966.3726,181.7509,8.1616,3.3708,-2.3046,0.0824,0.1314,13.2213,True
1790476966.4228,181.801,8.1597,3.3687,-2.3002,0.0821,0.1356,13.2241,True
1790476966.4728,181.851,8.156,3.3645,-2.2912,0.028,-0.0033,13.2297,True
1790476966.5226,181.9009,8.155,3.3633,-2.2873,0.028,-0.0153,13.2312,True
1790476966.5728,181.951,8.1537,3.3619,-2.288,0.028,-0.025,13.2332,True
1790476966.6229,182.0012,8.1531,3.3611,-2.2889,0.028,-0.0243,13.2341,True
1790476966.6728,182.051,8.1518,3.3597,-2.2905,0.082,0.1375,13.236,True
1790476966.7228,182.101,8.1505,3.3582,-2.2905,0.082,0.138,13.238,True
1790476966.7727,182.151,8.1469,3.3541,-2.2821,0.0819,0.1384,13.2434,True
1790476966.8228,182.2011,8.1451,3.352,-2.2775,0.0817,0.143,13.2462,True
1790476966.8728,182.251,8.1415,3.3477,-2.2678,0.0816,0.1445,13.2518,True
1790476966.9227,182.301,8.1398,3.3456,-2.263,0.0816,0.1445,13.2546,True
1790476966.9727,182.3509,8.1362,3.3413,-2.2531,0.0814,0.1483,13.2601,True
1790476967.0227,182.4009,8.1345,3.3392,-2.2482,0.0811,0.1532,13.2629,True
1790476967.0727,182.4509,8.1311,3.3349,-2.2378,0.081,0.1542,13.2684,True
1790476967.1228,182.501,8.1294,3.3327,-2.2327,0.0811,0.1534,13.2711,True
1790476967.1727,182.5509,8.126,3.3283,-2.2225,0.0812,0.1517,13.2767,True
1790476967.2228,182.601,8.1243,3.3261,-2.2174,0.0813,0.1495,13.2794,True
1790476967.2727,182.651,8.1227,3.3239,-2.2124,0.0814,0.1476,13.2822,True
1790476967.3247,182.703,8.1194,3.3194,-2.2026,0.0815,0.1456,13.2878,True
1790476967.3728,182.751,8.1177,3.3172,-2.1977,0.0816,0.1437,13.2905,True
1790476967.4227,182.8009,8.1145,3.3127,-2.1882,0.0817,0.1421,13.2961,True
1790476967.4727,182.8509,8.1129,3.3104,-2.1834,0.0818,0.1404,13.2989,True
1790476967.5227,182.9009,8.1097,3.3058,-2.174,0.0817,0.1432,13.3045,True
1790476967.5728,182.951,8.1081,3.3035,-2.1693,0.0814,0.1479,13.3072,True
1790476967.6227,183.001,8.105,3.2989,-2.1595,0.0813,0.1488,13.3128,True
1790476967.6728,183.0511,8.1035,3.2966,-2.1545,0.0814,0.1477,13.3156,True
1790476967.7227,183.1009,8.1004,3.292,-2.1448,0.0815,0.1457,13.3211,True
1790476967.7727,183.151,8.0989,3.2896,-2.14,0.0816,0.1436,13.3239,True
1790476967.8228,183.201,8.0974,3.2873,-2.1352,0.0815,0.1456,13.3267,True
1790476967.8727,183.2509,8.0945,3.2826,-2.1256,0.0813,0.149,13.3322,True
1790476967.9226,183.3009,8.0916,3.2778,-2.1156,0.0811,0.1527,13.3378,True
1790476967.9731,183.3513,8.0902,3.2755,-2.1105,0.0809,0.1563,13.3406,True
1790476968.0247,183.403,8.0888,3.2731,-2.1053,0.0807,0.1594,13.3433,True
1790476968.0728,183.451,8.086,3.2683,-2.0948,0.0808,0.1581,13.3488,True
1790476968.1273,183.5056,8.0846,3.2659,-2.0895,0.081,0.1548,13.3516,True
1790476968.1728,183.551,8.0819,3.2611,-2.0792,0.0812,0.151,13.3571,True
1790476968.2227,183.601,8.0805,3.2587,-2.0742,0.0815,0.1463,13.3599,True
1790476968.2759,183.6541,8.0779,3.2538,-2.0646,0.0817,0.1419,13.3654,True
1790476968.3258,183.7041,8.0766,3.2514,-2.0599,0.082,0.138,13.3682,True
1790476968.3727,183.7509,8.074,3.2464,-2.0507,0.0822,0.1344,13.3738,True
1790476968.4227,183.8009,8.0727,3.2439,-2.0462,0.028,-0.0088,13.3766,True
1790476968.473,183.8512,8.0715,3.2417,-2.0426,0.0824,0.1305,13.3791,True
1790476968.5227,183.9009,8.0706,3.2399,-2.0428,0.0826,0.1268,13.3812,True
1790476968.5727,183.9509,8.0681,3.235,-2.0352,0.0828,0.1243,13.3867,True
1790476968.6231,184.0013,8.0669,3.2324,-2.0311,0.0829,0.122,13.3895,True
1790476968.6727,184.0509,8.0656,3.2299,-2.027,0.083,0.1206,13.3923,True
1790476968.7227,184.1009,8.0631,3.2248,-2.019,0.083,0.1198,13.398,True
1790476968.7727,184.151,8.0619,3.2223,-2.015,0.083,0.1193,13.4008,True
1790476968.8227,184.2009,8.0595,3.2172,-2.007,0.0832,0.1171,13.4064,True
1790476968.8728,184.251,8.0583,3.2146,-2.0031,0.0834,0.1138,13.4093,True
1790476968.9232,184.3014,8.056,3.2094,-1.9956,0.0836,0.1103,13.415,True
1790476968.9728,184.351,8.0548,3.2068,-1.9919,0.0838,0.1071,13.4178,True
1790476969.0228,184.401,8.0525,3.2016,-1.9848,0.0839,0.1047,13.4235,True
1790476969.0727,184.4509,8.0513,3.199,-1.9813,0.084,0.103,13.4264,True
1790476969.1247,184.5029,8.0491,3.1938,-1.9745,0.0841,0.1017,13.4321,True
1790476969.1727,184.5509,8.048,3.1911,-1.9712,0.0841,0.1007,13.435,True
1790476969.2252,184.6035,8.0457,3.1858,-1.9646,0.0842,0.1,13.4407,True
1790476969.2727,184.6509,8.0446,3.1832,-1.9614,0.0842,0.0995,13.4436,True
1790476969.3227,184.7009,8.0425,3.1778,-1.9549,0.0842,0.0992,13.4493,True
1790476969.3732,184.7514,8.0414,3.1752,-1.9517,0.0842,0.0989,13.4522,True
1790476969.4227,184.8009,8.0393,3.1698,-1.9452,0.0843,0.0987,13.4579,True
1790476969.4727,184.8509,8.0382,3.1671,-1.942,0.0843,0.0985,13.4608,True
1790476969.5227,184.9009,8.0372,3.1645,-1.9388,0.0843,0.0983,13.4637,True
1790476969.5732,184.9514,8.0351,3.1591,-1.9324,0.0843,0.0982,13.4694,True
1790476969.6252,185.0035,8.0341,3.1564,-1.9292,0.0843,0.0981,13.4723,True
1790476969.6733,185.0515,8.0321,3.151,-1.9229,0.028,-0.0061,13.4781,True
1790476969.7227,185.1009,8.0316,3.1495,-1.9194,0.0843,0.098,13.4797,True
1790476969.7727,185.1509,8.0305,3.1466,-1.9199,0.0843,0.0979,13.4827,True
1790476969.8227,185.2009,8.0296,3.144,-1.9171,0.0843,0.0978,13.4855,True
1790476969.8727,185.2509,8.0276,3.1386,-1.9107,0.0843,0.0978,13.4913,True
1790476969.9226,185.3009,8.0267,3.1359,-1.9076,0.0843,0.0978,13.4941,True
1790476969.9726,185.3509,8.0248,3.1305,-1.9012,0.0843,0.0973,13.4999,True
1790476970.0234,185.4016,8.0239,3.1277,-1.898,0.0843,0.0972,13.5028,True
1790476970.0727,185.4509,8.022,3.1223,-1.8917,0.0843,0.0973,13.5085,True
1790476970.1226,185.5009,8.0211,3.1195,-1.8886,0.0843,0.0973,13.5114,True
1790476970.1727,185.5509,8.0194,3.1141,-1.8822,0.0843,0.0975,13.5172,True
1790476970.2226,185.6009,8.0185,3.1113,-1.8791,0.0843,0.0973,13.5201,True
1790476970.2728,185.651,8.0176,3.1086,-1.8759,0.0843,0.0973,13.5229,True
1790476970.3227,185.7009,8.0159,3.1031,-1.8696,0.0843,0.0972,13.5287,True
1790476970.3729,185.7511,8.015,3.1003,-1.8664,0.028,-0.0062,13.5316,True
1790476970.4236,185.8018,8.0137,3.0959,-1.8604,0.028,-0.0121,13.5362,True
1790476970.4727,185.8509,8.0134,3.095,-1.8606,0.0889,0.0182,13.5371,True
1790476970.5226,185.9009,8.0126,3.0921,-1.8611,0.0881,0.0321,13.5401,True
1790476970.5728,185.9511,8.0117,3.0893,-1.8604,0.028,-0.0007,13.5431,True
1790476970.6227,186.0009,8.0103,3.0846,-1.8588,0.028,-0.0024,13.548,True
1790476970.6733,186.0515,8.0101,3.0836,-1.8589,0.028,-0.0028,13.549,True
1790476970.7227,186.1009,8.0095,3.0818,-1.8591,0.028,-0.0026,13.5509,True
1790476970.7727,186.151,8.0092,3.0809,-1.8592,0.028,-0.0024,13.5519,True
1790476970.8227,186.2009,8.0087,3.079,-1.8594,0.028,-0.0022,13.5538,True
1790476970.8728,186.251,8.0084,3.0781,-1.8595,0.028,-0.002,13.5547,True
1790476970.9227,186.3009,8.0079,3.0763,-1.8597,0.028,-0.0018,13.5566,True
1790476970.9728,186.351,8.0076,3.0754,-1.8598,0.028,-0.0016,13.5576,True
1790476971.0227,186.4009,8.0071,3.0736,-1.86,0.028,-0.0016,13.5595,True
1790476971.0727,186.4509,8.0068,3.0727,-1.8601,0.028,-0.0013,13.5604,True
1790476971.1227,186.5009,8.0065,3.0718,-1.8601,0.028,-0.0011,13.5614,True
1790476971.1728,186.551,8.006,3.0699,-1.8603,0.028,-0.001,13.5633,True
1790476971.2228,186.601,8.0057,3.069,-1.8603,0.028,-0.0009,13.5642,True
1790476971.2726,186.6509,8.0052,3.0672,-1.8604,0.028,-0.0008,13.5661,True
1790476971.3227,186.7009,8.0049,3.0663,-1.8605,0.028,-0.0007,13.5671,True
1790476971.3727,186.7509,8.0044,3.0645,-1.8606,0.028,-0.0006,13.569,True
1790476971.4227,186.801,8.0041,3.0635,-1.8607,0.028,-0.0005,13.5699,True
1790476971.4757,186.8539,8.0035,3.0617,-1.8607,0.028,-0.0004,13.5718,True
1790476971.5227,186.9009,8.0033,3.0608,-1.8608,0.028,-0.0003,13.5728,True
1790476971.5769,186.9552,8.0027,3.059,-1.8609,0.0876,0.0418,13.5747,True
1790476971.6228,187.001,8.0021,3.057,-1.8608,0.028,0.0,13.5767,True
1790476971.6727,187.0509,8.0008,3.0524,-1.858,0.028,-0.0024,13.5816,True
1790476971.7228,187.101,8.0005,3.0515,-1.8581,0.028,-0.0036,13.5825,True
1790476971.7727,187.1509,8.0,3.0496,-1.8583,0.028,-0.0034,13.5844,True
1790476971.8227,187.201,7.9997,3.0487,-1.8585,0.028,-0.0032,13.5854,True
1790476971.8727,187.2509,7.9994,3.0478,-1.8586,0.028,-0.0028,13.5863,True
1790476971.9227,187.3009,7.9989,3.046,-1.8589,0.028,-0.0027,13.5882,True
1790476971.9737,187.3519,7.9986,3.0451,-1.859,0.028,-0.0024,13.5892,True
1790476972.0228,187.401,7.9981,3.0433,-1.8592,0.028,-0.0022,13.5911,True
1790476972.0727,187.451,7.9978,3.0423,-1.8593,0.028,-0.002,13.5921,True
1790476972.123,187.5012,7.9973,3.0405,-1.8595,0.028,-0.002,13.594,True
1790476972.1728,187.5511,7.997,3.0396,-1.8596,0.028,-0.0016,13.5949,True
1790476972.2227,187.601,7.9964,3.0378,-1.8597,0.028,-0.0015,13.5968,True
1790476972.2727,187.6509,7.9962,3.0369,-1.8598,0.028,-0.0013,13.5978,True
1790476972.3227,187.701,7.9956,3.035,-1.86,0.028,-0.0012,13.5997,True
1790476972.3727,187.7509,7.9954,3.0341,-1.86,0.028,-0.0011,13.6006,True
1790476972.4227,187.8009,7.9948,3.0323,-1.8602,0.028,-0.0009,13.6025,True
1790476972.4745,187.8528,7.9945,3.0314,-1.8602,0.028,-0.0008,13.6035,True
1790476972.5226,187.9009,7.994,3.0296,-1.8603,0.028,-0.0007,13.6054,True
1790476972.5727,187.951,7.9937,3.0287,-1.8604,0.028,-0.0006,13.6063,True
1790476972.6227,188.0009,7.9932,3.0268,-1.8605,0.028,-0.0005,13.6082,True
1790476972.6727,188.0509,7.9929,3.0259,-1.8605,0.028,-0.0005,13.6092,True
1790476972.7227,188.101,7.9926,3.025,-1.8605,0.028,-0.0004,13.6101,True
1790476972.7728,188.151,7.9921,3.0232,-1.8606,0.028,-0.0003,13.612,True
1790476972.8227,188.2009,7.9918,3.0223,-1.8607,0.028,-0.0002,13.613,True
1790476972.8727,188.2509,7.9913,3.0205,-1.8607,0.028,-0.0002,13.6149,True
1790476972.9255,188.3037,7.991,3.0195,-1.8607,0.028,-0.0001,13.6158,True
1790476972.9727,188.3509,7.9905,3.0177,-1.8608,0.028,-0.0001,13.6177,True
1790476973.0227,188.4009,7.9902,3.0168,-1.8608,0.028,-0.0,13.6187,True
1790476973.0727,188.4509,7.9896,3.015,-1.8609,0.028,0.0,13.6206,True
1790476973.1227,188.5009,7.9894,3.0141,-1.8609,0.028,0.0001,13.6215,True
1790476973.1727,188.5509,7.9888,3.0123,-1.8609,0.028,0.0001,13.6234,True
1790476973.2228,188.601,7.9886,3.0113,-1.861,0.028,0.0002,13.6244,True
1790476973.2727,188.6509,7.988,3.0095,-1.861,0.028,0.0002,13.6263,True
1790476973.3226,188.7009,7.9877,3.0086,-1.861,0.028,0.0002,13.6273,True
1790476973.3727,188.7509,7.9872,3.0068,-1.861,0.028,0.0003,13.6292,True
1790476973.4227,188.8009,7.9869,3.0059,-1.8611,0.028,0.0003,13.6301,True
1790476973.474,188.8522,7.9867,3.005,-1.8611,0.028,0.0003,13.6311,True
1790476973.5227,188.9009,7.9861,3.0031,-1.8611,0.028,0.0003,13.633,True
1790476973.5753,188.9535,7.9858,3.0022,-1.8611,0.028,0.0004,13.6339,True
1790476973.6227,189.001,7.9853,3.0004,-1.8611,0.028,0.0004,13.6358,True
1790476973.6727,189.0509,7.985,2.9995,-1.8611,0.028,0.0004,13.6368,True
1790476973.7227,189.1009,7.9845,2.9977,-1.8612,0.028,0.0004,13.6387,True
1790476973.7727,189.151,7.9842,2.9968,-1.8612,0.028,0.0004,13.6396,True
1790476973.8227,189.2009,7.9837,2.9949,-1.8612,0.028,0.0005,13.6415,True
1790476973.8729,189.2511,7.9834,2.994,-1.8612,0.028,0.0005,13.6425,True
1790476973.9236,189.3018,7.9828,2.9922,-1.8612,0.028,0.0005,13.6444,True
1790476973.9727,189.351,7.9826,2.9913,-1.8612,0.028,0.0005,13.6453,True
1790476974.0227,189.4009,7.982,2.9895,-1.8612,0.028,0.0005,13.6472,True
1790476974.0727,189.4509,7.9817,2.9886,-1.8612,0.028,0.0005,13.6482,True
1790476974.1227,189.5009,7.9812,2.9867,-1.8612,0.028,0.0005,13.6501,True
1790476974.1752,189.5534,7.9809,2.9858,-1.8612,0.028,0.0005,13.651,True
1790476974.2226,189.6009,7.9804,2.984,-1.8612,0.028,0.0005,13.6529,True
1790476974.2729,189.6511,7.9801,2.9831,-1.8612,0.028,0.0005,13.6539,True
1790476974.3233,189.7015,7.9798,2.9822,-1.8612,0.028,0.0006,13.6548,True
1790476974.3727,189.7509,7.9793,2.9803,-1.8613,0.028,0.0006,13.6568,True
1790476974.4227,189.8009,7.979,2.9794,-1.8613,0.028,0.0006,13.6577,True
1790476974.4728,189.851,7.9785,2.9776,-1.8613,0.028,0.0006,13.6596,True
1790476974.5227,189.9009,7.9782,2.9767,-1.8613,0.028,0.0006,13.6606,True
1790476974.5756,189.9538,7.9777,2.9749,-1.8613,0.028,0.0006,13.6625,True
1790476974.6227,190.0009,7.9774,2.974,-1.8613,0.0,0.328,13.6634,True
1790476974.6726,190.0508,7.9769,2.9724,-1.8553,0.0,0.3259,13.6651,True
1790476974.7227,190.1009,7.9769,2.9722,-1.8453,0.0,0.3103,13.6653,True
1790476974.7727,190.1509,7.9768,2.9721,-1.824,0.0,0.2897,13.6654,True
1790476974.8227,190.2009,7.9768,2.9721,-1.8143,0.0,0.2704,13.6654,True
1790476974.8726,190.2509,7.9768,2.972,-1.7956,0.0,0.252,13.6654,True
1790476974.9228,190.301,7.9768,2.972,-1.7872,0.0,0.2384,13.6655,True
1790476974.9727,190.3509,7.9768,2.972,-1.7788,0.0,0.2187,13.6655,True
1790476975.0227,190.4009,7.9768,2.9719,-1.7635,0.0,0.2068,13.6655,True
1790476975.0727,190.451,7.9768,2.9719,-1.7562,0.0,0.19,13.6655,True
1790476975.1227,190.501,7.9768,2.9719,-1.7429,0.028,0.1769,13.6656,True
1790476975.1728,190.551,7.9768,2.9719,-1.7366,0.028,0.1647,13.6656,True
1790476975.2226,190.6009,7.9765,2.9699,-1.7209,0.028,0.1483,13.6676,True
1790476975.2728,190.651,7.9763,2.969,-1.7154,0.028,0.1375,13.6685,True
1790476975.3227,190.7009,7.9761,2.9671,-1.7058,0.028,0.1282,13.6705,True
1790476975.3741,190.7523,7.9759,2.9661,-1.7012,0.028,0.1194,13.6714,True
1790476975.4227,190.8009,7.9757,2.9642,-1.6929,0.028,0.1114,13.6733,True
1790476975.4727,190.8509,7.9756,2.9633,-1.6889,0.028,0.1053,13.6743,True
1790476975.5226,190.9009,7.9754,2.9614,-1.6816,0.028,0.098,13.6762,True
1790476975.5727,190.951,7.9753,2.9604,-1.6784,0.028,0.0914,13.6772,True
1790476975.6228,191.001,7.9751,2.9585,-1.672,0.028,0.084,13.6791,True
1790476975.6733,191.0515,7.975,2.9575,-1.6692,0.028,0.0795,13.68,True
1790476975.7227,191.101,7.9749,2.9566,-1.6664,0.028,0.0795,13.681,True
1790476975.7727,191.1509,7.9747,2.9547,-1.6613,0.028,0.0691,13.6829,True
1790476975.8228,191.201,7.9746,2.9537,-1.6588,0.028,0.0691,13.6839,True
1790476975.8728,191.251,7.9744,2.9518,-1.6543,0.028,0.0644,13.6858,True
1790476975.923,191.3012,7.9744,2.9509,-1.6522,0.028,0.0559,13.6867,True
1790476975.9727,191.3509,7.9742,2.949,-1.6483,0.028,0.0521,13.6886,True
1790476976.0228,191.401,7.9741,2.948,-1.6464,0.028,0.0486,13.6896,True
1790476976.0736,191.4518,7.974,2.9461,-1.643,0.028,0.0452,13.6915,True
1790476976.1227,191.5009,7.9739,2.9452,-1.6414,0.03,0.0421,13.6925,True
1790476976.1726,191.5509,7.9738,2.9432,-1.6385,0.03,0.0392,13.6944,True
1790476976.2226,191.6009,7.9737,2.9422,-1.6371,0.03,0.0365,13.6955,True
1790476976.2741,191.6523,7.9737,2.9412,-1.6358,0.03,0.0365,13.6965,True
1790476976.3226,191.7009,7.9735,2.9391,-1.6333,0.03,0.0317,13.6985,True
1790476976.3727,191.7509,7.9734,2.9371,-1.6311,0.03,0.0295,13.7006,True
1790476976.4227,191.8009,7.9733,2.9361,-1.6302,0.03,0.0274,13.7016,True
1790476976.4728,191.851,7.9733,2.935,-1.6292,0.03,0.0255,13.7026,True
1790476976.5226,191.9009,7.9732,2.933,-1.6274,0.03,0.0239,13.7046,True
1790476976.5726,191.9509,7.9731,2.932,-1.6266,0.03,0.0222,13.7057,True
1790476976.6227,192.0009,7.973,2.9299,-1.625,0.03,0.0208,13.7077,True
1790476976.6727,192.0509,7.9729,2.9289,-1.6243,0.03,0.0208,13.7087,True
1790476976.7227,192.1009,7.9728,2.9269,-1.6229,0.03,0.0181,13.7108,True
1790476976.7728,192.151,7.9728,2.9259,-1.6223,0.03,0.0168,13.7118,True
1790476976.8228,192.201,7.9727,2.9238,-1.6211,0.03,0.0168,13.7138,True
1790476976.8768,192.255,7.9726,2.9228,-1.6206,0.03,0.0157,13.7149,True
1790476976.9227,192.3009,7.9725,2.9208,-1.6196,0.03,0.0138,13.7169,True
1790476976.9726,192.3509,7.9725,2.9197,-1.6191,0.03,0.0138,13.7179,True
1790476977.0227,192.401,7.9724,2.9177,-1.6182,0.03,0.0119,13.72,True
1790476977.074,192.4522,7.9723,2.9167,-1.6178,0.03,0.0119,13.721,True
1790476977.1226,192.5009,7.9723,2.9157,-1.6174,0.03,0.0105,13.722,True
1790476977.1745,192.5528,7.9722,2.9136,-1.6167,0.03,0.0105,13.7241,True
1790476977.2227,192.6009,7.9721,2.9126,-1.6163,0.03,0.0091,13.7251,True
1790476977.2769,192.6551,7.9721,2.9106,-1.6157,0.03,0.0091,13.7271,True
1790476977.3227,192.7009,7.972,2.9095,-1.6154,0.03,0.0079,13.7281,True
1790476977.3771,192.7554,7.9719,2.9075,-1.6149,0.03,0.0079,13.7302,True
1790476977.4228,192.801,7.9719,2.9065,-1.6146,0.03,0.0074,13.7312,True
1790476977.4748,192.853,7.9718,2.9044,-1.6141,0.03,0.0069,13.7332,True
1790476977.5227,192.9009,7.9717,2.9034,-1.6139,0.03,0.006,13.7343,True
1790476977.5727,192.951,7.9717,2.9014,-1.6135,0.03,0.0055,13.7363,True
1790476977.6227,193.001,7.9716,2.9004,-1.6133,0.03,0.0055,13.7373,True
1790476977.6753,193.0535,7.9715,2.8983,-1.613,0.03,0.0052,13.7394,True
1790476977.7227,193.1009,7.9715,2.8973,-1.6128,0.03,0.0046,13.7404,True
1790476977.7728,193.151,7.9714,2.8953,-1.6125,0.03,0.0043,13.7424,True
1790476977.8226,193.2009,7.9714,2.8942,-1.6123,0.03,0.004,13.7434,True
1790476977.8727,193.2509,7.9713,2.8932,-1.6122,0.03,0.0037,13.7445,True
1790476977.9228,193.3011,7.9712,2.8912,-1.6119,0.03,0.0035,13.7465,True
1790476977.9727,193.351,7.9712,2.8902,-1.6118,0.03,0.0032,13.7475,True
1790476978.0227,193.401,7.9711,2.8881,-1.6116,0.03,0.0032,13.7496,True
1790476978.0728,193.451,7.9711,2.8871,-1.6115,0.03,0.003,13.7506,True
1790476978.1227,193.5009,7.971,2.8851,-1.6113,0.03,0.0027,13.7526,True
1790476978.1727,193.5509,7.9709,2.884,-1.6112,0.03,0.0025,13.7537,True
1790476978.2228,193.601,7.9709,2.882,-1.6111,0.03,0.0023,13.7557,True
1790476978.2745,193.6527,7.9708,2.881,-1.611,0.03,0.0023,13.7567,True
1790476978.3227,193.7009,7.9707,2.8789,-1.6109,0.03,0.0022,13.7588,True
1790476978.3727,193.7509,7.9707,2.8779,-1.6108,0.03,0.0019,13.7598,True
1790476978.4232,193.8015,7.9706,2.8759,-1.6107,0.03,0.0018,13.7618,True
1790476978.4728,193.851,7.9706,2.8749,-1.6107,0.03,0.0018,13.7628,True
1790476978.5226,193.9009,7.9705,2.8728,-1.6106,0.03,0.0017,13.7649,True
1790476978.5727,193.9509,7.9704,2.8718,-1.6105,0.03,0.0016,13.7659,True
1790476978.6227,194.0009,7.9704,2.8698,-1.6105,0.03,0.0015,13.7679,True
1790476978.6727,194.051,7.9703,2.8687,-1.6104,0.03,0.0015,13.769,True
1790476978.7227,194.1009,7.9702,2.8667,-1.6104,0.03,0.0014,13.771,True
1790476978.7727,194.1509,7.9702,2.8657,-1.6103,0.03,0.0013,13.772,True
1790476978.8227,194.201,7.9702,2.8647,-1.6103,0.03,0.0013,13.773,True
1790476978.8727,194.2509,7.9701,2.8626,-1.6102,0.03,0.0012,13.7751,True
1790476978.9227,194.3009,7.97,2.8616,-1.6102,0.03,0.0012,13.7761,True
1790476978.9727,194.3509,7.97,2.8596,-1.6102,0.03,0.0011,13.7782,True
1790476979.0227,194.4009,7.9699,2.8585,-1.6102,0.03,0.0011,13.7792,True
1790476979.0728,194.451,7.9698,2.8565,-1.6101,0.03,0.0011,13.7812,True
1790476979.1227,194.5009,7.9698,2.8555,-1.6101,0.03,0.001,13.7822,True
1790476979.1727,194.5509,7.9697,2.8534,-1.6101,0.03,0.001,13.7843,True
1790476979.2227,194.6009,7.9697,2.8524,-1.6101,0.03,0.001,13.7853,True
1790476979.2728,194.651,7.9696,2.8504,-1.61,0.03,0.001,13.7873,True
1790476979.3226,194.7008,7.9696,2.8494,-1.61,0.03,0.0009,13.7884,True
1790476979.3727,194.7509,7.9695,2.8473,-1.61,0.03,0.0009,13.7904,True
1790476979.4227,194.801,7.9694,2.8463,-1.61,0.03,0.0009,13.7914,True
1790476979.4728,194.851,7.9694,2.8443,-1.61,0.03,0.0009,13.7935,True
1790476979.5227,194.9009,7.9693,2.8433,-1.61,0.03,0.0008,13.7945,True
1790476979.5727,194.9509,7.9692,2.8412,-1.61,0.03,0.0008,13.7965,True
1790476979.6227,195.0009,7.9692,2.8402,-1.6099,0.03,0.0008,13.7975,True
1790476979.6727,195.0509,7.9692,2.8392,-1.6099,0.03,0.0008,13.7986,True
1790476979.7226,195.1009,7.9691,2.8371,-1.6099,0.03,0.0008,13.8006,True
1790476979.7727,195.1509,7.969,2.8361,-1.6099,0.03,0.0008,13.8016,True
1790476979.8227,195.2009,7.969,2.8341,-1.6099,0.03,0.0008,13.8037,True
1790476979.8727,195.2509,7.9689,2.8331,-1.6099,0.03,0.0008,13.8047,True
1790476979.9228,195.301,7.9688,2.831,-1.6099,0.03,0.0008,13.8067,True
1790476979.9729,195.3512,7.9688,2.83,-1.6099,0.03,0.0007,13.8077,True
1790476980.0227,195.4009,7.9687,2.828,-1.6099,0.03,0.0007,13.8098,True
1790476980.0728,195.451,7.9687,2.8269,-1.6099,0.03,0.0007,13.8108,True
1790476980.1226,195.5008,7.9686,2.8249,-1.6099,0.03,0.0007,13.8129,True
1790476980.1732,195.5514,7.9686,2.8239,-1.6099,0.03,0.0007,13.8139,True
1790476980.2226,195.6009,7.9685,2.8218,-1.6098,0.03,0.0007,13.8159,True
1790476980.2727,195.6509,7.9684,2.8208,-1.6098,0.03,0.0007,13.8169,True
1790476980.3227,195.7009,7.9684,2.8198,-1.6098,0.03,0.0007,13.818,True
1790476980.3726,195.7509,7.9683,2.8178,-1.6098,0.03,0.0007,13.82,True
1790476980.4227,195.8009,7.9683,2.8167,-1.6098,0.03,0.0007,13.821,True
1790476980.4728,195.851,7.9682,2.8147,-1.6098,0.03,0.0007,13.8231,True
1790476980.5241,195.9023,7.9682,2.8137,-1.6098,0.03,0.0007,13.8241,True
1790476980.5727,195.9509,7.9681,2.8116,-1.6098,0.03,0.0007,13.8261,True
1790476980.6227,196.0009,7.968,2.8106,-1.6098,0.03,0.0007,13.8271,True
1790476980.6728,196.051,7.968,2.8086,-1.6098,0.03,0.0007,13.8292,True
1790476980.7227,196.1009,7.9679,2.8076,-1.6098,0.03,0.0006,13.8302,True
1790476980.7728,196.1511,7.9678,2.8055,-1.6098,0.03,0.0006,13.8322,True
1790476980.8226,196.2009,7.9678,2.8045,-1.6098,0.03,0.0006,13.8333,True
1790476980.8727,196.2509,7.9677,2.8025,-1.6098,0.03,0.0006,13.8353,True
1790476980.9226,196.3009,7.9677,2.8014,-1.6098,0.03,0.0006,13.8363,True
1790476980.9727,196.3509,7.9676,2.7994,-1.6098,0.03,0.0006,13.8384,True
1790476981.0227,196.4009,7.9676,2.7984,-1.6098,0.03,0.0006,13.8394,True
1790476981.0728,196.451,7.9675,2.7974,-1.6098,0.03,0.0006,13.8404,True
1790476981.1229,196.5011,7.9674,2.7953,-1.6098,0.03,0.0006,13.8424,True
1790476981.1727,196.5509,7.9674,2.7943,-1.6098,0.03,0.0006,13.8435,True
1790476981.2227,196.6009,7.9673,2.7923,-1.6098,0.03,0.0006,13.8455,True
1790476981.2733,196.6515,7.9673,2.7912,-1.6098,0.03,0.0006,13.8465,True
1790476981.3227,196.7009,7.9672,2.7892,-1.6098,0.03,0.0006,13.8486,True
1790476981.3727,196.7509,7.9672,2.7882,-1.6098,0.03,0.0006,13.8496,True
1790476981.4227,196.801,7.9671,2.7861,-1.6098,0.03,0.0006,13.8516,True
1790476981.4732,196.8514,7.967,2.7851,-1.6098,0.03,0.0006,13.8527,True
1790476981.523,196.9013,7.967,2.7831,-1.6097,0.03,0.0006,13.8547,True
1790476981.5727,196.9509,7.9669,2.7821,-1.6097,0.03,0.0006,13.8557,True
1790476981.6227,197.0009,7.9668,2.78,-1.6097,0.03,0.0006,13.8578,True
1790476981.6759,197.0541,7.9668,2.779,-1.6097,0.03,0.0006,13.8588,True
1790476981.7243,197.1025,7.9668,2.778,-1.6097,0.03,0.0006,13.8598,True
1790476981.7727,197.1509,7.9667,2.7759,-1.6097,0.03,0.0006,13.8618,True
1790476981.8226,197.2009,7.9666,2.7739,-1.6097,0.03,0.0006,13.8639,True
1790476981.8728,197.251,7.9666,2.7729,-1.6097,0.03,0.0006,13.8649,True
1790476981.9256,197.3038,7.9665,2.7719,-1.6097,0.03,0.0006,13.8659,True
1790476981.9727,197.351,7.9665,2.7698,-1.6097,0.03,0.0006,13.868,True
1790476982.0227,197.4009,7.9664,2.7688,-1.6097,0.03,0.0006,13.869,True
1790476982.0728,197.451,7.9663,2.7668,-1.6097,0.03,0.0006,13.871,True
1790476982.1227,197.5009,7.9663,2.7657,-1.6097,0.03,0.0006,13.872,True
1790476982.1728,197.551,7.9662,2.7637,-1.6097,0.03,0.0006,13.8741,True
1790476982.2226,197.6009,7.9662,2.7627,-1.6097,0.03,0.0006,13.8751,True
1790476982.275,197.6532,7.9661,2.7606,-1.6097,0.03,0.0006,13.8771,True
1790476982.3248,197.7031,7.9661,2.7596,-1.6097,0.03,0.0006,13.8782,True
1790476982.3727,197.7509,7.966,2.7576,-1.6097,0.03,0.0006,13.8802,True
1790476982.4236,197.8018,7.9659,2.7566,-1.6097,0.03,0.0006,13.8812,True
1790476982.4727,197.8509,7.9659,2.7545,-1.6097,0.03,0.0006,13.8833,True
1790476982.5228,197.901,7.9658,2.7535,-1.6097,0.03,0.0006,13.8843,True
1790476982.5727,197.9509,7.9657,2.7515,-1.6097,0.03,0.0006,13.8863,True
1790476982.6227,198.0009,7.9657,2.7504,-1.6097,0.03,0.0006,13.8874,True
1790476982.6728,198.051,7.9657,2.7494,-1.6097,0.03,0.0006,13.8884,True
1790476982.7227,198.1009,7.9656,2.7474,-1.6097,0.03,0.0006,13.8904,True
1790476982.7736,198.1518,7.9655,2.7464,-1.6097,0.03,0.0006,13.8914,True
1790476982.8227,198.201,7.9655,2.7443,-1.6097,0.03,0.0006,13.8935,True
1790476982.8727,198.251,7.9654,2.7433,-1.6097,0.03,0.0006,13.8945,True
1790476982.9232,198.3014,7.9653,2.7413,-1.6097,0.03,0.0006,13.8965,True
1790476982.9728,198.351,7.9653,2.7403,-1.6097,0.03,0.0006,13.8976,True
1790476983.0227,198.4009,7.9652,2.7382,-1.6097,0.03,0.0006,13.8996,True
1790476983.0741,198.4523,7.9652,2.7372,-1.6097,0.03,0.0006,13.9006,True
1790476983.1227,198.5009,7.9651,2.7352,-1.6097,0.03,0.0006,13.9027,True
1790476983.1727,198.5509,7.9651,2.7341,-1.6097,0.03,0.0006,13.9037,True
1790476983.2227,198.6009,7.965,2.7321,-1.6097,0.03,0.0006,13.9057,True
1790476983.2727,198.6509,7.9649,2.7311,-1.6097,0.03,0.0006,13.9067,True
1790476983.3227,198.7009,7.9649,2.729,-1.6097,0.03,0.0006,13.9088,True
1790476983.3727,198.7509,7.9648,2.728,-1.6097,0.03,0.0006,13.9098,True
1790476983.4264,198.8046,7.9648,2.727,-1.6097,0.03,0.0006,13.9108,True
1790476983.4727,198.8509,7.9647,2.725,-1.6097,0.03,0.0006,13.9129,True
1790476983.5228,198.9011,7.9647,2.7239,-1.6097,0.03,0.0006,13.9139,True
1790476983.5726,198.9508,7.9646,2.7219,-1.6097,0.03,0.0006,13.9159,True
1790476983.6227,199.0009,7.9645,2.7209,-1.6097,0.03,0.0006,13.9169,True
1790476983.6727,199.0509,7.9645,2.7188,-1.6097,0.03,0.0006,13.919,True
1790476983.7229,199.1011,7.9644,2.7178,-1.6097,0.03,0.0006,13.92,True
1790476983.7728,199.151,7.9643,2.7158,-1.6097,0.03,0.0006,13.9221,True
1790476983.8241,199.2023,7.9643,2.7148,-1.6097,0.03,0.0006,13.9231,True
1790476983.8727,199.2509,7.9642,2.7127,-1.6097,0.03,0.0006,13.9251,True
1790476983.9227,199.3009,7.9642,2.7117,-1.6097,0.03,0.0006,13.9261,True
1790476983.9727,199.3509,7.9641,2.7097,-1.6097,0.03,0.0006,13.9282,True
1790476984.0252,199.4034,7.9641,2.7086,-1.6097,0.03,0.0006,13.9292,True
1790476984.0727,199.4509,7.964,2.7066,-1.6097,0.03,0.0006,13.9312,True
1790476984.1228,199.501,7.964,2.7056,-1.6097,0.03,0.0006,13.9323,True
1790476984.1727,199.5509,7.9639,2.7035,-1.6097,0.03,0.0006,13.9343,True
1790476984.226,199.6042,7.9638,2.7025,-1.6097,0.03,0.0006,13.9353,True
1790476984.2727,199.651,7.9638,2.7015,-1.6097,0.03,0.0006,13.9363,True
1790476984.3228,199.701,7.9637,2.6995,-1.6097,0.03,0.0006,13.9384,True
1790476984.3727,199.7509,7.9637,2.6984,-1.6097,0.03,0.0006,13.9394,True
1790476984.4226,199.8009,7.9636,2.6964,-1.6097,0.03,0.0006,13.9414,True
1790476984.473,199.8512,7.9636,2.6954,-1.6097,0.03,0.0006,13.9425,True
1790476984.5228,199.901,7.9635,2.6933,-1.6097,0.03,0.0006,13.9445,True
1790476984.5755,199.9537,7.9634,2.6923,-1.6097,0.03,0.0006,13.9455,True
1790476984.6228,200.001,7.9634,2.6903,-1.6097,0.03,0.0006,13.9476,True
1790476984.6727,200.0509,7.9633,2.6893,-1.6097,0.03,0.0006,13.9486,True
1790476984.7227,200.101,7.9632,2.6872,-1.6097,0.03,0.0006,13.9506,True
1790476984.7727,200.1509,7.9632,2.6862,-1.6096,0.03,0.0006,13.9516,True
1790476984.8227,200.2009,7.9631,2.6842,-1.6096,0.03,0.0006,13.9537,True
1790476984.8726,200.2509,7.9631,2.6831,-1.6096,0.03,0.0006,13.9547,True
1790476984.9226,200.3008,7.963,2.6811,-1.6096,0.03,0.0006,13.9567,True
1790476984.9726,200.3508,7.963,2.6801,-1.6096,0.03,0.0006,13.9578,True
1790476985.0227,200.4009,7.9629,2.6791,-1.6096,0.03,0.0006,13.9588,True
1790476985.0726,200.4509,7.9628,2.677,-1.6096,0.03,0.0006,13.9608,True
1790476985.1227,200.5009,7.9628,2.676,-1.6096,0.03,0.0006,13.9619,True
1790476985.1727,200.5509,7.9627,2.674,-1.6096,0.03,0.0006,13.9639,True
1790476985.2261,200.6043,7.9627,2.6729,-1.6096,0.03,0.0006,13.9649,True
1790476985.273,200.6512,7.9626,2.6709,-1.6096,0.03,0.0006,13.967,True
1790476985.3227,200.7009,7.9626,2.6699,-1.6096,0.03,0.0006,13.968,True
1790476985.3727,200.751,7.9625,2.6678,-1.6096,0.03,0.0006,13.97,True
1790476985.4227,200.8009,7.9624,2.6668,-1.6096,0.03,0.0006,13.971,True
1790476985.4728,200.851,7.9624,2.6648,-1.6096,0.03,0.0006,13.9731,True
1790476985.5227,200.9009,7.9623,2.6638,-1.6096,0.03,0.0006,13.9741,True
1790476985.5726,200.9508,7.9622,2.6617,-1.6096,0.03,0.0006,13.9761,True
1790476985.6228,201.001,7.9622,2.6607,-1.6096,0.03,0.0006,13.9772,True
1790476985.6737,201.052,7.9621,2.6587,-1.6096,0.03,0.0006,13.9792,True
1790476985.7227,201.1009,7.9621,2.6576,-1.6096,0.03,0.0006,13.9802,True
1790476985.7727,201.1509,7.962,2.6566,-1.6096,0.03,0.0006,13.9812,True
1790476985.8227,201.2009,7.962,2.6546,-1.6096,0.03,0.0006,13.9833,True
1790476985.8727,201.2509,7.9619,2.6536,-1.6096,0.03,0.0006,13.9843,True
1790476985.9227,201.3009,7.9619,2.6515,-1.6096,0.03,0.0006,13.9863,True
1790476985.9727,201.3509,7.9618,2.6505,-1.6096,0.03,0.0006,13.9874,True
1790476986.0264,201.4046,7.9617,2.6485,-1.6096,0.03,0.0006,13.9894,True
1790476986.0727,201.451,7.9617,2.6475,-1.6096,0.03,0.0006,13.9904,True
1790476986.1226,201.5009,7.9616,2.6454,-1.6096,0.03,0.0006,13.9925,True
1790476986.1726,201.5508,7.9616,2.6444,-1.6096,0.03,0.0006,13.9935,True
1790476986.2227,201.601,7.9615,2.6424,-1.6096,0.03,0.0006,13.9955,True
1790476986.2727,201.6509,7.9615,2.6413,-1.6096,0.03,0.0006,13.9966,True
1790476986.3228,201.701,7.9614,2.6393,-1.6096,0.03,0.0006,13.9986,True
1790476986.3727,201.751,7.9613,2.6383,-1.6096,0.03,0.0006,13.9996,True
1790476986.4227,201.801,7.9613,2.6362,-1.6096,0.03,0.0006,14.0017,True
1790476986.4727,201.851,7.9612,2.6352,-1.6096,0.03,0.0006,14.0027,True
1790476986.5227,201.9009,7.9611,2.6332,-1.6096,0.03,0.0006,14.0047,True
1790476986.5727,201.9509,7.9611,2.6322,-1.6096,0.03,0.0006,14.0057,True
1790476986.6229,202.0012,7.9611,2.6311,-1.6096,0.03,0.0006,14.0068,True
1790476986.6727,202.051,7.961,2.6291,-1.6096,0.03,0.0006,14.0088,True
1790476986.7227,202.1009,7.9609,2.6281,-1.6096,0.03,0.0006,14.0098,True
1790476986.7726,202.1509,7.9609,2.626,-1.6096,0.03,0.0006,14.0119,True
1790476986.8227,202.2009,7.9608,2.625,-1.6096,0.03,0.0006,14.0129,True
1790476986.8727,202.2509,7.9607,2.623,-1.6096,0.03,0.0006,14.0149,True
1790476986.9247,202.3029,7.9607,2.622,-1.6096,0.03,0.0006,14.0159,True
1790476986.9727,202.3509,7.9606,2.6199,-1.6096,0.03,0.0006,14.018,True
1790476987.0226,202.4009,7.9606,2.6189,-1.6096,0.03,0.0006,14.019,True
1790476987.0728,202.451,7.9605,2.6169,-1.6096,0.03,0.0006,14.021,True
1790476987.1227,202.5009,7.9605,2.6158,-1.6096,0.03,0.0006,14.0221,True
1790476987.1726,202.5509,7.9604,2.6138,-1.6096,0.03,0.0006,14.0241,True
1790476987.2227,202.6009,7.9603,2.6128,-1.6096,0.03,0.0006,14.0251,True
1790476987.2727,202.6509,7.9603,2.6107,-1.6096,0.03,0.0006,14.0272,True
1790476987.3227,202.701,7.9602,2.6097,-1.6096,0.03,0.0006,14.0282,True
1790476987.3727,202.7509,7.9601,2.6077,-1.6096,0.03,0.0006,14.0302,True
1790476987.4228,202.801,7.9601,2.6067,-1.6096,0.03,0.0006,14.0313,True
1790476987.4726,202.8509,7.96,2.6046,-1.6096,0.03,0.0006,14.0333,True
1790476987.5237,202.9019,7.96,2.6036,-1.6096,0.03,0.0006,14.0343,True
1790476987.5727,202.9509,7.96,2.6026,-1.6096,0.03,0.0006,14.0353,True
1790476987.6228,203.001,7.9599,2.6005,-1.6096,0.03,0.0006,14.0374,True
1790476987.6729,203.0511,7.9598,2.5995,-1.6096,0.03,0.0006,14.0384,True
1790476987.7226,203.1009,7.9598,2.5975,-1.6096,0.03,0.0006,14.0404,True
1790476987.7726,203.1509,7.9597,2.5965,-1.6096,0.03,0.0006,14.0415,True
1790476987.8227,203.2009,7.9596,2.5944,-1.6096,0.03,0.0006,14.0435,True
1790476987.8727,203.2509,7.9596,2.5934,-1.6096,0.03,0.0006,14.0445,True
1790476987.9226,203.3009,7.9595,2.5914,-1.6096,0.03,0.0006,14.0466,True
1790476987.9727,203.3509,7.9595,2.5903,-1.6096,0.03,0.0006,14.0476,True
1790476988.0227,203.401,7.9594,2.5883,-1.6096,0.03,0.0006,14.0496,True
1790476988.0728,203.451,7.9594,2.5873,-1.6096,0.03,0.0006,14.0506,True
1790476988.1227,203.5009,7.9593,2.5852,-1.6096,0.03,0.0006,14.0527,True
1790476988.1726,203.5509,7.9592,2.5842,-1.6096,0.03,0.0006,14.0537,True
1790476988.2226,203.6008,7.9592,2.5832,-1.6096,0.03,0.0006,14.0547,True
1790476988.2727,203.6509,7.9591,2.5812,-1.6096,0.03,0.0006,14.0568,True
1790476988.3226,203.7009,7.9591,2.5801,-1.6096,0.03,0.0006,14.0578,True
1790476988.3728,203.7511,7.959,2.5781,-1.6096,0.03,0.0006,14.0598,True
1790476988.4227,203.8009,7.959,2.5771,-1.6096,0.03,0.0006,14.0608,True
1790476988.4727,203.851,7.9589,2.575,-1.6096,0.03,0.0006,14.0629,True
1790476988.5227,203.901,7.9588,2.574,-1.6096,0.03,0.0006,14.0639,True
1790476988.5727,203.9509,7.9588,2.572,-1.6096,0.03,0.0006,14.0659,True
1790476988.6242,204.0024,7.9587,2.571,-1.6096,0.03,0.0006,14.067,True
1790476988.6726,204.0508,7.9586,2.5689,-1.6096,0.03,0.0006,14.069,True
1790476988.7227,204.1009,7.9586,2.5679,-1.6096,0.03,0.0006,14.07,True
1790476988.7727,204.1509,7.9585,2.5659,-1.6096,0.03,0.0006,14.0721,True
1790476988.8227,204.2009,7.9585,2.5648,-1.6096,0.03,0.0006,14.0731,True
1790476988.8727,204.2509,7.9584,2.5628,-1.6096,0.03,0.0006,14.0751,True
1790476988.9227,204.3009,7.9584,2.5618,-1.6096,0.03,0.0006,14.0762,True
1790476988.9728,204.351,7.9583,2.5608,-1.6096,0.03,0.0006,14.0772,True
1790476989.0228,204.4011,7.9582,2.5587,-1.6096,0.03,0.0006,14.0792,True
1790476989.0727,204.4509,7.9582,2.5577,-1.6096,0.03,0.0006,14.0802,True
1790476989.1227,204.5009,7.9581,2.5557,-1.6096,0.03,0.0006,14.0823,True
1790476989.1727,204.5509,7.9581,2.5546,-1.6096,0.03,0.0006,14.0833,True
1790476989.2232,204.6014,7.958,2.5526,-1.6096,0.03,0.0006,14.0853,True
1790476989.2727,204.6509,7.958,2.5516,-1.6096,0.03,0.0006,14.0864,True
1790476989.3227,204.7009,7.9579,2.5496,-1.6096,0.03,0.0006,14.0884,True
1790476989.3727,204.7509,7.9579,2.5485,-1.6096,0.03,0.0006,14.0894,True
1790476989.4228,204.801,7.9578,2.5465,-1.6096,0.03,0.0006,14.0915,True
1790476989.4727,204.851,7.9577,2.5455,-1.6096,0.03,0.0006,14.0925,True
1790476989.5227,204.9009,7.9577,2.5434,-1.6096,0.03,0.0006,14.0945,True
1790476989.5727,204.9509,7.9576,2.5424,-1.6096,0.03,0.0006,14.0955,True
1790476989.6227,205.001,7.9576,2.5414,-1.6096,0.03,0.0006,14.0966,True
1790476989.6729,205.0511,7.9575,2.5394,-1.6096,0.03,0.0006,14.0986,True
1790476989.7245,205.1027,7.9575,2.5383,-1.6095,0.03,0.0006,14.0996,True
1790476989.7728,205.151,7.9574,2.5363,-1.6095,0.03,0.0006,14.1017,True
1790476989.8226,205.2008,7.9573,2.5353,-1.6095,0.03,0.0006,14.1027,True
1790476989.8726,205.2509,7.9573,2.5332,-1.6095,0.03,0.0006,14.1047,True
1790476989.9228,205.301,7.9572,2.5322,-1.6095,0.03,0.0006,14.1058,True
1790476989.9728,205.3511,7.9571,2.5302,-1.6095,0.03,0.0006,14.1078,True
1790476990.0227,205.4009,7.9571,2.5292,-1.6095,0.03,0.0006,14.1088,True
1790476990.0726,205.4508,7.957,2.5271,-1.6095,0.03,0.0006,14.1109,True
1790476990.1227,205.5009,7.957,2.5261,-1.6095,0.03,0.0006,14.1119,True
1790476990.1727,205.5509,7.9569,2.5241,-1.6095,0.03,0.0006,14.1139,True
1790476990.2227,205.6009,7.9569,2.523,-1.6095,0.03,0.0006,14.1149,True
1790476990.2727,205.6509,7.9568,2.521,-1.6095,0.03,0.0006,14.117,True
1790476990.3227,205.7009,7.9567,2.52,-1.6095,0.03,0.0006,14.118,True
1790476990.3728,205.751,7.9567,2.519,-1.6095,0.03,0.0006,14.119,True
1790476990.4227,205.8009,7.9566,2.5169,-1.6095,0.03,0.0006,14.1211,True
1790476990.4727,205.8509,7.9565,2.5149,-1.6095,0.03,0.0006,14.1231,True
1790476990.5226,205.9009,7.9565,2.5139,-1.6095,0.03,0.0006,14.1241,True
1790476990.5728,205.951,7.9565,2.5128,-1.6095,0.03,0.0006,14.1251,True
1790476990.6226,206.0009,7.9564,2.5108,-1.6095,0.03,0.0006,14.1272,True
1790476990.6727,206.0509,7.9564,2.5098,-1.6095,0.03,0.0006,14.1282,True
1790476990.7227,206.1009,7.9563,2.5077,-1.6095,0.03,0.0006,14.1302,True
1790476990.7741,206.1524,7.9562,2.5067,-1.6095,0.03,0.0006,14.1313,True
1790476990.8227,206.2009,7.9562,2.5047,-1.6095,0.03,0.0006,14.1333,True
1790476990.8727,206.251,7.9561,2.5037,-1.6095,0.03,0.0006,14.1343,True
1790476990.9227,206.3009,7.956,2.5016,-1.6095,0.03,0.0006,14.1364,True
1790476990.9728,206.351,7.956,2.5006,-1.6095,0.03,0.0006,14.1374,True
1790476991.0229,206.4011,7.9559,2.4986,-1.6095,0.03,0.0006,14.1394,True
1790476991.0727,206.4509,7.9559,2.4975,-1.6095,0.015,-0.3,14.1405,True
1790476991.1227,206.5009,7.9558,2.4957,-1.6109,0.015,-0.3,14.1423,True
1790476991.1727,206.5509,7.9558,2.495,-1.6193,0.015,-0.3,14.1429,True
1790476991.2227,206.6009,7.9557,2.4945,-1.6295,0.0792,0.185,14.1435,True
1790476991.2726,206.6509,7.9556,2.4917,-1.6388,0.0792,0.185,14.1463,True
1790476991.3227,206.7009,7.9554,2.4895,-1.6364,0.0757,0.245,14.1485,True
1790476991.3729,206.7511,7.9551,2.4844,-1.6204,0.0731,0.2905,14.1536,True
1790476991.4227,206.8009,7.955,2.482,-1.6109,0.0711,0.3247,14.156,True
1790476991.4727,206.851,7.9549,2.4771,-1.5884,0.0687,0.3664,14.1609,True
1790476991.5227,206.9009,7.9548,2.4747,-1.5768,0.0679,0.3787,14.1633,True
1790476991.5727,206.9509,7.9549,2.47,-1.5522,0.0674,0.3884,14.168,True
1790476991.6227,207.0009,7.9549,2.4676,-1.5397,0.0674,0.3884,14.1704,True
1790476991.6727,207.0509,7.9551,2.4629,-1.5138,0.0668,0.3977,14.1751,True
1790476992.3764,207.7546,7.9551,2.4629,-1.5138,0.0664,0.4053,14.1751,True
1790476992.4226,207.8009,7.9572,2.4444,-1.4066,0.066,0.4113,14.1937,True
1790476992.4726,207.8509,7.958,2.4399,-1.3792,0.0658,0.4161,14.1983,True
1790476992.5228,207.901,7.9585,2.4376,-1.3653,0.0656,0.4198,14.2006,True
1790476992.5743,207.9525,7.9595,2.4332,-1.3373,0.066,0.4129,14.2052,True
1790476993.3678,208.746,7.96,2.4309,-1.3235,0.0666,0.4016,14.2075,True
1790476993.3727,208.751,7.9606,2.4287,-1.31,0.0666,0.4016,14.2098,True
1790476993.4227,208.8009,7.9655,2.4132,-1.2159,0.028,-0.0212,14.226,True
1790476993.4727,208.8509,7.9667,2.41,-1.2106,0.028,-0.173,14.2295,True
1790476993.5227,208.9009,7.9674,2.4081,-1.2205,0.028,-0.1665,14.2315,True
1790476993.5728,208.951,7.9677,2.4073,-1.2263,0.028,-0.155,14.2324,True
1790476993.6227,209.0009,7.9683,2.4055,-1.237,0.028,-0.1427,14.2343,True
1790476993.6727,209.0509,7.9686,2.4046,-1.2421,0.028,-0.1328,14.2352,True
1790476993.7237,209.1019,7.9692,2.4028,-1.2513,0.028,-0.124,14.2371,True
1790476993.7726,209.1509,7.9695,2.4019,-1.2557,0.028,-0.1155,14.2381,True
1790476993.8228,209.201,7.9701,2.4001,-1.2637,0.028,-0.1076,14.24,True
1790476993.8727,209.2509,7.9704,2.3992,-1.2675,0.028,-0.1003,14.2409,True
1790476993.9227,209.3009,7.971,2.3974,-1.2744,0.028,-0.0936,14.2428,True
1790476993.9728,209.351,7.9712,2.3965,-1.2778,0.028,-0.0873,14.2438,True
1790476994.0227,209.401,7.9718,2.3946,-1.2838,0.028,-0.0813,14.2457,True
1790476994.0732,209.4514,7.9721,2.3937,-1.2867,0.028,-0.0813,14.2466,True
1790476994.1227,209.5009,7.9726,2.3919,-1.2919,0.028,-0.0708,14.2485,True
1790476994.1729,209.5511,7.9728,2.391,-1.2944,0.028,-0.066,14.2495,True
1790476994.2227,209.6009,7.9734,2.3892,-1.2989,0.028,-0.0616,14.2514,True
1790476994.2727,209.6509,7.9736,2.3883,-1.301,0.028,-0.0572,14.2523,True
1790476994.3227,209.7009,7.9741,2.3864,-1.3049,0.028,-0.0534,14.2542,True
1790476994.3728,209.751,7.9744,2.3855,-1.3068,0.028,-0.0534,14.2552,True
1790476994.4227,209.8009,7.9749,2.3837,-1.3102,0.028,-0.0465,14.2571,True
1790476994.4727,209.8509,7.9751,2.3827,-1.3117,0.028,-0.0465,14.258,True
1790476994.5228,209.9011,7.9753,2.3818,-1.3132,0.028,-0.0406,14.259,True
1790476994.5727,209.9509,7.9758,2.38,-1.3159,0.028,-0.0385,14.2609,True
1790476994.6226,210.0009,7.9761,2.3791,-1.3173,0.028,-0.0355,14.2618,True
1790476994.673,210.0512,7.9765,2.3772,-1.3196,0.028,-0.0355,14.2637,True
1790476994.723,210.1012,7.9768,2.3763,-1.3208,0.028,-0.0315,14.2647,True
1790476994.7727,210.151,7.9772,2.3745,-1.3229,0.028,-0.0294,14.2666,True
1790476994.8227,210.2009,7.9775,2.3735,-1.3239,0.028,-0.0271,14.2675,True
1790476994.8728,210.2511,7.9779,2.3717,-1.3257,0.028,-0.0257,14.2695,True
1790476994.9226,210.3008,7.9782,2.3708,-1.3265,0.028,-0.0237,14.2704,True
1790476994.9728,210.3511,7.9786,2.3689,-1.3281,0.028,-0.0222,14.2723,True
1790476995.0228,210.401,7.9789,2.368,-1.3288,0.028,-0.0208,14.2733,True
1790476995.0727,210.4509,7.9793,2.3661,-1.3301,0.028,-0.0198,14.2752,True
1790476995.1228,210.5011,7.9795,2.3652,-1.3308,0.028,-0.0185,14.2761,True
1790476995.1727,210.5509,7.98,2.3634,-1.332,0.028,-0.0171,14.278,True
1790476995.2227,210.6009,7.9802,2.3624,-1.3325,0.028,-0.0161,14.279,True
1790476995.2726,210.6509,7.9804,2.3615,-1.333,0.028,-0.0151,14.2799,True
1790476995.3226,210.7009,7.9809,2.3597,-1.334,0.028,-0.0142,14.2818,True
1790476995.3727,210.7509,7.9811,2.3587,-1.3344,0.028,-0.0133,14.2828,True
1790476995.4227,210.8009,7.9816,2.3569,-1.3352,0.028,-0.0125,14.2847,True
1790476995.4728,210.851,7.9818,2.356,-1.3356,0.028,-0.0125,14.2856,True
1790476995.5228,210.901,7.9822,2.3541,-1.3364,0.028,-0.0119,14.2875,True
1790476995.5733,210.9515,7.9824,2.3532,-1.3367,0.028,-0.0104,14.2885,True
1790476995.6228,211.0011,7.9829,2.3513,-1.3373,0.028,-0.0104,14.2904,True
1790476995.6727,211.0509,7.9831,2.3504,-1.3376,0.028,-0.0094,14.2914,True
1790476995.7231,211.1014,7.9835,2.3485,-1.3382,0.028,-0.0087,14.2933,True
1790476995.7726,211.1509,7.9838,2.3476,-1.3384,0.028,-0.0082,14.2942,True
1790476995.8227,211.2009,7.9842,2.3458,-1.3389,0.028,-0.0077,14.2961,True
1790476995.8727,211.2509,7.9844,2.3448,-1.3391,0.028,-0.0077,14.2971,True
1790476995.9227,211.3009,7.9849,2.343,-1.3395,0.028,-0.007,14.299,True
1790476995.9732,211.3515,7.9851,2.3421,-1.3397,0.028,-0.0066,14.2999,True
1790476996.025,211.4032,7.9855,2.3402,-1.3401,0.028,-0.0063,14.3018,True
1790476996.073,211.4513,7.9857,2.3393,-1.3403,0.028,-0.0059,14.3028,True
1790476996.1227,211.5009,7.986,2.3383,-1.3404,0.028,-0.0056,14.3037,True
1790476996.1727,211.5509,7.9864,2.3365,-1.3407,0.028,-0.0053,14.3056,True
1790476996.2228,211.601,7.9866,2.3356,-1.3409,0.028,-0.0053,14.3066,True
1790476996.2727,211.6509,7.987,2.3337,-1.3411,0.028,-0.0051,14.3085,True
1790476996.3227,211.7009,7.9873,2.3328,-1.3412,0.028,-0.0048,14.3095,True
1790476996.3732,211.7514,7.9877,2.3309,-1.3415,0.028,-0.0046,14.3114,True
1790476996.4227,211.801,7.9879,2.33,-1.3416,0.028,-0.0044,14.3123,True
1790476996.4727,211.8509,7.9883,2.3281,-1.3417,0.028,-0.0042,14.3142,True
1790476996.5227,211.9009,7.9886,2.3272,-1.3418,0.0856,0.0752,14.3152,True
1790476996.5727,211.9509,7.9896,2.3226,-1.3461,0.0841,0.1019,14.3199,True
1790476996.6227,212.001,7.9903,2.3198,-1.3436,0.0828,0.1239,14.3228,True
1790476996.6729,212.0512,7.9916,2.3143,-1.336,0.0816,0.1435,14.3285,True
1790476996.7227,212.1009,7.9922,2.3115,-1.3313,0.081,0.1537,14.3313,True
1790476996.7743,212.1526,7.9929,2.3088,-1.3265,0.0808,0.1587,14.3341,True
1790476996.8227,212.2009,7.9943,2.3034,-1.316,0.0808,0.1587,14.3396,True
1790476996.8728,212.251,7.995,2.3008,-1.3107,0.0805,0.1623,14.3424,True
1790476996.9227,212.3009,7.9964,2.2954,-1.2999,0.0808,0.1585,14.3479,True
1790476996.9726,212.3508,7.9972,2.2928,-1.2945,0.0808,0.1585,14.3507,True
1790476997.0228,212.401,7.9987,2.2875,-1.284,0.0811,0.1525,14.3562,True
1790476997.0729,212.4511,7.9995,2.2848,-1.2789,0.0815,0.1457,14.359,True
1790476997.1226,212.5009,8.0011,2.2794,-1.2694,0.082,0.1378,14.3646,True
1790476997.1743,212.5526,8.002,2.2768,-1.2647,0.0825,0.1291,14.3674,True
1790476997.2226,212.6009,8.0037,2.2714,-1.2562,0.0827,0.1252,14.373,True
1790476997.2729,212.6511,8.0046,2.2687,-1.252,0.0829,0.122,14.3759,True
1790476997.3227,212.7009,8.0064,2.2633,-1.2437,0.0832,0.1174,14.3815,True
1790476997.3728,212.751,8.0073,2.2606,-1.2396,0.0832,0.1174,14.3844,True
1790476997.4227,212.8009,8.0092,2.2553,-1.2318,0.0836,0.1103,14.3901,True
1790476997.4727,212.8509,8.0101,2.2526,-1.2279,0.0837,0.1076,14.3929,True
1790476997.5228,212.901,8.0111,2.2499,-1.2242,0.084,0.1037,14.3958,True
1790476997.573,212.9512,8.013,2.2445,-1.2171,0.0843,0.098,14.4015,True
1790476997.6226,213.0009,8.014,2.2418,-1.2136,0.0846,0.092,14.4044,True
1790476997.6727,213.051,8.0161,2.2364,-1.2071,0.0846,0.092,14.4101,True
1790476997.7227,213.101,8.0171,2.2337,-1.204,0.0851,0.084,14.413,True
1790476997.7733,213.1515,8.0192,2.2283,-1.1984,0.0858,0.0723,14.4188,True
1790476997.8227,213.2009,8.0203,2.2256,-1.1958,0.0864,0.062,14.4217,True
1790476997.8727,213.251,8.0224,2.2202,-1.1911,0.0871,0.0502,14.4276,True
1790476997.9227,213.3009,8.0235,2.2174,-1.189,0.0877,0.0401,14.4305,True
1790476997.976,213.3543,8.0257,2.2119,-1.1858,0.0885,0.0264,14.4365,True
1790476998.0228,213.4011,8.0269,2.2092,-1.1844,0.0895,0.0088,14.4394,True
1790476998.0726,213.4509,8.0291,2.2036,-1.1831,0.0893,-0.0124,14.4455,True
1790476998.1228,213.501,8.0303,2.2008,-1.1834,0.0893,-0.0124,14.4485,True
1790476998.1727,213.5509,8.0326,2.1952,-1.1848,0.087,-0.0513,14.4546,True
1790476998.2227,213.6009,8.0337,2.1924,-1.1865,0.0863,-0.0639,14.4575,True
1790476998.2727,213.6509,8.0348,2.1897,-1.1882,0.0858,-0.0726,14.4605,True
1790476998.3226,213.7008,8.037,2.1842,-1.1926,0.0855,-0.0777,14.4663,True
1790476998.373,213.7512,8.038,2.1815,-1.195,0.0853,-0.08,14.4693,True
1790476998.4228,213.801,8.0401,2.1761,-1.2002,0.0853,-0.08,14.4751,True
1790476998.4739,213.8521,8.0412,2.1734,-1.2029,0.0854,-0.0793,14.478,True
1790476998.5227,213.9009,8.0433,2.168,-1.2081,0.0855,-0.0771,14.4837,True
1790476998.5741,213.9524,8.0443,2.1653,-1.2106,0.0855,-0.0771,14.4866,True
1790476998.6226,214.0009,8.0463,2.1599,-1.2157,0.0854,-0.0787,14.4924,True
1790476998.6727,214.051,8.0473,2.1572,-1.2183,0.0856,-0.0756,14.4953,True
1790476998.7227,214.1009,8.0493,2.1517,-1.2233,0.0859,-0.0708,14.5011,True
1790476998.7729,214.1511,8.0503,2.149,-1.2258,0.0858,-0.0722,14.504,True
1790476998.8227,214.2009,8.0523,2.1435,-1.2305,0.086,-0.0688,14.5099,True
1790476998.8728,214.251,8.0532,2.1407,-1.2328,0.0863,-0.0633,14.5128,True
1790476998.9227,214.3009,8.0552,2.1352,-1.2371,0.0863,-0.0643,14.5187,True
1790476998.973,214.3512,8.0561,2.1324,-1.2392,0.086,-0.0681,14.5216,True
1790476999.0226,214.4009,8.058,2.1269,-1.2435,0.0858,-0.0728,14.5274,True
1790476999.0727,214.4509,8.0589,2.1241,-1.2458,0.0855,-0.0775,14.5303,True
1790476999.1227,214.501,8.0599,2.1214,-1.2481,0.0853,-0.081,14.5333,True
1790476999.1727,214.5509,8.0617,2.1159,-1.2532,0.0852,-0.0829,14.539,True
1790476999.2227,214.6009,8.0626,2.1131,-1.2558,0.0851,-0.0839,14.5419,True
1790476999.2727,214.651,8.0644,2.1077,-1.2612,0.0851,-0.0844,14.5477,True
1790476999.3228,214.701,8.0652,2.1049,-1.2639,0.0852,-0.0828,14.5506,True
1790476999.3728,214.751,8.067,2.0994,-1.2693,0.0854,-0.0797,14.5564,True
1790476999.4227,214.8009,8.0678,2.0966,-1.272,0.028,0.0052,14.5592,True
1790476999.4727,214.8509,8.0692,2.0922,-1.2722,0.028,0.0077,14.5639,True
1790476999.5226,214.9009,8.0695,2.0912,-1.2719,0.028,0.0055,14.5649,True
1790476999.5727,214.9509,8.07,2.0894,-1.2714,0.028,0.0051,14.5668,True
1790476999.6227,215.0009,8.0703,2.0885,-1.2713,0.028,0.0047,14.5678,True
1790476999.6727,215.0509,8.0709,2.0867,-1.2709,0.028,0.0044,14.5697,True
1790476999.7245,215.1027,8.0712,2.0858,-1.2707,0.028,0.0041,14.5706,True
1790476999.7728,215.151,8.0717,2.0839,-1.2705,0.028,0.0038,14.5725,True
1790476999.8226,215.2009,8.072,2.083,-1.2703,0.028,0.0035,14.5735,True
1790476999.8727,215.2509,8.0726,2.0812,-1.2701,0.0826,-0.1276,14.5754,True
1790476999.9227,215.3009,8.0732,2.0793,-1.2698,0.0774,-0.2171,14.5774,True
1790476999.9727,215.3509,8.0747,2.0742,-1.2806,0.0733,-0.2869,14.5827,True
1790477000.0228,215.401,8.0754,2.0718,-1.2902,0.0699,-0.3443,14.5852,True
1790477000.0728,215.4511,8.0761,2.0694,-1.2998,0.0672,-0.3907,14.5877,True
1790477000.1227,215.5009,8.0773,2.065,-1.3247,0.0651,-0.4276,14.5923,True
1790477000.1726,215.5509,8.0778,2.0628,-1.3377,0.0641,-0.4439,14.5945,True
1790477000.2226,215.6009,8.0787,2.0587,-1.3669,0.0635,-0.4548,14.5987,True
1790477000.2727,215.6509,8.0791,2.0567,-1.3818,0.0637,-0.4517,14.6008,True
1790477000.3227,215.7009,8.0798,2.0526,-1.4122,0.0642,-0.4424,14.6049,True
1790477000.3727,215.751,8.0801,2.0506,-1.427,0.0651,-0.4271,14.607,True
1790477000.4227,215.8009,8.0807,2.0464,-1.4562,0.0661,-0.4105,14.6112,True
1790477000.473,215.8512,8.0809,2.0443,-1.47,0.0668,-0.3988,14.6133,True
1790477000.5227,215.9009,8.0813,2.04,-1.4971,0.0674,-0.3876,14.6176,True
1790477000.5728,215.951,8.0814,2.0378,-1.5101,0.0681,-0.3757,14.6198,True
1790477000.6227,216.0009,8.0816,2.0334,-1.5356,0.028,0.0205,14.6242,True
1790477000.6727,216.0509,8.0817,2.0313,-1.5415,0.028,0.0407,14.6264,True
1790477000.7229,216.1011,8.0818,2.0298,-1.5442,0.028,0.0479,14.6278,True
1790477000.7727,216.151,8.0818,2.0279,-1.5414,0.028,0.0459,14.6297,True
1790477000.8242,216.2024,8.0818,2.0269,-1.5398,0.028,0.0459,14.6307,True
1790477000.8727,216.2509,8.0819,2.0247,-1.5426,0.0707,-0.3313,14.6329,True
1790477000.9227,216.3009,8.082,2.0229,-1.5508,0.0716,-0.3157,14.6347,True
1790477000.9726,216.3509,8.082,2.0182,-1.5726,0.0722,-0.3054,14.6394,True
1790477001.0227,216.4009,8.082,2.0159,-1.5831,0.0727,-0.2974,14.6418,True
1790477001.0727,216.4509,8.0819,2.0111,-1.6031,0.073,-0.2912,14.6466,True
1790477001.1227,216.501,8.0818,2.0087,-1.6129,0.0734,-0.2845,14.649,True
1790477001.1727,216.551,8.0815,2.0038,-1.6318,0.0739,-0.2771,14.6539,True
1790477001.2228,216.601,8.0814,2.0013,-1.6411,0.0743,-0.2696,14.6563,True
1790477001.2727,216.6509,8.081,1.9964,-1.659,0.0747,-0.2626,14.6612,True
1790477001.3227,216.7009,8.0807,1.9939,-1.6677,0.0755,-0.2485,14.6637,True
1790477001.3726,216.7509,8.0802,1.9889,-1.6847,0.0761,-0.238,14.6688,True
1790477001.4227,216.8009,8.0799,1.9864,-1.6926,0.077,-0.2233,14.6713,True
1790477001.4733,216.8515,8.0796,1.9838,-1.7005,0.0779,-0.2081,14.6739,True
1790477001.5229,216.9011,8.0789,1.9787,-1.7148,0.0788,-0.193,14.6791,True
1790477001.5726,216.9509,8.0785,1.9761,-1.7217,0.0793,-0.1841,14.6817,True
1790477001.6227,217.0009,8.0777,1.9709,-1.7342,0.0799,-0.1734,14.687,True
1790477001.6728,217.051,8.0772,1.9682,-1.7402,0.0799,-0.1734,14.6897,True
1790477001.7227,217.1009,8.0763,1.9629,-1.7513,0.0808,-0.1572,14.6951,True
1790477001.7726,217.1509,8.0758,1.9603,-1.7566,0.081,-0.1543,14.6978,True
1790477001.8227,217.2009,8.0748,1.9549,-1.7669,0.0814,-0.1481,14.7032,True
1790477001.8729,217.2512,8.0742,1.9523,-1.7719,0.0818,-0.141,14.706,True
1790477001.9227,217.3009,8.0731,1.9469,-1.7814,0.0818,-0.141,14.7114,True
1790477001.9727,217.3509,8.0725,1.9442,-1.7861,0.0822,-0.1345,14.7142,True
1790477002.0226,217.4009,8.0713,1.9388,-1.7951,0.0822,-0.1347,14.7197,True
1790477002.0726,217.4509,8.0707,1.9361,-1.7995,0.0822,-0.1347,14.7225,True
1790477002.1227,217.5009,8.0694,1.9307,-1.8084,0.0818,-0.1403,14.728,True
1790477002.1727,217.5509,8.0688,1.928,-1.8129,0.0821,-0.1361,14.7308,True
1790477002.2227,217.6009,8.0681,1.9254,-1.8175,0.0821,-0.1361,14.7335,True
1790477002.273,217.6513,8.0667,1.92,-1.8265,0.0824,-0.1302,14.7391,True
1790477002.3227,217.7009,8.066,1.9173,-1.8308,0.0828,-0.1242,14.7418,True
1790477002.3727,217.7509,8.0645,1.9119,-1.8388,0.0831,-0.1186,14.7474,True
1790477002.4228,217.801,8.0638,1.9092,-1.8427,0.0834,-0.1137,14.7502,True
1790477002.4728,217.851,8.0623,1.9038,-1.8503,0.0833,-0.1159,14.7559,True
1790477002.5227,217.9009,8.0615,1.9011,-1.8542,0.0829,-0.1211,14.7587,True
1790477002.5727,217.9509,8.0599,1.8957,-1.8621,0.083,-0.1203,14.7643,True
1790477002.6228,218.001,8.0591,1.8931,-1.8661,0.0832,-0.1168,14.7671,True
1790477002.6727,218.0509,8.0574,1.8877,-1.8738,0.0834,-0.1133,14.7727,True
1790477002.7228,218.101,8.0566,1.885,-1.8776,0.0836,-0.11,14.7755,True
1790477002.7726,218.1508,8.0549,1.8796,-1.8849,0.0837,-0.1076,14.7812,True
1790477002.8226,218.2009,8.054,1.8769,-1.8886,0.0838,-0.1058,14.784,True
1790477002.8728,218.251,8.0522,1.8715,-1.8957,0.0839,-0.1045,14.7897,True
1790477002.9262,218.3045,8.0513,1.8688,-1.8993,0.084,-0.1035,14.7926,True
1790477002.9727,218.3509,8.0494,1.8634,-1.9063,0.084,-0.1025,14.7983,True
1790477003.0227,218.4009,8.0485,1.8607,-1.9098,0.0841,-0.1014,14.8011,True
1790477003.0745,218.4527,8.0475,1.858,-1.9133,0.0842,-0.1003,14.804,True
1790477003.1227,218.501,8.0456,1.8527,-1.9201,0.0842,-0.0992,14.8097,True
1790477003.1727,218.5509,8.0446,1.85,-1.9235,0.0843,-0.0981,14.8125,True
1790477003.2227,218.6009,8.0426,1.8446,-1.9301,0.0844,-0.096,14.8182,True
1790477003.2728,218.651,8.0416,1.8419,-1.9335,0.0844,-0.096,14.8211,True
1790477003.3227,218.7009,8.0395,1.8366,-1.94,0.0845,-0.0952,14.8268,True
1790477003.3727,218.7509,8.0385,1.8339,-1.9432,0.0845,-0.0944,14.8297,True
1790477003.4228,218.801,8.0364,1.8286,-1.9497,0.0845,-0.0952,14.8354,True
1790477003.4728,218.851,8.0353,1.8259,-1.9529,0.0844,-0.0969,14.8383,True
1790477003.5267,218.9049,8.0332,1.8206,-1.9596,0.0842,-0.0988,14.844,True
1790477003.5727,218.9509,8.0321,1.818,-1.963,0.0841,-0.1007,14.8469,True
1790477003.6227,219.0009,8.0299,1.8127,-1.9699,0.084,-0.1023,14.8526,True
1790477003.6726,219.0509,8.0288,1.8101,-1.9734,0.084,-0.1037,14.8554,True
1790477003.7249,219.1031,8.0265,1.8049,-1.9805,0.0839,-0.1048,14.8611,True
1790477003.7727,219.151,8.0254,1.8023,-1.9841,0.0838,-0.1057,14.864,True
1790477003.8227,219.2009,8.0231,1.7971,-1.9913,0.0838,-0.1063,14.8697,True
1790477003.8731,219.2514,8.0219,1.7945,-1.9949,0.0838,-0.1068,14.8725,True
1790477003.9227,219.301,8.0208,1.7919,-1.9986,0.0838,-0.1071,14.8754,True
1790477003.9727,219.3509,8.0184,1.7867,-2.0059,0.028,0.007,14.881,True
1790477004.0229,219.4011,8.0178,1.7855,-2.0172,0.028,0.0264,14.8824,True
1790477004.0727,219.451,8.0168,1.7835,-2.0201,0.028,0.0264,14.8846,True
1790477004.1227,219.5009,8.0164,1.7826,-2.0192,0.028,0.0341,14.8855,True
1790477004.1729,219.5512,8.0156,1.7809,-2.0169,0.028,0.0327,14.8875,True
1790477004.2228,219.601,8.0152,1.7801,-2.0157,0.028,0.0306,14.8884,True
1790477004.273,219.6512,8.0144,1.7783,-2.0137,0.028,0.0279,14.8903,True
1790477004.3231,219.7013,8.014,1.7775,-2.0127,0.028,0.0263,14.8913,True
1790477004.3727,219.7509,8.0132,1.7758,-2.011,0.028,0.0227,14.8932,True
1790477004.4227,219.801,8.0127,1.7749,-2.0101,0.028,0.0227,14.8941,True
1790477004.4727,219.8509,8.0119,1.7732,-2.0086,0.028,0.0208,14.896,True
1790477004.5227,219.9009,8.0115,1.7723,-2.0079,0.028,0.0195,14.897,True
1790477004.5727,219.9509,8.0111,1.7715,-2.0072,0.028,0.0182,14.8979,True
1790477004.6227,220.001,8.0103,1.7697,-2.0059,0.028,0.0168,14.8998,True
1790477004.6727,220.051,8.0099,1.7689,-2.0054,0.028,0.0156,14.9008,True
1790477004.724,220.1022,8.0087,1.7661,-2.004,0.0851,-0.0841,14.9038,True
1790477004.7727,220.1509,8.0075,1.7636,-2.0062,0.0816,-0.144,14.9066,True
1790477004.8227,220.2009,8.0051,1.7586,-2.0158,0.0786,-0.1959,14.9121,True
1790477004.8739,220.2521,8.004,1.7562,-2.0227,0.0762,-0.2368,14.9148,True
1790477004.9228,220.301,8.0017,1.7517,-2.0398,0.0747,-0.2627,14.9198,True
1790477004.9727,220.3509,8.0006,1.7495,-2.0489,0.0732,-0.2886,14.9223,True
1790477005.0228,220.401,7.9983,1.7452,-2.0692,0.0724,-0.3015,14.9272,True
1790477005.0727,220.4509,7.9971,1.743,-2.0796,0.0716,-0.3158,14.9296,True
1790477005.1226,220.5008,7.9948,1.7389,-2.1017,0.0708,-0.3294,14.9344,True
1790477005.1726,220.5509,7.9936,1.7369,-2.1131,0.0703,-0.3382,14.9367,True
1790477005.2227,220.6009,7.9911,1.7329,-2.1365,0.0703,-0.3382,14.9414,True
1790477005.2728,220.651,7.9899,1.7309,-2.1482,0.0703,-0.3378,14.9437,True
1790477005.3244,220.7027,7.9872,1.727,-2.1712,0.0709,-0.3279,14.9484,True
1790477005.3742,220.7524,7.9859,1.7251,-2.1825,0.0717,-0.3147,14.9508,True
1790477005.4231,220.8014,7.9845,1.7231,-2.1934,0.0725,-0.3009,14.9532,True
1790477005.4727,220.8509,7.9816,1.7192,-2.2137,0.0733,-0.2875,14.958,True
1790477005.5227,220.901,7.9802,1.7173,-2.2236,0.0736,-0.2817,14.9605,True
1790477005.5727,220.9509,7.9771,1.7134,-2.2426,0.0748,-0.261,14.9654,True
1790477005.6241,221.0023,7.9756,1.7114,-2.2519,0.0748,-0.261,14.9679,True
1790477005.6728,221.0511,7.9723,1.7075,-2.2691,0.0755,-0.2487,14.973,True
1790477005.7227,221.1009,7.9707,1.7055,-2.2775,0.0763,-0.2356,14.9756,True
1790477005.7727,221.1509,7.9673,1.7016,-2.2929,0.0776,-0.2124,14.9808,True
1790477005.8229,221.2011,7.9655,1.6997,-2.3005,0.0776,-0.2124,14.9834,True
1790477005.8727,221.251,7.962,1.6957,-2.3145,0.0782,-0.2032,14.9887,True
1790477005.9227,221.3009,7.9602,1.6938,-2.3214,0.079,-0.1887,14.9913,True
1790477005.9727,221.3509,7.9565,1.6899,-2.3344,0.079,-0.1887,14.9967,True
1790477006.0227,221.4009,7.9546,1.688,-2.3408,0.0794,-0.1825,14.9994,True
1790477006.0727,221.4509,7.9528,1.6861,-2.347,0.0797,-0.1772,15.0021,True
1790477006.123,221.5012,7.9489,1.6822,-2.3589,0.0799,-0.1728,15.0075,True
1790477006.1727,221.5509,7.947,1.6803,-2.3648,0.0798,-0.1747,15.0102,True
1790477006.226,221.6043,7.9431,1.6765,-2.3765,0.0796,-0.1793,15.0156,True
1790477006.2728,221.651,7.9412,1.6747,-2.3826,0.0796,-0.1784,15.0183,True
1790477006.3228,221.701,7.9373,1.671,-2.3946,0.0798,-0.1753,15.0237,True
1790477006.3727,221.7509,7.9353,1.6692,-2.4005,0.08,-0.1715,15.0264,True
1790477006.4231,221.8014,7.9312,1.6655,-2.412,0.0803,-0.1667,15.0318,True
1790477006.4751,221.8533,7.9292,1.6637,-2.4176,0.0806,-0.1619,15.0345,True
1790477006.5254,221.9036,7.9251,1.6601,-2.4284,0.0808,-0.1578,15.04,True
1790477006.5727,221.9509,7.923,1.6583,-2.4337,0.081,-0.1538,15.0427,True
1790477006.6227,222.0009,7.9188,1.6548,-2.4442,0.0809,-0.1561,15.0482,True
1790477006.6727,222.0509,7.9167,1.653,-2.4494,0.0809,-0.1555,15.051,True
1790477006.7227,222.1009,7.9125,1.6495,-2.4598,0.0807,-0.1591,15.0565,True
1790477006.7747,222.1529,7.9103,1.6478,-2.4652,0.0804,-0.1643,15.0592,True
1790477006.8227,222.2009,7.9061,1.6444,-2.4762,0.0805,-0.1636,15.0647,True
1790477006.8729,222.2512,7.9039,1.6427,-2.4817,0.0803,-0.1658,15.0674,True
1790477006.9228,222.301,7.9018,1.6411,-2.4872,0.0802,-0.1691,15.0701,True
1790477006.9728,222.351,7.8974,1.6378,-2.4986,0.08,-0.1721,15.0755,True
1790477007.0239,222.4022,7.8953,1.6362,-2.5043,0.0798,-0.1746,15.0782,True
1790477007.0729,222.4511,7.8909,1.633,-2.516,0.028,0.011,15.0837,True
1790477007.1227,222.5009,7.8895,1.632,-2.5218,0.0797,-0.1761,15.0854,True
1790477007.1727,222.5509,7.8851,1.6289,-2.5336,0.0797,-0.177,15.0907,True
1790477007.2227,222.601,7.8829,1.6274,-2.5395,0.0797,-0.1769,15.0934,True
1790477007.2727,222.6509,7.8784,1.6243,-2.5515,0.0798,-0.1759,15.0988,True
1790477007.3228,222.701,7.8762,1.6228,-2.5574,0.0799,-0.173,15.1016,True
1790477007.3727,222.7509,7.8716,1.6199,-2.569,0.0801,-0.1695,15.107,True
1790477007.4227,222.801,7.8693,1.6184,-2.5747,0.0806,-0.1615,15.1097,True
1790477007.4743,222.8525,7.867,1.6169,-2.5802,0.0811,-0.1522,15.1124,True
1790477007.5228,222.901,7.8623,1.614,-2.5904,0.028,0.0107,15.1179,True
1790477007.5733,222.9515,7.8609,1.6132,-2.5959,0.028,0.0203,15.1196,True
1790477007.6228,223.001,7.8591,1.612,-2.5962,0.0817,-0.1422,15.1218,True
1790477007.6726,223.0509,7.8574,1.611,-2.5959,0.0823,-0.1327,15.1237,True
1790477007.7242,223.1024,7.8528,1.6082,-2.6037,0.028,-0.0009,15.1291,True
1790477007.7728,223.151,7.8514,1.6074,-2.6073,0.028,0.0059,15.1307,True
1790477007.8226,223.2008,7.8488,1.6059,-2.607,0.0827,-0.1246,15.1337,True
1790477007.8727,223.251,7.8465,1.6045,-2.6104,0.0831,-0.1179,15.1364,True
1790477007.9227,223.301,7.8416,1.6017,-2.6183,0.0834,-0.1125,15.1421,True
1790477007.9726,223.3509,7.8392,1.6003,-2.6221,0.0837,-0.1083,15.1449,True
1790477008.0227,223.4009,7.8342,1.5975,-2.6293,0.0839,-0.1052,15.1506,True
1790477008.0727,223.4509,7.8317,1.5961,-2.6328,0.084,-0.103,15.1534,True
1790477008.1227,223.5009,7.8267,1.5933,-2.6397,0.0841,-0.1012,15.1591,True
1790477008.1727,223.5509,7.8242,1.5919,-2.6431,0.0842,-0.0999,15.162,True
1790477008.2227,223.6009,7.8192,1.5892,-2.6497,0.0842,-0.0989,15.1677,True
1790477008.2728,223.651,7.8167,1.5879,-2.653,0.028,0.0064,15.1706,True
1790477008.3227,223.701,7.8144,1.5867,-2.6566,0.028,0.0127,15.1732,True
1790477008.3753,223.7535,7.8135,1.5862,-2.6562,0.0843,-0.0981,15.1741,True
1790477008.4227,223.8009,7.8117,1.5853,-2.6559,0.0843,-0.0976,15.1762,True
1790477008.4727,223.8509,7.8067,1.5826,-2.662,0.028,-0.0005,15.1818,True
1790477008.5227,223.9009,7.8052,1.5818,-2.6649,0.0843,-0.0977,15.1835,True
1790477008.5727,223.9509,7.8002,1.5793,-2.6711,0.0843,-0.098,15.1891,True
1790477008.6227,224.0009,7.7977,1.578,-2.6744,0.0843,-0.0983,15.192,True
1790477008.6727,224.0509,7.7925,1.5754,-2.681,0.0843,-0.0985,15.1977,True
1790477008.7227,224.1009,7.79,1.5742,-2.6843,0.0843,-0.0986,15.2006,True
1790477008.7727,224.1509,7.7848,1.5717,-2.6909,0.0843,-0.0987,15.2063,True
1790477008.8227,224.2009,7.7822,1.5704,-2.6942,0.0843,-0.0987,15.2092,True
1790477008.8727,224.2509,7.7771,1.568,-2.7009,0.028,0.0063,15.2149,True
1790477008.9226,224.3009,7.7755,1.5672,-2.7038,0.0843,-0.0984,15.2166,True
1790477008.9728,224.351,7.7704,1.5649,-2.71,0.0843,-0.0981,15.2222,True
1790477009.0227,224.4009,7.7678,1.5637,-2.7133,0.0843,-0.0976,15.2251,True
1790477009.0727,224.4509,7.7626,1.5613,-2.7199,0.0843,-0.0971,15.2308,True
1790477009.1228,224.501,7.76,1.5601,-2.7231,0.0844,-0.0967,15.2337,True
1790477009.1728,224.5511,7.7574,1.559,-2.7264,0.0844,-0.0963,15.2366,True
1790477009.2227,224.601,7.7521,1.5567,-2.7329,0.0844,-0.0957,15.2423,True
1790477009.2727,224.6509,7.7495,1.5556,-2.7361,0.0845,-0.0951,15.2452,True
1790477009.3227,224.701,7.7442,1.5533,-2.7425,0.0845,-0.0943,15.2509,True
1790477009.3727,224.7509,7.7416,1.5522,-2.7456,0.0846,-0.0935,15.2538,True
1790477009.4227,224.801,7.7363,1.55,-2.7519,0.0846,-0.0925,15.2595,True
1790477009.4726,224.8508,7.7336,1.5489,-2.755,0.0847,-0.0917,15.2624,True
1790477009.5227,224.901,7.7283,1.5468,-2.7612,0.0847,-0.0907,15.2681,True
1790477009.5726,224.9509,7.7256,1.5457,-2.7642,0.0848,-0.0897,15.271,True
1790477009.623,225.0013,7.7202,1.5436,-2.7702,0.0848,-0.0888,15.2768,True
1790477009.6727,225.0509,7.7175,1.5425,-2.7732,0.0849,-0.088,15.2797,True
1790477009.7227,225.101,7.7122,1.5405,-2.779,0.0849,-0.087,15.2854,True
1790477009.7728,225.151,7.7095,1.5395,-2.7819,0.085,-0.0862,15.2883,True
1790477009.8234,225.2016,7.7067,1.5384,-2.7848,0.085,-0.0852,15.2912,True
1790477009.8727,225.2509,7.7013,1.5364,-2.7905,0.0851,-0.0842,15.297,True
1790477009.9227,225.3009,7.6959,1.5345,-2.7961,0.0852,-0.083,15.3028,True
1790477009.9727,225.3509,7.6932,1.5335,-2.7989,0.0852,-0.082,15.3057,True
1790477010.0227,225.4009,7.6904,1.5325,-2.8016,0.0853,-0.0808,15.3085,True
1790477010.0727,225.4509,7.685,1.5306,-2.807,0.028,0.0052,15.3143,True
1790477010.1227,225.5009,7.6834,1.5301,-2.8101,0.0854,-0.0794,15.316,True
1790477010.1742,225.5524,7.678,1.5282,-2.8156,0.0855,-0.0781,15.3217,True
1790477010.2239,225.6021,7.6753,1.5273,-2.8182,0.0855,-0.0766,15.3246,True
1790477010.2727,225.6509,7.6698,1.5255,-2.8233,0.0856,-0.0751,15.3304,True
1790477010.3249,225.7032,7.667,1.5246,-2.8258,0.0857,-0.0738,15.3333,True
1790477010.3732,225.7515,7.6614,1.5228,-2.8307,0.0858,-0.0726,15.3391,True
1790477010.4227,225.8009,7.6587,1.5219,-2.8331,0.0859,-0.0712,15.3421,True
1790477010.4727,225.8509,7.6531,1.5201,-2.8378,0.0859,-0.0698,15.3479,True
1790477010.5227,225.9009,7.6503,1.5192,-2.8401,0.086,-0.0686,15.3508,True
1790477010.5727,225.9509,7.6447,1.5175,-2.8447,0.0861,-0.0675,15.3567,True
1790477010.6248,226.003,7.6419,1.5167,-2.8469,0.0861,-0.0665,15.3596,True
1790477010.6727,226.0509,7.6363,1.515,-2.8513,0.0862,-0.0653,15.3654,True
1790477010.7226,226.1009,7.6335,1.5141,-2.8534,0.0863,-0.0642,15.3684,True
1790477010.7728,226.151,7.6307,1.5133,-2.8556,0.0863,-0.0632,15.3713,True
1790477010.8226,226.2009,7.6251,1.5117,-2.8598,0.0864,-0.0622,15.3772,True
1790477010.8727,226.2509,7.6223,1.5109,-2.8618,0.0864,-0.0611,15.3801,True
1790477010.9229,226.3011,7.6166,1.5093,-2.8659,0.0865,-0.06,15.386,True
1790477010.9727,226.351,7.6138,1.5085,-2.8679,0.0866,-0.0591,15.3889,True
1790477011.0227,226.401,7.6081,1.5069,-2.8718,0.0866,-0.0581,15.3948,True
1790477011.0728,226.451,7.6053,1.5061,-2.8737,0.0867,-0.0571,15.3977,True
1790477011.1227,226.5009,7.5996,1.5045,-2.8775,0.0867,-0.0562,15.4036,True
1790477011.1728,226.551,7.5967,1.5038,-2.8793,0.0868,-0.0553,15.4066,True
1790477011.2227,226.6009,7.591,1.5023,-2.8829,0.0868,-0.0545,15.4125,True
1790477011.2728,226.6511,7.5882,1.5015,-2.8847,0.0869,-0.0538,15.4154,True
1790477011.3226,226.7009,7.5825,1.5,-2.8883,0.0869,-0.053,15.4213,True
1790477011.3728,226.7511,7.5796,1.4993,-2.89,0.087,-0.0521,15.4243,True
1790477011.4233,226.8016,7.5767,1.4985,-2.8917,0.087,-0.0513,15.4272,True
1790477011.4727,226.851,7.571,1.4971,-2.8951,0.0871,-0.0506,15.4332,True
1790477011.5227,226.901,7.5681,1.4964,-2.8968,0.0871,-0.0498,15.4361,True
1790477011.5742,226.9524,7.5624,1.4949,-2.9001,0.0872,-0.0488,15.442,True
1790477011.6227,227.001,7.5595,1.4942,-2.9017,0.0872,-0.0481,15.445,True
1790477011.673,227.0512,7.5538,1.4928,-2.9049,0.0872,-0.0473,15.4509,True
1790477011.7228,227.101,7.5509,1.4921,-2.9064,0.0873,-0.0466,15.4539,True
1790477011.7728,227.151,7.5451,1.4908,-2.9095,0.0873,-0.0459,15.4598,True
1790477011.8228,227.201,7.5422,1.4901,-2.911,0.0874,-0.0453,15.4628,True
1790477011.8727,227.2509,7.5364,1.4887,-2.914,0.0874,-0.0446,15.4687,True
1790477011.9227,227.3009,7.5335,1.4881,-2.9155,0.0874,-0.0439,15.4717,True
1790477011.9728,227.351,7.5277,1.4868,-2.9184,0.0875,-0.0433,15.4776,True
1790477012.0228,227.401,7.5248,1.4861,-2.9198,0.0875,-0.0429,15.4806,True
1790477012.0727,227.4509,7.519,1.4848,-2.9226,0.0875,-0.0423,15.4866,True
1790477012.1228,227.501,7.5161,1.4842,-2.924,0.0876,-0.0415,15.4895,True
1790477012.1727,227.551,7.5103,1.4829,-2.9267,0.0876,-0.0406,15.4955,True
1790477012.2228,227.601,7.5074,1.4822,-2.9281,0.0877,-0.0398,15.4985,True
1790477012.2727,227.651,7.5045,1.4816,-2.9294,0.0877,-0.039,15.5015,True
1790477012.3228,227.701,7.4987,1.4804,-2.9319,0.0878,-0.0382,15.5074,True
1790477012.3729,227.7511,7.4957,1.4797,-2.9332,0.0878,-0.0375,15.5104,True
1790477012.4228,227.801,7.4899,1.4785,-2.9357,0.0879,-0.0369,15.5164,True
1790477012.4727,227.8509,7.487,1.4779,-2.9369,0.0879,-0.0364,15.5194,True
1790477012.5228,227.901,7.4811,1.4767,-2.9393,0.0879,-0.0359,15.5253,True
1790477012.5727,227.9509,7.4782,1.4761,-2.9404,0.0879,-0.0354,15.5283,True
1790477012.6263,228.0046,7.4724,1.4749,-2.9428,0.088,-0.0348,15.5343,True
1790477012.6727,228.0509,7.4694,1.4743,-2.9439,0.088,-0.0341,15.5373,True
1790477012.7228,228.101,7.4636,1.4732,-2.9461,0.0881,-0.0333,15.5433,True
1790477012.7728,228.151,7.4606,1.4726,-2.9472,0.0881,-0.0325,15.5463,True
1790477012.8227,228.2009,7.4547,1.4714,-2.9493,0.0881,-0.0318,15.5522,True
1790477012.8728,228.251,7.4518,1.4709,-2.9503,0.0882,-0.0311,15.5552,True
1790477012.9227,228.3009,7.4459,1.4697,-2.9523,0.0882,-0.0303,15.5612,True
1790477012.9727,228.351,7.443,1.4692,-2.9533,0.0883,-0.0296,15.5642,True
1790477013.0228,228.401,7.44,1.4686,-2.9542,0.0883,-0.0289,15.5672,True
1790477013.0726,228.4509,7.4341,1.4675,-2.9561,0.0884,-0.0282,15.5732,True
1790477013.1227,228.5009,7.4312,1.4669,-2.957,0.0884,-0.0275,15.5762,True
1790477013.1727,228.5509,7.4253,1.4658,-2.9588,0.0884,-0.0271,15.5822,True
1790477013.2227,228.601,7.4223,1.4653,-2.9596,0.0885,-0.0265,15.5852,True
1790477013.2737,228.6519,7.4164,1.4642,-2.9613,0.0885,-0.0258,15.5912,True
1790477013.3227,228.7009,7.4135,1.4637,-2.9621,0.0885,-0.0252,15.5942,True
1790477013.3727,228.7509,7.4075,1.4626,-2.9638,0.0886,-0.0245,15.6003,True
1790477013.4226,228.8009,7.4046,1.4621,-2.9645,0.0886,-0.0238,15.6033,True
1790477013.4727,228.851,7.3987,1.461,-2.966,0.0887,-0.0232,15.6093,True
1790477013.5227,228.901,7.3957,1.4605,-2.9668,0.0887,-0.0227,15.6123,True
1790477013.5727,228.9509,7.3898,1.4595,-2.9682,0.0887,-0.0222,15.6183,True
1790477013.6227,229.0009,7.3868,1.4589,-2.9689,0.0887,-0.0216,15.6213,True
1790477013.6727,229.0509,7.3808,1.4579,-2.9702,0.0888,-0.0211,15.6274,True
1790477013.7228,229.101,7.3779,1.4574,-2.9709,0.0888,-0.0208,15.6304,True
1790477013.7727,229.1509,7.3719,1.4564,-2.9722,0.0888,-0.0204,15.6364,True
1790477013.8227,229.2009,7.369,1.4559,-2.9728,0.0888,-0.0199,15.6394,True
1790477013.8729,229.2511,7.363,1.4548,-2.9741,0.0889,-0.0195,15.6455,True
1790477013.923,229.3012,7.36,1.4543,-2.9747,0.0889,-0.0192,15.6485,True
1790477013.9727,229.3509,7.3571,1.4538,-2.9753,0.0889,-0.019,15.6515,True
1790477014.0227,229.4009,7.3511,1.4529,-2.9765,0.0889,-0.0187,15.6576,True
1790477014.0738,229.452,7.3481,1.4524,-2.9771,0.0889,-0.0183,15.6606,True
1790477014.1227,229.5009,7.3422,1.4514,-2.9782,0.089,-0.0179,15.6666,True
1790477014.1728,229.551,7.3392,1.4509,-2.9788,0.089,-0.0175,15.6696,True
1790477014.2228,229.601,7.3332,1.4499,-2.9799,0.089,-0.0172,15.6757,True
1790477014.2731,229.6513,7.3302,1.4494,-2.9804,0.089,-0.017,15.6787,True
1790477014.3228,229.701,7.3242,1.4484,-2.9815,0.089,-0.0165,15.6848,True
1790477014.3727,229.751,7.3213,1.448,-2.982,0.0891,-0.0161,15.6878,True
1790477014.4249,229.8031,7.3153,1.447,-2.983,0.0891,-0.0158,15.6938,True
1790477014.4727,229.8509,7.3123,1.4465,-2.9835,0.0891,-0.0156,15.6969,True
1790477014.5227,229.901,7.3063,1.4456,-2.9844,0.0891,-0.0157,15.7029,True
1790477014.576,229.9543,7.3033,1.4451,-2.9849,0.0891,-0.0154,15.7059,True
1790477014.6226,230.0008,7.2973,1.4442,-2.9859,0.0891,-0.0151,15.712,True
1790477014.6727,230.051,7.2943,1.4437,-2.9863,0.0891,-0.0147,15.715,True
1790477014.7227,230.1009,7.2884,1.4428,-2.9873,0.0892,-0.0142,15.7211,True
1790477014.7727,230.1509,7.2854,1.4423,-2.9877,0.0892,-0.014,15.7241,True
1790477014.8227,230.2009,7.2824,1.4418,-2.9881,0.0892,-0.0139,15.7272,True
1790477014.8727,230.2509,7.2764,1.4409,-2.989,0.0892,-0.0139,15.7332,True
1790477014.9227,230.301,7.2734,1.4404,-2.9894,0.0892,-0.0139,15.7363,True
1790477014.9727,230.3509,7.2674,1.4395,-2.9903,0.0892,-0.014,15.7423,True
1790477015.0226,230.4009,7.2644,1.4391,-2.9908,0.0892,-0.0141,15.7454,True
1790477015.0726,230.4508,7.2584,1.4382,-2.9917,0.0892,-0.0142,15.7514,True
1790477015.1227,230.5009,7.2554,1.4377,-2.9921,0.0892,-0.0141,15.7545,True
1790477015.1726,230.5508,7.2494,1.4368,-2.993,0.0892,-0.0139,15.7605,True
1790477015.2228,230.601,7.2464,1.4364,-2.9934,0.0892,-0.0136,15.7636,True
1790477015.2727,230.6509,7.2404,1.4355,-2.9943,0.0892,-0.0135,15.7696,True
1790477015.3226,230.7009,7.2374,1.435,-2.9947,0.0892,-0.0135,15.7727,True
1790477015.3728,230.751,7.2344,1.4346,-2.9951,0.0892,-0.0133,15.7757,True
1790477015.4228,230.801,7.2284,1.4337,-2.996,0.0892,-0.0131,15.7818,True
1790477015.4728,230.851,7.2254,1.4333,-2.9964,0.0893,-0.0128,15.7848,True
1790477015.5227,230.901,7.2194,1.4324,-2.9972,0.0893,-0.0127,15.7909,True
1790477015.5727,230.9509,7.2164,1.4319,-2.9976,0.0893,-0.0128,15.7939,True
1790477015.6228,231.001,7.2104,1.4311,-2.9984,0.0893,-0.0128,15.8,True
1790477015.6728,231.051,7.2074,1.4306,-2.9988,0.0893,-0.0126,15.803,True
1790477015.7228,231.101,7.2013,1.4298,-2.9996,0.0893,-0.0125,15.8091,True
1790477015.7728,231.151,7.1983,1.4294,-3.0,0.0893,-0.0123,15.8121,True
1790477015.8227,231.2009,7.1923,1.4285,-3.0007,0.0893,-0.012,15.8182,True
1790477015.8755,231.2537,7.1893,1.4281,-3.0011,0.0893,-0.012,15.8212,True
1790477015.9228,231.301,7.1833,1.4272,-3.0019,0.0893,-0.0119,15.8273,True
1790477015.9728,231.351,7.1803,1.4268,-3.0022,0.0893,-0.0118,15.8303,True
1790477016.0227,231.4009,7.1773,1.4264,-3.0026,0.0893,-0.0117,15.8334,True
1790477016.0728,231.451,7.1713,1.4255,-3.0034,0.0893,-0.0117,15.8394,True
1790477016.1227,231.501,7.1653,1.4247,-3.0041,0.0893,-0.0116,15.8455,True
1790477016.1728,231.551,7.1623,1.4243,-3.0044,0.0893,-0.0115,15.8485,True
1790477016.2276,231.6058,7.1592,1.4239,-3.0048,0.0893,-0.0113,15.8516,True
1790477016.2728,231.651,7.1532,1.4231,-3.0055,0.0893,-0.0115,15.8577,True
1790477016.3228,231.7011,7.1502,1.4226,-3.0059,0.0893,-0.0117,15.8607,True
1790477016.3728,231.751,7.1442,1.4218,-3.0066,0.0893,-0.0118,15.8668,True
1790477016.4227,231.8009,7.1412,1.4214,-3.007,0.0893,-0.0118,15.8698,True
1790477016.4727,231.851,7.1352,1.4206,-3.0077,0.0893,-0.0117,15.8759,True
1790477016.5229,231.9011,7.1322,1.4202,-3.0081,0.0893,-0.0119,15.8789,True
1790477016.5727,231.9509,7.1261,1.4194,-3.0088,0.0893,-0.0122,15.885,True
1790477016.6227,232.0009,7.1231,1.419,-3.0092,0.0893,-0.0125,15.888,True
1790477016.6727,232.0509,7.1171,1.4182,-3.01,0.0893,-0.0125,15.8941,True
1790477016.7227,232.1009,7.1141,1.4178,-3.0104,0.0893,-0.0125,15.8971,True
1790477016.7727,232.1509,7.1081,1.417,-3.0112,0.0893,-0.0124,15.9032,True
1790477016.8228,232.201,7.1051,1.4166,-3.0116,0.0893,-0.0124,15.9062,True
1790477016.8727,232.2509,7.1021,1.4162,-3.012,0.0893,-0.0124,15.9093,True
1790477016.9227,232.3009,7.096,1.4154,-3.0127,0.0893,-0.0126,15.9153,True
1790477016.9727,232.3509,7.093,1.415,-3.0131,0.0893,-0.0127,15.9184,True
1790477017.0228,232.401,7.087,1.4143,-3.0139,0.0893,-0.0127,15.9245,True
1790477017.0728,232.451,7.084,1.4139,-3.0143,0.0893,-0.0126,15.9275,True
1790477017.1228,232.501,7.078,1.4131,-3.0151,0.0893,-0.0126,15.9336,True
1790477017.1727,232.5509,7.075,1.4127,-3.0155,0.0893,-0.0127,15.9366,True
1790477017.2228,232.601,7.0689,1.412,-3.0163,0.0893,-0.0127,15.9427,True
1790477017.2728,232.651,7.0659,1.4116,-3.0168,0.0892,-0.0129,15.9457,True
1790477017.3228,232.701,7.0599,1.4108,-3.0176,0.0892,-0.0131,15.9518,True
1790477017.3727,232.7509,7.0569,1.4105,-3.018,0.0892,-0.0133,15.9548,True
1790477017.4227,232.8009,7.0509,1.4097,-3.0188,0.0892,-0.0135,15.9609,True
1790477017.4727,232.8509,7.0479,1.4093,-3.0193,0.0892,-0.0136,15.9639,True
1790477017.5226,232.9009,7.0418,1.4086,-3.0201,0.0892,-0.0138,15.97,True
1790477017.5777,232.9559,7.0388,1.4082,-3.0206,0.0892,-0.014,15.973,True
1790477017.6226,233.0009,7.0328,1.4075,-3.0215,0.0892,-0.0142,15.9791,True
1790477017.6727,233.0509,7.0298,1.4071,-3.0219,0.0892,-0.0142,15.9821,True
1790477017.7228,233.1011,7.0238,1.4064,-3.0228,0.0892,-0.0142,15.9882,True
1790477017.7727,233.1509,7.0208,1.4061,-3.0233,0.0892,-0.0142,15.9912,True
1790477017.8227,233.2009,7.0178,1.4057,-3.0237,0.0892,-0.0141,15.9942,True
1790477017.8727,233.2509,7.0117,1.405,-3.0246,0.0892,-0.014,16.0003,True
1790477017.9227,233.3009,7.0087,1.4046,-3.0251,0.0892,-0.0139,16.0033,True
1790477017.9727,233.3509,7.0027,1.4039,-3.026,0.0892,-0.014,16.0094,True
1790477018.0227,233.4009,6.9997,1.4036,-3.0264,0.0892,-0.0141,16.0124,True
1790477018.0727,233.451,6.9937,1.4029,-3.0273,0.0892,-0.0143,16.0185,True
1790477018.1227,233.5009,6.9907,1.4026,-3.0278,0.0892,-0.0144,16.0215,True
1790477018.1728,233.551,6.9846,1.4019,-3.0287,0.0892,-0.0145,16.0276,True
1790477018.2228,233.601,6.9816,1.4015,-3.0292,0.0891,-0.0146,16.0306,True
1790477018.2727,233.651,6.9756,1.4009,-3.0301,0.0891,-0.0147,16.0367,True
1790477018.3227,233.7009,6.9726,1.4005,-3.0306,0.0891,-0.0147,16.0397,True
1790477018.3727,233.7509,6.9666,1.3998,-3.0315,0.0891,-0.0148,16.0458,True
1790477018.4227,233.801,6.9635,1.3995,-3.032,0.0891,-0.0148,16.0488,True
1790477018.4727,233.8509,6.9575,1.3989,-3.0329,0.0891,-0.015,16.0549,True
1790477018.5245,233.9027,6.9545,1.3985,-3.0334,0.0891,-0.0151,16.0579,True
1790477018.5727,233.9509,6.9515,1.3982,-3.0339,0.0891,-0.0152,16.0609,True
1790477018.6227,234.0009,6.9455,1.3976,-3.0349,0.0891,-0.0153,16.067,True
1790477018.6727,234.051,6.9425,1.3972,-3.0354,0.0891,-0.0154,16.07,True
1790477018.7227,234.1009,6.9364,1.3966,-3.0364,0.0891,-0.0156,16.0761,True
1790477018.7755,234.1537,6.9334,1.3963,-3.0369,0.0891,-0.0158,16.0791,True
1790477018.8227,234.2009,6.9274,1.3956,-3.0379,0.0891,-0.016,16.0852,True
1790477018.8728,234.251,6.9244,1.3953,-3.0384,0.0891,-0.0162,16.0882,True
1790477018.9227,234.3009,6.9184,1.3947,-3.0395,0.089,-0.0163,16.0942,True
1790477018.9728,234.351,6.9153,1.3944,-3.04,0.089,-0.0165,16.0973,True
1790477019.0227,234.4009,6.9093,1.3938,-3.041,0.089,-0.0166,16.1033,True
1790477019.0752,234.4535,6.9063,1.3935,-3.0416,0.089,-0.0167,16.1064,True
1790477019.1227,234.5009,6.9003,1.3929,-3.0427,0.089,-0.0168,16.1124,True
1790477019.1727,234.5509,6.8973,1.3926,-3.0432,0.089,-0.0171,16.1154,True
1790477019.2227,234.6009,6.8943,1.3923,-3.0438,0.089,-0.0173,16.1185,True
1790477019.2727,234.6509,6.8882,1.3917,-3.0449,0.089,-0.0175,16.1245,True
1790477019.3227,234.7009,6.8822,1.3911,-3.046,0.089,-0.0176,16.1306,True
1790477019.3727,234.7509,6.8792,1.3908,-3.0466,0.089,-0.0176,16.1336,True
1790477019.4226,234.8009,6.8762,1.3905,-3.0472,0.089,-0.0175,16.1366,True
1790477019.4727,234.8509,6.8702,1.39,-3.0483,0.089,-0.0175,16.1427,True
1790477019.5227,234.9009,6.8672,1.3897,-3.0489,0.089,-0.0176,16.1457,True
1790477019.5727,234.9509,6.8611,1.3891,-3.05,0.089,-0.0179,16.1517,True
1790477019.6227,235.0009,6.8581,1.3889,-3.0506,0.0889,-0.0181,16.1548,True
1790477019.6727,235.0509,6.8521,1.3883,-3.0518,0.0889,-0.0182,16.1608,True
1790477019.7227,235.1009,6.8491,1.3881,-3.0524,0.0889,-0.0181,16.1638,True
1790477019.7727,235.1509,6.8431,1.3875,-3.0535,0.0889,-0.0181,16.1699,True
1790477019.8228,235.201,6.84,1.3873,-3.0541,0.0889,-0.0182,16.1729,True
1790477019.8727,235.251,6.834,1.3867,-3.0553,0.0889,-0.0181,16.179,True
1790477019.9227,235.3009,6.831,1.3865,-3.0559,0.0889,-0.0182,16.182,True
1790477019.9727,235.3509,6.825,1.386,-3.0571,0.0889,-0.0183,16.188,True
1790477020.0228,235.401,6.822,1.3857,-3.0577,0.0889,-0.0185,16.1911,True
1790477020.0728,235.451,6.819,1.3854,-3.0583,0.0889,-0.0186,16.1941,True
1790477020.1227,235.5009,6.8129,1.3849,-3.0595,0.0889,-0.0187,16.2001,True
1790477020.1727,235.551,6.8099,1.3847,-3.0601,0.0889,-0.0187,16.2031,True
1790477020.2227,235.601,6.8039,1.3842,-3.0613,0.0889,-0.0186,16.2092,True
1790477020.2728,235.651,6.8009,1.384,-3.0619,0.0889,-0.0185,16.2122,True
1790477020.3227,235.7009,6.7949,1.3835,-3.0631,0.0889,-0.0185,16.2183,True
1790477020.3742,235.7525,6.7918,1.3833,-3.0637,0.0889,-0.0183,16.2213,True
1790477020.4228,235.801,6.7858,1.3828,-3.0649,0.0889,-0.0182,16.2273,True
1790477020.4729,235.8512,6.7828,1.3826,-3.0655,0.089,-0.018,16.2304,True
1790477020.5228,235.901,6.7768,1.3821,-3.0667,0.0889,-0.018,16.2364,True
1790477020.5727,235.9509,6.7737,1.3819,-3.0673,0.0889,-0.0182,16.2394,True
1790477020.6227,236.0009,6.7677,1.3814,-3.0685,0.0889,-0.0184,16.2455,True
1790477020.6727,236.0509,6.7647,1.3812,-3.0691,0.0889,-0.0186,16.2485,True
1790477020.7227,236.1009,6.7587,1.3808,-3.0703,0.0889,-0.0188,16.2545,True
1790477020.7728,236.151,6.7557,1.3806,-3.0709,0.0889,-0.019,16.2576,True
1790477020.8227,236.2009,6.7496,1.3801,-3.0721,0.0889,-0.0191,16.2636,True
1790477020.8727,236.2509,6.7466,1.3799,-3.0728,0.0889,-0.0192,16.2666,True
1790477020.9227,236.3009,6.7406,1.3795,-3.074,0.0889,-0.0193,16.2727,True
1790477020.9727,236.351,6.7376,1.3793,-3.0747,0.0889,-0.0192,16.2757,True
1790477021.0227,236.4009,6.7345,1.3791,-3.0753,0.0889,-0.0189,16.2787,True
1790477021.0727,236.4509,6.7285,1.3787,-3.0765,0.0889,-0.0186,16.2848,True
1790477021.1228,236.501,6.7255,1.3785,-3.0771,0.0889,-0.0183,16.2878,True
1790477021.1727,236.5509,6.7195,1.3781,-3.0783,0.0889,-0.018,16.2938,True
1790477021.2227,236.6009,6.7164,1.3779,-3.0789,0.089,-0.0178,16.2969,True
1790477021.2728,236.651,6.7104,1.3776,-3.0801,0.089,-0.0175,16.3029,True
1790477021.3227,236.7009,6.7074,1.3774,-3.0807,0.089,-0.0172,16.3059,True
1790477021.3728,236.751,6.7013,1.377,-3.0818,0.089,-0.017,16.312,True
1790477021.4227,236.8009,6.6983,1.3768,-3.0823,0.089,-0.0168,16.315,True
1790477021.4727,236.8509,6.6923,1.3765,-3.0834,0.089,-0.0166,16.3211,True
1790477021.5227,236.9009,6.6893,1.3763,-3.084,0.089,-0.0165,16.3241,True
1790477021.5727,236.9509,6.6832,1.376,-3.0851,0.089,-0.0166,16.3301,True
1790477021.6227,237.0009,6.6802,1.3758,-3.0856,0.089,-0.0167,16.3332,True
1790477021.6728,237.051,6.6772,1.3756,-3.0861,0.089,-0.0169,16.3362,True
1790477021.7228,237.101,6.6711,1.3753,-3.0872,0.089,-0.017,16.3423,True
1790477021.777,237.1553,6.6681,1.3751,-3.0878,0.089,-0.0169,16.3453,True
1790477021.8227,237.2009,6.6621,1.3748,-3.0889,0.089,-0.0169,16.3513,True
1790477021.8727,237.2509,6.659,1.3746,-3.0895,0.089,-0.0169,16.3544,True
1790477021.9227,237.3009,6.653,1.3743,-3.0906,0.089,-0.0169,16.3604,True
1790477021.9727,237.3509,6.65,1.3742,-3.0911,0.089,-0.0171,16.3634,True
1790477022.023,237.4013,6.6439,1.3739,-3.0922,0.089,-0.0174,16.3695,True
1790477022.0727,237.4509,6.6409,1.3737,-3.0928,0.089,-0.0174,16.3725,True
1790477022.1227,237.5009,6.6349,1.3734,-3.0939,0.089,-0.0177,16.3786,True
1790477022.1727,237.5509,6.6318,1.3733,-3.0945,0.089,-0.0179,16.3816,True
1790477022.2227,237.6009,6.6258,1.373,-3.0957,0.0889,-0.0182,16.3876,True
1790477022.2727,237.651,6.6228,1.3729,-3.0963,0.0889,-0.0185,16.3907,True
1790477022.3227,237.7009,6.6167,1.3726,-3.0975,0.0889,-0.0189,16.3967,True
1790477022.3727,237.7509,6.6137,1.3725,-3.0981,0.0889,-0.0191,16.3997,True
1790477022.4227,237.8009,6.6077,1.3722,-3.0994,0.0889,-0.0192,16.4058,True
1790477022.4727,237.8509,6.6047,1.3721,-3.1,0.0889,-0.0192,16.4088,True
1790477022.5226,237.9009,6.5986,1.3718,-3.1013,0.0889,-0.0192,16.4148,True
1790477022.5753,237.9535,6.5956,1.3717,-3.1019,0.0889,-0.0192,16.4179,True
1790477022.6226,238.0009,6.5926,1.3716,-3.1025,0.0889,-0.0193,16.4209,True
1790477022.6727,238.0509,6.5865,1.3714,-3.1038,0.0889,-0.0194,16.4269,True
1790477022.7227,238.1009,6.5835,1.3713,-3.1044,0.0889,-0.0195,16.43,True
1790477022.7727,238.1509,6.5775,1.371,-3.1057,0.0889,-0.0195,16.436,True
1790477022.8228,238.201,6.5745,1.3709,-3.1064,0.0889,-0.0197,16.439,True
1790477022.8727,238.2509,6.5684,1.3707,-3.1077,0.0888,-0.0198,16.4451,True
1790477022.9227,238.3009,6.5654,1.3706,-3.1083,0.0888,-0.0199,16.4481,True
1790477022.9727,238.3509,6.5594,1.3704,-3.1096,0.0888,-0.0199,16.4541,True
1790477023.0227,238.4009,6.5564,1.3703,-3.1103,0.0888,-0.0199,16.4571,True
1790477023.0727,238.4509,6.5503,1.3701,-3.1116,0.0888,-0.0199,16.4632,True
1790477023.1226,238.5009,6.5473,1.3701,-3.1122,0.0888,-0.0199,16.4662,True
1790477023.833,239.2112,6.5443,1.37,-3.1129,0.0888,-0.0199,16.4692,True
1790477023.8728,239.251,6.5262,1.3695,-3.1168,0.0888,-0.0199,16.4873,True
1790477023.9227,239.3009,6.5201,1.3693,-3.1181,0.0888,-0.0198,16.4934,True
1790477023.9727,239.3509,6.5141,1.3692,-3.1195,0.0889,-0.0197,16.4994,True
1790477024.0226,239.4009,6.508,1.3691,-3.1208,0.0889,-0.0195,16.5055,True
1790477024.813,240.1912,6.508,1.3691,-3.1208,0.0889,-0.0195,16.5055,True
1790477024.8226,240.2009,6.502,1.3689,-3.122,0.0889,-0.0195,16.5115,True
1790477024.8726,240.2508,6.4809,1.3686,-3.1266,0.0889,-0.0194,16.5327,True
1790477024.9226,240.3009,6.4748,1.3685,-3.1278,0.0889,-0.0192,16.5387,True
1790477024.9727,240.351,6.4718,1.3685,-3.1285,0.0889,-0.0191,16.5417,True
1790477025.0227,240.4009,6.4658,1.3684,-3.1297,0.0889,-0.019,16.5478,True
1790477025.0727,240.4509,6.4627,1.3683,-3.1304,0.0889,-0.0189,16.5508,True
1790477025.1227,240.5009,6.4567,1.3683,-3.1316,0.0889,-0.0186,16.5568,True
1790477025.1728,240.551,6.4537,1.3682,-3.1322,0.0889,-0.0184,16.5599,True
1790477025.2227,240.601,6.4476,1.3682,-3.1334,0.0889,-0.0182,16.5659,True
1790477025.275,240.6532,6.4446,1.3682,-3.134,0.0889,-0.0181,16.5689,True
1790477025.3228,240.701,6.4385,1.3681,-3.1352,0.089,-0.018,16.575,True
1790477025.3728,240.751,6.4355,1.3681,-3.1358,0.089,-0.0178,16.578,True
1790477025.4227,240.8009,6.4295,1.3681,-3.137,0.089,-0.0176,16.584,True
1790477025.4727,240.851,6.4264,1.3681,-3.1376,0.089,-0.0174,16.5871,True
1790477025.5227,240.901,6.4204,1.368,-3.1387,0.089,-0.0172,16.5931,True
1790477025.5726,240.9509,6.4174,1.368,-3.1393,0.089,-0.017,16.5961,True
1790477025.6226,241.0009,6.4113,1.368,-3.1404,0.089,-0.0168,16.6022,True
1790477025.6727,241.0509,6.4083,1.368,-3.141,0.089,-0.0166,16.6052,True
1790477025.7227,241.1009,6.4022,1.368,3.1411,0.0891,-0.0162,16.6113,True
1790477025.7727,241.1509,6.3992,1.368,3.1406,0.0891,-0.0159,16.6143,True
1790477025.8227,241.2009,6.3962,1.368,3.1401,0.0891,-0.0156,16.6173,True
1790477025.8727,241.2509,6.3901,1.368,3.139,0.0891,-0.0153,16.6234,True
1790477025.9227,241.3009,6.3871,1.3681,3.1385,0.0891,-0.015,16.6264,True
1790477025.9749,241.3531,6.381,1.3681,3.1375,0.0891,-0.0148,16.6325,True
1790477026.0227,241.4009,6.378,1.3681,3.1371,0.0891,-0.0147,16.6355,True
1790477026.0727,241.4509,6.3719,1.3681,3.1361,0.0892,-0.0145,16.6416,True
1790477026.1227,241.5009,6.3689,1.3681,3.1356,0.0892,-0.0144,16.6446,True
1790477026.1728,241.551,6.3628,1.3682,3.1347,0.0892,-0.0144,16.6507,True
1790477026.2227,241.6009,6.3598,1.3682,3.1342,0.0892,-0.0143,16.6537,True
1790477026.2727,241.651,6.3538,1.3682,3.1332,0.0892,-0.0143,16.6598,True
1790477026.3228,241.7011,6.3507,1.3683,3.1328,0.0892,-0.014,16.6628,True
1790477026.3728,241.751,6.3447,1.3683,3.1318,0.0892,-0.014,16.6689,True
1790477026.4228,241.801,6.3416,1.3684,3.1314,0.0892,-0.0137,16.6719,True
1790477026.4728,241.851,6.3356,1.3684,3.1305,0.0892,-0.0135,16.678,True
1790477026.5227,241.901,6.3325,1.3685,3.13,0.0892,-0.0132,16.681,True
1790477026.5726,241.9509,6.3265,1.3685,3.1292,0.0892,-0.013,16.6871,True
1790477026.6227,242.0009,6.3234,1.3686,3.1287,0.0892,-0.0129,16.6901,True
1790477026.6727,242.0509,6.3204,1.3686,3.1283,0.0893,-0.0128,16.6931,True
1790477026.7227,242.1009,6.3143,1.3687,3.1275,0.0893,-0.0126,16.6992,True
1790477026.7727,242.1509,6.3113,1.3687,3.1271,0.0893,-0.0124,16.7022,True
1790477026.8227,242.2009,6.3052,1.3688,3.1262,0.0893,-0.0121,16.7083,True
1790477026.8728,242.251,6.3022,1.3689,3.1258,0.0893,-0.0119,16.7113,True
1790477026.9227,242.3009,6.2961,1.369,3.1251,0.0893,-0.0117,16.7174,True
1790477026.9727,242.351,6.2931,1.369,3.1247,0.0893,-0.0114,16.7205,True
1790477027.0228,242.4011,6.287,1.3691,3.1239,0.0893,-0.0114,16.7265,True
1790477027.0727,242.4509,6.284,1.3692,3.1235,0.0894,-0.0111,16.7296,True
1790477027.1226,242.5008,6.2779,1.3693,3.1228,0.0894,-0.0109,16.7356,True
1790477027.1727,242.5509,6.2748,1.3693,3.1224,0.0894,-0.0106,16.7387,True
1790477027.2227,242.6009,6.2688,1.3695,3.1217,0.0894,-0.0104,16.7448,True
1790477027.2727,242.6509,6.2657,1.3695,3.1214,0.0894,-0.0101,16.7478,True
1790477027.3226,242.7009,6.2597,1.3697,3.1207,0.0894,-0.0099,16.7539,True
1790477027.3727,242.7509,6.2566,1.3697,3.1204,0.0894,-0.0098,16.7569,True
1790477027.4234,242.8016,6.2536,1.3698,3.1201,0.0894,-0.0096,16.76,True
1790477027.4728,242.851,6.2475,1.3699,3.1194,0.0894,-0.0094,16.766,True
1790477027.5227,242.901,6.2445,1.37,3.1191,0.0895,-0.0093,16.7691,True
1790477027.5726,242.9509,6.2384,1.3701,3.1185,0.0895,-0.0092,16.7752,True
1790477027.6227,243.0009,6.2353,1.3702,3.1182,0.0895,-0.009,16.7782,True
1790477027.6727,243.0509,6.2292,1.3703,3.1176,0.0895,-0.009,16.7843,True
1790477027.7227,243.1009,6.2262,1.3704,3.1173,0.0895,-0.0089,16.7873,True
1790477027.7726,243.1509,6.2201,1.3706,3.1167,0.0895,-0.0088,16.7934,True
1790477027.8228,243.201,6.2171,1.3706,3.1164,0.0895,-0.0088,16.7965,True
1790477027.8728,243.251,6.211,1.3708,3.1158,0.0895,-0.0087,16.8025,True
1790477027.923,243.3012,6.208,1.3709,3.1155,0.0895,-0.0087,16.8056,True
1790477027.9733,243.3516,6.2049,1.371,3.1153,0.0895,-0.0086,16.8086,True
1790477028.0228,243.401,6.1988,1.3711,3.1147,0.0895,-0.0086,16.8147,True
1790477028.0727,243.451,6.1927,1.3713,3.1141,0.0895,-0.0085,16.8208,True
1790477028.1226,243.5009,6.1897,1.3714,3.1138,0.0895,-0.0085,16.8238,True
1790477028.1727,243.5509,6.1867,1.3714,3.1136,0.0895,-0.0084,16.8269,True
1790477028.2229,243.6012,6.1806,1.3716,3.113,0.0895,-0.0084,16.833,True
1790477028.2727,243.6509,6.1775,1.3717,3.1127,0.0895,-0.0084,16.836,True
1790477028.3227,243.7009,6.1714,1.3719,3.1122,0.0895,-0.0085,16.8421,True
1790477028.3727,243.751,6.1684,1.372,3.1119,0.0895,-0.0085,16.8452,True
1790477028.4229,243.8011,6.1623,1.3722,3.1113,0.0895,-0.0085,16.8512,True
1790477028.4727,243.8509,6.1593,1.3722,3.1111,0.0895,-0.0084,16.8543,True
1790477028.5227,243.9009,6.1532,1.3724,3.1105,0.0895,-0.0083,16.8604,True
1790477028.5728,243.951,6.1502,1.3725,3.1102,0.0895,-0.0083,16.8634,True
1790477028.6227,244.0009,6.1441,1.3727,3.1097,0.0895,-0.0081,16.8695,True
1790477028.6727,244.0509,6.141,1.3728,3.1094,0.0895,-0.008,16.8725,True
1790477028.7226,244.1008,6.1349,1.373,3.1089,0.0895,-0.008,16.8786,True
1790477028.7727,244.1509,6.1319,1.3731,3.1086,0.0895,-0.0079,16.8817,True
1790477028.8227,244.2009,6.1258,1.3733,3.1081,0.0895,-0.0079,16.8878,True
1790477028.8727,244.251,6.1228,1.3734,3.1078,0.0896,-0.0076,16.8908,True
1790477028.9228,244.301,6.1167,1.3736,3.1073,0.0896,-0.0071,16.8969,True
1790477028.9727,244.3509,6.1136,1.3737,3.1071,0.0896,-0.0067,16.8999,True
1790477029.0227,244.4009,6.1106,1.3738,3.1069,0.0896,-0.0067,16.903,True
1790477029.0728,244.451,6.1045,1.3741,3.1064,0.0896,-0.0063,16.9091,True
1790477029.1227,244.5009,6.1015,1.3742,3.1062,0.0897,-0.0056,16.9121,True
1790477029.1727,244.5509,6.0954,1.3744,3.1059,0.0897,-0.0053,16.9182,True
1790477029.2227,244.6009,6.0923,1.3745,3.1057,0.0897,-0.005,16.9213,True
1790477029.2727,244.6509,6.0862,1.3747,3.1053,0.0897,-0.0048,16.9274,True
1790477029.3228,244.701,6.0832,1.3748,3.1052,0.0897,-0.0047,16.9304,True
1790477029.3728,244.751,6.0771,1.375,3.1049,0.0897,-0.0046,16.9365,True
1790477029.4228,244.801,6.074,1.3752,3.1047,0.0897,-0.0045,16.9396,True
1790477029.4727,244.8509,6.0679,1.3754,3.1044,0.0897,-0.0044,16.9457,True
1790477029.5227,244.9009,6.0649,1.3755,3.1043,0.0897,-0.0043,16.9487,True
1790477029.5727,244.9509,6.0588,1.3757,3.104,0.0898,-0.0042,16.9548,True
1790477029.6227,245.0009,6.0557,1.3758,3.1039,0.0898,-0.0042,16.9579,True
1790477029.6727,245.0509,6.0527,1.376,3.1037,0.0898,-0.0042,16.9609,True
1790477029.7227,245.1009,6.0466,1.3762,3.1035,0.0898,-0.0042,16.9671,True
1790477029.7727,245.1509,6.0435,1.3763,3.1033,0.0898,-0.0042,16.9701,True
1790477029.8258,245.2041,6.0374,1.3765,3.103,0.0898,-0.0042,16.9762,True
1790477029.8743,245.2525,6.0344,1.3767,3.1029,0.0898,-0.0041,16.9793,True
1790477029.9226,245.3009,6.0283,1.3769,3.1026,0.0898,-0.0041,16.9854,True
1790477029.9727,245.3509,6.0252,1.377,3.1025,0.0898,-0.0041,16.9884,True
1790477030.0226,245.4009,6.0191,1.3772,3.1022,0.0898,-0.0041,16.9945,True
1790477030.0731,245.4513,6.0161,1.3774,3.1021,0.0898,-0.004,16.9976,True
1790477030.1227,245.5009,6.01,1.3776,3.1019,0.0898,-0.004,17.0037,True
1790477030.1734,245.5516,6.0069,1.3777,3.1017,0.0898,-0.004,17.0067,True
1790477030.2251,245.6033,6.0008,1.378,3.1015,0.0898,-0.004,17.0128,True
1790477030.273,245.6512,5.9978,1.3781,3.1013,0.0898,-0.004,17.0159,True
1790477030.3227,245.701,5.9917,1.3783,3.1011,0.0898,-0.004,17.022,True
1790477030.3739,245.7521,5.9886,1.3785,3.1009,0.0898,-0.0039,17.025,True
1790477030.4226,245.8009,5.9825,1.3787,3.1007,0.0898,-0.0038,17.0311,True
1790477030.4728,245.851,5.9795,1.3788,3.1006,0.0898,-0.0038,17.0342,True
1790477030.5228,245.901,5.9764,1.379,3.1005,0.0898,-0.0038,17.0373,True
1790477030.5728,245.951,5.9703,1.3792,3.1002,0.0898,-0.0037,17.0434,True
1790477030.6227,246.0009,5.9673,1.3793,3.1001,0.0898,-0.0037,17.0464,True
1790477030.6727,246.0509,5.9612,1.3796,3.0999,0.0898,-0.0036,17.0525,True
1790477030.7227,246.1009,5.9581,1.3797,3.0997,0.0898,-0.0036,17.0556,True
1790477030.7727,246.1509,5.952,1.38,3.0995,0.0898,-0.0038,17.0617,True
1790477030.8226,246.2008,5.949,1.3801,3.0994,0.0898,-0.0038,17.0647,True
1790477030.8741,246.2523,5.9429,1.3804,3.0991,0.0898,-0.0039,17.0708,True
1790477030.9227,246.3009,5.9398,1.3805,3.099,0.0898,-0.0041,17.0739,True
1790477030.9728,246.351,5.9337,1.3808,3.0988,0.0898,-0.0042,17.08,True
1790477031.0227,246.4009,5.9307,1.3809,3.0986,0.0895,-0.009,17.083,True
1790477031.0728,246.451,5.9246,1.3812,3.0982,0.089,-0.0164,17.0891,True
1790477031.1227,246.501,5.9215,1.3813,3.0979,0.0885,-0.025,17.0922,True
1790477031.1727,246.5509,5.9155,1.3816,3.0965,0.0881,-0.0333,17.0982,True
1790477031.2227,246.6009,5.9125,1.3817,3.0954,0.0881,-0.0333,17.1012,True
1790477031.2729,246.6511,5.9066,1.382,3.0929,0.0872,-0.0484,17.1072,True
1790477031.3227,246.7009,5.9036,1.3821,3.0913,0.0872,-0.0484,17.1102,True
1790477031.3727,246.7509,5.8977,1.3824,3.0879,0.0868,-0.0549,17.1161,True
1790477031.4226,246.8009,5.8948,1.3826,3.086,0.0862,-0.0648,17.119,True
1790477031.4728,246.851,5.8918,1.3828,3.084,0.0862,-0.0648,17.122,True
1790477031.5228,246.9011,5.886,1.3831,3.0795,0.086,-0.0682,17.1278,True
1790477031.5728,246.951,5.8831,1.3833,3.0772,0.0859,-0.071,17.1307,True
1790477031.6241,247.0023,5.8772,1.3837,3.0724,0.0857,-0.0746,17.1366,True
1790477031.6727,247.051,5.8743,1.3839,3.0699,0.0857,-0.0746,17.1395,True
1790477031.7231,247.1014,5.8685,1.3843,3.0649,0.0856,-0.0759,17.1453,True
1790477031.7729,247.1511,5.8656,1.3845,3.0623,0.0856,-0.076,17.1482,True
1790477031.825,247.2032,5.8598,1.385,3.0572,0.0856,-0.0756,17.154,True
1790477031.874,247.2523,5.8569,1.3853,3.0547,0.0856,-0.0759,17.1569,True
1790477031.923,247.3012,5.8512,1.3858,3.0496,0.0856,-0.0755,17.1627,True
1790477031.9727,247.3509,5.8483,1.3861,3.0471,0.0856,-0.0749,17.1656,True
1790477032.0227,247.4009,5.8454,1.3863,3.0445,0.0857,-0.0743,17.1685,True
1790477032.0727,247.451,5.8396,1.3869,3.0395,0.0857,-0.0738,17.1744,True
1790477032.1227,247.5009,5.8367,1.3872,3.037,0.0857,-0.0734,17.1773,True
1790477032.1727,247.551,5.8309,1.3878,3.0321,0.0857,-0.0735,17.1831,True
1790477032.2228,247.601,5.828,1.3882,3.0296,0.0858,-0.0728,17.186,True
1790477032.2732,247.6515,5.8222,1.3888,3.0247,0.0858,-0.0728,17.1918,True
1790477032.3227,247.701,5.8193,1.3892,3.0222,0.0859,-0.0712,17.1947,True
1790477032.3727,247.7509,5.8135,1.3899,3.0175,0.0859,-0.07,17.2006,True
1790477032.4227,247.8009,5.8106,1.3902,3.0151,0.0859,-0.0701,17.2035,True
1790477032.4726,247.8509,5.8048,1.391,3.0104,0.0858,-0.0717,17.2093,True
1790477032.5227,247.9009,5.8019,1.3914,3.008,0.0858,-0.0717,17.2123,True
1790477032.5727,247.9509,5.7962,1.3922,3.0031,0.0857,-0.0735,17.2181,True
1790477032.6227,248.0009,5.7933,1.3926,3.0007,0.0856,-0.0753,17.221,True
1790477032.674,248.0522,5.7875,1.3934,2.9955,0.0855,-0.0769,17.2268,True
1790477032.7227,248.1009,5.7847,1.3938,2.9929,0.0856,-0.0753,17.2297,True
1790477032.7726,248.1509,5.7789,1.3947,2.9879,0.0858,-0.0724,17.2355,True
1790477032.8227,248.2009,5.776,1.3951,2.9855,0.086,-0.0692,17.2384,True
1790477032.8726,248.2509,5.7703,1.3961,2.9809,0.0861,-0.067,17.2443,True
1790477032.9227,248.301,5.7674,1.3965,2.9786,0.0862,-0.0655,17.2472,True
1790477032.9726,248.3509,5.7616,1.3975,2.9743,0.0863,-0.0627,17.2531,True
1790477033.0227,248.4009,5.7587,1.398,2.9721,0.0863,-0.0627,17.256,True
1790477033.0735,248.4518,5.7558,1.3985,2.9699,0.0864,-0.0616,17.2589,True
1790477033.1227,248.5009,5.75,1.3995,2.9657,0.0864,-0.0621,17.2648,True
1790477033.1727,248.5509,5.7471,1.4,2.9636,0.0863,-0.0633,17.2677,True
1790477033.223,248.6012,5.7414,1.4011,2.9593,0.0862,-0.0648,17.2736,True
1790477033.2753,248.6535,5.7385,1.4016,2.9571,0.0859,-0.0707,17.2765,True
1790477033.3229,248.7011,5.7328,1.4027,2.9524,0.0859,-0.0707,17.2824,True
1790477033.3726,248.7509,5.7299,1.4032,2.95,0.0855,-0.0765,17.2853,True
1790477033.4227,248.8009,5.7242,1.4044,2.9449,0.0855,-0.0765,17.2911,True
1790477033.4727,248.8509,5.7213,1.4049,2.9423,0.0851,-0.0836,17.294,True
1790477033.5227,248.9009,5.7157,1.4061,2.9367,0.0854,-0.0796,17.2998,True
1790477033.5727,248.9509,5.7128,1.4067,2.9339,0.0858,-0.0722,17.3027,True
1790477033.6226,249.0008,5.7072,1.4079,2.9287,0.0863,-0.0638,17.3085,True
1790477033.6727,249.0509,5.7043,1.4085,2.9266,0.0867,-0.0561,17.3114,True
1790477033.723,249.1012,5.7014,1.4092,2.9244,0.0866,-0.0585,17.3144,True
1790477033.7727,249.1509,5.6957,1.4104,2.9205,0.0862,-0.0656,17.3203,True
1790477033.8227,249.2009,5.6928,1.4111,2.9185,0.0857,-0.0745,17.3232,True
1790477033.8727,249.2509,5.6871,1.4124,2.9137,0.0856,-0.0754,17.329,True
1790477033.9227,249.3009,5.6843,1.4131,2.9112,0.0856,-0.0754,17.3319,True
1790477033.9727,249.3509,5.6786,1.4144,2.9059,0.0853,-0.081,17.3377,True
1790477034.0227,249.4009,5.6758,1.4151,2.9032,0.0849,-0.0883,17.3406,True
1790477034.0727,249.451,5.6703,1.4164,2.897,0.0845,-0.0946,17.3464,True
1790477034.1227,249.5009,5.6675,1.4171,2.8939,0.0848,-0.0894,17.3492,True
1790477034.1727,249.5509,5.6619,1.4186,2.8877,0.0852,-0.0828,17.355,True
1790477034.2227,249.6009,5.6592,1.4193,2.8847,0.0856,-0.0761,17.3578,True
1790477034.2727,249.6509,5.6536,1.4208,2.8793,0.0857,-0.0731,17.3636,True
1790477034.3228,249.701,5.6507,1.4215,2.8768,0.0857,-0.0731,17.3665,True
1790477034.3727,249.7509,5.6479,1.4223,2.8743,0.0858,-0.0714,17.3695,True
1790477034.4278,249.8061,5.6423,1.4239,2.8695,0.0859,-0.0699,17.3753,True
1790477034.4727,249.8509,5.6395,1.4246,2.8671,0.0858,-0.0721,17.3782,True
1790477034.5227,249.9009,5.6339,1.4262,2.8622,0.028,0.0046,17.384,True
1790477034.5743,249.9525,5.6311,1.427,2.8598,0.028,0.0103,17.387,True
1790477034.6227,250.001,5.6285,1.4278,2.8568,0.028,0.0138,17.3896,True
1790477034.6727,250.0509,5.6276,1.4281,2.8571,0.028,0.0132,17.3906,True
1790477034.7229,250.1012,5.6258,1.4286,2.858,0.028,0.0124,17.3925,True
1790477034.7728,250.151,5.6249,1.4289,2.8584,0.028,0.0116,17.3935,True
1790477034.8227,250.2009,5.623,1.4294,2.8591,0.028,0.0108,17.3954,True
1790477034.8727,250.251,5.6221,1.4297,2.8595,0.028,0.0103,17.3963,True
1790477034.9227,250.301,5.6203,1.4302,2.8602,0.028,0.0096,17.3982,True
1790477034.9727,250.3509,5.6194,1.4305,2.8605,0.028,0.009,17.3992,True
1790477035.0227,250.401,5.6175,1.431,2.8611,0.028,0.0084,17.4011,True
1790477035.0727,250.451,5.6166,1.4312,2.8613,0.028,0.0079,17.402,True
1790477035.1227,250.5009,5.6148,1.4318,2.8618,0.028,0.0074,17.4039,True
1790477035.1728,250.551,5.6139,1.432,2.8621,0.028,0.007,17.4049,True
1790477035.2227,250.6009,5.613,1.4323,2.8623,0.028,0.0064,17.4058,True
1790477035.2726,250.6509,5.6111,1.4328,2.8627,0.028,0.0061,17.4077,True
1790477035.3227,250.7009,5.6102,1.4331,2.8629,0.028,0.0058,17.4087,True
1790477035.3727,250.751,5.6084,1.4336,2.8632,0.028,0.0054,17.4106,True
1790477035.4227,250.8009,5.6075,1.4339,2.8634,0.028,0.0051,17.4115,True
1790477035.4728,250.851,5.6056,1.4344,2.8637,0.028,0.0048,17.4135,True
1790477035.5227,250.9009,5.6047,1.4347,2.8639,0.028,0.0044,17.4144,True
1790477035.5739,250.9521,5.6029,1.4352,2.8641,0.028,0.0042,17.4163,True
1790477035.6227,251.0009,5.602,1.4354,2.8643,0.028,0.004,17.4173,True
1790477035.6726,251.0509,5.6001,1.436,2.8645,0.028,0.0038,17.4192,True
1790477035.7226,251.1009,5.5992,1.4362,2.8646,0.028,0.0035,17.4201,True
1790477035.7735,251.1518,5.5974,1.4367,2.8648,0.028,0.0033,17.422,True
1790477035.8226,251.2009,5.5965,1.437,2.8649,0.028,0.0032,17.423,True
1790477035.8727,251.2509,5.5947,1.4375,2.8651,0.028,0.003,17.4249,True
1790477035.9227,251.3009,5.5937,1.4378,2.8652,0.028,0.0028,17.4258,True
1790477035.9727,251.3509,5.5919,1.4383,2.8653,0.028,0.0027,17.4277,True
1790477036.0227,251.4009,5.591,1.4386,2.8654,0.028,0.0025,17.4287,True
1790477036.0727,251.4509,5.5892,1.4391,2.8655,0.028,0.0024,17.4306,True
1790477036.1227,251.501,5.5882,1.4393,2.8656,0.028,0.0023,17.4315,True
1790477036.1727,251.5509,5.5873,1.4396,2.8656,0.028,0.0022,17.4325,True
1790477036.2228,251.601,5.5855,1.4401,2.8657,0.028,0.0021,17.4344,True
1790477036.2747,251.6529,5.5846,1.4404,2.8658,0.028,0.0021,17.4353,True
1790477036.3227,251.701,5.5827,1.4409,2.8659,0.028,0.0019,17.4372,True
1790477036.3727,251.7509,5.5818,1.4412,2.8659,0.028,0.0018,17.4382,True
1790477036.4227,251.8009,5.58,1.4417,2.866,0.028,0.0017,17.4401,True
1790477036.473,251.8512,5.5791,1.4419,2.8661,0.028,0.0016,17.4411,True
1790477036.5227,251.901,5.5773,1.4424,2.8661,0.028,0.0016,17.443,True
1790477036.5728,251.951,5.5763,1.4427,2.8662,0.028,0.0015,17.4439,True
1790477036.6227,252.001,5.5745,1.4432,2.8662,0.028,0.0015,17.4458,True
1790477036.6728,252.051,5.5736,1.4435,2.8663,0.0849,-0.0879,17.4468,True
1790477036.7226,252.1009,5.5707,1.4443,2.8666,0.028,-0.0001,17.4498,True
1790477036.7727,252.1509,5.5697,1.4446,2.8667,0.028,-0.0005,17.4508,True
1790477036.8269,252.2051,5.5688,1.4448,2.8667,0.028,-0.0005,17.4518,True
1790477036.8727,252.2509,5.5669,1.4454,2.8666,0.028,-0.0004,17.4537,True
1790477036.9228,252.3011,5.566,1.4456,2.8666,0.028,-0.0004,17.4546,True
1790477036.9727,252.3509,5.5642,1.4461,2.8665,0.028,-0.0003,17.4565,True
1790477037.0227,252.4009,5.5633,1.4464,2.8664,0.028,-0.0002,17.4575,True
1790477037.0733,252.4515,5.5615,1.4469,2.8664,0.028,-0.0002,17.4594,True
1790477037.1227,252.5009,5.5605,1.4472,2.8664,0.028,-0.0001,17.4603,True
1790477037.1727,252.5509,5.5587,1.4477,2.8663,0.028,-0.0001,17.4622,True
1790477037.2227,252.6009,5.5578,1.4479,2.8663,0.028,-0.0,17.4632,True
1790477037.2726,252.6508,5.556,1.4485,2.8662,0.0839,-0.1053,17.4651,True
1790477037.3227,252.7009,5.555,1.4487,2.8662,0.0829,-0.1224,17.466,True
1790477037.3727,252.7509,5.5504,1.45,2.8631,0.082,-0.1376,17.4708,True
1790477037.4227,252.801,5.5478,1.4508,2.8586,0.0812,-0.1506,17.4736,True
1790477037.4726,252.8509,5.5425,1.4523,2.849,0.0806,-0.1613,17.4791,True
1790477037.5228,252.901,5.5399,1.4531,2.8437,0.028,0.0102,17.4818,True
1790477037.5732,252.9515,5.5373,1.4539,2.8384,0.028,0.0186,17.4845,True
1790477037.6227,253.0009,5.5347,1.4548,2.8354,0.028,0.0237,17.4873,True
1790477037.6728,253.051,5.5338,1.4551,2.836,0.0801,-0.1693,17.4882,True
1790477037.7227,253.1009,5.531,1.4559,2.836,0.0798,-0.1754,17.4911,True
1790477037.7727,253.151,5.5286,1.4567,2.8315,0.0795,-0.18,17.4937,True
1790477037.8227,253.2009,5.5235,1.4584,2.8197,0.0793,-0.1831,17.4991,True
1790477037.8727,253.2509,5.5209,1.4592,2.8137,0.0792,-0.1853,17.5017,True
1790477037.9227,253.3009,5.5159,1.461,2.8015,0.0793,-0.1844,17.5071,True
1790477037.9727,253.3509,5.5134,1.4619,2.7953,0.0794,-0.1822,17.5098,True
1790477038.0228,253.401,5.5083,1.4637,2.783,0.0795,-0.1797,17.5151,True
1790477038.0726,253.4508,5.5058,1.4647,2.777,0.08,-0.1711,17.5178,True
1790477038.1226,253.5009,5.5008,1.4666,2.7653,0.0806,-0.1618,17.5232,True
1790477038.1727,253.5509,5.4983,1.4676,2.7596,0.0811,-0.1531,17.5259,True
1790477038.2227,253.6009,5.4932,1.4697,2.7491,0.0815,-0.1455,17.5313,True
1790477038.2728,253.651,5.4907,1.4707,2.7442,0.0818,-0.14,17.5341,True
1790477038.3228,253.701,5.4882,1.4718,2.7393,0.082,-0.1373,17.5368,True
1790477038.3726,253.7508,5.4831,1.474,2.73,0.082,-0.1366,17.5424,True
1790477038.4229,253.8011,5.4805,1.4751,2.7254,0.082,-0.1369,17.5452,True
1790477038.4727,253.8509,5.4755,1.4774,2.7163,0.082,-0.1376,17.5507,True
1790477038.5226,253.9009,5.473,1.4785,2.7117,0.082,-0.1376,17.5535,True
1790477038.5727,253.9509,5.4679,1.4809,2.7024,0.0816,-0.1434,17.559,True
1790477038.6228,254.001,5.4654,1.4821,2.6977,0.0815,-0.1466,17.5618,True
1790477038.6727,254.0509,5.4605,1.4845,2.688,0.0813,-0.1501,17.5673,True
1790477038.725,254.1032,5.458,1.4857,2.683,0.081,-0.1542,17.5701,True
1790477038.7727,254.1509,5.4531,1.4881,2.6728,0.0808,-0.1582,17.5755,True
1790477038.8227,254.2009,5.4506,1.4894,2.6676,0.0808,-0.1582,17.5783,True
1790477038.8726,254.2509,5.4458,1.4919,2.6569,0.0803,-0.1659,17.5837,True
1790477038.9227,254.3009,5.4434,1.4932,2.6515,0.0798,-0.1756,17.5865,True
1790477038.9726,254.3509,5.4386,1.4957,2.64,0.0791,-0.1871,17.5919,True
1790477039.0227,254.4009,5.4363,1.497,2.6337,0.0784,-0.1984,17.5946,True
1790477039.0727,254.4509,5.4339,1.4983,2.6275,0.0778,-0.2089,17.5972,True
1790477039.1226,254.5009,5.4294,1.501,2.6138,0.0778,-0.2089,17.6025,True
1790477039.1727,254.5509,5.4271,1.5023,2.6068,0.0786,-0.1962,17.6051,True
1790477039.2238,254.6021,5.4226,1.505,2.5934,0.0793,-0.1842,17.6104,True
1790477039.2735,254.6517,5.4203,1.5064,2.5868,0.0793,-0.1842,17.6131,True
1790477039.3227,254.7009,5.4158,1.5093,2.5748,0.0801,-0.1705,17.6184,True
1790477039.3727,254.7509,5.4135,1.5107,2.5689,0.0803,-0.1667,17.6211,True
1790477039.4231,254.8013,5.409,1.5137,2.5576,0.0804,-0.1642,17.6265,True
1790477039.4743,254.8525,5.4067,1.5152,2.552,0.0805,-0.1624,17.6293,True
1790477039.5227,254.9009,5.4022,1.5182,2.541,0.0809,-0.1569,17.6347,True
1790477039.5727,254.9509,5.4,1.5198,2.5356,0.0809,-0.1558,17.6374,True
1790477039.6227,255.0009,5.3955,1.5229,2.5251,0.0809,-0.1571,17.6429,True
1790477039.6727,255.0509,5.3933,1.5245,2.5198,0.0809,-0.1571,17.6456,True
1790477039.7227,255.1009,5.3888,1.5277,2.5092,0.0807,-0.1594,17.6511,True
1790477039.7728,255.151,5.3866,1.5293,2.5039,0.0806,-0.162,17.6538,True
1790477039.8228,255.201,5.3844,1.531,2.4985,0.0804,-0.165,17.6566,True
1790477039.8727,255.251,5.3801,1.5342,2.4874,0.0802,-0.1678,17.662,True
1790477039.9228,255.301,5.378,1.5359,2.4818,0.0801,-0.1704,17.6647,True
1790477039.9728,255.351,5.3737,1.5392,2.4704,0.0799,-0.1729,17.6701,True
1790477040.0227,255.4009,5.3716,1.5409,2.4647,0.0798,-0.1751,17.6728,True
1790477040.0727,255.451,5.3674,1.5443,2.4529,0.0797,-0.1769,17.6782,True
1790477040.1228,255.501,5.3653,1.546,2.447,0.0796,-0.1785,17.6809,True
1790477040.1728,255.551,5.3612,1.5495,2.435,0.0795,-0.1799,17.6863,True
1790477040.2227,255.6009,5.3592,1.5513,2.429,0.0795,-0.181,17.689,True
1790477040.2727,255.651,5.3551,1.5548,2.4168,0.0794,-0.182,17.6944,True
1790477040.3226,255.7009,5.3531,1.5566,2.4107,0.0794,-0.1828,17.6971,True
1790477040.3727,255.7509,5.3499,1.5595,2.401,0.028,0.0117,17.7014,True
1790477040.4228,255.801,5.3491,1.5602,2.401,0.028,0.0232,17.7024,True
1790477040.4727,255.851,5.3469,1.5622,2.4021,0.0875,-0.0432,17.7054,True
1790477040.5227,255.901,5.3448,1.5642,2.4007,0.0855,-0.0764,17.7084,True
1790477040.5726,255.9509,5.3412,1.5674,2.3966,0.028,0.0049,17.7131,True
1790477040.6227,256.0009,5.3405,1.5681,2.3966,0.0841,-0.1017,17.7141,True
1790477040.6727,256.051,5.3398,1.5688,2.3967,0.0841,-0.1017,17.7151,True
1790477040.7228,256.101,5.3363,1.572,2.3938,0.083,-0.1209,17.7199,True
1790477040.7727,256.1509,5.3322,1.5758,2.3852,0.0814,-0.1472,17.7255,True
1790477040.8227,256.2009,5.3302,1.5778,2.3807,0.0814,-0.1472,17.7283,True
1790477040.8726,256.2509,5.3282,1.5797,2.3757,0.0809,-0.156,17.731,True
1790477040.9227,256.3009,5.3242,1.5835,2.3652,0.028,0.0091,17.7365,True
1790477040.9727,256.3509,5.3229,1.5848,2.3626,0.028,0.0191,17.7383,True
1790477041.0227,256.401,5.3207,1.587,2.3635,0.0874,-0.044,17.7415,True
1790477041.074,256.4522,5.3186,1.589,2.3622,0.0855,-0.0774,17.7444,True
1790477041.1227,256.5009,5.3145,1.5931,2.3562,0.084,-0.1027,17.7502,True
1790477041.1727,256.5509,5.3125,1.5951,2.3527,0.028,0.0047,17.753,True
1790477041.2227,256.6009,5.3105,1.5972,2.3514,0.028,0.015,17.7559,True
1790477041.2727,256.651,5.3098,1.5978,2.3517,0.028,0.015,17.7569,True
1790477041.3227,256.7009,5.3085,1.5992,2.3528,0.028,0.0143,17.7588,True
1790477041.3728,256.751,5.3078,1.5999,2.3532,0.028,0.0134,17.7597,True
1790477041.4226,256.8009,5.3065,1.6012,2.3541,0.028,0.0123,17.7616,True
1790477041.4727,256.8509,5.3058,1.6019,2.3545,0.028,0.0107,17.7626,True
1790477041.5227,256.9009,5.3051,1.6026,2.3549,0.028,0.0107,17.7635,True
1790477041.5727,256.9509,5.3038,1.6039,2.3557,0.028,0.01,17.7654,True
1790477041.6227,257.0009,5.3031,1.6046,2.356,0.028,0.0093,17.7664,True
1790477041.6727,257.0509,5.3018,1.6059,2.3566,0.028,0.0086,17.7683,True
1790477041.7227,257.1009,5.3011,1.6066,2.3569,0.028,0.008,17.7692,True
1790477041.7727,257.1509,5.2997,1.608,2.3575,0.028,0.0069,17.7711,True
1790477041.8226,257.2008,5.2991,1.6086,2.3577,0.028,0.0064,17.7721,True
1790477041.8726,257.2509,5.2977,1.61,2.3582,0.028,0.006,17.774,True
1790477041.9243,257.3026,5.297,1.6106,2.3584,0.028,0.006,17.7749,True
1790477041.9727,257.3509,5.2957,1.612,2.3588,0.028,0.0051,17.7769,True
1790477042.0226,257.4009,5.295,1.6127,2.359,0.028,0.0048,17.7778,True
1790477042.0769,257.4551,5.2937,1.614,2.3594,0.028,0.0048,17.7797,True
1790477042.1228,257.501,5.293,1.6147,2.3595,0.028,0.0041,17.7807,True
1790477042.1727,257.5509,5.2923,1.6153,2.3597,0.028,0.0038,17.7816,True
1790477042.2226,257.6009,5.291,1.6167,2.36,0.028,0.0038,17.7835,True
1790477042.2737,257.6519,5.2903,1.6174,2.3601,0.028,0.0035,17.7845,True
1790477042.3227,257.701,5.2889,1.6187,2.3604,0.028,0.0033,17.7864,True
1790477042.3727,257.751,5.2883,1.6194,2.3605,0.028,0.003,17.7873,True
1790477042.4227,257.801,5.2869,1.6207,2.3607,0.028,0.0026,17.7892,True
1790477042.4727,257.8509,5.2862,1.6214,2.3608,0.028,0.0026,17.7902,True
1790477042.5227,257.9009,5.2849,1.6227,2.361,0.028,0.0024,17.7921,True
1790477042.5727,257.9509,5.2842,1.6234,2.3611,0.028,0.002,17.793,True
1790477042.6227,258.0009,5.2828,1.6247,2.3612,0.028,0.002,17.7949,True
1790477042.6726,258.0509,5.2822,1.6254,2.3613,0.028,0.0017,17.7959,True
1790477042.723,258.1013,5.2808,1.6267,2.3614,0.028,0.0016,17.7978,True
1790477042.7728,258.151,5.2801,1.6274,2.3615,0.028,0.0016,17.7987,True
1790477042.8227,258.2009,5.2788,1.6287,2.3616,0.028,0.0015,17.8007,True
1790477042.8727,258.2509,5.2781,1.6294,2.3617,0.028,0.0014,17.8016,True
1790477042.9227,258.3009,5.2768,1.6307,2.3618,0.028,0.0013,17.8035,True
1790477042.9727,258.3509,5.2761,1.6314,2.3618,0.0849,-0.0879,17.8045,True
1790477043.0229,258.4012,5.2726,1.6348,2.3598,0.0832,-0.1174,17.8093,True
1790477043.0733,258.4515,5.2706,1.6368,2.3569,0.0832,-0.1174,17.8122,True
1790477043.1226,258.5009,5.2686,1.6388,2.3529,0.028,0.0051,17.815,True
1790477043.1727,258.5509,5.2667,1.6408,2.3503,0.082,-0.1376,17.8177,True
1790477043.2227,258.6009,5.2653,1.6422,2.3505,0.082,-0.1376,17.8198,True
1790477043.2727,258.651,5.2615,1.6461,2.3418,0.0813,-0.1488,17.8252,True
1790477043.3227,258.7009,5.2596,1.6481,2.3368,0.0809,-0.1556,17.8279,True
1790477043.3727,258.7509,5.2558,1.652,2.3263,0.0807,-0.1598,17.8334,True
1790477043.4227,258.801,5.2539,1.654,2.321,0.0805,-0.1623,17.8361,True
1790477043.4728,258.851,5.2502,1.658,2.3101,0.0805,-0.1639,17.8416,True
1790477043.5227,258.901,5.2484,1.6601,2.3046,0.0804,-0.165,17.8443,True
1790477043.5728,258.951,5.2448,1.6641,2.2936,0.0804,-0.1656,17.8498,True
1790477043.6228,259.001,5.243,1.6662,2.288,0.0803,-0.166,17.8525,True
1790477043.6757,259.054,5.2394,1.6703,2.277,0.0803,-0.1661,17.8579,True
1790477043.7227,259.101,5.2376,1.6724,2.2714,0.08,-0.1722,17.8606,True
1790477043.7727,259.1509,5.2359,1.6745,2.2657,0.08,-0.1715,17.8634,True
1790477043.8227,259.2009,5.2325,1.6786,2.2542,0.0801,-0.1697,17.8688,True
1790477043.8727,259.251,5.2307,1.6807,2.2485,0.0803,-0.1673,17.8715,True
1790477043.9227,259.3009,5.2274,1.685,2.2373,0.0804,-0.1644,17.8769,True
1790477043.9727,259.3509,5.2257,1.6871,2.2317,0.0806,-0.1616,17.8797,True
1790477044.0227,259.4009,5.2224,1.6915,2.2208,0.0807,-0.1591,17.8851,True
1790477044.0755,259.4537,5.2207,1.6936,2.2155,0.0809,-0.1568,17.8878,True
1790477044.1227,259.501,5.2174,1.698,2.2049,0.0809,-0.1568,17.8933,True
1790477044.1727,259.5509,5.2158,1.7003,2.1997,0.081,-0.1543,17.8961,True
1790477044.2227,259.6009,5.2126,1.7047,2.1896,0.0812,-0.1519,17.9016,True
1790477044.2747,259.6529,5.211,1.707,2.1845,0.0813,-0.1497,17.9043,True
1790477044.3227,259.7009,5.2079,1.7115,2.1746,0.0815,-0.1455,17.9098,True
1790477044.3726,259.7508,5.2063,1.7138,2.1697,0.0817,-0.1432,17.9126,True
1790477044.4226,259.8009,5.2032,1.7183,2.1602,0.0818,-0.1413,17.9181,True
1790477044.4728,259.851,5.2017,1.7206,2.1554,0.0819,-0.1396,17.9209,True
1790477044.5227,259.9009,5.1986,1.7253,2.1461,0.0819,-0.1396,17.9264,True
1790477044.5727,259.951,5.1971,1.7276,2.1415,0.082,-0.138,17.9292,True
1790477044.6226,260.0009,5.1957,1.7299,2.137,0.082,-0.1366,17.932,True
1790477044.6757,260.0539,5.1927,1.7347,2.1279,0.0821,-0.1353,17.9375,True
1790477044.7227,260.1009,5.1912,1.737,2.1235,0.0822,-0.134,17.9403,True
1790477044.774,260.1522,5.1883,1.7418,2.1146,0.0823,-0.1324,17.9459,True
1790477044.8227,260.2009,5.1869,1.7442,2.1102,0.0824,-0.1309,17.9487,True
1790477044.8727,260.2509,5.184,1.749,2.1016,0.0825,-0.1296,17.9542,True
1790477044.9227,260.301,5.1826,1.7514,2.0973,0.028,0.0083,17.957,True
1790477044.9727,260.351,5.1804,1.7552,2.0891,0.028,0.0083,17.9614,True
1790477045.0227,260.401,5.18,1.756,2.0891,0.0824,-0.1311,17.9624,True
1790477045.0726,260.4509,5.1776,1.7601,2.0859,0.0824,-0.13,17.9671,True
1790477045.1227,260.5009,5.1762,1.7626,2.0815,0.0825,-0.1285,17.9699,True
1790477045.1727,260.5509,5.1741,1.7664,2.0735,0.028,0.0075,17.9743,True
1790477045.2227,260.6009,5.1736,1.7673,2.0736,0.028,0.0157,17.9753,True
1790477045.2727,260.6509,5.1732,1.7681,2.0741,0.0881,-0.0331,17.9763,True
1790477045.3226,260.7009,5.1708,1.7725,2.0733,0.0866,-0.0583,17.9812,True
1790477045.3727,260.7509,5.1694,1.7751,2.0714,0.0855,-0.0775,17.9842,True
1790477045.4226,260.8009,5.1666,1.7801,2.0657,0.0847,-0.0916,17.99,True
1790477045.4727,260.8509,5.1652,1.7827,2.0626,0.0841,-0.102,17.9929,True
1790477045.525,260.9032,5.1626,1.7877,2.0556,0.0836,-0.1098,17.9986,True
1790477045.5726,260.9508,5.1612,1.7902,2.0519,0.0833,-0.1156,18.0014,True
1790477045.6227,261.0009,5.1586,1.7952,2.044,0.083,-0.1199,18.007,True
1790477045.674,261.0522,5.1574,1.7978,2.04,0.0828,-0.1231,18.0099,True
1790477045.7227,261.1009,5.1548,1.8028,2.0317,0.0827,-0.1256,18.0155,True
1790477045.7727,261.1509,5.1536,1.8053,2.0275,0.028,0.0078,18.0183,True
1790477045.8228,261.201,5.1528,1.807,2.0262,0.028,0.0158,18.0202,True
1790477045.8727,261.2509,5.1519,1.8088,2.0272,0.0882,-0.0301,18.0221,True
1790477045.9227,261.3009,5.1497,1.8132,2.0261,0.0859,-0.0702,18.0271,True
1790477045.9728,261.351,5.1484,1.8159,2.0243,0.0859,-0.0702,18.0301,True
1790477046.0227,261.4009,5.1471,1.8185,2.022,0.0846,-0.0927,18.033,True
1790477046.0727,261.4509,5.1446,1.8237,2.0161,0.0842,-0.1,18.0388,True
1790477046.1227,261.5009,5.1434,1.8263,2.013,0.0842,-0.1,18.0416,True
1790477046.1728,261.551,5.141,1.8315,2.0063,0.0839,-0.1045,18.0474,True
1790477046.2226,261.6009,5.1398,1.8341,2.0028,0.0836,-0.1091,18.0502,True
1790477046.2727,261.6509,5.1374,1.8392,1.9955,0.0836,-0.1102,18.0559,True
1790477046.3227,261.7009,5.1362,1.8418,1.9919,0.0836,-0.1105,18.0587,True
1790477046.3727,261.7509,5.1339,1.847,1.9845,0.0836,-0.1105,18.0644,True
1790477046.4229,261.8011,5.1328,1.8496,1.9808,0.0836,-0.1104,18.0673,True
1790477046.4727,261.8509,5.1306,1.8548,1.9734,0.0836,-0.1102,18.0729,True
1790477046.5227,261.9009,5.1294,1.8575,1.9697,0.0836,-0.1102,18.0758,True
1790477046.5727,261.9509,5.1273,1.8627,1.9624,0.0836,-0.1102,18.0815,True
1790477046.6227,262.0009,5.1262,1.8653,1.9587,0.0831,-0.1177,18.0843,True
1790477046.6727,262.0509,5.1241,1.8706,1.951,0.0831,-0.1177,18.0899,True
1790477046.7229,262.1011,5.123,1.8732,1.9471,0.0829,-0.1224,18.0928,True
1790477046.7728,262.151,5.122,1.8758,1.943,0.0826,-0.1267,18.0956,True
1790477046.8227,262.2009,5.12,1.8811,1.9347,0.0824,-0.1305,18.1012,True
1790477046.873,262.2512,5.119,1.8837,1.9304,0.0822,-0.1337,18.104,True
1790477046.9229,262.3011,5.117,1.8889,1.9215,0.0821,-0.1364,18.1096,True
1790477046.9727,262.3509,5.1161,1.8915,1.917,0.028,0.0084,18.1124,True
1790477047.0227,262.4009,5.1145,1.8959,1.9107,0.028,0.0084,18.117,True
1790477047.0727,262.451,5.1142,1.8968,1.9109,0.028,0.0152,18.118,True
1790477047.1227,262.5009,5.1136,1.8986,1.912,0.028,0.0167,18.1199,True
1790477047.1728,262.551,5.1132,1.8995,1.9126,0.028,0.0157,18.1209,True
1790477047.2227,262.6009,5.1126,1.9013,1.9138,0.028,0.0143,18.1228,True
1790477047.2733,262.6515,5.1123,1.9022,1.9143,0.028,0.0135,18.1237,True
1790477047.3227,262.7009,5.1116,1.904,1.9153,0.028,0.0124,18.1256,True
1790477047.3727,262.7509,5.1113,1.9049,1.9157,0.028,0.0114,18.1266,True
1790477047.4227,262.8009,5.1107,1.9067,1.9166,0.028,0.0097,18.1285,True
1790477047.4728,262.851,5.1103,1.9076,1.917,0.028,0.009,18.1294,True
1790477047.5226,262.9009,5.1097,1.9094,1.9177,0.028,0.009,18.1313,True
1790477047.5727,262.9509,5.1094,1.9103,1.918,0.028,0.0074,18.1323,True
1790477047.623,263.0012,5.1091,1.9112,1.9183,0.028,0.007,18.1333,True
1790477047.6727,263.051,5.1084,1.913,1.9189,0.028,0.007,18.1352,True
1790477047.7227,263.1009,5.1081,1.9139,1.9192,0.028,0.0059,18.1361,True
1790477047.7727,263.1509,5.1074,1.9157,1.9197,0.028,0.0059,18.138,True
1790477047.8227,263.2009,5.1071,1.9166,1.9199,0.028,0.0053,18.139,True
1790477047.8727,263.2509,5.1064,1.9184,1.9204,0.028,0.0049,18.1409,True
1790477047.9227,263.3009,5.1061,1.9192,1.9206,0.028,0.0045,18.1418,True
1790477047.9727,263.3509,5.1055,1.921,1.921,0.028,0.0041,18.1437,True
1790477048.0227,263.4009,5.1051,1.9219,1.9211,0.028,0.0037,18.1447,True
1790477048.0728,263.451,5.1045,1.9237,1.9215,0.028,0.0031,18.1466,True
1790477048.1227,263.5009,5.1042,1.9246,1.9216,0.028,0.0027,18.1476,True
1790477048.1726,263.5509,5.1035,1.9264,1.9219,0.028,0.0027,18.1495,True
1790477048.2227,263.6009,5.1032,1.9273,1.922,0.028,0.0025,18.1504,True
1790477048.2728,263.6511,5.1028,1.9282,1.9222,0.028,0.002,18.1514,True
1790477048.3229,263.7011,5.1022,1.93,1.9224,0.028,0.0018,18.1533,True
1790477048.3727,263.7509,5.1019,1.9309,1.9225,0.028,0.0018,18.1542,True
1790477048.4245,263.8027,5.1012,1.9327,1.9227,0.028,0.0015,18.1561,True
1790477048.473,263.8512,5.1009,1.9336,1.9228,0.028,0.0014,18.1571,True
1790477048.5227,263.9009,5.1002,1.9354,1.923,0.028,0.001,18.159,True
1790477048.5727,263.951,5.0999,1.9362,1.923,0.028,0.001,18.1599,True
1790477048.6238,264.002,5.0992,1.938,1.9232,0.028,0.0009,18.1618,True
1790477048.673,264.0512,5.0989,1.9389,1.9233,0.028,0.0006,18.1628,True
1790477048.7228,264.101,5.0982,1.9407,1.9234,0.028,0.0006,18.1647,True
1790477048.7727,264.151,5.0979,1.9416,1.9234,0.028,0.0003,18.1657,True
1790477048.8243,264.2026,5.0973,1.9434,1.9235,0.028,0.0002,18.1676,True
1790477048.8727,264.251,5.0969,1.9443,1.9236,0.028,0.0002,18.1685,True
1790477048.9226,264.3008,5.0963,1.9461,1.9237,0.028,0.0,18.1704,True
1790477048.9727,264.351,5.0959,1.947,1.9237,0.0882,-0.0317,18.1714,True
1790477049.0227,264.4009,5.0956,1.9479,1.9238,0.0868,-0.0558,18.1723,True
1790477049.0728,264.451,5.0939,1.9525,1.9223,0.0857,-0.0738,18.1773,True
1790477049.1226,264.5009,5.0929,1.9553,1.9205,0.0849,-0.0873,18.1803,True
1790477049.1733,264.5515,5.0909,1.9608,1.9151,0.0843,-0.0975,18.1861,True
1790477049.2227,264.601,5.0899,1.9635,1.9122,0.0839,-0.1052,18.1889,True
1790477049.2727,264.6509,5.088,1.9689,1.9054,0.028,0.0063,18.1947,True
1790477049.3227,264.7009,5.0871,1.9716,1.9019,0.028,0.0063,18.1975,True
1790477049.3727,264.7509,5.0862,1.9743,1.9002,0.028,0.013,18.2003,True
1790477049.4227,264.801,5.0859,1.9752,1.9006,0.0871,-0.0506,18.2013,True
1790477049.4728,264.851,5.0843,1.9799,1.8994,0.0861,-0.0671,18.2063,True
1790477049.523,264.9012,5.0833,1.9827,1.8977,0.0854,-0.0794,18.2092,True
1790477049.573,264.9512,5.0815,1.9882,1.8928,0.028,0.0043,18.2151,True
1790477049.6232,265.0014,5.0805,1.9909,1.8902,0.028,0.0043,18.218,True
1790477049.6727,265.0509,5.0797,1.9936,1.8887,0.028,0.0094,18.2208,True
1790477049.7227,265.101,5.0794,1.9945,1.889,0.0848,-0.0887,18.2218,True
1790477049.7727,265.1509,5.0779,1.9991,1.8866,0.0842,-0.0997,18.2266,True
1790477049.8228,265.201,5.077,2.0019,1.8834,0.0842,-0.0997,18.2294,True
1790477049.873,265.2512,5.0752,2.0073,1.8766,0.084,-0.1031,18.2352,True
1790477049.9226,265.3009,5.0744,2.01,1.8731,0.0838,-0.1057,18.238,True
1790477049.9728,265.3511,5.0735,2.0127,1.8696,0.028,0.0066,18.2409,True
1790477050.0286,265.4069,5.0727,2.0153,1.8669,0.0837,-0.1076,18.2436,True
1790477050.0726,265.4508,5.0721,2.0173,1.8671,0.028,-0.0004,18.2456,True
1790477050.1226,265.5009,5.0709,2.0215,1.8609,0.0838,-0.107,18.25,True
1790477050.1727,265.5509,5.0706,2.0224,1.8608,0.0838,-0.1059,18.251,True
1790477050.2227,265.6009,5.0692,2.0271,1.8576,0.0839,-0.1046,18.2558,True
1790477050.2728,265.651,5.0684,2.0298,1.854,0.084,-0.1033,18.2587,True
1790477050.3226,265.7009,5.0668,2.0353,1.8471,0.0841,-0.1016,18.2644,True
1790477050.3727,265.7509,5.0661,2.038,1.8436,0.0842,-0.0999,18.2672,True
1790477050.4227,265.8009,5.0645,2.0435,1.8369,0.0843,-0.0982,18.2729,True
1790477050.4727,265.8509,5.0638,2.0463,1.8335,0.0844,-0.0967,18.2758,True
1790477050.5227,265.9009,5.0623,2.0518,1.827,0.0851,-0.0843,18.2815,True
1790477050.5727,265.9509,5.0616,2.0546,1.8238,0.086,-0.068,18.2844,True
1790477050.6227,266.0009,5.0602,2.0602,1.8187,0.086,-0.068,18.2902,True
1790477050.6726,266.0508,5.0594,2.0631,1.8164,0.028,0.0043,18.2931,True
1790477050.7227,266.1009,5.0583,2.0676,1.8114,0.0874,-0.0449,18.2978,True
1790477050.7728,266.151,5.0577,2.0702,1.8085,0.0874,-0.0438,18.3005,True
1790477050.8227,266.2009,5.057,2.0731,1.8069,0.0874,-0.045,18.3034,True
1790477050.8729,266.2512,5.0556,2.0789,1.804,0.0873,-0.0472,18.3094,True
1790477050.9227,266.3009,5.0549,2.0818,1.8025,0.0871,-0.0493,18.3124,True
1790477050.9731,266.3513,5.0536,2.0875,1.7994,0.087,-0.0511,18.3183,True
1790477051.0226,266.4009,5.0529,2.0904,1.7977,0.087,-0.0511,18.3212,True
1790477051.0727,266.4509,5.0516,2.0962,1.7943,0.0869,-0.0536,18.3272,True
1790477051.1238,266.502,5.0509,2.0991,1.7926,0.028,0.0033,18.3301,True
1790477051.1727,266.551,5.0499,2.1038,1.7892,0.028,0.0067,18.3349,True
1790477051.2227,266.6009,5.0497,2.1047,1.7892,0.0892,0.0129,18.3359,True
1790477051.2727,266.6509,5.049,2.1077,1.7897,0.0887,0.023,18.3389,True
1790477051.3226,266.7009,5.0484,2.1106,1.7901,0.0882,0.0309,18.3419,True
1790477051.3745,266.7528,5.0477,2.1135,1.7909,0.0878,0.0369,18.3449,True
1790477051.4229,266.8011,5.0464,2.1194,1.7932,0.0878,0.0369,18.3509,True
1790477051.4767,266.855,5.0464,2.1194,1.7932,0.028,-0.0024,18.3509,True
1790477051.5227,266.9009,5.0446,2.1271,1.7963,0.0872,0.048,18.3588,True
1790477051.5751,266.9533,5.0444,2.128,1.7962,0.0869,0.0533,18.3598,True
1790477051.6236,267.0018,5.0433,2.1329,1.798,0.0869,0.0533,18.3648,True
1790477051.6728,267.051,5.0426,2.1357,1.7998,0.028,-0.0012,18.3677,True
1790477051.7235,267.1018,5.042,2.1385,1.8014,0.0866,0.0588,18.3705,True
1790477051.776,267.1542,5.0418,2.1394,1.8013,0.0863,0.0641,18.3715,True
1790477051.8226,267.2008,5.0406,2.1442,1.8034,0.0863,0.0641,18.3764,True
1790477051.8727,267.2509,5.04,2.1471,1.8055,0.0857,0.073,18.3794,True
1790477051.9226,267.3009,5.0386,2.1528,1.8103,0.0855,0.0765,18.3852,True
1790477051.9727,267.3509,5.0379,2.1556,1.8127,0.0854,0.0794,18.3881,True
1790477052.0227,267.4009,5.0365,2.1612,1.818,0.0854,0.0794,18.394,True
1790477052.0732,267.4514,5.0358,2.1641,1.8207,0.0852,0.0829,18.3969,True
1790477052.1226,267.5009,5.0343,2.1697,1.8263,0.028,-0.0053,18.4027,True
1790477052.1727,267.551,5.0336,2.1725,1.8292,0.028,-0.0108,18.4056,True
1790477052.2227,267.6009,5.0329,2.1752,1.8311,0.0887,0.0223,18.4084,True
1790477052.2727,267.6509,5.0326,2.1761,1.8307,0.028,0.0005,18.4093,True
1790477052.3226,267.7009,5.0318,2.1791,1.8304,0.0877,0.0387,18.4124,True
1790477052.3733,267.7515,5.0313,2.1811,1.8304,0.087,0.0508,18.4145,True
1790477052.4227,267.801,5.0305,2.1839,1.8316,0.0865,0.0598,18.4174,True
1790477052.4727,267.8509,5.029,2.1896,1.8353,0.028,-0.0035,18.4233,True
1790477052.5227,267.9009,5.0282,2.1925,1.8373,0.028,-0.0073,18.4263,True
1790477052.5726,267.9509,5.0275,2.1952,1.8384,0.028,-0.0088,18.4291,True
1790477052.6227,268.0009,5.0272,2.1962,1.8382,0.028,-0.0084,18.4301,True
1790477052.6727,268.0509,5.0267,2.198,1.8376,0.028,-0.0078,18.432,True
1790477052.7227,268.1009,5.0265,2.1989,1.8374,0.028,-0.0073,18.4329,True
1790477052.7727,268.1509,5.026,2.2008,1.8369,0.028,-0.0069,18.4348,True
1790477052.8227,268.2009,5.0257,2.2017,1.8367,0.028,-0.0069,18.4358,True
1790477052.8728,268.251,5.0252,2.2035,1.8363,0.028,-0.006,18.4377,True
1790477052.9229,268.3011,5.025,2.2044,1.8361,0.028,-0.0057,18.4387,True
1790477052.9727,268.3509,5.0245,2.2063,1.8357,0.028,-0.0053,18.4406,True
1790477053.0227,268.4009,5.0242,2.2072,1.8355,0.028,-0.005,18.4415,True
1790477053.0727,268.4509,5.0237,2.209,1.8352,0.028,-0.0047,18.4434,True
1790477053.1226,268.5009,5.0235,2.21,1.8351,0.028,-0.0044,18.4444,True
1790477053.1727,268.5509,5.0232,2.2109,1.8349,0.028,-0.0041,18.4453,True
1790477053.2227,268.601,5.0227,2.2127,1.8347,0.028,-0.0041,18.4472,True
1790477053.2727,268.651,5.0225,2.2136,1.8346,0.028,-0.0037,18.4482,True
1790477053.3227,268.7009,5.022,2.2155,1.8343,0.028,-0.0034,18.4501,True
1790477053.3727,268.7509,5.0217,2.2164,1.8342,0.028,-0.0032,18.451,True
1790477053.423,268.8012,5.0212,2.2182,1.834,0.028,-0.0032,18.4529,True
1790477053.4727,268.8509,5.021,2.2192,1.8339,0.028,-0.0029,18.4539,True
1790477053.5228,268.901,5.0205,2.221,1.8338,0.028,-0.0029,18.4558,True
1790477053.5728,268.9511,5.0202,2.2219,1.8337,0.028,-0.0026,18.4568,True
1790477053.6228,269.001,5.0197,2.2238,1.8336,0.028,-0.0026,18.4587,True
1790477053.6727,269.0509,5.0195,2.2247,1.8335,0.028,-0.0024,18.4596,True
1790477053.7227,269.1009,5.019,2.2265,1.8334,0.028,-0.0023,18.4615,True
1790477053.7726,269.1508,5.0188,2.2274,1.8333,0.028,-0.0021,18.4625,True
1790477053.8226,269.2009,5.0183,2.2293,1.8332,0.028,-0.002,18.4644,True
1790477053.8728,269.251,5.018,2.2302,1.8331,0.028,-0.0019,18.4653,True
1790477053.9227,269.3009,5.0175,2.232,1.833,0.028,-0.0018,18.4672,True
1790477053.9728,269.351,5.0173,2.233,1.833,0.028,-0.0017,18.4682,True
1790477054.0227,269.4009,5.0168,2.2348,1.8329,0.028,-0.0016,18.4701,True
1790477054.0727,269.4509,5.0165,2.2357,1.8329,0.028,-0.0015,18.4711,True
1790477054.1227,269.5009,5.0163,2.2366,1.8328,0.028,-0.0015,18.472,True
1790477054.1727,269.551,5.0158,2.2385,1.8328,0.028,-0.0014,18.4739,True
1790477054.2227,269.6009,5.0155,2.2394,1.8327,0.028,-0.0013,18.4749,True
1790477054.2727,269.651,5.0151,2.2412,1.8327,0.028,-0.0013,18.4768,True
1790477054.3227,269.7009,5.0148,2.2422,1.8327,0.028,-0.0012,18.4777,True
1790477054.3728,269.751,5.0143,2.244,1.8326,0.028,-0.0012,18.4796,True
1790477054.4238,269.802,5.0141,2.2449,1.8326,0.028,-0.0011,18.4806,True
1790477054.4727,269.851,5.0136,2.2468,1.8325,0.028,-0.0011,18.4825,True
1790477054.5227,269.9009,5.0133,2.2477,1.8325,0.028,-0.001,18.4834,True
1790477054.5727,269.951,5.0128,2.2495,1.8325,0.028,-0.001,18.4853,True
1790477055.2932,270.6714,5.0126,2.2504,1.8325,0.028,-0.001,18.4863,True
1790477055.3227,270.7009,5.0109,2.2569,1.8323,0.028,-0.001,18.493,True
1790477055.3727,270.751,5.0104,2.2587,1.8323,0.028,-0.0008,18.4949,True
1790477055.4227,270.8009,5.0099,2.2606,1.8323,0.028,-0.0007,18.4968,True
1790477055.4728,270.851,5.0096,2.2615,1.8323,0.028,-0.0007,18.4977,True
1790477056.2791,271.6573,5.0094,2.2624,1.8323,0.028,-0.0007,18.4987,True
1790477056.3229,271.7012,5.0074,2.2698,1.8322,0.028,-0.0007,18.5063,True
1790477056.3727,271.7509,5.0067,2.2725,1.8322,0.028,-0.0007,18.5092,True
1790477056.4227,271.801,5.0064,2.2735,1.8322,0.0879,0.0366,18.5101,True
1790477056.4728,271.851,5.0051,2.2783,1.8332,0.089,0.0169,18.5151,True
1790477056.5227,271.901,5.0044,2.2812,1.8344,0.089,0.0169,18.5181,True
1790477056.5729,271.9512,5.0028,2.287,1.835,0.0888,-0.0207,18.5242,True
1790477056.6226,272.0008,5.0012,2.2929,1.8342,0.0879,-0.0369,18.5303,True
1790477056.6727,272.0509,5.0004,2.2958,1.833,0.0871,-0.0505,18.5333,True
1790477056.7227,272.1009,4.9996,2.2987,1.8317,0.0871,-0.0505,18.5362,True
1790477056.7761,272.1544,4.9981,2.3044,1.8283,0.0859,-0.0708,18.5422,True
1790477056.8227,272.2009,4.9974,2.3072,1.8263,0.0859,-0.0708,18.5451,True
1790477056.8727,272.251,4.9959,2.3129,1.8215,0.0851,-0.0833,18.5509,True
1790477056.9227,272.3009,4.9952,2.3157,1.8189,0.0849,-0.0875,18.5538,True
1790477056.9727,272.3509,4.9938,2.3213,1.8132,0.0849,-0.0875,18.5596,True
1790477057.0227,272.4009,4.9931,2.3241,1.8102,0.0848,-0.09,18.5625,True
1790477057.0727,272.4509,4.9918,2.3297,1.8041,0.0847,-0.0911,18.5683,True
1790477057.1228,272.5011,4.9911,2.3325,1.8011,0.0847,-0.0915,18.5711,True
1790477057.1727,272.5509,4.9898,2.3381,1.795,0.0847,-0.0915,18.5769,True
1790477057.2227,272.6009,4.9892,2.3409,1.7919,0.0848,-0.0893,18.5798,True
1790477057.2727,272.6509,4.9879,2.3465,1.7859,0.0848,-0.0893,18.5855,True
1790477057.3228,272.701,4.9873,2.3494,1.7829,0.0849,-0.088,18.5884,True
1790477057.3727,272.7509,4.9861,2.355,1.777,0.085,-0.0859,18.5942,True
1790477057.4227,272.8009,4.9855,2.3578,1.7742,0.0853,-0.0816,18.5971,True
1790477057.4726,272.8509,4.9844,2.3635,1.7686,0.0853,-0.0816,18.6029,True
1790477057.5228,272.901,4.9838,2.3663,1.7659,0.0854,-0.0797,18.6057,True
1790477057.5726,272.9508,4.9827,2.372,1.7607,0.0856,-0.0749,18.6116,True
1790477057.6227,273.0009,4.9821,2.3749,1.7581,0.0856,-0.0749,18.6145,True
1790477057.6759,273.0542,4.9816,2.3777,1.7556,0.0853,-0.0812,18.6174,True
1790477057.7227,273.1009,4.9806,2.3834,1.7498,0.0846,-0.0923,18.6231,True
1790477057.7727,273.1509,4.9801,2.3863,1.7468,0.0846,-0.0923,18.626,True
1790477057.8231,273.2013,4.9791,2.3919,1.7407,0.0851,-0.0841,18.6318,True
1790477057.8726,273.2509,4.9786,2.3948,1.7377,0.0854,-0.0783,18.6347,True
1790477057.9227,273.3009,4.9776,2.4005,1.7323,0.0858,-0.0726,18.6404,True
1790477057.9729,273.3511,4.9772,2.4034,1.7297,0.0861,-0.0671,18.6433,True
1790477058.0227,273.4009,4.9763,2.4091,1.725,0.0861,-0.0671,18.6492,True
1790477058.0728,273.4511,4.9758,2.412,1.7228,0.0864,-0.0621,18.6521,True
1790477058.1227,273.5009,4.9749,2.4178,1.7188,0.0866,-0.0577,18.658,True
1790477058.1727,273.5509,4.9745,2.4207,1.7169,0.0866,-0.0592,18.6609,True
1790477058.2226,273.6008,4.9737,2.4266,1.7132,0.086,-0.0681,18.6668,True
1790477058.2728,273.651,4.9733,2.4295,1.7109,0.086,-0.0681,18.6698,True
1790477058.3226,273.7008,4.9728,2.4324,1.7086,0.0853,-0.0804,18.6727,True
1790477058.3728,273.751,4.9721,2.4381,1.7035,0.0853,-0.0804,18.6785,True
1790477058.4227,273.8009,4.9717,2.441,1.7008,0.0851,-0.0848,18.6814,True
1790477058.4728,273.851,4.9709,2.4467,1.6951,0.0849,-0.0884,18.6872,True
1790477058.5227,273.9009,4.9706,2.4496,1.6922,0.0847,-0.0913,18.69,True
1790477058.5726,273.9508,4.9699,2.4553,1.686,0.0845,-0.0936,18.6958,True
1790477058.623,274.0012,4.9696,2.4581,1.6829,0.0844,-0.0961,18.6987,True
1790477058.6727,274.0509,4.969,2.4638,1.6764,0.0842,-0.099,18.7044,True
1790477058.7227,274.1009,4.9687,2.4667,1.6731,0.0841,-0.1017,18.7072,True
1790477058.7727,274.1509,4.9681,2.4723,1.6664,0.0839,-0.1042,18.7129,True
1790477058.8227,274.2009,4.9678,2.4752,1.663,0.0836,-0.1106,18.7158,True
1790477058.8727,274.2509,4.9673,2.4808,1.6559,0.0836,-0.1106,18.7214,True
1790477058.9226,274.3009,4.9671,2.4836,1.6523,0.0834,-0.114,18.7243,True
1790477058.9727,274.3509,4.9667,2.4892,1.6447,0.083,-0.1209,18.7299,True
1790477059.0228,274.401,4.9665,2.492,1.6407,0.0827,-0.125,18.7327,True
1790477059.0727,274.4509,4.9663,2.4948,1.6368,0.0825,-0.129,18.7355,True
1790477059.1231,274.5013,4.9659,2.5004,1.6284,0.0822,-0.1337,18.7411,True
1790477059.1727,274.5509,4.9658,2.5032,1.6242,0.0822,-0.1337,18.7439,True
1790477059.2227,274.6009,4.9655,2.5087,1.6153,0.0816,-0.144,18.7494,True
1790477059.2728,274.651,4.9654,2.5115,1.6107,0.0816,-0.144,18.7522,True
1790477059.3228,274.701,4.9652,2.517,1.6011,0.081,-0.1547,18.7577,True
1790477059.3727,274.751,4.9651,2.5197,1.5961,0.081,-0.1547,18.7604,True
1790477059.4227,274.8009,4.965,2.5252,1.5858,0.028,0.01,18.7659,True
1790477059.4727,274.8509,4.965,2.5279,1.5805,0.028,0.01,18.7686,True
1790477059.5255,274.9037,4.9649,2.5308,1.5829,0.028,0.0203,18.7715,True
1790477059.5727,274.9509,4.9649,2.5318,1.5836,0.028,0.0185,18.7725,True
1790477059.6231,275.0013,4.9649,2.5337,1.5848,0.028,0.016,18.7744,True
1790477059.6727,275.0509,4.9649,2.5346,1.5854,0.028,0.0149,18.7754,True
1790477059.7227,275.1009,4.9649,2.5365,1.5864,0.028,0.0139,18.7773,True
1790477059.7726,275.1509,4.9649,2.5375,1.5869,0.028,0.013,18.7782,True
1790477059.8227,275.201,4.9648,2.5394,1.5879,0.028,0.0121,18.7801,True
1790477059.8727,275.2509,4.9648,2.5404,1.5883,0.028,0.0113,18.7811,True
1790477059.9232,275.3014,4.9648,2.5413,1.5887,0.028,0.0113,18.782,True
1790477059.9727,275.3509,4.9648,2.5432,1.5894,0.028,0.0099,18.7839,True
1790477060.0227,275.4009,4.9647,2.5442,1.5897,0.028,0.0093,18.7849,True
1790477060.0736,275.4518,4.9647,2.5461,1.5904,0.028,0.0086,18.7868,True
1790477060.1227,275.5009,4.9647,2.547,1.5907,0.028,0.0079,18.7877,True
1790477060.1743,275.5525,4.9646,2.5489,1.5913,0.028,0.0074,18.7897,True
1790477060.2228,275.601,4.9646,2.5499,1.5915,0.028,0.0068,18.7906,True
1790477060.2727,275.6509,4.9646,2.5518,1.592,0.028,0.0068,18.7925,True
1790477060.3243,275.7026,4.9646,2.5528,1.5923,0.028,0.0064,18.7935,True
1790477060.3727,275.7509,4.9645,2.5547,1.5927,0.028,0.0059,18.7954,True
1790477060.4227,275.8009,4.9645,2.5556,1.5929,0.028,0.0052,18.7963,True
1790477060.4726,275.8509,4.9645,2.5575,1.5933,0.028,0.0047,18.7982,True
1790477060.5227,275.9009,4.9644,2.5585,1.5935,0.028,0.0044,18.7992,True
1790477060.5727,275.9509,4.9644,2.5604,1.5938,0.028,0.0044,18.8011,True
1790477060.6227,276.0009,4.9644,2.5613,1.594,0.028,0.0037,18.802,True
1790477060.6726,276.0509,4.9643,2.5632,1.5943,0.028,0.0034,18.8039,True
1790477060.7244,276.1026,4.9643,2.5642,1.5944,0.028,0.0034,18.8049,True
1790477060.7727,276.1509,4.9643,2.5651,1.5945,0.028,0.0032,18.8059,True
1790477060.8227,276.2009,4.9642,2.567,1.5948,0.028,0.0028,18.8078,True
1790477060.8727,276.2509,4.9642,2.568,1.5949,0.028,0.0025,18.8087,True
1790477060.9228,276.301,4.9642,2.5699,1.5951,0.028,0.0025,18.8106,True
1790477060.9762,276.3545,4.9641,2.5709,1.5952,0.028,0.0023,18.8116,True
1790477061.0227,276.4009,4.9641,2.5728,1.5953,0.028,0.002,18.8135,True
1790477061.0727,276.4509,4.9641,2.5737,1.5954,0.028,0.002,18.8144,True
1790477061.1231,276.5013,4.964,2.5756,1.5956,0.028,0.0018,18.8163,True
1790477061.1727,276.5509,4.964,2.5766,1.5956,0.028,0.0017,18.8173,True
1790477061.2226,276.6009,4.964,2.5785,1.5958,0.028,0.0014,18.8192,True
1790477061.2727,276.6509,4.9639,2.5794,1.5958,0.028,0.0014,18.8201,True
1790477061.3227,276.7009,4.9639,2.5813,1.5959,0.028,0.0012,18.822,True
1790477061.3727,276.7509,4.9639,2.5823,1.596,0.028,0.0011,18.823,True
1790477061.4226,276.8009,4.9638,2.5842,1.5961,0.028,0.001,18.8249,True
1790477061.4727,276.851,4.9638,2.5851,1.5961,0.028,0.0009,18.8259,True
1790477061.5229,276.9011,4.9637,2.587,1.5962,0.028,0.0008,18.8278,True
1790477061.5728,276.951,4.9637,2.588,1.5963,0.028,0.0007,18.8287,True
1790477061.6228,277.001,4.9637,2.5889,1.5963,0.028,0.0007,18.8297,True
1790477061.6727,277.0509,4.9636,2.5909,1.5964,0.028,0.0006,18.8316,True
1790477061.7269,277.1052,4.9636,2.5918,1.5964,0.028,0.0005,18.8325,True
1790477061.7727,277.1509,4.9636,2.5937,1.5965,0.028,0.0005,18.8344,True
1790477061.8242,277.2024,4.9635,2.5947,1.5965,0.028,0.0004,18.8354,True
1790477061.8727,277.2509,4.9635,2.5966,1.5965,0.028,0.0004,18.8373,True
1790477061.9227,277.3009,4.9635,2.5975,1.5966,0.028,0.0003,18.8382,True
1790477061.9727,277.3509,4.9634,2.5994,1.5966,0.028,0.0003,18.8402,True
1790477062.0228,277.401,4.9634,2.6004,1.5966,0.028,0.0002,18.8411,True
1790477062.0727,277.4509,4.9633,2.6023,1.5967,0.028,0.0002,18.843,True
1790477062.1227,277.501,4.9633,2.6032,1.5967,0.0816,-0.1444,18.844,True
1790477062.1727,277.5509,4.9632,2.6062,1.5974,0.083,-0.1196,18.8469,True
1790477062.2227,277.6009,4.9632,2.6088,1.5937,0.0846,-0.093,18.8495,True
1790477062.2727,277.651,4.9631,2.6145,1.5866,0.0846,-0.093,18.8552,True
1790477062.3227,277.7009,4.963,2.6174,1.5835,0.0861,-0.0678,18.8581,True
1790477062.3727,277.7509,4.963,2.6203,1.5812,0.0874,-0.0447,18.861,True
1790477062.4234,277.8016,4.963,2.6243,1.5736,0.0874,-0.0447,18.8651,True
1790477062.4731,277.8513,4.963,2.6273,1.572,0.0896,-0.0073,18.868,True
1790477062.5248,277.903,4.963,2.6334,1.571,0.0896,0.0073,18.8741,True
1790477062.5727,277.9509,4.963,2.6364,1.5707,0.0896,0.0073,18.8771,True
1790477062.6226,278.0009,4.963,2.6425,1.5716,0.0883,0.029,18.8832,True
1790477062.6727,278.0509,4.963,2.6455,1.5723,0.0879,0.0366,18.8862,True
1790477062.7241,278.1023,4.9629,2.6515,1.5745,0.0879,0.0366,18.8922,True
1790477062.7727,278.1509,4.9629,2.6545,1.5757,0.0873,0.0465,18.8952,True
1790477062.824,278.2022,4.9629,2.6604,1.5787,0.0873,0.0465,18.9012,True
1790477062.8726,278.2509,4.9629,2.6634,1.5803,0.087,0.0514,18.9041,True
1790477062.9227,278.3009,4.9628,2.6693,1.5837,0.087,0.0523,18.9101,True
1790477062.9727,278.351,4.9628,2.6723,1.5854,0.087,0.0523,18.913,True
1790477063.0227,278.4009,4.9627,2.6782,1.589,0.0869,0.0526,18.9189,True
1790477063.0728,278.451,4.9626,2.6812,1.5908,0.0869,0.0526,18.9219,True
1790477063.1261,278.5043,4.9625,2.6841,1.5925,0.087,0.0521,18.9249,True
1790477063.1727,278.5509,4.9624,2.69,1.596,0.087,0.0515,18.9308,True
1790477063.2261,278.6043,4.9623,2.693,1.5978,0.0871,0.0496,18.9337,True
1790477063.2727,278.6509,4.9622,2.6989,1.6012,0.0872,0.0478,18.9397,True
1790477063.3227,278.701,4.9621,2.7019,1.6029,0.0873,0.046,18.9426,True
1790477063.3727,278.7509,4.9619,2.7078,1.606,0.0874,0.0442,18.9486,True
1790477063.4227,278.8009,4.9618,2.7108,1.6076,0.0875,0.0424,18.9515,True
1790477063.4727,278.851,4.9615,2.7167,1.6105,0.0876,0.0406,18.9575,True
1790477063.5227,278.9009,4.9614,2.7197,1.6119,0.0878,0.0385,18.9605,True
1790477063.5727,278.9509,4.9612,2.7257,1.6146,0.0879,0.0361,18.9664,True
1790477063.6227,279.0009,4.961,2.7287,1.6159,0.088,0.0337,18.9694,True
1790477063.6726,279.0509,4.9607,2.7347,1.6183,0.0882,0.0314,18.9754,True
1790477063.7227,279.101,4.9606,2.7376,1.6194,0.0882,0.0314,18.9784,True
1790477063.7727,279.151,4.9603,2.7436,1.6215,0.0884,0.0273,18.9844,True
1790477063.8227,279.2009,4.9601,2.7466,1.6225,0.0885,0.0253,18.9874,True
1790477063.8727,279.2509,4.9598,2.7527,1.6243,0.0886,0.0234,18.9934,True
1790477063.9227,279.3009,4.9597,2.7557,1.6251,0.0886,0.0234,18.9965,True
1790477063.973,279.3512,4.9595,2.7587,1.626,0.0888,0.02,18.9995,True
1790477064.0227,279.4009,4.9592,2.7647,1.6274,0.0889,0.0184,19.0055,True
1790477064.0728,279.451,4.959,2.7677,1.6281,0.089,0.017,19.0085,True
1790477064.1227,279.5009,4.9586,2.7738,1.6293,0.0891,0.0159,19.0146,True
1790477064.1727,279.5509,4.9585,2.7768,1.6299,0.0892,0.0144,19.0176,True
1790477064.2226,279.6008,4.9581,2.7828,1.631,0.0893,0.0128,19.0237,True
1790477064.2727,279.6509,4.9579,2.7859,1.6315,0.0893,0.0113,19.0267,True
1790477064.3227,279.7009,4.9576,2.7919,1.6323,0.0894,0.01,19.0328,True
1790477064.3731,279.7513,4.9574,2.795,1.6327,0.0895,0.0087,19.0358,True
1790477064.4226,279.8009,4.957,2.801,1.6334,0.0896,0.0074,19.0419,True
1790477064.4727,279.8509,4.9568,2.8041,1.6337,0.0896,0.0062,19.045,True
1790477064.5227,279.901,4.9564,2.8102,1.6342,0.0897,0.0051,19.0511,True
1790477064.5727,279.9509,4.9562,2.8132,1.6344,0.0898,0.004,19.0541,True
1790477064.6227,280.0009,4.9558,2.8193,1.6347,0.0898,0.003,19.0602,True
1790477064.6727,280.0509,4.9556,2.8223,1.6349,0.0899,0.002,19.0633,True
1790477064.7226,280.1009,4.9554,2.8254,1.635,0.0899,0.0011,19.0663,True
1790477064.7727,280.1509,4.955,2.8315,1.6351,0.09,0.0001,19.0724,True
1790477064.8227,280.2009,4.9548,2.8345,1.6352,0.0899,-0.001,19.0755,True
1790477064.8727,280.251,4.9545,2.8407,1.6352,0.0899,-0.0021,19.0816,True
1790477064.9227,280.3009,4.9543,2.8437,1.6352,0.0898,-0.0031,19.0847,True
1790477064.9737,280.3519,4.9539,2.8498,1.6351,0.0898,-0.0031,19.0908,True
1790477065.0226,280.4008,4.9537,2.8529,1.635,0.0897,-0.0048,19.0938,True
1790477065.0726,280.4509,4.9533,2.8589,1.6347,0.0897,-0.0055,19.0999,True
1790477065.1227,280.5009,4.9531,2.862,1.6346,0.0897,-0.006,19.103,True
1790477065.1741,280.5523,4.9527,2.8681,1.6342,0.0897,-0.006,19.1091,True
1790477065.2227,280.6009,4.9525,2.8711,1.6341,0.0896,-0.0068,19.1121,True
1790477065.2727,280.6509,4.9521,2.8772,1.6337,0.0896,-0.0074,19.1182,True
1790477065.3227,280.7009,4.9519,2.8802,1.6334,0.0895,-0.0079,19.1213,True
1790477065.3727,280.7509,4.9515,2.8863,1.633,0.0895,-0.0083,19.1274,True
1790477065.4227,280.8009,4.9514,2.8894,1.6327,0.0895,-0.0086,19.1304,True
1790477065.4727,280.8509,4.951,2.8954,1.6322,0.0895,-0.0089,19.1365,True
1790477065.5227,280.9009,4.9508,2.8985,1.6319,0.0895,-0.0091,19.1395,True
1790477065.5727,280.9509,4.9506,2.9015,1.6316,0.0895,-0.0093,19.1426,True
1790477065.6227,281.0009,4.9502,2.9076,1.631,0.0895,-0.0094,19.1487,True
1790477065.6727,281.0509,4.9501,2.9106,1.6307,0.0894,-0.0095,19.1517,True
1790477065.7227,281.101,4.9497,2.9167,1.6301,0.0894,-0.0096,19.1578,True
1790477065.7727,281.1509,4.9495,2.9197,1.6298,0.0894,-0.0096,19.1608,True
1790477065.8227,281.2009,4.9492,2.9258,1.6292,0.0894,-0.0097,19.1669,True
1790477065.8726,281.2508,4.949,2.9288,1.6289,0.0894,-0.0097,19.17,True
1790477065.9227,281.3009,4.9486,2.9349,1.6283,0.0894,-0.0097,19.176,True
1790477065.9727,281.3509,4.9485,2.9379,1.628,0.0894,-0.0097,19.1791,True
1790477066.0227,281.4009,4.9481,2.944,1.6274,0.0894,-0.0098,19.1852,True
1790477066.0727,281.4509,4.9479,2.9471,1.6271,0.0894,-0.0098,19.1882,True
1790477066.1227,281.5009,4.9476,2.9531,1.6265,0.0894,-0.0099,19.1943,True
1790477066.1727,281.5509,4.9474,2.9562,1.6261,0.0893,-0.0122,19.1973,True
1790477066.2227,281.6009,4.9471,2.9622,1.6254,0.0892,-0.0131,19.2034,True
1790477066.2726,281.6509,4.9469,2.9653,1.625,0.0892,-0.0131,19.2064,True
1790477066.3226,281.7008,4.9466,2.9713,1.6242,0.0893,-0.0129,19.2125,True
1790477066.3728,281.7511,4.9464,2.9743,1.6238,0.0893,-0.0125,19.2155,True
1790477066.4227,281.8009,4.9463,2.9774,1.6233,0.0893,-0.0121,19.2186,True
1790477066.4727,281.8509,4.946,2.9834,1.6226,0.0893,-0.0118,19.2246,True
1790477066.5226,281.9009,4.9458,2.9865,1.6222,0.0893,-0.0115,19.2277,True
1790477066.5728,281.951,4.9455,2.9925,1.6214,0.028,0.0007,19.2338,True
1790477066.6226,282.0009,4.9453,2.9956,1.621,0.028,0.0014,19.2368,True
1790477066.6727,282.0509,4.9452,2.9984,1.6193,0.028,0.0036,19.2396,True
1790477066.7228,282.101,4.9452,2.9994,1.6195,0.028,0.0034,19.2406,True
1790477066.7728,282.1511,4.9451,3.0013,1.6197,0.028,0.0031,19.2425,True
1790477066.8227,282.2009,4.945,3.0022,1.6199,0.028,0.0029,19.2435,True
1790477066.8728,282.251,4.9449,3.0041,1.6201,0.028,0.0026,19.2454,True
1790477066.9228,282.301,4.9449,3.0051,1.6202,0.028,0.0024,19.2463,True
1790477066.9726,282.3509,4.9448,3.007,1.6204,0.028,0.0022,19.2482,True
1790477067.0227,282.4009,4.9447,3.0079,1.6205,0.028,0.002,19.2492,True
1790477067.0726,282.4509,4.9446,3.0098,1.6207,0.028,0.0019,19.2511,True
1790477067.1228,282.501,4.9446,3.0108,1.6208,0.028,0.0017,19.252,True
1790477067.1728,282.551,4.9445,3.0117,1.6209,0.028,0.0015,19.253,True
1790477067.2227,282.6009,4.9445,3.0136,1.621,0.028,0.0014,19.2549,True
1790477067.2727,282.6509,4.9444,3.0146,1.6211,0.028,0.0013,19.2558,True
1790477067.3228,282.701,4.9443,3.0165,1.6212,0.028,0.0011,19.2578,True
1790477067.3751,282.7533,4.9443,3.0175,1.6213,0.028,0.001,19.2587,True
1790477067.4228,282.801,4.9442,3.0194,1.6214,0.028,0.0009,19.2606,True
1790477067.4728,282.851,4.9441,3.0203,1.6214,0.028,0.0008,19.2616,True
1790477067.5227,282.901,4.944,3.0222,1.6215,0.028,0.0007,19.2635,True
1790477067.5763,282.9546,4.944,3.0232,1.6216,0.028,0.0006,19.2644,True
1790477067.6227,283.0009,4.9439,3.0251,1.6216,0.028,0.0006,19.2663,True
1790477067.6728,283.051,4.9438,3.026,1.6217,0.028,0.0005,19.2673,True
1790477067.7227,283.1009,4.9437,3.0279,1.6218,0.028,0.0004,19.2692,True
1790477067.7727,283.1509,4.9437,3.0289,1.6218,0.028,0.0004,19.2701,True
1790477067.8227,283.2009,4.9436,3.0308,1.6218,0.028,0.0003,19.272,True
1790477067.8727,283.2509,4.9435,3.0317,1.6219,0.028,0.0002,19.273,True
1790477067.9227,283.3009,4.9434,3.0336,1.6219,0.028,0.0002,19.2749,True
1790477067.9756,283.3538,4.9434,3.0346,1.622,0.028,0.0001,19.2759,True
1790477068.0227,283.401,4.9433,3.0355,1.622,0.028,0.0001,19.2768,True
1790477068.0727,283.4509,4.9432,3.0374,1.622,0.028,0.0,19.2787,True
1790477068.1228,283.501,4.9432,3.0384,1.622,0.028,0.0,19.2797,True
1790477068.1728,283.551,4.9431,3.0403,1.6221,0.028,-0.0,19.2816,True
1790477068.2227,283.6009,4.943,3.0412,1.6221,0.028,-0.0001,19.2825,True
1790477068.2728,283.651,4.943,3.0431,1.6221,0.028,-0.0001,19.2844,True
1790477068.3228,283.701,4.9429,3.0441,1.6221,0.028,-0.0001,19.2854,True
1790477068.3752,283.7534,4.9428,3.046,1.6222,0.028,-0.0002,19.2873,True
1790477068.4227,283.8009,4.9428,3.047,1.6222,0.028,-0.0002,19.2882,True
1790477068.4728,283.851,4.9427,3.0489,1.6222,0.028,-0.0002,19.2901,True
1790477068.5228,283.901,4.9426,3.0498,1.6222,0.028,-0.0002,19.2911,True
1790477068.5727,283.951,4.9425,3.0517,1.6222,0.028,-0.0003,19.293,True
1790477068.6227,284.001,4.9425,3.0527,1.6223,0.028,-0.0003,19.294,True
1790477068.6726,284.0509,4.9424,3.0546,1.6223,0.028,-0.0003,19.2959,True
1790477068.7227,284.1009,4.9423,3.0555,1.6223,0.028,-0.0003,19.2968,True
1790477068.7729,284.1511,4.9423,3.0565,1.6223,0.028,-0.0003,19.2978,True
1790477068.8227,284.2009,4.9422,3.0584,1.6223,0.028,-0.0003,19.2997,True
1790477068.8729,284.2511,4.9421,3.0593,1.6223,0.028,-0.0004,19.3006,True
1790477068.9227,284.301,4.942,3.0612,1.6223,0.028,-0.0004,19.3025,True
1790477068.974,284.3522,4.942,3.0622,1.6223,0.028,-0.0004,19.3035,True
1790477069.0227,284.4009,4.9419,3.0641,1.6223,0.028,-0.0004,19.3054,True
1790477069.0728,284.451,4.9418,3.065,1.6224,0.028,-0.0004,19.3063,True
1790477069.1228,284.501,4.9417,3.0669,1.6224,0.028,-0.0004,19.3082,True
1790477069.1736,284.5518,4.9417,3.0679,1.6224,0.028,-0.0004,19.3092,True
1790477069.2227,284.6009,4.9416,3.0698,1.6224,0.028,-0.0004,19.3111,True
1790477069.2731,284.6513,4.9415,3.0707,1.6224,0.028,-0.0004,19.3121,True
1790477069.3228,284.7011,4.9414,3.0726,1.6224,0.028,-0.0004,19.314,True
1790477069.3728,284.751,4.9414,3.0736,1.6224,0.028,-0.0004,19.3149,True
1790477069.4226,284.8009,4.9413,3.0755,1.6224,0.028,-0.0005,19.3168,True
1790477069.4728,284.851,4.9412,3.0764,1.6224,0.028,-0.0005,19.3178,True
1790477069.523,284.9012,4.9411,3.0784,1.6224,0.028,-0.0005,19.3197,True
1790477069.5728,284.951,4.9411,3.0793,1.6224,0.028,-0.1147,19.3206,True
1790477069.6227,285.0009,4.941,3.0803,1.6224,0.028,-0.1147,19.3216,True
1790477069.6727,285.0509,4.9409,3.0821,1.6149,0.028,-0.1079,19.3235,True
1790477069.7227,285.101,4.9409,3.0831,1.6111,0.028,-0.0992,19.3244,True
1790477069.7728,285.151,4.9408,3.085,1.6042,0.028,-0.0938,19.3263,True
1790477069.8226,285.2008,4.9408,3.0859,1.6008,0.028,-0.0875,19.3273,True
1790477069.8728,285.251,4.9408,3.0878,1.5948,0.028,-0.0815,19.3291,True
1790477069.9227,285.3009,4.9407,3.0888,1.5921,0.028,-0.0761,19.3301,True
1790477069.9753,285.3535,4.9407,3.0907,1.5868,0.028,-0.0709,19.332,True
1790477070.0227,285.4009,4.9407,3.0916,1.5844,0.028,-0.0662,19.3329,True
1790477070.0728,285.451,4.9407,3.0935,1.5798,0.028,-0.0609,19.3348,True
1790477070.1228,285.501,4.9407,3.0944,1.5778,0.028,-0.0577,19.3358,True
1790477070.1728,285.551,4.9406,3.0963,1.5738,0.028,-0.0538,19.3377,True
1790477070.2228,285.601,4.9406,3.0973,1.572,0.028,-0.0502,19.3386,True
1790477070.2727,285.6509,4.9406,3.0992,1.5685,0.028,-0.0468,19.3405,True
1790477070.3228,285.701,4.9406,3.1001,1.567,0.028,-0.0437,19.3415,True
1790477070.3727,285.751,4.9407,3.1021,1.564,0.028,-0.0407,19.3434,True
1790477070.4227,285.801,4.9407,3.103,1.5626,0.028,-0.038,19.3443,True
1790477070.4729,285.8511,4.9407,3.104,1.5612,0.028,-0.0354,19.3453,True
1790477070.5228,285.901,4.9407,3.1059,1.5588,0.028,-0.033,19.3472,True
1790477070.5728,285.951,4.9407,3.1068,1.5577,0.028,-0.0308,19.3481,True
1790477070.6227,286.0009,4.9407,3.1087,1.5556,0.028,-0.0288,19.35,True
1790477070.6728,286.051,4.9407,3.1097,1.5546,0.028,-0.0269,19.351,True
1790477070.7227,286.1009,4.9408,3.1116,1.5527,0.028,-0.0251,19.3529,True
1790477070.7731,286.1513,4.9408,3.1125,1.5519,0.028,-0.0234,19.3539,True
1790477070.8227,286.2009,4.9408,3.1144,1.5503,0.028,-0.0218,19.3558,True
1790477070.873,286.2512,4.9409,3.1154,1.5496,0.028,-0.0204,19.3567,True
1790477070.9227,286.3009,4.9409,3.1173,1.5482,0.028,-0.019,19.3586,True
1790477070.9727,286.351,4.9409,3.1182,1.5475,0.028,-0.0178,19.3596,True
1790477071.0227,286.401,4.941,3.1201,1.5463,0.028,-0.0166,19.3615,True
1790477071.0727,286.4509,4.941,3.1211,1.5457,0.03,-0.0155,19.3624,True
1790477071.1227,286.501,4.941,3.123,1.5447,0.03,-0.0144,19.3644,True
1790477071.1727,286.5509,4.9411,3.1241,1.5442,0.03,-0.0135,19.3654,True
1790477071.2227,286.6009,4.9411,3.1251,1.5437,0.03,-0.0125,19.3664,True
1790477071.2729,286.6511,4.9412,3.1271,1.5429,0.03,-0.0117,19.3685,True
1790477071.3227,286.701,4.9412,3.1281,1.5425,0.03,-0.011,19.3695,True
1790477071.3735,286.7517,4.9412,3.1302,1.5417,0.03,-0.0102,19.3715,True
1790477071.4227,286.8009,4.9413,3.1312,1.5414,0.03,-0.0096,19.3725,True
1790477071.4727,286.8509,4.9413,3.1332,1.5407,0.03,-0.0089,19.3746,True
1790477071.5227,286.9009,4.9414,3.1343,1.5404,0.03,-0.0084,19.3756,True
1790477071.5728,286.951,4.9414,3.1363,1.5399,0.03,-0.0078,19.3776,True
1790477071.6227,287.0009,4.9415,3.1373,1.5396,0.03,-0.0073,19.3787,True
1790477071.6728,287.051,4.9415,3.1394,1.5391,0.03,-0.0068,19.3807,True
1790477071.7228,287.101,4.9415,3.1404,1.5389,0.03,-0.0064,19.3817,True
1790477071.7728,287.151,4.9416,3.1424,1.5385,0.03,-0.0059,19.3838,True
1790477071.8227,287.201,4.9416,3.1434,1.5383,0.03,-0.0056,19.3848,True
1790477071.8728,287.2511,4.9417,3.1455,1.5379,0.03,-0.0052,19.3868,True
1790477071.9227,287.3009,4.9417,3.1465,1.5377,0.03,-0.0048,19.3878,True
1790477071.9728,287.351,4.9418,3.1485,1.5374,0.03,-0.0045,19.3899,True
1790477072.0227,287.401,4.9419,3.1496,1.5373,0.03,-0.0043,19.3909,True
1790477072.0727,287.451,4.9419,3.1506,1.5371,0.03,-0.004,19.3919,True
1790477072.1228,287.501,4.942,3.1526,1.5368,0.03,-0.0037,19.394,True
1790477072.1727,287.551,4.942,3.1536,1.5367,0.03,-0.0035,19.395,True
1790477072.2227,287.601,4.9421,3.1557,1.5365,0.03,-0.0033,19.397,True
1790477072.2727,287.6509,4.9421,3.1567,1.5364,0.03,-0.0031,19.3981,True
1790477072.3228,287.701,4.9422,3.1587,1.5362,0.03,-0.0029,19.4001,True
1790477072.3727,287.7509,4.9422,3.1598,1.5361,0.03,-0.0027,19.4011,True
1790477072.4227,287.8009,4.9423,3.1618,1.5359,0.03,-0.0025,19.4032,True
1790477072.4728,287.851,4.9423,3.1628,1.5358,0.03,-0.0024,19.4042,True
1790477072.5226,287.9009,4.9424,3.1649,1.5357,0.03,-0.0022,19.4062,True
1790477072.5731,287.9514,4.9424,3.1659,1.5356,0.03,-0.0021,19.4072,True
1790477072.6227,288.0009,4.9425,3.1679,1.5355,0.03,-0.002,19.4093,True
1790477072.673,288.0513,4.9425,3.1689,1.5354,0.03,-0.0018,19.4103,True
1790477072.7227,288.1009,4.9426,3.171,1.5353,0.03,-0.0017,19.4123,True
1790477072.7727,288.1509,4.9426,3.172,1.5353,0.03,-0.0016,19.4134,True
1790477072.8269,288.2051,4.9427,3.173,1.5352,0.03,-0.0015,19.4144,True
1790477072.8726,288.2509,4.9427,3.175,1.5351,0.03,-0.0014,19.4164,True
1790477072.9227,288.3009,4.9428,3.1761,1.5351,0.03,-0.0013,19.4174,True
1790477072.9727,288.351,4.9428,3.1781,1.535,0.03,-0.0013,19.4195,True
1790477073.0227,288.4009,4.9429,3.1791,1.535,0.03,-0.0012,19.4205,True
1790477073.0735,288.4517,4.943,3.1812,1.5349,0.03,-0.0011,19.4225,True
1790477073.1227,288.501,4.943,3.1822,1.5349,0.03,-0.0011,19.4236,True
1790477073.1727,288.551,4.9431,3.1842,1.5348,0.03,-0.001,19.4256,True
1790477073.2227,288.6009,4.9431,3.1852,1.5348,0.03,-0.001,19.4266,True
1790477073.273,288.6512,4.9432,3.1873,1.5347,0.03,-0.0009,19.4287,True
1790477073.3228,288.701,4.9432,3.1883,1.5347,0.03,-0.0009,19.4297,True
1790477073.3727,288.7509,4.9433,3.1903,1.5346,0.03,-0.0008,19.4317,True
1790477073.4227,288.801,4.9433,3.1914,1.5346,0.03,-0.0008,19.4327,True
1790477073.4728,288.851,4.9434,3.1934,1.5346,0.03,-0.0007,19.4348,True
1790477073.5228,288.901,4.9434,3.1944,1.5346,0.03,-0.0007,19.4358,True
1790477073.5727,288.9509,4.9435,3.1954,1.5345,0.03,-0.0007,19.4368,True
1790477073.6227,289.0009,4.9435,3.1975,1.5345,0.03,-0.0006,19.4389,True
1790477073.6729,289.0512,4.9436,3.1995,1.5345,0.03,-0.0006,19.4409,True
1790477073.7227,289.101,4.9437,3.2005,1.5345,0.03,-0.0006,19.4419,True
1790477073.7727,289.1509,4.9437,3.2016,1.5345,0.03,-0.0005,19.443,True
1790477073.8227,289.2009,4.9438,3.2036,1.5344,0.03,-0.0005,19.445,True
1790477073.8727,289.251,4.9438,3.2046,1.5344,0.03,-0.0005,19.446,True
1790477073.9227,289.3009,4.9439,3.2067,1.5344,0.03,-0.0005,19.4481,True
1790477073.9727,289.3509,4.9439,3.2077,1.5344,0.03,-0.0005,19.4491,True
1790477074.0227,289.4009,4.944,3.2097,1.5344,0.03,-0.0004,19.4511,True
1790477074.0731,289.4513,4.944,3.2107,1.5344,0.03,-0.0004,19.4521,True
1790477074.1227,289.5009,4.9441,3.2128,1.5343,0.03,-0.0004,19.4542,True
1790477074.1727,289.5509,4.9441,3.2138,1.5343,0.03,-0.0004,19.4552,True
1790477074.2227,289.6009,4.9442,3.2158,1.5343,0.03,-0.0004,19.4572,True
1790477074.2727,289.6509,4.9443,3.2169,1.5343,0.03,-0.0004,19.4583,True
1790477074.3233,289.7015,4.9443,3.2179,1.5343,0.03,-0.0004,19.4593,True
1790477074.3728,289.751,4.9444,3.2199,1.5343,0.03,-0.0003,19.4613,True
1790477074.4242,289.8025,4.9444,3.2209,1.5343,0.03,-0.0003,19.4623,True
1790477074.4727,289.8509,4.9445,3.223,1.5343,0.03,-0.0003,19.4644,True
1790477074.5228,289.901,4.9445,3.224,1.5343,0.03,-0.0003,19.4654,True
1790477074.5727,289.9509,4.9446,3.226,1.5343,0.03,-0.0003,19.4674,True
1790477074.625,290.0032,4.9446,3.2271,1.5343,0.03,-0.0003,19.4685,True
1790477074.6728,290.051,4.9447,3.2291,1.5343,0.03,-0.0003,19.4705,True
1790477074.7228,290.101,4.9447,3.2301,1.5343,0.03,-0.0003,19.4715,True
1790477074.7727,290.1509,4.9448,3.2322,1.5342,0.03,-0.0003,19.4736,True
1790477074.8254,290.2036,4.9448,3.2332,1.5342,0.03,-0.0003,19.4746,True
1790477074.8727,290.2509,4.9449,3.2352,1.5342,0.03,-0.0003,19.4766,True
1790477074.9228,290.301,4.945,3.2362,1.5342,0.03,-0.0003,19.4777,True
1790477074.9727,290.3509,4.945,3.2383,1.5342,0.03,-0.0003,19.4797,True
1790477075.0243,290.4025,4.9451,3.2393,1.5342,0.03,-0.0003,19.4807,True
1790477075.0727,290.4509,4.9451,3.2413,1.5342,0.03,-0.0003,19.4828,True
1790477075.1229,290.5011,4.9452,3.2424,1.5342,0.03,-0.0002,19.4838,True
1790477075.1729,290.5511,4.9453,3.2444,1.5342,0.03,-0.0002,19.4858,True
1790477075.2227,290.601,4.9453,3.2454,1.5342,0.03,-0.0002,19.4868,True
1790477075.2727,290.6509,4.9453,3.2464,1.5342,0.03,-0.0002,19.4879,True
1790477075.3229,290.7011,4.9454,3.2485,1.5342,0.03,-0.0002,19.4899,True
1790477075.3727,290.751,4.9454,3.2495,1.5342,0.03,-0.0002,19.4909,True
1790477075.425,290.8032,4.9455,3.2515,1.5342,0.03,-0.0002,19.493,True
1790477075.4728,290.851,4.9456,3.2526,1.5342,0.03,-0.0002,19.494,True
1790477075.5228,290.9011,4.9456,3.2546,1.5342,0.03,-0.0002,19.496,True
1790477075.5727,290.9509,4.9457,3.2556,1.5342,0.03,-0.0002,19.497,True
1790477075.6259,291.0041,4.9457,3.2577,1.5342,0.03,-0.0002,19.4991,True
1790477075.6727,291.0509,4.9458,3.2587,1.5342,0.03,-0.0002,19.5001,True
1790477075.7229,291.1011,4.9459,3.2607,1.5342,0.03,-0.0002,19.5021,True
1790477075.7727,291.1509,4.9459,3.2617,1.5342,0.03,-0.0002,19.5032,True
1790477075.8227,291.2009,4.946,3.2638,1.5342,0.03,-0.0002,19.5052,True
1790477075.8727,291.2509,4.946,3.2648,1.5342,0.03,-0.0002,19.5062,True
1790477075.9228,291.301,4.9461,3.2668,1.5342,0.03,-0.0002,19.5083,True
1790477075.9727,291.3509,4.9461,3.2679,1.5342,0.03,-0.0002,19.5093,True
1790477076.0227,291.401,4.9462,3.2689,1.5342,0.03,-0.0002,19.5103,True
1790477076.0727,291.4509,4.9462,3.2709,1.5342,0.03,-0.0002,19.5124,True
1790477076.1227,291.5009,4.9463,3.2719,1.5342,0.03,-0.0002,19.5134,True
1790477076.1727,291.5509,4.9463,3.274,1.5342,0.03,-0.0002,19.5154,True
1790477076.2227,291.6009,4.9464,3.275,1.5342,0.03,-0.0002,19.5164,True
1790477076.2726,291.6509,4.9465,3.277,1.5342,0.03,-0.0002,19.5185,True
1790477076.3228,291.701,4.9465,3.2781,1.5342,0.03,-0.0002,19.5195,True
1790477076.3726,291.7509,4.9466,3.2801,1.5342,0.03,-0.0002,19.5215,True
1790477076.4227,291.801,4.9466,3.2811,1.5342,0.03,-0.0002,19.5226,True
1790477076.4727,291.8509,4.9467,3.2832,1.5342,0.03,-0.0002,19.5246,True
1790477076.5227,291.9009,4.9467,3.2842,1.5342,0.03,-0.0002,19.5256,True
1790477076.5726,291.9509,4.9468,3.2862,1.5342,0.03,-0.0002,19.5277,True
1790477076.6227,292.0009,4.9468,3.2872,1.5342,0.03,-0.0002,19.5287,True
1790477076.6727,292.0509,4.9469,3.2893,1.5342,0.03,-0.0002,19.5307,True
1790477076.7228,292.101,4.9469,3.2903,1.5342,0.03,-0.0002,19.5317,True
1790477076.7726,292.1508,4.947,3.2923,1.5342,0.03,-0.0002,19.5338,True
1790477076.8227,292.2009,4.9471,3.2934,1.5342,0.03,-0.0002,19.5348,True
1790477076.8726,292.2509,4.9471,3.2944,1.5342,0.03,-0.0002,19.5358,True
1790477076.9227,292.3009,4.9472,3.2964,1.5342,0.03,-0.0002,19.5379,True
1790477076.9727,292.3509,4.9472,3.2974,1.5342,0.03,-0.0002,19.5389,True
1790477077.0227,292.4009,4.9473,3.2995,1.5342,0.03,-0.0002,19.5409,True
1790477077.0726,292.4509,4.9473,3.3005,1.5342,0.03,-0.0002,19.5419,True
1790477077.1227,292.5009,4.9474,3.3025,1.5342,0.03,-0.0002,19.544,True
1790477077.1726,292.5509,4.9474,3.3036,1.5342,0.03,-0.0002,19.545,True
1790477077.2227,292.6009,4.9475,3.3056,1.5342,0.03,-0.0002,19.547,True
1790477077.2726,292.6509,4.9475,3.3066,1.5342,0.03,-0.0002,19.5481,True
1790477077.3227,292.701,4.9476,3.3087,1.5342,0.03,-0.0002,19.5501,True
1790477077.373,292.7512,4.9477,3.3097,1.5342,0.03,-0.0002,19.5511,True
1790477077.4226,292.8009,4.9477,3.3117,1.5342,0.03,-0.0002,19.5532,True
1790477077.4728,292.851,4.9478,3.3127,1.5342,0.03,-0.0002,19.5542,True
1790477077.5226,292.9009,4.9478,3.3148,1.5342,0.03,-0.0002,19.5562,True
1790477077.5728,292.951,4.9479,3.3158,1.5342,0.03,-0.0002,19.5573,True
1790477077.623,293.0012,4.9479,3.3178,1.5342,0.03,-0.0002,19.5593,True
1790477077.6728,293.0511,4.948,3.3188,1.5342,0.03,-0.0002,19.5603,True
1790477077.7227,293.1009,4.948,3.3199,1.5342,0.03,-0.0002,19.5613,True
1790477077.7728,293.1511,4.9481,3.3219,1.5342,0.03,-0.0002,19.5634,True
1790477077.8229,293.2011,4.9481,3.3229,1.5342,0.03,-0.0002,19.5644,True
1790477077.8727,293.2509,4.9482,3.325,1.5342,0.03,-0.0002,19.5664,True
1790477077.9228,293.301,4.9482,3.326,1.5342,0.03,-0.0002,19.5675,True
1790477077.9766,293.3549,4.9483,3.328,1.5342,0.03,-0.0002,19.5695,True
1790477078.0228,293.401,4.9484,3.329,1.5342,0.03,-0.0002,19.5705,True
1790477078.0727,293.451,4.9484,3.3311,1.5342,0.03,-0.0002,19.5726,True
1790477078.1228,293.501,4.9485,3.3321,1.5342,0.03,-0.0002,19.5736,True
1790477078.1728,293.551,4.9485,3.3341,1.5342,0.03,-0.0002,19.5756,True
1790477078.2228,293.601,4.9486,3.3352,1.5342,0.03,-0.0002,19.5766,True
1790477078.2727,293.6509,4.9487,3.3372,1.5342,0.03,-0.0002,19.5787,True
1790477078.3227,293.7009,4.9487,3.3382,1.5342,0.03,-0.0002,19.5797,True
1790477078.3727,293.7509,4.9488,3.3403,1.5342,0.03,-0.0002,19.5817,True
1790477078.4228,293.801,4.9488,3.3413,1.5342,0.03,-0.0002,19.5828,True
1790477078.4728,293.851,4.9488,3.3423,1.5342,0.03,-0.0002,19.5838,True
1790477078.5227,293.9009,4.9489,3.3443,1.5342,0.03,-0.0002,19.5858,True
1790477078.5727,293.9509,4.949,3.3454,1.5342,0.03,-0.0002,19.5869,True
1790477078.6226,294.0008,4.949,3.3474,1.5342,0.03,-0.0002,19.5889,True
1790477078.6727,294.0509,4.9491,3.3484,1.5342,0.03,-0.0002,19.5899,True
1790477078.7226,294.1009,4.9491,3.3505,1.5342,0.03,-0.0002,19.592,True
1790477078.7727,294.1509,4.9492,3.3515,1.5342,0.03,-0.0002,19.593,True
1790477078.8227,294.2009,4.9493,3.3535,1.5342,0.03,-0.0002,19.595,True
1790477078.8736,294.2518,4.9493,3.3545,1.5342,0.03,-0.0002,19.596,True
1790477078.9227,294.301,4.9494,3.3566,1.5342,0.03,-0.0002,19.5981,True
1790477078.9763,294.3545,4.9494,3.3576,1.5342,0.03,-0.0002,19.5991,True
1790477079.0227,294.4009,4.9495,3.3596,1.5342,0.03,-0.0002,19.6011,True
1790477079.0728,294.451,4.9495,3.3607,1.5342,0.03,-0.0002,19.6022,True
1790477079.1227,294.5009,4.9496,3.3627,1.5342,0.03,-0.0002,19.6042,True
1790477079.1728,294.551,4.9496,3.3637,1.5342,0.03,-0.0002,19.6052,True
1790477079.2227,294.6009,4.9497,3.3658,1.5342,0.03,-0.0002,19.6073,True
1790477079.2727,294.651,4.9497,3.3668,1.5342,0.03,-0.0002,19.6083,True
1790477079.3226,294.7009,4.9498,3.3688,1.5342,0.03,-0.0002,19.6103,True
1790477079.3728,294.751,4.9499,3.3698,1.5342,0.03,-0.0002,19.6113,True
1790477079.4227,294.801,4.9499,3.3709,1.5342,0.03,-0.0002,19.6124,True
1790477079.4727,294.851,4.95,3.3729,1.5342,0.03,-0.0002,19.6144,True
1790477079.5228,294.901,4.95,3.3739,1.5342,0.03,-0.0002,19.6154,True
1790477079.5728,294.951,4.9501,3.376,1.5342,0.03,-0.0002,19.6175,True
1790477079.6227,295.0009,4.9501,3.377,1.5342,0.03,-0.0002,19.6185,True
1790477079.6728,295.051,4.9502,3.379,1.5342,0.03,-0.0002,19.6205,True
1790477079.7227,295.1009,4.9502,3.38,1.5342,0.03,-0.0002,19.6216,True
1790477079.7729,295.1511,4.9503,3.3821,1.5342,0.03,-0.0002,19.6236,True
1790477079.8227,295.201,4.9503,3.3831,1.5342,0.03,-0.0002,19.6246,True
1790477079.8727,295.2509,4.9504,3.3851,1.5342,0.03,-0.0002,19.6267,True
1790477079.9228,295.301,4.9505,3.3862,1.5342,0.03,-0.0002,19.6277,True
1790477079.9729,295.3511,4.9505,3.3872,1.5342,0.03,-0.0002,19.6287,True
1790477080.0227,295.4009,4.9506,3.3892,1.5342,0.03,-0.0002,19.6307,True
1790477080.0728,295.451,4.9506,3.3902,1.5342,0.03,-0.0002,19.6318,True
1790477080.1228,295.501,4.9507,3.3923,1.5342,0.03,-0.0002,19.6338,True
1790477080.1729,295.5511,4.9507,3.3933,1.5342,0.03,-0.0002,19.6348,True
1790477080.2227,295.6009,4.9508,3.3953,1.5342,0.03,-0.0002,19.6369,True
1790477080.2728,295.651,4.9508,3.3964,1.5342,0.03,-0.0002,19.6379,True
1790477080.3227,295.7009,4.9509,3.3984,1.5342,0.03,-0.0002,19.6399,True
1790477080.3764,295.7546,4.9509,3.3994,1.5342,0.03,-0.0002,19.6409,True
1790477080.4228,295.801,4.951,3.4015,1.5342,0.03,-0.0002,19.643,True
1790477080.4727,295.8509,4.9511,3.4025,1.5342,0.03,-0.0002,19.644,True
1790477080.5228,295.901,4.9511,3.4045,1.5342,0.03,-0.0002,19.646,True
1790477080.5732,295.9515,4.9512,3.4055,1.5342,0.03,-0.0002,19.6471,True
1790477080.6228,296.001,4.9512,3.4076,1.5342,0.03,-0.0002,19.6491,True
1790477080.6727,296.051,4.9513,3.4086,1.5342,0.03,-0.0002,19.6501,True
1790477080.7227,296.1009,4.9514,3.4106,1.5342,0.03,-0.0002,19.6522,True
1790477080.7729,296.1511,4.9514,3.4117,1.5342,0.03,-0.0002,19.6532,True
1790477080.8227,296.2009,4.9515,3.4137,1.5342,0.03,-0.0002,19.6552,True
1790477080.8727,296.251,4.9515,3.4147,1.5342,0.03,-0.0002,19.6563,True
1790477080.9227,296.3009,4.9515,3.4157,1.5342,0.03,-0.0002,19.6573,True
1790477080.9728,296.351,4.9516,3.4178,1.5342,0.03,-0.0002,19.6593,True
1790477081.0227,296.4009,4.9516,3.4188,1.5342,0.03,-0.0002,19.6603,True
1790477081.0727,296.4509,4.9517,3.4208,1.5342,0.03,-0.0002,19.6624,True
1790477081.1226,296.5009,4.9518,3.4219,1.5342,0.03,-0.0002,19.6634,True
1790477081.1728,296.551,4.9518,3.4239,1.5342,0.03,-0.0002,19.6654,True
1790477081.2227,296.601,4.9519,3.4249,1.5342,0.03,-0.0002,19.6665,True
1790477081.2727,296.6509,4.9519,3.427,1.5342,0.03,-0.0002,19.6685,True
1790477081.3227,296.7009,4.952,3.428,1.5342,0.03,-0.0002,19.6695,True
1790477081.3728,296.751,4.9521,3.43,1.5342,0.03,-0.0002,19.6716,True
1790477081.4227,296.8009,4.9521,3.431,1.5342,0.03,-0.0002,19.6726,True
1790477081.4727,296.851,4.9522,3.4331,1.5342,0.03,-0.0002,19.6746,True
1790477081.5227,296.9009,4.9522,3.4341,1.5342,0.03,-0.0002,19.6756,True
1790477081.5728,296.9511,4.9523,3.4361,1.5342,0.03,-0.0002,19.6777,True
1790477081.6227,297.0009,4.9523,3.4372,1.5342,0.03,-0.0002,19.6787,True
1790477081.6726,297.0508,4.9524,3.4392,1.5342,0.03,-0.0002,19.6807,True
1790477081.7227,297.1009,4.9524,3.4402,1.5342,0.03,-0.0002,19.6818,True
1790477081.7728,297.1511,4.9525,3.4412,1.5342,0.03,-0.0002,19.6828,True
1790477081.8227,297.2009,4.9525,3.4433,1.5342,0.03,-0.0002,19.6848,True
1790477081.8727,297.2509,4.9526,3.4443,1.5342,0.03,-0.0002,19.6858,True
1790477081.9227,297.3009,4.9527,3.4463,1.5342,0.03,-0.0002,19.6879,True
1790477081.9727,297.3509,4.9527,3.4474,1.5342,0.03,-0.0002,19.6889,True
1790477082.0227,297.4009,4.9528,3.4494,1.5342,0.03,-0.0002,19.6909,True
1790477082.0728,297.451,4.9528,3.4504,1.5342,0.03,-0.0002,19.692,True
1790477082.1227,297.5009,4.9529,3.4525,1.5342,0.03,-0.0002,19.694,True
1790477082.1728,297.551,4.9529,3.4535,1.5342,0.03,-0.0002,19.695,True
1790477082.2227,297.6009,4.953,3.4555,1.5342,0.03,-0.0002,19.6971,True
1790477082.2727,297.6509,4.953,3.4565,1.5342,0.03,-0.0002,19.6981,True
1790477082.3227,297.7009,4.9531,3.4586,1.5342,0.03,-0.0002,19.7001,True
1790477082.3728,297.751,4.9531,3.4596,1.5342,0.03,-0.0002,19.7012,True
1790477082.4227,297.8009,4.9532,3.4616,1.5342,0.03,-0.0002,19.7032,True
1790477082.4727,297.8509,4.9533,3.4627,1.5342,0.03,-0.0002,19.7042,True
1790477082.5227,297.9009,4.9533,3.4637,1.5342,0.03,-0.0002,19.7052,True
1790477082.5728,297.951,4.9534,3.4657,1.5342,0.03,-0.0002,19.7073,True
1790477082.6226,298.0009,4.9534,3.4667,1.5342,0.03,-0.0002,19.7083,True
1790477082.6726,298.0509,4.9535,3.4688,1.5342,0.03,-0.0002,19.7103,True
1790477082.7228,298.101,4.9535,3.4698,1.5342,0.03,-0.0002,19.7114,True
1790477082.7729,298.1511,4.9536,3.4718,1.5342,0.03,-0.0002,19.7134,True
1790477082.8228,298.2011,4.9536,3.4729,1.5342,0.03,-0.0002,19.7144,True
1790477082.8727,298.2509,4.9537,3.4749,1.5342,0.03,-0.0002,19.7165,True
1790477082.9229,298.3012,4.9537,3.4759,1.5342,0.03,-0.0002,19.7175,True
1790477082.9727,298.351,4.9538,3.478,1.5342,0.03,-0.0002,19.7195,True
1790477083.0226,298.4009,4.9539,3.479,1.5342,0.03,-0.0002,19.7205,True
1790477083.0726,298.4509,4.9539,3.481,1.5342,0.03,-0.0002,19.7226,True
1790477083.1228,298.501,4.954,3.482,1.5342,0.03,-0.0002,19.7236,True
1790477083.173,298.5512,4.954,3.4831,1.5342,0.03,-0.0002,19.7246,True
1790477083.2228,298.601,4.9541,3.4851,1.5342,0.03,-0.0002,19.7267,True
1790477083.2726,298.6509,4.9542,3.4871,1.5342,0.03,-0.0002,19.7287,True
1790477083.3228,298.701,4.9542,3.4881,1.5342,0.03,-0.0002,19.7297,True
1790477083.3728,298.751,4.9542,3.4892,1.5342,0.03,-0.0002,19.7308,True
1790477083.4228,298.8011,4.9543,3.4912,1.5342,0.03,-0.0002,19.7328,True
1790477083.4727,298.8509,4.9543,3.4922,1.5342,0.03,-0.0002,19.7338,True
1790477083.5228,298.901,4.9544,3.4943,1.5342,0.03,-0.0002,19.7359,True
1790477083.5726,298.9508,4.9545,3.4953,1.5342,0.03,-0.0002,19.7369,True
1790477083.6227,299.0009,4.9545,3.4973,1.5342,0.03,-0.0002,19.7389,True
1790477083.6727,299.0509,4.9546,3.4983,1.5342,0.03,-0.0002,19.7399,True
1790477083.7228,299.101,4.9546,3.5004,1.5342,0.03,-0.0002,19.742,True
1790477083.7727,299.1509,4.9547,3.5014,1.5342,0.03,-0.0002,19.743,True
1790477083.8226,299.2008,4.9548,3.5034,1.5342,0.03,-0.0002,19.745,True
1790477083.8726,299.2509,4.9548,3.5045,1.5342,0.03,-0.0002,19.7461,True
1790477083.9227,299.3009,4.9549,3.5065,1.5342,0.03,-0.0002,19.7481,True
1790477083.9726,299.3509,4.9549,3.5075,1.5342,0.03,-0.0002,19.7491,True
1790477084.0227,299.4009,4.955,3.5096,1.5342,0.03,-0.0002,19.7512,True
1790477084.0727,299.4509,4.955,3.5106,1.5342,0.03,-0.0002,19.7522,True
1790477084.1228,299.501,4.9551,3.5116,1.5342,0.03,-0.0002,19.7532,True
1790477084.1728,299.551,4.9551,3.5136,1.5342,0.03,-0.0002,19.7552,True
1790477084.2229,299.6011,4.9552,3.5147,1.5342,0.03,-0.0002,19.7563,True
1790477084.2727,299.651,4.9552,3.5167,1.5342,0.03,-0.0002,19.7583,True
1790477084.3228,299.701,4.9553,3.5177,1.5342,0.03,-0.0002,19.7593,True
1790477084.3727,299.7509,4.9554,3.5198,1.5342,0.03,-0.0002,19.7614,True
1790477084.4227,299.8009,4.9554,3.5208,1.5342,0.03,-0.0002,19.7624,True
1790477084.4726,299.8508,4.9555,3.5228,1.5342,0.03,-0.0002,19.7644,True
1790477084.5228,299.901,4.9555,3.5238,1.5342,0.03,-0.0002,19.7654,True
1790477084.5728,299.951,4.9556,3.5259,1.5342,0.03,-0.0002,19.7675,True
1790477084.6227,300.001,4.9556,3.5269,1.5342,0.03,-0.0002,19.7685,True
1790477084.6727,300.0509,4.9557,3.5289,1.5342,0.03,-0.0002,19.7706,True
1790477084.7227,300.1009,4.9557,3.53,1.5342,0.03,-0.0002,19.7716,True
1790477084.7731,300.1513,4.9558,3.532,1.5342,0.03,-0.0002,19.7736,True
1790477084.8227,300.2009,4.9558,3.533,1.5342,0.03,-0.0002,19.7746,True
1790477084.8727,300.2509,4.9559,3.5351,1.5342,0.03,-0.0002,19.7767,True
1790477084.9227,300.3009,4.9559,3.5361,1.5342,0.03,-0.0002,19.7777,True
1790477084.9728,300.351,4.956,3.5371,1.5342,0.03,-0.0002,19.7787,True
1790477085.0227,300.4009,4.9561,3.5391,1.5342,0.03,-0.0002,19.7808,True
1790477085.0727,300.4509,4.9561,3.5402,1.5342,0.03,-0.0002,19.7818,True
1790477085.1228,300.501,4.9562,3.5422,1.5342,0.03,-0.0002,19.7838,True
1790477085.1728,300.551,4.9562,3.5432,1.5342,0.03,-0.0002,19.7848,True
1790477085.2228,300.601,4.9563,3.5453,1.5342,0.03,-0.0002,19.7869,True
1790477085.2728,300.651,4.9563,3.5463,1.5342,0.03,-0.0002,19.7879,True
1790477085.3228,300.701,4.9564,3.5483,1.5342,0.03,-0.0002,19.7899,True
1790477085.3728,300.751,4.9564,3.5493,1.5342,0.03,-0.0002,19.791,True
1790477085.4228,300.801,4.9565,3.5514,1.5342,0.03,-0.0002,19.793,True
1790477085.4728,300.851,4.9565,3.5524,1.5342,0.03,-0.0002,19.794,True
1790477085.5228,300.901,4.9566,3.5544,1.5342,0.03,-0.0002,19.7961,True
1790477085.5728,300.9511,4.9567,3.5555,1.5342,0.03,-0.0002,19.7971,True
1790477085.6226,301.0009,4.9567,3.5575,1.5342,0.03,-0.0002,19.7991,True
1790477085.6727,301.051,4.9568,3.5585,1.5342,0.03,-0.0002,19.8001,True
1790477085.7227,301.1009,4.9568,3.5606,1.5342,0.03,-0.0002,19.8022,True
1790477085.7728,301.1511,4.9569,3.5616,1.5341,0.03,-0.0002,19.8032,True
1790477085.8227,301.2009,4.9569,3.5626,1.5341,0.03,-0.0002,19.8042,True
1790477085.8727,301.2509,4.957,3.5646,1.5341,0.03,-0.0002,19.8063,True
1790477085.9228,301.301,4.957,3.5657,1.5341,0.03,-0.0002,19.8073,True
1790477085.9729,301.3511,4.9571,3.5677,1.5341,0.03,-0.0002,19.8093,True
1790477086.0228,301.401,4.9571,3.5687,1.5341,0.03,0.114,19.8104,True
1790477086.7571,302.1353,4.9572,3.5707,1.5342,0.03,0.114,19.8123,True
1790477086.7727,302.1509,4.9573,3.5748,1.5494,0.03,0.1138,19.8164,True
1790477086.8227,302.2009,4.9574,3.5779,1.5609,0.03,0.0817,19.8195,True
1790477086.8732,302.2514,4.9574,3.5799,1.5664,0.03,0.0737,19.8216,True
1790477086.9268,302.3051,4.9574,3.582,1.5714,0.03,0.0679,19.8236,True
1790477087.7502,303.1284,4.9574,3.583,1.5738,0.03,0.0622,19.8246,True
1790477087.7727,303.1509,4.9573,3.5902,1.5887,0.03,0.0622,19.8318,True
1790477087.8226,303.2009,4.9573,3.5922,1.5929,0.03,0.0395,19.8338,True
1790477087.8728,303.251,4.9572,3.5942,1.5963,0.03,0.0345,19.8359,True
1790477087.9227,303.3009,4.9572,3.5963,1.5988,0.03,0.0315,19.8379,True
1790477087.9745,303.3527,4.9572,3.5973,1.5998,0.03,0.0289,19.839,True
1790477088.0227,303.4009,4.9571,3.5994,1.6019,0.03,0.0269,19.841,True
1790477088.0727,303.451,4.9571,3.6004,1.6029,0.03,0.0251,19.842,True
1790477088.1227,303.5009,4.957,3.6024,1.6046,0.03,0.0234,19.8441,True
1790477088.173,303.5513,4.957,3.6034,1.6055,0.03,0.0217,19.8451,True
1790477088.2227,303.6009,4.9569,3.6055,1.607,0.03,0.0202,19.8471,True
1790477088.2728,303.651,4.9568,3.6065,1.6078,0.03,0.0188,19.8482,True
1790477088.3227,303.701,4.9568,3.6085,1.6091,0.03,0.0175,19.8502,True
1790477088.3728,303.751,4.9567,3.6096,1.6097,0.03,0.0163,19.8512,True
1790477088.4227,303.8009,4.9566,3.6116,1.6109,0.03,0.0152,19.8533,True
1790477088.4728,303.851,4.9566,3.6126,1.6114,0.03,0.0141,19.8543,True
1790477088.5226,303.9009,4.9565,3.6147,1.6124,0.03,0.0129,19.8563,True
1790477088.5728,303.951,4.9565,3.6157,1.6129,0.03,0.0122,19.8573,True
1790477088.6227,304.0009,4.9564,3.6177,1.6138,0.03,0.0113,19.8594,True
1790477088.6728,304.051,4.9563,3.6188,1.6142,0.03,0.0105,19.8604,True
1790477088.7227,304.1009,4.9563,3.6208,1.615,0.03,0.0098,19.8625,True
1790477088.7728,304.151,4.9562,3.6218,1.6153,0.03,0.0091,19.8635,True
1790477088.8226,304.2009,4.9561,3.6239,1.616,0.03,0.0084,19.8655,True
1790477088.8728,304.2511,4.9561,3.6249,1.6163,0.03,0.0078,19.8665,True
1790477088.9228,304.301,4.956,3.6269,1.6169,0.03,0.0072,19.8686,True
1790477088.9728,304.351,4.9559,3.6279,1.6172,0.03,0.0067,19.8696,True
1790477089.0227,304.4009,4.9559,3.629,1.6174,0.03,0.0062,19.8706,True
1790477089.0727,304.451,4.9558,3.631,1.6179,0.03,0.0057,19.8727,True
1790477089.1227,304.5009,4.9557,3.632,1.6181,0.03,0.0053,19.8737,True
1790477089.1728,304.551,4.9556,3.6341,1.6185,0.03,0.0049,19.8757,True
1790477089.2227,304.6009,4.9556,3.6351,1.6187,0.03,0.0045,19.8767,True
1790477089.2728,304.651,4.9555,3.6371,1.6191,0.03,0.0042,19.8788,True
1790477089.3227,304.7009,4.9555,3.6381,1.6192,0.03,0.0038,19.8798,True
1790477089.3727,304.7509,4.9554,3.6402,1.6196,0.03,0.0035,19.8819,True
1790477089.4227,304.8009,4.9553,3.6412,1.6197,0.03,0.0033,19.8829,True
1790477089.4727,304.8509,4.9552,3.6432,1.62,0.03,0.003,19.8849,True
1790477089.5226,304.9009,4.9552,3.6443,1.6201,0.03,0.0028,19.8859,True
1790477089.5727,304.951,4.9551,3.6463,1.6203,0.03,0.0025,19.888,True
1790477089.6227,305.0009,4.955,3.6473,1.6204,0.03,0.0023,19.889,True
1790477089.6727,305.0509,4.9549,3.6494,1.6206,0.03,0.0021,19.891,True
1790477089.7227,305.1009,4.9548,3.6504,1.6207,0.03,0.0019,19.8921,True
1790477089.7727,305.1509,4.9548,3.6514,1.6208,0.03,0.0018,19.8931,True
1790477089.8227,305.2009,4.9547,3.6534,1.621,0.03,0.0016,19.8951,True
1790477089.8727,305.2509,4.9546,3.6544,1.6211,0.03,0.0014,19.8961,True
1790477089.9227,305.3009,4.9545,3.6565,1.6212,0.03,0.0013,19.8982,True
1790477089.9727,305.3509,4.9545,3.6575,1.6213,0.03,0.0012,19.8992,True
1790477090.0227,305.4009,4.9544,3.6595,1.6214,0.03,0.0011,19.9013,True
1790477090.0728,305.451,4.9543,3.6606,1.6214,0.03,0.0009,19.9023,True
1790477090.1227,305.5009,4.9542,3.6626,1.6216,0.03,0.0008,19.9043,True
1790477090.1727,305.5509,4.9542,3.6636,1.6216,0.03,0.0007,19.9053,True
1790477090.2228,305.601,4.9541,3.6657,1.6217,0.03,0.0007,19.9074,True
1790477090.2727,305.651,4.954,3.6667,1.6217,0.03,0.0006,19.9084,True
1790477090.3227,305.7009,4.9539,3.6687,1.6218,0.03,0.0005,19.9104,True
1790477090.3727,305.7509,4.9539,3.6697,1.6219,0.03,0.0004,19.9115,True
1790477090.4227,305.8009,4.9538,3.6718,1.6219,0.03,0.0003,19.9135,True
1790477090.4728,305.851,4.9537,3.6728,1.622,0.03,0.0003,19.9145,True
1790477090.5227,305.9009,4.9536,3.6748,1.622,0.03,0.0002,19.9166,True
1790477090.5728,305.951,4.9536,3.6759,1.622,0.03,0.0002,19.9176,True
1790477090.6227,306.0009,4.9535,3.6769,1.6221,0.03,0.0001,19.9186,True
1790477090.6728,306.051,4.9534,3.6789,1.6221,0.03,0.0001,19.9206,True
1790477090.7227,306.1009,4.9533,3.6799,1.6221,0.03,0.0,19.9217,True
1790477090.7727,306.1509,4.9532,3.682,1.6222,0.03,-0.0,19.9237,True
1790477090.8244,306.2027,4.9532,3.683,1.6222,0.03,-0.0001,19.9247,True
1790477090.8727,306.2509,4.9531,3.685,1.6222,0.03,-0.0001,19.9268,True
1790477090.9227,306.3009,4.953,3.6861,1.6223,0.03,-0.0001,19.9278,True
1790477090.9727,306.3509,4.9529,3.6881,1.6223,0.03,-0.0002,19.9298,True
1790477091.0227,306.4009,4.9529,3.6891,1.6223,0.03,-0.0002,19.9309,True
1790477091.0727,306.4509,4.9528,3.6911,1.6223,0.03,-0.0002,19.9329,True
1790477091.1249,306.5032,4.9527,3.6922,1.6224,0.03,-0.0002,19.9339,True
1790477091.1727,306.5509,4.9526,3.6942,1.6224,0.03,-0.0003,19.936,True
1790477091.2253,306.6036,4.9526,3.6952,1.6224,0.03,-0.0003,19.937,True
1790477091.2727,306.6509,4.9525,3.6973,1.6224,0.03,-0.0003,19.939,True
1790477091.3227,306.7009,4.9524,3.6983,1.6224,0.03,-0.0003,19.94,True
1790477091.3728,306.751,4.9523,3.6993,1.6224,0.03,-0.0004,19.9411,True
1790477091.4227,306.8009,4.9522,3.7013,1.6224,0.03,-0.0004,19.9431,True
1790477091.4727,306.8509,4.9522,3.7024,1.6225,0.03,-0.0004,19.9441,True
1790477091.5227,306.9009,4.9521,3.7044,1.6225,0.03,-0.0004,19.9462,True
1790477091.5727,306.9509,4.952,3.7054,1.6225,0.03,-0.0004,19.9472,True
1790477091.6227,307.0009,4.9519,3.7075,1.6225,0.03,-0.0004,19.9492,True
1790477091.6727,307.0509,4.9519,3.7085,1.6225,0.03,-0.0004,19.9502,True
1790477091.7227,307.1009,4.9518,3.7105,1.6225,0.03,-0.0004,19.9523,True
1790477091.7727,307.1509,4.9517,3.7115,1.6225,0.03,-0.0005,19.9533,True
1790477091.8227,307.2009,4.9516,3.7136,1.6225,0.03,-0.0005,19.9553,True
1790477091.8727,307.251,4.9516,3.7146,1.6225,0.03,-0.0005,19.9564,True
1790477091.9226,307.3009,4.9514,3.7166,1.6225,0.03,-0.0005,19.9584,True
1790477091.9727,307.3509,4.9514,3.7177,1.6225,0.03,-0.0005,19.9594,True
1790477092.0227,307.4009,4.9513,3.7197,1.6225,0.03,-0.0005,19.9615,True
1790477092.0727,307.4509,4.9512,3.7207,1.6225,0.03,-0.0005,19.9625,True
1790477092.1227,307.5009,4.9511,3.7227,1.6225,0.03,-0.0005,19.9645,True
1790477092.1728,307.551,4.9511,3.7238,1.6225,0.03,-0.0005,19.9656,True
1790477092.2227,307.6009,4.951,3.7248,1.6225,0.03,-0.0005,19.9666,True
1790477092.2727,307.651,4.9509,3.7268,1.6226,0.03,-0.0005,19.9686,True
1790477092.3226,307.7009,4.9509,3.7278,1.6226,0.03,-0.0005,19.9696,True
1790477092.3727,307.751,4.9508,3.7299,1.6226,0.03,-0.0005,19.9717,True
1790477092.4227,307.8009,4.9507,3.7309,1.6226,0.03,-0.0005,19.9727,True
1790477092.4726,307.8508,4.9506,3.7329,1.6226,0.03,-0.0005,19.9747,True
1790477092.5227,307.9009,4.9506,3.734,1.6226,0.03,-0.0005,19.9758,True
1790477092.5728,307.9511,4.9504,3.736,1.6226,0.03,-0.0005,19.9778,True
1790477092.6227,308.0009,4.9504,3.737,1.6226,0.03,-0.0005,19.9788,True
1790477092.6727,308.0509,4.9503,3.7391,1.6226,0.03,-0.0005,19.9809,True
1790477092.7228,308.101,4.9502,3.7401,1.6226,0.03,-0.0005,19.9819,True
1790477092.7727,308.1509,4.9501,3.7421,1.6226,0.03,-0.0005,19.9839,True
1790477092.8227,308.2009,4.9501,3.7431,1.6226,0.03,-0.0005,19.985,True
1790477092.8727,308.2509,4.95,3.7452,1.6226,0.03,-0.0005,19.987,True
1790477092.9226,308.3009,4.9499,3.7462,1.6226,0.03,-0.0005,19.988,True
1790477092.9727,308.3509,4.9498,3.7482,1.6226,0.03,-0.0005,19.9901,True
1790477093.0226,308.4009,4.9498,3.7493,1.6226,0.03,-0.0005,19.9911,True
1790477093.0726,308.4509,4.9497,3.7503,1.6226,0.03,-0.0006,19.9921,True
1790477093.1227,308.501,4.9496,3.7523,1.6226,0.03,-0.0006,19.9941,True
1790477093.1728,308.551,4.9495,3.7533,1.6226,0.03,-0.0006,19.9952,True
1790477093.2227,308.6009,4.9494,3.7554,1.6226,0.03,-0.0006,19.9972,True
1790477093.2727,308.6509,4.9494,3.7564,1.6226,0.03,-0.0006,19.9982,True
1790477093.3228,308.701,4.9493,3.7584,1.6226,0.03,-0.0006,20.0003,True
1790477093.3727,308.7509,4.9492,3.7594,1.6226,0.03,-0.0006,20.0013,True
1790477093.4228,308.801,4.9491,3.7615,1.6226,0.03,-0.0006,20.0033,True
1790477093.4727,308.851,4.9491,3.7625,1.6226,0.03,-0.0006,20.0043,True
1790477093.5226,308.9008,4.949,3.7645,1.6226,0.03,-0.0006,20.0064,True
1790477093.5727,308.9509,4.9489,3.7656,1.6226,0.03,-0.0006,20.0074,True
1790477093.6227,309.0009,4.9488,3.7676,1.6226,0.03,-0.0006,20.0094,True
1790477093.6726,309.0509,4.9488,3.7686,1.6226,0.03,-0.0006,20.0105,True
1790477093.7226,309.1009,4.9487,3.7707,1.6226,0.03,-0.0006,20.0125,True
1790477093.7727,309.151,4.9486,3.7717,1.6226,0.03,-0.0006,20.0135,True
1790477093.8227,309.2009,4.9485,3.7727,1.6226,0.03,-0.0006,20.0146,True
1790477093.8727,309.2509,4.9484,3.7747,1.6226,0.03,-0.0006,20.0166,True
1790477093.9227,309.3009,4.9484,3.7758,1.6226,0.03,-0.0006,20.0176,True
1790477093.9727,309.3509,4.9483,3.7778,1.6226,0.03,-0.0005,20.0197,True
1790477094.0227,309.4009,4.9482,3.7788,1.6226,0.0,0.3,20.0207,True
1790477094.0728,309.451,4.9481,3.7805,1.6316,0.0,0.3,20.0224,True
1790477094.1237,309.502,4.9481,3.7806,1.6418,0.0,0.3,20.0224,True
1790477094.1727,309.5509,4.9481,3.7806,1.662,0.0,0.3,20.0225,True
1790477094.2228,309.601,4.9481,3.7806,1.6721,0.0,0.3,20.0225,True
1790477094.2726,309.6509,4.9481,3.7807,1.6922,0.0,0.3,20.0226,True
1790477094.3227,309.7009,4.9481,3.7807,1.7022,0.0,0.3,20.0226,True
1790477094.3726,309.7509,4.9481,3.7808,1.7221,0.0,0.3,20.0227,True
1790477094.4234,309.8016,4.9481,3.7809,1.7321,0.0,0.3,20.0227,True
1790477094.4726,309.8508,4.9481,3.781,1.7519,0.0,0.3,20.0228,True
1790477094.5228,309.901,4.9481,3.781,1.7619,0.0,0.3,20.0229,True
1790477094.5727,309.951,4.9481,3.7811,1.7719,0.0,0.3,20.0229,True
1790477094.6227,310.0009,4.948,3.7812,1.7918,0.0,0.3,20.023,True
1790477094.6728,310.051,4.948,3.7812,1.8018,0.0,0.3,20.0231,True
1790477094.7228,310.101,4.948,3.7813,1.8219,0.0,0.3,20.0232,True
1790477094.7758,310.154,4.948,3.7813,1.8319,0.0,0.3,20.0232,True
1790477094.8227,310.2009,4.948,3.7814,1.8519,0.0,0.3,20.0233,True
1790477094.8727,310.2509,4.948,3.7815,1.8619,0.0,0.3,20.0234,True
1790477094.9266,310.3048,4.9479,3.7815,1.882,0.0,0.3,20.0234,True
1790477094.9727,310.3509,4.9479,3.7816,1.892,0.0,0.3,20.0235,True
1790477095.0228,310.401,4.9479,3.7817,1.9121,0.0,0.3,20.0236,True
1790477095.0727,310.4509,4.9479,3.7817,1.9221,0.0,0.3,20.0236,True
1790477095.1272,310.5054,4.9479,3.7818,1.9422,0.0,0.3,20.0237,True
1790477095.1728,310.551,4.9478,3.7818,1.9522,0.0,0.3,20.0237,True
1790477095.2245,310.6027,4.9478,3.7819,1.9623,0.0,0.3,20.0238,True
1790477095.2728,310.651,4.9478,3.7819,1.9823,0.0,0.3,20.0238,True
1790477095.3227,310.7009,4.9478,3.782,1.9924,0.0,0.3,20.0239,True
1790477095.3727,310.7509,4.9478,3.782,2.0125,0.0,0.3,20.0239,True
1790477095.4228,310.801,4.9477,3.7821,2.0225,0.0,0.3,20.024,True
1790477095.4727,310.8509,4.9477,3.7821,2.0426,0.0,0.3,20.024,True
1790477095.5235,310.9018,4.9477,3.7821,2.0526,0.0,0.3,20.0241,True
1790477095.5727,310.9509,4.9477,3.7822,2.0727,0.0,0.3,20.0241,True
1790477095.6227,311.001,4.9476,3.7822,2.0827,0.0,0.3,20.0242,True
1790477095.6727,311.0509,4.9476,3.7823,2.1028,0.0,0.3,20.0242,True
1790477095.7229,311.1011,4.9476,3.7823,2.1129,0.0,0.3,20.0243,True
1790477095.7727,311.1509,4.9476,3.7824,2.133,0.0,0.3,20.0243,True
1790477095.8227,311.2009,4.9475,3.7824,2.143,0.0,0.3,20.0244,True
1790477095.8727,311.2509,4.9475,3.7824,2.1631,0.0,0.3,20.0244,True
1790477095.9239,311.3021,4.9475,3.7825,2.1731,0.0,0.3,20.0245,True
1790477095.9727,311.3509,4.9475,3.7825,2.1932,0.0,0.3,20.0245,True
1790477096.0263,311.4045,4.9474,3.7825,2.2033,0.0,0.3,20.0245,True
1790477096.0727,311.451,4.9474,3.7826,2.2234,0.0,0.3,20.0246,True
1790477096.1233,311.5015,4.9474,3.7826,2.2334,0.0,0.3,20.0246,True
1790477096.1728,311.551,4.9474,3.7826,2.2435,0.0,0.3,20.0246,True
1790477096.2227,311.601,4.9474,3.7827,2.2636,0.0,0.3,20.0247,True
1790477096.2727,311.6509,4.9473,3.7827,2.2736,0.0,0.3,20.0247,True
1790477096.323,311.7012,4.9473,3.7827,2.2937,0.0,0.3,20.0248,True
1790477096.3727,311.7509,4.9473,3.7827,2.3038,0.0,0.3,20.0248,True
1790477096.4248,311.803,4.9473,3.7828,2.3239,0.0,0.3,20.0248,True
1790477096.4727,311.8509,4.9473,3.7828,2.334,0.0,0.3,20.0248,True
1790477096.5227,311.9009,4.9472,3.7828,2.3541,0.0,0.3,20.0249,True
1790477096.5748,311.953,4.9472,3.7828,2.3642,0.0,0.3,20.0249,True
1790477096.6233,312.0016,4.9472,3.7828,2.3843,0.0,0.3,20.0249,True
1790477096.6727,312.0509,4.9472,3.7829,2.3943,0.0,0.3,20.025,True
1790477096.7226,312.1008,4.9471,3.7829,2.4145,0.0,0.3,20.025,True
1790477096.7728,312.151,4.9471,3.7829,2.4245,0.0,0.3,20.025,True
1790477096.8227,312.2009,4.9471,3.7829,2.4346,0.0,0.3,20.025,True
1790477096.8727,312.2509,4.9471,3.7829,2.4547,0.0,0.3,20.0251,True
1790477096.9228,312.301,4.9471,3.7829,2.4648,0.0,0.3,20.0251,True
1790477096.9728,312.3511,4.9471,3.7829,2.4849,0.0,0.3,20.0251,True
1790477097.0257,312.4039,4.947,3.783,2.495,0.0,0.3,20.0251,True
1790477097.0727,312.4509,4.947,3.783,2.5151,0.0,0.3,20.0251,True
1790477097.1227,312.501,4.947,3.783,2.5252,0.0,0.3,20.0252,True
1790477097.1728,312.551,4.947,3.783,2.5453,0.0,0.3,20.0252,True
1790477097.2227,312.6009,4.947,3.783,2.5554,0.0,0.3,20.0252,True
1790477097.2728,312.651,4.947,3.783,2.5755,0.0,0.3,20.0252,True
1790477097.3228,312.701,4.9469,3.783,2.5856,0.0,0.3,20.0252,True
1790477097.3728,312.7511,4.9469,3.783,2.6057,0.0,0.3,20.0253,True
1790477097.4227,312.8009,4.9469,3.783,2.6157,0.0,0.3,20.0253,True
1790477097.4772,312.8555,4.9469,3.7831,2.6358,0.0,0.3,20.0253,True
1790477097.5227,312.9009,4.9469,3.7831,2.6459,0.0,0.3,20.0253,True
1790477097.5728,312.951,4.9469,3.7831,2.6559,0.0,0.3,20.0254,True
1790477097.6226,313.0009,4.9468,3.7831,2.6761,0.0,0.3,20.0254,True
1790477097.6727,313.0509,4.9468,3.7831,2.6861,0.0,0.3,20.0254,True
1790477097.7226,313.1008,4.9468,3.7831,2.7062,0.0,0.3,20.0254,True
1790477097.7727,313.1509,4.9468,3.7831,2.7162,0.0,0.3,20.0255,True
1790477097.8229,313.2011,4.9467,3.7831,2.7363,0.0,0.3,20.0255,True
1790477097.8728,313.251,4.9467,3.7831,2.7464,0.0,0.3,20.0255,True
1790477097.9227,313.3009,4.9467,3.7832,2.7665,0.0,0.3,20.0255,True
1790477097.9728,313.3511,4.9467,3.7832,2.7765,0.0,0.3,20.0256,True
1790477098.0236,313.4018,4.9466,3.7832,2.7966,0.0,0.3,20.0256,True
1790477098.0727,313.4509,4.9466,3.7832,2.8067,0.0,0.3,20.0256,True
1790477098.1228,313.501,4.9465,3.7832,2.8268,0.0,0.3,20.0257,True
1790477098.1727,313.5509,4.9465,3.7832,2.8368,0.0,0.3,20.0257,True
1790477098.2226,313.6009,4.9464,3.7832,2.8569,0.0,0.3,20.0258,True
1790477098.2731,313.6514,4.9464,3.7832,2.8669,0.0,0.3,20.0258,True
1790477098.3227,313.7009,4.9464,3.7833,2.8769,0.0,0.3,20.0259,True
1790477098.3727,313.7509,4.9463,3.7833,2.8969,0.0,0.3,20.026,True
1790477098.4228,313.801,4.9462,3.7833,2.907,0.0,0.3,20.026,True
1790477098.4748,313.853,4.9461,3.7833,2.927,0.0,0.3,20.0261,True
1790477098.5227,313.901,4.9461,3.7833,2.937,0.09,-0.0004,20.0262,True
1790477098.5766,313.9548,4.9431,3.7839,2.9552,0.0892,0.0146,20.0292,True
1790477098.6234,314.0017,4.9407,3.7844,2.9594,0.0883,0.0299,20.0317,True
1790477098.6731,314.0513,4.9359,3.7852,2.9615,0.028,-0.0117,20.0365,True
1790477098.7227,314.101,4.9349,3.7854,2.9611,0.0877,0.0399,20.0375,True
1790477098.7728,314.151,4.93,3.7863,2.9623,0.0873,0.0464,20.0425,True
1790477098.8227,314.2009,4.9271,3.7868,2.9638,0.087,0.0508,20.0455,True
1790477098.8727,314.2509,4.9213,3.7879,2.9673,0.0869,0.0537,20.0514,True
1790477098.9227,314.3009,4.9183,3.7884,2.9691,0.028,-0.0034,20.0544,True
1790477098.9727,314.3509,4.9136,3.7892,2.9725,0.028,-0.0034,20.0592,True
1790477099.0227,314.4009,4.9126,3.7894,2.9724,0.0867,0.0569,20.0601,True
1790477099.0728,314.451,4.9097,3.7899,2.972,0.0867,0.0573,20.0632,True
1790477099.1227,314.5009,4.9068,3.7904,2.974,0.0867,0.0575,20.0661,True
1790477099.1726,314.5509,4.9039,3.7909,2.9759,0.0867,0.0575,20.069,True
1790477099.2227,314.6009,4.8981,3.7918,2.9797,0.0866,0.0575,20.0749,True
1790477099.2728,314.651,4.8952,3.7923,2.9817,0.0866,0.0575,20.0779,True
1790477099.3227,314.7009,4.8893,3.7932,2.9855,0.0866,0.0576,20.0838,True
1790477099.3728,314.751,4.8864,3.7937,2.9875,0.0866,0.0576,20.0867,True
1790477099.424,314.8022,4.8806,3.7946,2.9913,0.0866,0.0576,20.0926,True
1790477099.4727,314.8509,4.8777,3.795,2.9932,0.0867,0.0568,20.0956,True
1790477099.5227,314.9009,4.8718,3.7959,2.9971,0.0867,0.0568,20.1015,True
1790477099.5727,314.951,4.8689,3.7963,2.999,0.0868,0.0557,20.1044,True
1790477099.6227,315.0009,4.8631,3.7971,3.0027,0.0868,0.0545,20.1103,True
1790477099.6729,315.0511,4.8601,3.7975,3.0045,0.0869,0.0529,20.1133,True
1790477099.7227,315.1009,4.8555,3.7982,3.0084,0.0869,0.0529,20.118,True
1790477099.7727,315.1509,4.8525,3.7985,3.0101,0.0871,0.0498,20.121,True
1790477099.8227,315.2009,4.8467,3.7993,3.0135,0.0872,0.0484,20.1269,True
1790477099.8727,315.2509,4.8437,3.7997,3.0152,0.0873,0.0467,20.1298,True
1790477099.9227,315.3009,4.8378,3.8004,3.0183,0.0874,0.045,20.1358,True
1790477099.9727,315.3509,4.8349,3.8008,3.0198,0.0874,0.045,20.1388,True
1790477100.0227,315.401,4.8319,3.8012,3.0213,0.0875,0.0434,20.1417,True
1790477100.0727,315.451,4.826,3.8019,3.0242,0.0876,0.0418,20.1477,True
1790477100.1228,315.501,4.823,3.8022,3.0256,0.0876,0.0404,20.1507,True
1790477100.1728,315.551,4.8171,3.8029,3.0283,0.0877,0.0388,20.1566,True
1790477100.2227,315.6009,4.8142,3.8032,3.0296,0.0878,0.0375,20.1596,True
1790477100.2726,315.6509,4.8082,3.8039,3.032,0.088,0.0349,20.1656,True
1790477100.3227,315.7009,4.8052,3.8042,3.0332,0.088,0.0349,20.1686,True
1790477100.3727,315.7509,4.7993,3.8049,3.0355,0.088,0.0337,20.1746,True
1790477100.4228,315.801,4.7963,3.8052,3.0367,0.0881,0.0325,20.1776,True
1790477100.4727,315.8509,4.7903,3.8058,3.0388,0.0882,0.0316,20.1836,True
1790477100.5227,315.9009,4.7874,3.8061,3.0399,0.0882,0.0306,20.1866,True
1790477100.5726,315.9508,4.7814,3.8067,3.0419,0.0883,0.0295,20.1926,True
1790477100.6227,316.0009,4.7784,3.807,3.0428,0.0884,0.0275,20.1956,True
1790477100.6728,316.051,4.7754,3.8073,3.0438,0.0884,0.0275,20.1986,True
1790477100.7228,316.1011,4.7694,3.8079,3.0456,0.0885,0.0266,20.2046,True
1790477100.7752,316.1535,4.7664,3.8082,3.0465,0.0885,0.0257,20.2076,True
1790477100.8226,316.2009,4.7604,3.8087,3.0482,0.0885,0.0249,20.2136,True
1790477100.8728,316.251,4.7574,3.809,3.0491,0.0886,0.0233,20.2166,True
1790477100.9227,316.301,4.7514,3.8096,3.0506,0.0886,0.0233,20.2227,True
1790477100.9727,316.3509,4.7484,3.8098,3.0514,0.0887,0.0224,20.2257,True
1790477101.0227,316.4009,4.7424,3.8104,3.0529,0.0887,0.0215,20.2317,True
1790477101.0728,316.451,4.7394,3.8106,3.0536,0.0888,0.0207,20.2347,True
1790477101.1227,316.5009,4.7334,3.8112,3.0549,0.0888,0.0199,20.2408,True
1790477101.1728,316.5511,4.7304,3.8114,3.0556,0.0889,0.0191,20.2438,True
1790477101.2227,316.6009,4.7243,3.8119,3.0569,0.0889,0.0183,20.2499,True
1790477101.2727,316.6509,4.7213,3.8122,3.0575,0.089,0.0175,20.2529,True
1790477101.3227,316.7009,4.7153,3.8127,3.0586,0.089,0.0167,20.2589,True
1790477101.3728,316.751,4.7123,3.8129,3.0592,0.0891,0.0158,20.262,True
1790477101.4226,316.8008,4.7062,3.8134,3.0602,0.0891,0.015,20.268,True
1790477101.4727,316.851,4.7032,3.8137,3.0607,0.0892,0.0144,20.2711,True
1790477101.5227,316.9009,4.6972,3.8142,3.0616,0.0892,0.0137,20.2771,True
1790477101.5727,316.9509,4.6941,3.8144,3.0621,0.0892,0.0129,20.2802,True
1790477101.6233,317.0015,4.6911,3.8147,3.0625,0.0893,0.0122,20.2832,True
1790477101.6727,317.0509,4.6851,3.8151,3.0633,0.0894,0.0111,20.2893,True
1790477101.7227,317.1009,4.682,3.8154,3.0637,0.0894,0.0111,20.2923,True
1790477101.7741,317.1524,4.676,3.8158,3.0644,0.0894,0.0106,20.2984,True
1790477101.8227,317.2009,4.6729,3.8161,3.0648,0.0894,0.0101,20.3014,True
1790477101.8727,317.2509,4.6669,3.8165,3.0655,0.0894,0.0098,20.3075,True
1790477101.9248,317.3031,4.6639,3.8168,3.0658,0.0895,0.0094,20.3105,True
1790477101.973,317.3512,4.6578,3.8172,3.0664,0.0895,0.0089,20.3166,True
1790477102.0226,317.4009,4.6547,3.8175,3.0667,0.0895,0.0085,20.3197,True
1790477102.0727,317.4509,4.6487,3.8179,3.0672,0.0895,0.0082,20.3258,True
1790477102.1227,317.5009,4.6456,3.8181,3.0675,0.0895,0.0078,20.3288,True
1790477102.1756,317.5539,4.6426,3.8184,3.0678,0.0896,0.0075,20.3318,True
1790477102.2227,317.6009,4.6365,3.8188,3.0683,0.0896,0.0073,20.3379,True
1790477102.2757,317.6539,4.6335,3.819,3.0685,0.0896,0.0071,20.341,True
1790477102.3227,317.7009,4.6274,3.8195,3.069,0.0896,0.0071,20.3471,True
1790477102.3727,317.7509,4.6244,3.8197,3.0692,0.0896,0.0069,20.3501,True
1790477102.4227,317.8009,4.6183,3.8201,3.0697,0.0896,0.0066,20.3562,True
1790477102.4728,317.851,4.6153,3.8204,3.0699,0.0896,0.0063,20.3593,True
1790477102.5227,317.9009,4.6092,3.8208,3.0703,0.0896,0.0061,20.3654,True
1790477102.5755,317.9537,4.6061,3.821,3.0705,0.0897,0.006,20.3684,True
1790477102.6227,318.0009,4.6001,3.8214,3.0709,0.0897,0.0059,20.3745,True
1790477102.6727,318.0509,4.597,3.8217,3.0711,0.0897,0.0057,20.3776,True
1790477102.7227,318.1009,4.5909,3.8221,3.0714,0.0897,0.0054,20.3837,True
1790477102.7728,318.151,4.5879,3.8223,3.0716,0.0897,0.0052,20.3867,True
1790477102.8227,318.201,4.5818,3.8227,3.072,0.0897,0.005,20.3928,True
1790477102.8727,318.2509,4.5788,3.8229,3.0721,0.0897,0.0048,20.3959,True
1790477102.9228,318.301,4.5757,3.8231,3.0723,0.0897,0.0046,20.3989,True
1790477102.9743,318.3525,4.5696,3.8236,3.0726,0.0897,0.0043,20.405,True
1790477103.0227,318.401,4.5666,3.8238,3.0727,0.0898,0.004,20.4081,True
1790477103.0728,318.4511,4.5605,3.8242,3.073,0.0898,0.0037,20.4142,True
1790477103.1228,318.501,4.5574,3.8244,3.0731,0.0898,0.0034,20.4172,True
1790477103.1748,318.553,4.5513,3.8248,3.0733,0.0898,0.0033,20.4233,True
1790477103.2227,318.6009,4.5483,3.825,3.0734,0.0898,0.0031,20.4264,True
1790477103.2727,318.651,4.5422,3.8255,3.0736,0.0898,0.0031,20.4325,True
1790477103.3228,318.701,4.5392,3.8257,3.0737,0.0898,0.003,20.4356,True
1790477103.3727,318.7509,4.5331,3.8261,3.0739,0.0898,0.0029,20.4417,True
1790477103.4228,318.801,4.53,3.8263,3.074,0.0898,0.0028,20.4447,True
1790477103.4728,318.851,4.5239,3.8267,3.0742,0.0898,0.0028,20.4508,True
1790477103.5228,318.901,4.5209,3.8269,3.0743,0.0898,0.0029,20.4539,True
1790477103.5727,318.9509,4.5148,3.8273,3.0745,0.0898,0.0029,20.46,True
1790477103.6227,319.0009,4.5117,3.8275,3.0745,0.0898,0.003,20.463,True
1790477103.6727,319.0509,4.5056,3.8279,3.0747,0.0898,0.0028,20.4692,True
1790477103.7227,319.1009,4.5026,3.8281,3.0748,0.0898,0.0026,20.4722,True
1790477103.7728,319.151,4.4995,3.8283,3.0749,0.0899,0.0024,20.4753,True
1790477103.8226,319.2009,4.4934,3.8287,3.0751,0.0899,0.0022,20.4814,True
1790477103.8727,319.2509,4.4904,3.8289,3.0751,0.0899,0.0021,20.4844,True
1790477103.9227,319.3009,4.4843,3.8293,3.0752,0.0899,0.0019,20.4905,True
1790477103.9728,319.351,4.4812,3.8295,3.0753,0.0899,0.0019,20.4936,True
1790477104.0227,319.401,4.4751,3.83,3.0754,0.0899,0.0019,20.4997,True
1790477104.0733,319.4515,4.4721,3.8302,3.0755,0.0899,0.0019,20.5028,True
1790477104.1227,319.501,4.466,3.8306,3.0756,0.0899,0.0018,20.5089,True
1790477104.1727,319.551,4.4629,3.8308,3.0757,0.0899,0.0018,20.5119,True
1790477104.2227,319.6009,4.4568,3.8312,3.0758,0.0899,0.0018,20.5181,True
1790477104.2727,319.651,4.4538,3.8314,3.0758,0.0899,0.0019,20.5211,True
1790477104.3259,319.7041,4.4477,3.8318,3.0759,0.0899,0.0018,20.5272,True
1790477104.3728,319.751,4.4446,3.832,3.076,0.0899,0.0017,20.5303,True
1790477104.4252,319.8034,4.4385,3.8324,3.0761,0.0899,0.0017,20.5364,True
1790477104.4727,319.851,4.4355,3.8326,3.0761,0.0899,0.0016,20.5395,True
1790477104.5228,319.901,4.4324,3.8328,3.0762,0.0899,0.0015,20.5425,True
1790477104.5728,319.951,4.4263,3.8332,3.0763,0.0899,0.0014,20.5486,True
1790477104.6232,320.0014,4.4233,3.8334,3.0763,0.0899,0.0014,20.5517,True
1790477104.6727,320.0509,4.4172,3.8338,3.0764,0.0899,0.0015,20.5578,True
1790477104.7227,320.1009,4.4141,3.834,3.0764,0.0899,0.0015,20.5609,True
1790477104.7728,320.1511,4.408,3.8344,3.0765,0.0899,0.0016,20.567,True
1790477104.8228,320.201,4.405,3.8346,3.0766,0.0899,0.0017,20.57,True
1790477104.8727,320.2509,4.3989,3.835,3.0767,0.0899,0.0018,20.5762,True
1790477104.9227,320.3009,4.3958,3.8352,3.0767,0.0899,0.0018,20.5792,True
1790477104.9728,320.351,4.3897,3.8355,3.0768,0.0899,0.0017,20.5853,True
1790477105.0228,320.401,4.3867,3.8357,3.0769,0.0899,0.0016,20.5884,True
1790477105.073,320.4512,4.3806,3.8361,3.077,0.0899,0.0015,20.5945,True
1790477105.1227,320.501,4.3775,3.8363,3.077,0.0899,0.0014,20.5976,True
1790477105.1727,320.5509,4.3714,3.8367,3.0771,0.0899,0.0013,20.6037,True
1790477105.2227,320.601,4.3684,3.8369,3.0771,0.0899,0.0013,20.6067,True
1790477105.2726,320.6509,4.3622,3.8373,3.0772,0.0899,0.0013,20.6128,True
1790477105.3227,320.7009,4.3592,3.8375,3.0772,0.0899,0.0013,20.6159,True
1790477105.3728,320.751,4.3561,3.8377,3.0772,0.0899,0.0012,20.619,True
1790477105.4228,320.801,4.35,3.8381,3.0773,0.0899,0.0012,20.6251,True
1790477105.4729,320.8511,4.347,3.8383,3.0773,0.0899,0.0011,20.6281,True
1790477105.5227,320.901,4.3409,3.8387,3.0774,0.0899,0.0011,20.6342,True
1790477105.5728,320.951,4.3378,3.8389,3.0774,0.0899,0.001,20.6373,True
1790477105.6227,321.0009,4.3317,3.8393,3.0774,0.0899,0.001,20.6434,True
1790477105.6727,321.051,4.3287,3.8395,3.0774,0.0899,0.0011,20.6465,True
1790477105.7228,321.101,4.3226,3.8399,3.0775,0.0899,0.001,20.6526,True
1790477105.7727,321.1509,4.3195,3.8401,3.0775,0.0899,0.0009,20.6557,True
1790477105.8227,321.2009,4.3134,3.8405,3.0775,0.09,0.0006,20.6618,True
1790477105.8727,321.2509,4.3104,3.8407,3.0775,0.09,0.0006,20.6648,True
1790477105.9226,321.3009,4.3043,3.8411,3.0775,0.09,0.0006,20.671,True
1790477105.9727,321.3509,4.3012,3.8412,3.0775,0.09,0.0007,20.674,True
1790477106.0229,321.4011,4.2951,3.8416,3.0776,0.09,0.0008,20.6801,True
1790477106.0728,321.451,4.292,3.8418,3.0776,0.0899,0.0009,20.6832,True
1790477106.1228,321.501,4.2859,3.8422,3.0776,0.09,0.0008,20.6893,True
1790477106.1727,321.5509,4.2829,3.8424,3.0776,0.09,0.0008,20.6924,True
1790477106.2272,321.6054,4.2768,3.8428,3.0776,0.09,0.0008,20.6985,True
1790477106.2728,321.651,4.2737,3.843,3.0776,0.09,0.0008,20.7015,True
1790477106.3228,321.701,4.2707,3.8432,3.0776,0.09,0.0008,20.7046,True
1790477106.3728,321.751,4.2646,3.8436,3.0777,0.09,0.0007,20.7107,True
1790477106.4228,321.801,4.2615,3.8438,3.0777,0.09,0.0006,20.7138,True
1790477106.4726,321.8509,4.2554,3.8442,3.0777,0.09,0.0006,20.7199,True
1790477106.5227,321.901,4.2524,3.8444,3.0777,0.09,0.0006,20.723,True
1790477106.5728,321.951,4.2463,3.8448,3.0777,0.09,0.0005,20.7291,True
1790477106.6227,322.0009,4.2432,3.845,3.0777,0.09,0.0004,20.7321,True
1790477106.6743,322.0525,4.2371,3.8454,3.0777,0.09,0.0004,20.7383,True
1790477106.7228,322.101,4.234,3.8456,3.0776,0.09,0.0004,20.7413,True
1790477106.7738,322.152,4.231,3.8457,3.0776,0.09,0.0004,20.7444,True
1790477106.8227,322.2009,4.2249,3.8461,3.0776,0.09,0.0006,20.7505,True
1790477106.8727,322.2509,4.2188,3.8465,3.0776,0.09,0.0007,20.7566,True
1790477106.9227,322.3009,4.2157,3.8467,3.0776,0.09,0.0008,20.7597,True
1790477106.9727,322.3509,4.2127,3.8469,3.0777,0.09,0.0008,20.7627,True
1790477107.0227,322.4009,4.2066,3.8473,3.0777,0.09,0.0007,20.7689,True
1790477107.0726,322.4509,4.2035,3.8475,3.0777,0.09,0.0005,20.7719,True
1790477107.1227,322.5009,4.1974,3.8479,3.0777,0.09,0.0003,20.778,True
1790477107.1762,322.5545,4.1943,3.8481,3.0777,0.09,0.0002,20.7811,True
1790477107.2228,322.601,4.1882,3.8485,3.0777,0.09,0.0002,20.7872,True
1790477107.2727,322.6509,4.1852,3.8487,3.0776,0.09,0.0002,20.7903,True
1790477107.3227,322.7009,4.1791,3.8491,3.0776,0.09,0.0005,20.7964,True
1790477107.3727,322.7509,4.176,3.8493,3.0776,0.09,0.0005,20.7994,True
1790477107.4227,322.8009,4.1699,3.8497,3.0776,0.09,0.0006,20.8056,True
1790477107.4726,322.8509,4.1669,3.8499,3.0776,0.09,0.0008,20.8086,True
1790477107.5226,322.9009,4.1608,3.8502,3.0776,0.0899,0.0009,20.8147,True
1790477107.5726,322.9509,4.1577,3.8504,3.0776,0.0899,0.0009,20.8178,True
1790477107.6227,323.0009,4.1516,3.8508,3.0777,0.0899,0.001,20.8239,True
1790477107.6731,323.0513,4.1485,3.851,3.0777,0.0899,0.0011,20.827,True
1790477107.7227,323.1009,4.1424,3.8514,3.0777,0.0899,0.0012,20.8331,True
1790477107.7728,323.151,4.1394,3.8516,3.0778,0.0899,0.0012,20.8362,True
1790477107.8227,323.2009,4.1363,3.8518,3.0778,0.0899,0.0012,20.8392,True
1790477107.8727,323.2509,4.1302,3.8522,3.0778,0.0899,0.001,20.8453,True
1790477107.9227,323.3009,4.1272,3.8524,3.0779,0.0899,0.0011,20.8484,True
1790477107.9727,323.3509,4.1211,3.8528,3.0779,0.0899,0.0011,20.8545,True
1790477108.0227,323.4009,4.118,3.853,3.0779,0.0899,0.0011,20.8576,True
1790477108.0727,323.451,4.1119,3.8534,3.078,0.0899,0.0009,20.8637,True
1790477108.1227,323.501,4.1089,3.8536,3.078,0.0899,0.0009,20.8667,True
1790477108.1727,323.5509,4.1028,3.8539,3.078,0.0899,0.0009,20.8729,True
1790477108.2228,323.601,4.0997,3.8541,3.078,0.0899,0.0009,20.8759,True
1790477108.2727,323.6509,4.0936,3.8545,3.078,0.0899,0.0009,20.882,True
1790477108.3228,323.701,4.0906,3.8547,3.0781,0.0899,0.0011,20.8851,True
1790477108.3727,323.751,4.0845,3.8551,3.0781,0.0899,0.0011,20.8912,True
1790477108.4227,323.8009,4.0814,3.8553,3.0781,0.0899,0.0011,20.8943,True
1790477108.4734,323.8517,4.0753,3.8557,3.0782,0.0899,0.0011,20.9004,True
1790477108.5227,323.9009,4.0722,3.8559,3.0782,0.0899,0.0011,20.9034,True
1790477108.5741,323.9523,4.0692,3.8561,3.0782,0.0899,0.0012,20.9065,True
1790477108.6227,324.0009,4.0631,3.8565,3.0783,0.0899,0.0013,20.9126,True
1790477108.6726,324.0509,4.06,3.8567,3.0783,0.0899,0.0014,20.9157,True
1790477108.7227,324.101,4.0539,3.857,3.0783,0.0899,0.0013,20.9218,True
1790477108.7728,324.151,4.0509,3.8572,3.0784,0.0899,0.0012,20.9248,True
1790477108.8227,324.2009,4.0448,3.8576,3.0784,0.0899,0.0011,20.931,True
1790477108.8728,324.251,4.0417,3.8578,3.0784,0.0899,0.0011,20.934,True
1790477108.9227,324.301,4.0356,3.8582,3.0785,0.0899,0.0011,20.9401,True
1790477108.9728,324.3511,4.0326,3.8584,3.0785,0.0899,0.0011,20.9432,True
1790477109.0231,324.4013,4.0265,3.8588,3.0785,0.0899,0.001,20.9493,True
1790477109.0727,324.451,4.0234,3.859,3.0785,0.0899,0.001,20.9524,True
1790477109.1227,324.5009,4.0173,3.8594,3.0786,0.0899,0.001,20.9585,True
1790477109.1727,324.551,4.0142,3.8596,3.0786,0.0899,0.001,20.9616,True
1790477109.2226,324.6009,4.0081,3.8599,3.0786,0.0899,0.0011,20.9677,True
1790477109.2727,324.6509,4.0051,3.8601,3.0786,0.0899,0.001,20.9707,True
1790477109.3227,324.7009,3.999,3.8605,3.0787,0.0899,0.001,20.9768,True
1790477109.373,324.7513,3.9959,3.8607,3.0787,0.0899,0.001,20.9799,True
1790477109.4227,324.8009,3.9929,3.8609,3.0787,0.0899,0.0009,20.983,True
1790477109.4728,324.851,3.9868,3.8613,3.0787,0.0899,0.001,20.9891,True
1790477109.5227,324.901,3.9837,3.8615,3.0787,0.0899,0.0009,20.9921,True
1790477109.5726,324.9509,3.9776,3.8619,3.0788,0.09,0.0008,20.9983,True
1790477109.6227,325.0009,3.9746,3.8621,3.0788,0.09,0.0007,21.0013,True
1790477109.6727,325.051,3.9685,3.8624,3.0788,0.09,0.0005,21.0074,True
1790477109.7226,325.1009,3.9654,3.8626,3.0788,0.09,0.0004,21.0105,True
1790477109.7728,325.151,3.9593,3.863,3.0788,0.09,0.0003,21.0166,True
1790477109.8226,325.2008,3.9562,3.8632,3.0788,0.09,0.0003,21.0197,True
1790477109.8727,325.251,3.9501,3.8636,3.0787,0.09,0.0003,21.0258,True
1790477109.9228,325.301,3.9471,3.8638,3.0787,0.09,0.0004,21.0289,True
1790477109.9728,325.351,3.944,3.864,3.0787,0.09,0.0005,21.0319,True
1790477110.0227,325.4009,3.9379,3.8644,3.0787,0.09,0.0005,21.038,True
1790477110.0734,325.4517,3.9349,3.8646,3.0787,0.09,0.0005,21.0411,True
1790477110.1227,325.501,3.9288,3.8649,3.0787,0.09,0.0005,21.0472,True
1790477110.1727,325.5509,3.9257,3.8651,3.0787,0.09,0.0006,21.0503,True
1790477110.2228,325.601,3.9196,3.8655,3.0787,0.09,0.0006,21.0564,True
1790477110.2728,325.651,3.9165,3.8657,3.0787,0.09,0.0008,21.0594,True
1790477110.3227,325.701,3.9104,3.8661,3.0787,0.09,0.0008,21.0656,True
1790477110.3736,325.7519,3.9074,3.8663,3.0787,0.0899,0.0009,21.0686,True
1790477110.4227,325.8009,3.9013,3.8667,3.0788,0.0899,0.001,21.0747,True
1790477110.4773,325.8555,3.8982,3.8669,3.0788,0.0899,0.0011,21.0778,True
1790477110.5227,325.9009,3.8921,3.8672,3.0788,0.0899,0.0011,21.0839,True
1790477110.5727,325.9509,3.8891,3.8674,3.0788,0.0899,0.0011,21.087,True
1790477110.6227,326.0009,3.883,3.8678,3.0789,0.0899,0.0009,21.0931,True
1790477110.6726,326.0509,3.8799,3.868,3.0789,0.09,0.0007,21.0961,True
1790477110.7227,326.1009,3.8738,3.8684,3.0789,0.09,0.0007,21.1023,True
1790477110.7728,326.151,3.8708,3.8686,3.0789,0.09,0.0007,21.1053,True
1790477110.8227,326.2009,3.8647,3.869,3.0789,0.09,0.0006,21.1114,True
1790477110.8728,326.251,3.8616,3.8692,3.0789,0.09,0.0008,21.1145,True
1790477110.923,326.3013,3.8555,3.8695,3.0789,0.09,0.0008,21.1206,True
1790477110.9727,326.351,3.8524,3.8697,3.0789,0.09,0.0008,21.1237,True
1790477111.0227,326.401,3.8494,3.8699,3.0789,0.09,0.0008,21.1267,True
1790477111.0728,326.451,3.8433,3.8703,3.0789,0.0899,0.0009,21.1329,True
1790477111.1249,326.5032,3.8402,3.8705,3.079,0.0899,0.0009,21.1359,True
1790477111.1727,326.5509,3.8341,3.8709,3.079,0.0899,0.0009,21.142,True
1790477111.2227,326.6009,3.8311,3.8711,3.079,0.0899,0.0009,21.1451,True
1790477111.2727,326.6509,3.825,3.8715,3.079,0.0899,0.0009,21.1512,True
1790477111.3227,326.7009,3.8219,3.8717,3.079,0.0899,0.0009,21.1543,True
1790477111.3727,326.7509,3.8158,3.872,3.079,0.0899,0.0009,21.1604,True
1790477111.4226,326.8008,3.8128,3.8722,3.079,0.0899,0.0009,21.1634,True
1790477111.4726,326.8508,3.8066,3.8726,3.079,0.0899,0.0009,21.1696,True
1790477111.5227,326.9009,3.8036,3.8728,3.0791,0.09,0.0007,21.1726,True
1790477111.5727,326.9509,3.7975,3.8732,3.0791,0.09,0.0007,21.1787,True
1790477111.6227,327.0009,3.7944,3.8734,3.0791,0.09,0.0007,21.1818,True
1790477111.6727,327.0509,3.7883,3.8738,3.0791,0.09,0.0007,21.1879,True
1790477111.7228,327.101,3.7853,3.8739,3.0791,0.09,0.0007,21.191,True
1790477111.7731,327.1513,3.7792,3.8743,3.0791,0.09,0.0007,21.1971,True
1790477111.8227,327.201,3.7761,3.8745,3.0791,0.09,0.0007,21.2002,True
1790477111.8728,327.251,3.7731,3.8747,3.0791,0.09,0.0008,21.2032,True
1790477111.9227,327.3009,3.767,3.8751,3.0791,0.09,0.0008,21.2093,True
1790477111.9727,327.3509,3.7639,3.8753,3.0791,0.09,0.0009,21.2124,True
1790477112.0227,327.4009,3.7578,3.8757,3.0791,0.09,0.0008,21.2185,True
1790477112.0731,327.4513,3.7547,3.8759,3.0791,0.09,0.0008,21.2216,True
1790477112.1227,327.5009,3.7486,3.8762,3.0792,0.09,0.0007,21.2277,True
1790477112.1728,327.551,3.7456,3.8764,3.0792,0.09,0.0007,21.2307,True
1790477112.2227,327.6009,3.7395,3.8768,3.0792,0.09,0.0007,21.2369,True
1790477112.2726,327.6509,3.7364,3.877,3.0792,0.09,0.0008,21.2399,True
1790477112.3226,327.7008,3.7303,3.8774,3.0792,0.09,0.0007,21.246,True
1790477112.3727,327.751,3.7273,3.8776,3.0792,0.09,0.0007,21.2491,True
1790477112.4227,327.801,3.7242,3.8778,3.0792,0.09,0.0007,21.2522,True
1790477112.4759,327.8542,3.7181,3.8781,3.0792,0.09,0.0007,21.2583,True
1790477112.523,327.9013,3.7151,3.8783,3.0792,0.09,0.0006,21.2613,True
1790477112.5727,327.9509,3.7089,3.8787,3.0792,0.09,0.0005,21.2675,True
1790477112.6241,328.0024,3.7059,3.8789,3.0792,0.09,0.0005,21.2705,True
1790477112.6728,328.051,3.6998,3.8793,3.0792,0.09,0.0005,21.2766,True
1790477112.7228,328.101,3.6967,3.8795,3.0792,0.09,0.0004,21.2797,True
1790477112.7728,328.151,3.6906,3.8799,3.0792,0.09,0.0004,21.2858,True
1790477112.8227,328.2009,3.6876,3.8801,3.0792,0.09,0.0005,21.2889,True
1790477112.8726,328.2509,3.6815,3.8804,3.0792,0.09,0.0005,21.295,True
1790477112.9227,328.3009,3.6784,3.8806,3.0792,0.09,0.0005,21.2981,True
1790477112.9727,328.3509,3.6723,3.881,3.0792,0.09,0.0006,21.3042,True
1790477113.0231,328.4014,3.6692,3.8812,3.0792,0.09,0.0007,21.3072,True
1790477113.0727,328.4509,3.6631,3.8816,3.0792,0.0899,0.0009,21.3133,True
1790477113.1234,328.5016,3.6601,3.8818,3.0792,0.0899,0.001,21.3164,True
1790477113.1747,328.5529,3.654,3.8822,3.0792,0.0899,0.001,21.3225,True
1790477113.2226,328.6009,3.6509,3.8823,3.0793,0.0899,0.001,21.3256,True
1790477113.2729,328.6512,3.6479,3.8825,3.0793,0.0899,0.001,21.3286,True
1790477113.3226,328.7009,3.6418,3.8829,3.0793,0.0899,0.001,21.3348,True
1790477113.3749,328.7531,3.6387,3.8831,3.0793,0.0899,0.001,21.3378,True
1790477113.4226,328.8009,3.6326,3.8835,3.0793,0.0899,0.001,21.3439,True
1790477113.4728,328.8511,3.6296,3.8837,3.0794,0.0899,0.0009,21.347,True
1790477113.5228,328.901,3.6235,3.8841,3.0794,0.09,0.0008,21.3531,True
1790477113.575,328.9533,3.6204,3.8842,3.0794,0.09,0.0008,21.3562,True
1790477113.6227,329.0009,3.6143,3.8846,3.0794,0.09,0.0008,21.3623,True
1790477113.6729,329.0511,3.6112,3.8848,3.0794,0.09,0.0008,21.3653,True
1790477113.7227,329.101,3.6051,3.8852,3.0794,0.09,0.0008,21.3715,True
1790477113.7728,329.151,3.6021,3.8854,3.0794,0.09,0.0007,21.3745,True
1790477113.8227,329.2009,3.596,3.8858,3.0794,0.09,0.0006,21.3806,True
1790477113.8729,329.2512,3.5929,3.886,3.0794,0.09,0.0004,21.3837,True
1790477113.9227,329.3009,3.5868,3.8863,3.0795,0.09,0.0004,21.3898,True
1790477113.9728,329.351,3.5838,3.8865,3.0795,0.09,0.0004,21.3929,True
1790477114.0227,329.4009,3.5807,3.8867,3.0795,0.09,0.0003,21.3959,True
1790477114.0728,329.451,3.5746,3.8871,3.0795,0.09,0.0002,21.4021,True
1790477114.1227,329.5009,3.5715,3.8873,3.0795,0.09,0.0002,21.4051,True
1790477114.1727,329.5509,3.5654,3.8877,3.0795,0.09,0.0001,21.4112,True
1790477114.2228,329.601,3.5624,3.8879,3.0795,0.09,-0.0,21.4143,True
1790477114.2727,329.6509,3.5563,3.8882,3.0795,0.09,-0.0001,21.4204,True
1790477114.3228,329.701,3.5532,3.8884,3.0795,0.09,-0.0001,21.4235,True
1790477114.373,329.7512,3.5471,3.8888,3.0795,0.09,-0.0,21.4296,True
1790477114.4226,329.8008,3.5441,3.889,3.0795,0.09,0.0001,21.4327,True
1790477114.4729,329.8511,3.5379,3.8894,3.0795,0.09,0.0001,21.4388,True
1790477114.5227,329.9009,3.5349,3.8896,3.0795,0.09,0.0003,21.4418,True
1790477114.5747,329.9529,3.5288,3.8899,3.0795,0.09,0.0003,21.448,True
1790477114.6227,330.0009,3.5257,3.8901,3.0795,0.09,0.0002,21.451,True
1790477114.6728,330.051,3.5196,3.8905,3.0795,0.09,0.0002,21.4571,True
1790477114.7227,330.1009,3.5166,3.8907,3.0795,0.09,0.0002,21.4602,True
1790477114.773,330.1512,3.5105,3.8911,3.0795,0.09,0.0003,21.4663,True
1790477114.8228,330.201,3.5074,3.8913,3.0795,0.09,0.0003,21.4694,True
1790477114.8732,330.2515,3.5044,3.8915,3.0795,0.09,0.0004,21.4724,True
1790477114.9227,330.301,3.4982,3.8918,3.0795,0.09,0.0005,21.4786,True
1790477114.9728,330.351,3.4952,3.892,3.0795,0.09,0.0005,21.4816,True
1790477115.0251,330.4033,3.4891,3.8924,3.0795,0.09,0.0006,21.4877,True
1790477115.0727,330.4509,3.486,3.8926,3.0795,0.09,0.0006,21.4908,True
1790477115.1228,330.501,3.4799,3.893,3.0796,0.09,0.0005,21.4969,True
1790477115.1727,330.5509,3.4769,3.8932,3.0796,0.09,0.0006,21.5,True
1790477115.2226,330.6009,3.4708,3.8936,3.0796,0.09,0.0005,21.5061,True
1790477115.2728,330.651,3.4677,3.8937,3.0796,0.09,0.0004,21.5092,True
1790477115.3231,330.7014,3.4616,3.8941,3.0796,0.09,0.0002,21.5153,True
1790477115.3726,330.7509,3.4585,3.8943,3.0796,0.09,0.0001,21.5183,True
1790477115.4227,330.8009,3.4524,3.8947,3.0796,0.09,0.0001,21.5245,True
1790477115.4728,330.851,3.4494,3.8949,3.0796,0.09,-0.0,21.5275,True
1790477115.5226,330.9009,3.4433,3.8953,3.0796,0.09,-0.0,21.5336,True
1790477115.5727,330.9509,3.4402,3.8954,3.0796,0.09,-0.0002,21.5367,True
1790477115.6227,331.0009,3.4372,3.8956,3.0796,0.09,-0.0003,21.5398,True
1790477115.6726,331.0508,3.4311,3.896,3.0796,0.09,-0.0004,21.5459,True
1790477115.7226,331.1009,3.428,3.8962,3.0796,0.09,-0.0005,21.5489,True
1790477115.7738,331.152,3.4219,3.8966,3.0796,0.09,-0.0005,21.5551,True
1790477115.8248,331.203,3.4188,3.8968,3.0796,0.09,-0.0005,21.5581,True
1790477115.8726,331.2509,3.4127,3.8972,3.0795,0.09,-0.0002,21.5642,True
1790477115.9227,331.3009,3.4097,3.8973,3.0795,0.09,-0.0,21.5673,True
1790477115.9728,331.3511,3.4036,3.8977,3.0795,0.09,-0.0,21.5734,True
1790477116.0227,331.401,3.4005,3.8979,3.0795,0.09,0.0,21.5765,True
1790477116.0727,331.4509,3.3944,3.8983,3.0796,0.09,-0.0,21.5826,True
1790477116.1228,331.501,3.3914,3.8985,3.0796,0.09,0.0,21.5857,True
1790477116.1727,331.5509,3.3852,3.8989,3.0796,0.09,0.0001,21.5918,True
1790477116.2227,331.601,3.3822,3.8991,3.0796,0.09,0.0002,21.5948,True
1790477116.2727,331.6509,3.3761,3.8994,3.0796,0.09,0.0002,21.601,True
1790477116.3228,331.701,3.373,3.8996,3.0796,0.09,0.0001,21.604,True
1790477116.3729,331.7511,3.3669,3.9,3.0796,0.09,0.0001,21.6101,True
1790477116.4233,331.8015,3.3639,3.9002,3.0796,0.09,0.0002,21.6132,True
1790477116.4728,331.851,3.3608,3.9004,3.0796,0.09,0.0002,21.6163,True
1790477116.5228,331.901,3.3547,3.9008,3.0796,0.09,0.0002,21.6224,True
1790477116.5727,331.951,3.3516,3.9009,3.0796,0.09,0.0002,21.6254,True
1790477116.6227,332.0009,3.3455,3.9013,3.0796,0.09,0.0003,21.6316,True
1790477116.6727,332.051,3.3425,3.9015,3.0796,0.09,0.0003,21.6346,True
1790477116.7228,332.101,3.3364,3.9019,3.0796,0.09,0.0003,21.6407,True
1790477116.7728,332.151,3.3333,3.9021,3.0796,0.09,0.0004,21.6438,True
1790477116.8227,332.2009,3.3272,3.9025,3.0797,0.09,0.0004,21.6499,True
1790477116.8727,332.2509,3.3242,3.9027,3.0797,0.09,0.0004,21.653,True
1790477116.9227,332.3009,3.318,3.903,3.0797,0.09,0.0002,21.6591,True
1790477116.9726,332.3509,3.315,3.9032,3.0797,0.09,0.0001,21.6622,True
1790477117.0227,332.4009,3.3089,3.9036,3.0797,0.09,-0.0,21.6683,True
1790477117.0742,332.4524,3.3058,3.9038,3.0797,0.09,-0.0001,21.6713,True
1790477117.1227,332.5009,3.2997,3.9042,3.0797,0.09,-0.0001,21.6775,True
1790477117.1729,332.5511,3.2967,3.9044,3.0797,0.09,0.0,21.6805,True
1790477117.2227,332.6009,3.2936,3.9045,3.0797,0.09,0.0001,21.6836,True
1790477117.2729,332.6511,3.2875,3.9049,3.0797,0.09,0.0002,21.6897,True
1790477117.3227,332.7009,3.2844,3.9051,3.0797,0.09,0.0002,21.6928,True
1790477117.3728,332.751,3.2783,3.9055,3.0797,0.09,0.0001,21.6989,True
1790477117.4227,332.8009,3.2753,3.9057,3.0798,0.09,0.0,21.702,True
1790477117.4726,332.8509,3.2692,3.9061,3.0798,0.09,-0.0001,21.7081,True
1790477117.5227,332.9009,3.2661,3.9062,3.0798,0.09,-0.0001,21.7111,True
1790477118.2299,333.6081,3.2631,3.9064,3.0798,0.09,-0.0001,21.7142,True
1790477118.273,333.6512,3.2417,3.9078,3.0798,0.09,-0.0002,21.7356,True
1790477118.3227,333.7009,3.2325,3.9083,3.0798,0.09,-0.0002,21.7448,True
1790477118.3726,333.7509,3.2295,3.9085,3.0798,0.09,-0.0001,21.7479,True
1790477118.4228,333.801,3.2234,3.9089,3.0798,0.09,-0.0001,21.754,True
1790477119.2112,334.5894,3.2234,3.9089,3.0798,0.09,-0.0001,21.754,True
1790477119.2227,334.6009,3.2142,3.9095,3.0798,0.09,-0.0001,21.7632,True
1790477119.2726,334.6508,3.1989,3.9104,3.0798,0.09,-0.0003,21.7785,True
1790477119.3226,334.7009,3.1928,3.9108,3.0798,0.09,-0.0004,21.7846,True
1790477119.3728,334.751,3.1898,3.911,3.0798,0.09,-0.0003,21.7876,True
1790477119.4227,334.8009,3.1837,3.9114,3.0798,0.09,-0.0002,21.7938,True
1790477119.4726,334.8509,3.1775,3.9117,3.0798,0.09,-0.0001,21.7999,True
1790477119.5227,334.9009,3.1745,3.9119,3.0798,0.09,-0.0002,21.8029,True
1790477119.5727,334.9509,3.1684,3.9123,3.0798,0.09,-0.0003,21.8091,True
1790477119.6226,335.0009,3.1653,3.9125,3.0798,0.09,-0.0003,21.8121,True
1790477119.677,335.0552,3.1592,3.9129,3.0798,0.09,-0.0003,21.8182,True
1790477119.7227,335.1009,3.1562,3.9131,3.0798,0.09,-0.0002,21.8213,True
1790477119.7727,335.1509,3.1531,3.9132,3.0798,0.09,-0.0001,21.8244,True
1790477119.8226,335.2009,3.147,3.9136,3.0798,0.09,0.0001,21.8305,True
1790477119.8727,335.2509,3.1439,3.9138,3.0798,0.09,0.0002,21.8335,True
1790477119.925,335.3032,3.1378,3.9142,3.0798,0.09,0.0003,21.8397,True
1790477119.9727,335.351,3.1348,3.9144,3.0798,0.09,0.0005,21.8427,True
1790477120.0227,335.401,3.1287,3.9148,3.0798,0.09,0.0006,21.8488,True
1790477120.0727,335.4509,3.1256,3.9149,3.0798,0.09,0.0006,21.8519,True
1790477120.1227,335.5009,3.1195,3.9153,3.0798,0.09,0.0006,21.858,True
1790477120.1727,335.5509,3.1165,3.9155,3.0798,0.09,0.0005,21.8611,True
1790477120.2227,335.6009,3.1104,3.9159,3.0799,0.09,0.0003,21.8672,True
1790477120.2754,335.6536,3.1073,3.9161,3.0799,0.09,0.0001,21.8703,True
1790477120.3227,335.7009,3.1012,3.9165,3.0799,0.09,-0.0,21.8764,True
1790477120.3728,335.751,3.0981,3.9166,3.0799,0.09,-0.0001,21.8794,True
1790477120.4227,335.8009,3.092,3.917,3.0799,0.09,-0.0002,21.8856,True
1790477120.4728,335.851,3.089,3.9172,3.0799,0.09,-0.0003,21.8886,True
1790477120.5227,335.9009,3.0829,3.9176,3.0799,0.09,-0.0004,21.8947,True
1790477120.5728,335.9511,3.0798,3.9178,3.0799,0.09,-0.0003,21.8978,True
1790477120.6227,336.0009,3.0768,3.918,3.0799,0.09,-0.0003,21.9009,True
1790477120.6747,336.0529,3.0707,3.9183,3.0799,0.09,-0.0003,21.907,True
1790477120.7227,336.101,3.0676,3.9185,3.0799,0.09,-0.0004,21.91,True
1790477120.7741,336.1524,3.0615,3.9189,3.0799,0.09,-0.0005,21.9162,True
1790477120.8227,336.2009,3.0584,3.9191,3.0798,0.09,-0.0005,21.9192,True
1790477120.8727,336.2509,3.0523,3.9195,3.0798,0.09,-0.0005,21.9253,True
1790477120.9227,336.301,3.0493,3.9197,3.0798,0.09,-0.0004,21.9284,True
1790477120.9727,336.3509,3.0432,3.92,3.0798,0.09,-0.0004,21.9345,True
1790477121.0226,336.4009,3.0401,3.9202,3.0798,0.09,-0.0005,21.9376,True
1790477121.0726,336.4509,3.034,3.9206,3.0798,0.09,-0.0004,21.9437,True
1790477121.1228,336.501,3.031,3.9208,3.0798,0.09,-0.0004,21.9468,True
1790477121.1726,336.5509,3.0248,3.9212,3.0798,0.09,-0.0004,21.9529,True
1790477121.2228,336.601,3.0218,3.9214,3.0798,0.09,-0.0004,21.9559,True
1790477121.2739,336.6521,3.0187,3.9216,3.0797,0.09,-0.0005,21.959,True
1790477121.3226,336.7009,3.0126,3.9219,3.0797,0.09,-0.0002,21.9651,True
1790477121.3726,336.7509,3.0096,3.9221,3.0797,0.09,0.0001,21.9682,True
1790477121.4243,336.8025,3.0035,3.9225,3.0797,0.09,0.0004,21.9743,True
1790477121.4727,336.851,3.0004,3.9227,3.0797,0.09,0.0006,21.9774,True
1790477121.5227,336.9009,2.9943,3.9231,3.0797,0.09,0.0006,21.9835,True
1790477121.5728,336.951,2.9912,3.9233,3.0798,0.09,0.0006,21.9865,True
1790477121.6229,337.0012,2.9851,3.9236,3.0798,0.09,0.0005,21.9927,True
1790477121.6727,337.0509,2.9821,3.9238,3.0798,0.09,0.0005,21.9957,True
1790477121.7227,337.101,2.976,3.9242,3.0798,0.0,0.0,22.0018,True
1790477121.7728,337.151,2.9742,3.9243,3.0817,0.0,0.45,22.0037,True
1790477121.8231,337.2013,2.9721,3.9244,3.098,0.0,0.45,22.0057,True
1790477121.8728,337.251,2.9719,3.9244,3.1124,0.0,0.45,22.006,True
1790477121.9227,337.301,2.9719,3.9244,3.1277,0.0,0.45,22.006,True
1790477121.9727,337.3509,2.9717,3.9244,-3.1247,0.0,0.45,22.0061,True
1790477122.0228,337.401,2.9716,3.9244,-3.1093,0.0,0.45,22.0062,True
1790477122.0752,337.4534,2.9715,3.9244,-3.0785,0.0,0.45,22.0064,True
1790477122.1227,337.501,2.9714,3.9244,-3.063,0.0,0.45,22.0064,True
1790477122.1727,337.5509,2.9712,3.9244,-3.0322,0.0,0.45,22.0066,True
1790477122.2227,337.6009,2.9711,3.9244,-3.0167,0.0,0.45,22.0067,True
1790477122.2741,337.6524,2.9709,3.9244,-2.9859,0.0,0.45,22.0069,True
1790477122.3228,337.701,2.9708,3.9243,-2.9704,0.0,0.45,22.007,True
1790477122.3727,337.7509,2.9706,3.9243,-2.9395,0.0,0.45,22.0072,True
1790477122.4231,337.8013,2.9706,3.9243,-2.9241,0.0,0.45,22.0073,True
1790477122.4741,337.8523,2.9704,3.9242,-2.8932,0.0,0.45,22.0075,True
1790477122.5226,337.9009,2.9703,3.9242,-2.8778,0.0,0.45,22.0076,True
1790477122.5726,337.9509,2.9701,3.9242,-2.847,0.0,0.45,22.0078,True
1790477122.6228,338.001,2.97,3.9241,-2.8315,0.0,0.45,22.0079,True
1790477122.6736,338.0519,2.9699,3.9241,-2.8161,0.0,0.45,22.008,True
1790477122.7226,338.1008,2.9697,3.924,-2.7853,0.0,0.45,22.0082,True
1790477122.7727,338.1509,2.9696,3.924,-2.7699,0.0,0.45,22.0083,True
1790477122.8228,338.201,2.9695,3.9239,-2.7392,0.0,0.45,22.0084,True
1790477122.8727,338.2509,2.9694,3.9239,-2.7238,0.0,0.45,22.0085,True
1790477122.9227,338.3009,2.9692,3.9238,-2.6931,0.0,0.45,22.0087,True
1790477122.9727,338.3509,2.9691,3.9238,-2.6778,0.0,0.45,22.0088,True
1790477123.0226,338.4009,2.969,3.9237,-2.6472,0.0,0.45,22.009,True
1790477123.0727,338.451,2.9689,3.9237,-2.6319,0.0,0.45,22.0091,True
1790477123.1227,338.5009,2.9688,3.9236,-2.6014,0.0,0.45,22.0092,True
1790477123.1727,338.5509,2.9687,3.9235,-2.5862,0.0,0.45,22.0093,True
1790477123.2228,338.601,2.9686,3.9235,-2.5709,0.0,0.45,22.0094,True
1790477123.2727,338.6509,2.9685,3.9234,-2.5406,0.0,0.45,22.0095,True
1790477123.3226,338.7009,2.9684,3.9233,-2.5102,0.0,0.45,22.0097,True
1790477123.3728,338.751,2.9683,3.9233,-2.4951,0.0,0.45,22.0098,True
1790477123.4227,338.801,2.9682,3.9232,-2.4648,0.0,0.45,22.0099,True
1790477123.4728,338.851,2.9681,3.9231,-2.4496,0.0,0.45,22.01,True
1790477123.5228,338.901,2.9681,3.9231,-2.4343,0.0,0.45,22.0101,True
1790477123.5726,338.9509,2.968,3.923,-2.4033,0.0,0.45,22.0102,True
1790477123.6228,339.001,2.968,3.923,-2.3879,0.0,0.45,22.0102,True
1790477123.6727,339.0509,2.9679,3.923,-2.3576,0.0,0.45,22.0103,True
1790477123.7228,339.101,2.9679,3.9229,-2.3273,0.0,0.45,22.0103,True
1790477123.7728,339.1511,2.9679,3.9229,-2.3122,0.0,0.45,22.0103,True
1790477123.8228,339.2011,2.9679,3.9229,-2.2971,0.0,0.45,22.0103,True
1790477123.8729,339.2511,2.9679,3.9229,-2.2669,0.0,0.45,22.0104,True
1790477123.9227,339.3009,2.9678,3.9229,-2.2517,0.0,0.45,22.0104,True
1790477123.9728,339.351,2.9678,3.9228,-2.2215,0.0,0.45,22.0104,True
1790477124.0252,339.4035,2.9678,3.9228,-2.2064,0.0,0.45,22.0105,True
1790477124.0727,339.4509,2.9678,3.9227,-2.1762,0.0,0.45,22.0105,True
1790477124.1227,339.5009,2.9677,3.9227,-2.1611,0.0,0.45,22.0106,True
1790477124.1726,339.5508,2.9677,3.9226,-2.1309,0.0,0.45,22.0107,True
1790477124.2227,339.6009,2.9677,3.9226,-2.1158,0.0,0.45,22.0107,True
1790477124.2739,339.6522,2.9676,3.9225,-2.0856,0.0,0.45,22.0108,True
1790477124.3228,339.701,2.9676,3.9225,-2.0705,0.0,0.45,22.0109,True
1790477124.3727,339.7509,2.9675,3.9224,-2.0403,0.0,0.45,22.011,True
1790477124.4227,339.801,2.9675,3.9223,-2.0252,0.0,0.45,22.011,True
1790477124.4756,339.8538,2.9674,3.9222,-1.995,0.0,0.45,22.0112,True
1790477124.5247,339.9029,2.9674,3.9221,-1.9799,0.0,0.45,22.0113,True
1790477124.5726,339.9509,2.9674,3.922,-1.9648,0.0,0.45,22.0113,True
1790477124.6232,340.0014,2.9673,3.9219,-1.9346,0.0,0.4353,22.0115,True
1790477124.6727,340.0509,2.9673,3.9218,-1.92,0.0,0.4048,22.0116,True
1790477124.7227,340.1009,2.9672,3.9216,-1.8919,0.0,0.3752,22.0118,True
1790477124.7727,340.1509,2.9672,3.9215,-1.8793,0.0,0.3485,22.0119,True
1790477124.8228,340.201,2.9672,3.9214,-1.8551,0.0,0.3229,22.012,True
1790477124.8726,340.2509,2.9671,3.9214,-1.8443,0.0,0.2998,22.0121,True
1790477124.9227,340.3009,2.9671,3.9213,-1.8234,0.0,0.277,22.0122,True
1790477124.9727,340.3509,2.9671,3.9212,-1.8142,0.0,0.2572,22.0122,True
1790477125.0228,340.401,2.9671,3.9212,-1.797,0.0,0.2428,22.0122,True
1790477125.0728,340.451,2.9671,3.9212,-1.7889,0.0,0.222,22.0123,True
1790477125.1227,340.5009,2.9671,3.9211,-1.7741,0.0,0.2062,22.0123,True
1790477125.1743,340.5525,2.9671,3.9211,-1.7672,0.0,0.1946,22.0123,True
1790477125.2227,340.6009,2.9671,3.9211,-1.7542,0.0,0.1782,22.0123,True
1790477125.273,340.6512,2.9671,3.9211,-1.7483,0.0,0.1677,22.0124,True
1790477125.3228,340.701,2.9671,3.9211,-1.7426,0.0,0.1556,22.0124,True
1790477125.3727,340.7509,2.9671,3.921,-1.7319,0.0,0.0,22.0124,False
1790477125.4227,340.8009,2.9671,3.9211,-1.7222,0.08,0.1088,22.0125,True
1790477125.4727,340.8509,2.967,3.9202,-1.7177,0.08,0.1031,22.0136,True
1790477125.5227,340.901,2.9666,3.9181,-1.7156,0.08,0.0994,22.0157,True
1790477125.5727,340.9509,2.9659,3.9127,-1.7089,0.08,0.0928,22.0212,True
1790477125.6227,341.001,2.9655,3.91,-1.7058,0.08,0.0883,22.0239,True
1790477125.6746,341.0528,2.9648,3.9046,-1.6997,0.08,0.0829,22.0293,True
1790477125.7227,341.101,2.9644,3.9019,-1.6969,0.08,0.0779,22.0321,True
1790477125.7727,341.1509,2.9638,3.8965,-1.6917,0.08,0.073,22.0375,True
1790477125.8227,341.2009,2.9634,3.8938,-1.6892,0.08,0.0687,22.0402,True
1790477125.8727,341.2509,2.9628,3.8884,-1.6846,0.08,0.0646,22.0457,True
1790477125.9227,341.3009,2.9625,3.8857,-1.6825,0.08,0.0607,22.0484,True
1790477125.9728,341.351,2.9619,3.8803,-1.6784,0.08,0.0571,22.0538,True
1790477126.0231,341.4013,2.9616,3.8776,-1.6765,0.08,0.0536,22.0566,True
1790477126.0727,341.4509,2.9613,3.8749,-1.6747,0.08,0.0504,22.0593,True
1790477126.1227,341.5009,2.9608,3.8695,-1.6712,0.08,0.0473,22.0647,True
1790477126.175,341.5532,2.9605,3.8667,-1.6696,0.08,0.0445,22.0675,True
1790477126.2228,341.601,2.96,3.8613,-1.6666,0.08,0.0418,22.0729,True
1790477126.2727,341.6509,2.9597,3.8586,-1.6652,0.08,0.0393,22.0756,True
1790477126.3227,341.7009,2.9592,3.8532,-1.6624,0.08,0.0369,22.0811,True
1790477126.3726,341.7509,2.959,3.8505,-1.6612,0.08,0.0347,22.0838,True
1790477126.4228,341.801,2.9585,3.8451,-1.6588,0.08,0.0325,22.0892,True
1790477126.4727,341.8509,2.9582,3.8424,-1.6577,0.08,0.0306,22.092,True
1790477126.5227,341.9009,2.9578,3.8369,-1.6557,0.08,0.0288,22.0974,True
1790477126.5726,341.9509,2.9576,3.8342,-1.6547,0.08,0.027,22.1001,True
1790477126.6227,342.0009,2.9571,3.8288,-1.6529,0.08,0.0254,22.1056,True
1790477126.6726,342.0509,2.9569,3.8261,-1.6521,0.08,0.0239,22.1083,True
1790477126.7227,342.1009,2.9564,3.8207,-1.6505,0.08,0.0225,22.1137,True
1790477126.7731,342.1513,2.9562,3.8179,-1.6497,0.08,0.0211,22.1165,True
1790477126.8228,342.2011,2.956,3.8152,-1.649,0.08,0.0199,22.1192,True
1790477126.8728,342.2511,2.9556,3.8098,-1.6477,0.08,0.0187,22.1246,True
1790477126.925,342.3032,2.9554,3.8071,-1.647,0.08,0.0176,22.1273,True
1790477126.9727,342.351,2.955,3.8017,-1.6458,0.08,0.0165,22.1328,True
1790477127.0227,342.401,2.9548,3.7989,-1.6453,0.08,0.0155,22.1355,True
1790477127.0727,342.4509,2.9544,3.7935,-1.6442,0.08,0.0146,22.1409,True
1790477127.1227,342.5009,2.9542,3.7908,-1.6437,0.08,0.0137,22.1437,True
1790477127.1727,342.5509,2.9538,3.7854,-1.6428,0.08,0.0129,22.1491,True
1790477127.2228,342.601,2.9536,3.7827,-1.6424,0.08,0.0123,22.1518,True
1790477127.2728,342.651,2.9532,3.7772,-1.6416,0.08,0.0114,22.1573,True
1790477127.3227,342.7009,2.953,3.7745,-1.6412,0.08,0.0107,22.16,True
1790477127.373,342.7512,2.9526,3.7691,-1.6405,0.08,0.0101,22.1654,True
1790477127.4228,342.801,2.9524,3.7664,-1.6401,0.08,0.0096,22.1682,True
1790477127.4755,342.8537,2.9522,3.7637,-1.6398,0.08,0.0091,22.1709,True
1790477127.5228,342.901,2.9519,3.7582,-1.6392,0.08,0.0084,22.1763,True
1790477127.5735,342.9518,2.9517,3.7555,-1.6389,0.08,0.0079,22.179,True
1790477127.623,343.0012,2.9513,3.7501,-1.6384,0.08,0.0076,22.1845,True
1790477127.6727,343.0509,2.9511,3.7474,-1.6381,0.08,0.007,22.1872,True
1790477127.7227,343.1009,2.9508,3.7419,-1.6377,0.08,0.0066,22.1926,True
1790477127.7729,343.1511,2.9506,3.7392,-1.6374,0.08,0.0062,22.1954,True
1790477127.8227,343.2009,2.9502,3.7338,-1.637,0.08,0.0059,22.2008,True
1790477127.8727,343.2509,2.95,3.7311,-1.6368,0.08,0.0055,22.2035,True
1790477127.9227,343.3009,2.9497,3.7257,-1.6365,0.08,0.0052,22.209,True
1790477127.9727,343.3509,2.9495,3.7229,-1.6363,0.08,0.0049,22.2117,True
1790477128.0227,343.401,2.9491,3.7175,-1.636,0.08,0.0046,22.2171,True
1790477128.0727,343.451,2.949,3.7148,-1.6358,0.08,0.0043,22.2199,True
1790477128.1227,343.5009,2.9486,3.7094,-1.6355,0.08,0.0041,22.2253,True
1790477128.1727,343.5509,2.9484,3.7067,-1.6354,0.08,0.0038,22.228,True
1790477128.2227,343.6009,2.9481,3.7012,-1.6351,0.08,0.0036,22.2335,True
1790477128.2727,343.6509,2.9479,3.6985,-1.635,0.08,0.0034,22.2362,True
1790477128.3226,343.7008,2.9476,3.6931,-1.6348,0.08,0.0032,22.2416,True
1790477128.376,343.7542,2.9474,3.6904,-1.6347,0.08,0.003,22.2443,True
1790477128.4228,343.801,2.947,3.6849,-1.6345,0.08,0.0029,22.2498,True
1790477128.4728,343.8511,2.9469,3.6822,-1.6344,0.08,0.0027,22.2525,True
1790477128.5227,343.9009,2.9465,3.6768,-1.6343,0.08,0.0025,22.2579,True
1790477128.5743,343.9525,2.9464,3.6741,-1.6342,0.08,0.0024,22.2607,True
1790477128.6227,344.0009,2.9462,3.6714,-1.6341,0.08,0.0023,22.2634,True
1790477128.6727,344.0509,2.9458,3.6659,-1.634,0.08,0.0022,22.2688,True
1790477128.7227,344.101,2.9457,3.6632,-1.6339,0.08,0.002,22.2715,True
1790477128.7742,344.1524,2.9453,3.6578,-1.6338,0.08,0.0019,22.277,True
1790477128.8228,344.201,2.9452,3.6551,-1.6337,0.08,0.0018,22.2797,True
1790477128.8729,344.2511,2.9448,3.6496,-1.6336,0.08,0.0017,22.2851,True
1790477128.9227,344.301,2.9446,3.6469,-1.6336,0.08,0.0017,22.2879,True
1790477128.973,344.3512,2.9443,3.6415,-1.6335,0.08,0.0016,22.2933,True
1790477129.0227,344.4009,2.9441,3.6388,-1.6335,0.08,0.0015,22.296,True
1790477129.0726,344.4509,2.9438,3.6333,-1.6334,0.08,0.0015,22.3015,True
1790477129.1228,344.501,2.9436,3.6306,-1.6333,0.08,0.0014,22.3042,True
1790477129.1726,344.5509,2.9433,3.6252,-1.6333,0.08,0.0013,22.3096,True
1790477129.2227,344.6009,2.9431,3.6225,-1.6333,0.08,0.0013,22.3124,True
1790477129.2727,344.6509,2.9428,3.6171,-1.6332,0.08,0.0012,22.3178,True
1790477129.3227,344.7009,2.9426,3.6143,-1.6332,0.08,0.0012,22.3205,True
1790477129.3727,344.7509,2.9424,3.6116,-1.6332,0.08,0.0012,22.3232,True
1790477129.4229,344.8011,2.9421,3.6062,-1.6331,0.08,0.0011,22.3287,True
1790477129.4726,344.8509,2.9419,3.6035,-1.6331,0.08,0.0011,22.3314,True
1790477129.5228,344.901,2.9416,3.598,-1.6331,0.08,0.0011,22.3368,True
1790477129.5768,344.955,2.9414,3.5953,-1.633,0.08,0.001,22.3396,True
1790477129.6228,345.001,2.9411,3.5899,-1.633,0.08,0.001,22.345,True
1790477129.6756,345.0538,2.9409,3.5872,-1.633,0.08,0.001,22.3477,True
1790477129.7227,345.101,2.9406,3.5818,-1.633,0.08,0.001,22.3532,True
1790477129.7739,345.1521,2.9404,3.579,-1.633,0.08,0.0009,22.3559,True
1790477129.8227,345.2009,2.9401,3.5736,-1.6329,0.08,0.0009,22.3613,True
1790477129.8727,345.2509,2.9399,3.5709,-1.6329,0.08,0.0009,22.364,True
1790477129.9228,345.301,2.9396,3.5655,-1.6329,0.08,0.0009,22.3695,True
1790477129.9727,345.3509,2.9394,3.5627,-1.6329,0.08,0.0009,22.3722,True
1790477130.0227,345.4009,2.939,3.5573,-1.6329,0.08,0.0009,22.3777,True
1790477130.0727,345.4509,2.9389,3.5546,-1.6329,0.08,0.0008,22.3804,True
1790477130.1229,345.5011,2.9387,3.5519,-1.6329,0.08,0.0008,22.3831,True
1790477130.1727,345.551,2.9384,3.5465,-1.6329,0.08,0.0008,22.3885,True
1790477130.2227,345.6009,2.9382,3.5437,-1.6328,0.08,0.0008,22.3913,True
1790477130.2727,345.6509,2.9379,3.5383,-1.6328,0.08,0.0008,22.3967,True
1790477130.3227,345.701,2.9377,3.5356,-1.6328,0.08,0.0008,22.3994,True
1790477130.3739,345.7521,2.9375,3.5329,-1.6328,0.08,0.0008,22.4021,True
1790477130.4227,345.8009,2.9372,3.5274,-1.6328,0.08,0.0008,22.4076,True
1790477130.4727,345.8509,2.9369,3.522,-1.6328,0.08,0.0008,22.413,True
1790477130.5226,345.9009,2.9367,3.5193,-1.6328,0.08,0.0007,22.4157,True
1790477130.5726,345.9508,2.9364,3.5139,-1.6328,0.08,0.0007,22.4212,True
1790477130.6228,346.001,2.9362,3.5112,-1.6328,0.08,0.0007,22.4239,True
1790477130.6728,346.0511,2.936,3.5084,-1.6328,0.08,0.0007,22.4266,True
1790477130.7227,346.1009,2.9357,3.503,-1.6328,0.08,0.0007,22.4321,True
1790477130.7751,346.1533,2.9355,3.5003,-1.6328,0.0,0.0,22.4348,True
1790477130.8227,346.2009,2.9352,3.496,-1.6294,0.0,-0.45,22.4391,True
1790477130.8731,346.2513,2.9352,3.4945,-1.6337,0.0,-0.45,22.4406,True
1790477130.9227,346.3009,2.9351,3.4931,-1.6545,0.0,-0.45,22.442,True
1790477130.9727,346.3509,2.9351,3.4931,-1.6701,0.0,-0.45,22.442,True
1790477131.0226,346.4009,2.9351,3.4933,-1.701,0.0,-0.45,22.4421,True
1790477131.0727,346.4509,2.9351,3.4933,-1.7164,0.0,-0.45,22.4422,True
1790477131.1227,346.5009,2.9351,3.4935,-1.7473,0.0,-0.45,22.4424,True
1790477131.1727,346.5509,2.9351,3.4936,-1.7628,0.0,-0.45,22.4425,True
1790477131.2227,346.6009,2.9352,3.4938,-1.7937,0.0,-0.45,22.4427,True
1790477131.277,346.6552,2.9352,3.4939,-1.8091,0.0,-0.45,22.4427,True
1790477131.3227,346.7009,2.9352,3.494,-1.84,0.0,-0.45,22.4429,True
1790477131.3743,346.7525,2.9353,3.4941,-1.8555,0.0,-0.45,22.443,True
1790477131.4231,346.8013,2.9353,3.4943,-1.8864,0.0,-0.45,22.4432,True
1790477131.4729,346.8511,2.9353,3.4944,-1.9018,0.0,-0.45,22.4433,True
1790477131.5227,346.9009,2.9354,3.4945,-1.9173,0.0,-0.45,22.4434,True
1790477131.5731,346.9513,2.9354,3.4947,-1.9481,0.0,-0.45,22.4436,True
1790477131.627,347.0052,2.9355,3.4948,-1.9636,0.0,-0.45,22.4437,True
1790477131.6727,347.0509,2.9356,3.4949,-1.9944,0.0,-0.45,22.4439,True
1790477131.7227,347.1009,2.9356,3.495,-2.0098,0.0,-0.45,22.444,True
1790477131.7727,347.151,2.9357,3.4952,-2.0406,0.0,-0.45,22.4442,True
1790477131.8227,347.2009,2.9357,3.4953,-2.056,0.0,-0.45,22.4443,True
1790477131.873,347.2512,2.9358,3.4954,-2.0868,0.0,-0.45,22.4445,True
1790477131.9232,347.3014,2.9359,3.4955,-2.1021,0.0,-0.45,22.4445,True
1790477131.9727,347.351,2.936,3.4957,-2.1328,0.0,-0.45,22.4447,True
1790477132.0226,347.4009,2.936,3.4958,-2.1481,0.0,-0.45,22.4448,True
1790477132.0726,347.4509,2.9361,3.4959,-2.1787,0.0,-0.45,22.445,True
1790477132.1226,347.5009,2.9361,3.496,-2.1939,0.0,-0.45,22.4451,True
1790477132.1741,347.5523,2.9362,3.4961,-2.2244,0.0,-0.45,22.4452,True
1790477132.2227,347.6009,2.9363,3.4962,-2.2396,0.0,-0.45,22.4453,True
1790477132.2727,347.6509,2.9364,3.4963,-2.27,0.0,-0.45,22.4455,True
1790477132.3227,347.7009,2.9364,3.4963,-2.2852,0.0,-0.45,22.4456,True
1790477132.3726,347.7509,2.9365,3.4964,-2.3003,0.0,-0.45,22.4456,True
1790477132.4227,347.8009,2.9366,3.4965,-2.3308,0.0,-0.45,22.4458,True
1790477132.4727,347.8509,2.9366,3.4965,-2.3464,0.0,-0.45,22.4458,True
1790477132.5226,347.9008,2.9367,3.4966,-2.3773,0.0,-0.45,22.4459,True
1790477132.573,347.9512,2.9367,3.4966,-2.3926,0.0,-0.45,22.446,True
1790477132.6228,348.001,2.9368,3.4967,-2.4229,0.0,-0.45,22.446,True
1790477132.6727,348.0509,2.9368,3.4967,-2.4381,0.0,-0.45,22.446,True
1790477132.7228,348.101,2.9368,3.4967,-2.4683,0.0,-0.45,22.446,True
1790477132.7727,348.151,2.9368,3.4967,-2.4835,0.0,-0.45,22.4461,True
1790477132.8249,348.2031,2.9368,3.4967,-2.5138,0.0,-0.45,22.4461,True
1790477132.8727,348.251,2.9368,3.4967,-2.5289,0.0,-0.45,22.4461,True
1790477132.9227,348.3009,2.9369,3.4967,-2.5592,0.0,-0.45,22.4461,True
1790477132.9729,348.3511,2.9369,3.4968,-2.5743,0.0,-0.45,22.4462,True
1790477133.0253,348.4035,2.9369,3.4968,-2.5894,0.0,-0.45,22.4462,True
1790477133.0727,348.451,2.937,3.4968,-2.6197,0.0,-0.45,22.4463,True
1790477133.1228,348.501,2.937,3.4968,-2.6348,0.0,-0.45,22.4463,True
1790477133.1728,348.551,2.9371,3.4969,-2.6651,0.0,-0.45,22.4464,True
1790477133.2226,348.6009,2.9371,3.4969,-2.6802,0.0,-0.45,22.4464,True
1790477133.2727,348.6509,2.9372,3.4969,-2.7104,0.0,-0.45,22.4465,True
1790477133.3228,348.701,2.9372,3.4969,-2.7255,0.0,-0.45,22.4466,True
1790477133.3728,348.751,2.9373,3.497,-2.7558,0.0,-0.45,22.4467,True
1790477133.4227,348.801,2.9374,3.497,-2.7709,0.0,-0.45,22.4467,True
1790477133.4727,348.8509,2.9375,3.497,-2.8011,0.0,-0.45,22.4468,True
1790477133.5227,348.9009,2.9376,3.4971,-2.8162,0.0,-0.45,22.4469,True
1790477133.5732,348.9515,2.9377,3.4971,-2.8464,0.0,-0.45,22.447,True
1790477133.6228,349.0011,2.9378,3.4971,-2.8615,0.0,-0.45,22.4471,True
1790477133.6727,349.0509,2.9379,3.4972,-2.8918,0.0,-0.45,22.4473,True
1790477133.7228,349.101,2.938,3.4972,-2.9069,0.0,-0.4207,22.4474,True
1790477133.7728,349.1511,2.9382,3.4972,-2.9351,0.0,-0.3913,22.4476,True
1790477133.8253,349.2036,2.9383,3.4973,-2.9482,0.0,-0.3625,22.4477,True
1790477133.8728,349.251,2.9384,3.4973,-2.9725,0.0,-0.3371,22.4478,True
1790477133.9228,349.301,2.9385,3.4973,-2.9838,0.0,-0.3128,22.4479,True
1790477133.9728,349.351,2.9385,3.4973,-2.9943,0.0,-0.2908,22.4479,True
1790477134.0228,349.401,2.9386,3.4973,-3.0145,0.0,-0.2698,22.448,True
1790477134.0727,349.4509,2.9387,3.4973,-3.0236,0.0,-0.2546,22.448,True
1790477134.1227,349.5009,2.9387,3.4973,-3.0411,0.0,-0.2361,22.4481,True
1790477134.1727,349.551,2.9387,3.4973,-3.049,0.0,-0.2159,22.4481,True
1790477134.2227,349.6009,2.9387,3.4973,-3.0641,0.0,-0.2031,22.4481,True
1790477134.2727,349.651,2.9388,3.4973,-3.0709,0.0,-0.1886,22.4481,True
1790477134.3229,349.7011,2.9388,3.4973,-3.0835,0.0,-0.1754,22.4482,True
1790477134.3727,349.751,2.9388,3.4973,-3.0894,0.0,-0.1627,22.4482,True
1790477134.4227,349.801,2.9388,3.4973,-3.1002,0.0,-0.1513,22.4482,True
1790477134.4726,349.8509,2.9388,3.4973,-3.1053,0.0,0.0,22.4482,False
1790477134.5227,349.9009,2.9388,3.4973,-3.118,0.08,-0.1041,22.4483,True
1790477134.5732,349.9514,2.9376,3.4973,-3.1204,0.08,-0.0998,22.4495,True
1790477134.6227,350.0009,2.9325,3.4972,-3.1262,0.08,-0.0956,22.4545,True
1790477134.6727,350.0509,2.9298,3.4972,-3.1294,0.08,-0.0898,22.4572,True
1790477134.7227,350.1009,2.9271,3.4971,-3.1324,0.08,-0.0844,22.4599,True
1790477134.7727,350.1509,2.9217,3.4971,-3.1382,0.08,-0.0793,22.4654,True
1790477134.8228,350.201,2.919,3.4971,-3.1409,0.08,-0.0745,22.4681,True
1790477134.8726,350.2509,2.9135,3.4971,3.1371,0.08,-0.0699,22.4735,True
1790477134.9227,350.301,2.9108,3.4971,3.1348,0.08,-0.0657,22.4762,True
1790477134.9727,350.351,2.9054,3.4972,3.1302,0.08,-0.0617,22.4817,True
1790477135.0227,350.401,2.9027,3.4972,3.1282,0.08,-0.058,22.4844,True
1790477135.0727,350.451,2.8972,3.4973,3.1243,0.08,-0.0545,22.4898,True
1790477135.1227,350.5009,2.8945,3.4973,3.1225,0.08,-0.0512,22.4925,True
1790477135.1727,350.5509,2.8891,3.4975,3.119,0.08,-0.0482,22.498,True
1790477135.2228,350.601,2.8864,3.4975,3.1174,0.08,-0.0452,22.5007,True
1790477135.2727,350.651,2.8809,3.4977,3.1144,0.08,-0.0426,22.5061,True
1790477135.3227,350.701,2.8782,3.4977,3.1129,0.08,-0.04,22.5089,True
1790477135.3727,350.7509,2.8728,3.4979,3.1103,0.08,-0.0376,22.5143,True
1790477135.4227,350.8009,2.87,3.498,3.109,0.08,-0.0353,22.517,True
1790477135.4726,350.8509,2.8646,3.4982,3.1066,0.08,-0.0332,22.5225,True
1790477135.5229,350.9011,2.8619,3.4983,3.1055,0.08,-0.0312,22.5252,True
1790477135.5727,350.9509,2.8592,3.4984,3.1045,0.08,-0.0293,22.5279,True
1790477135.6227,351.0009,2.8537,3.4986,3.1025,0.08,-0.0276,22.5333,True
1790477135.6727,351.0509,2.851,3.4987,3.1015,0.08,-0.0259,22.536,True
1790477135.7227,351.101,2.8456,3.4989,3.0998,0.08,-0.0243,22.5415,True
1790477135.7743,351.1525,2.8429,3.499,3.0989,0.08,-0.0229,22.5442,True
1790477135.823,351.2012,2.8374,3.4993,3.0974,0.08,-0.0215,22.5496,True
1790477135.8726,351.2508,2.8347,3.4994,3.0966,0.08,-0.0202,22.5524,True
1790477135.9228,351.301,2.8293,3.4996,3.0953,0.08,-0.019,22.5578,True
1790477135.9728,351.351,2.8266,3.4998,3.0947,0.08,-0.0179,22.5605,True
1790477136.0226,351.4008,2.8211,3.5,3.0935,0.08,-0.0168,22.566,True
1790477136.073,351.4512,2.8184,3.5001,3.0929,0.08,-0.0158,22.5687,True
1790477136.1227,351.5009,2.813,3.5004,3.0919,0.08,-0.0149,22.5741,True
1790477136.1728,351.551,2.8103,3.5005,3.0914,0.08,-0.014,22.5768,True
1790477136.2227,351.6009,2.8048,3.5008,3.0904,0.08,-0.0131,22.5823,True
1790477136.2727,351.651,2.8021,3.501,3.09,0.08,-0.0124,22.585,True
1790477136.3227,351.7009,2.7994,3.5011,3.0896,0.08,-0.0116,22.5877,True
1790477136.3745,351.7527,2.794,3.5014,3.0888,0.08,-0.0109,22.5932,True
1790477136.4238,351.8021,2.7913,3.5015,3.0884,0.08,-0.0103,22.5959,True
1790477136.4735,351.8517,2.7858,3.5018,3.0877,0.08,-0.0097,22.6013,True
1790477136.5228,351.901,2.7831,3.502,3.0874,0.08,-0.0091,22.604,True
1790477136.5729,351.9511,2.7777,3.5023,3.0868,0.08,-0.0086,22.6095,True
1790477136.6227,352.0009,2.775,3.5024,3.0865,0.08,-0.008,22.6122,True
1790477136.6728,352.051,2.7695,3.5027,3.086,0.08,-0.0076,22.6176,True
1790477136.7227,352.1009,2.7668,3.5029,3.0857,0.08,-0.0071,22.6204,True
1790477136.773,352.1512,2.7614,3.5032,3.0853,0.08,-0.0067,22.6258,True
1790477136.8227,352.2009,2.7587,3.5033,3.085,0.08,-0.0064,22.6285,True
1790477136.8727,352.2509,2.7532,3.5036,3.0846,0.08,-0.006,22.634,True
1790477136.923,352.3012,2.7505,3.5038,3.0844,0.08,-0.0056,22.6367,True
1790477136.9727,352.3509,2.7451,3.5041,3.0841,0.08,-0.0053,22.6421,True
1790477137.0227,352.4009,2.7424,3.5043,3.0839,0.08,-0.005,22.6448,True
1790477137.0727,352.4509,2.7369,3.5046,3.0836,0.08,-0.0047,22.6503,True
1790477137.1227,352.5009,2.7342,3.5047,3.0834,0.08,-0.0044,22.653,True
1790477137.1727,352.5509,2.7288,3.505,3.0831,0.08,-0.0041,22.6584,True
1790477137.2227,352.6009,2.7261,3.5052,3.083,0.08,-0.0039,22.6612,True
1790477137.2727,352.651,2.7234,3.5054,3.0829,0.08,-0.0037,22.6639,True
1790477137.3228,352.701,2.7179,3.5057,3.0826,0.08,-0.0035,22.6693,True
1790477137.3752,352.7534,2.7152,3.5058,3.0825,0.08,-0.0033,22.672,True
1790477137.4239,352.8021,2.7098,3.5062,3.0823,0.08,-0.0031,22.6775,True
1790477137.4738,352.852,2.7071,3.5063,3.0822,0.08,-0.0029,22.6802,True
1790477137.5228,352.9011,2.7016,3.5067,3.082,0.08,-0.0027,22.6857,True
1790477137.5729,352.9511,2.6989,3.5068,3.0819,0.08,-0.0026,22.6884,True
1790477137.6226,353.0009,2.6935,3.5071,3.0818,0.08,-0.0024,22.6938,True
1790477137.6728,353.051,2.6908,3.5073,3.0817,0.08,-0.0023,22.6965,True
1790477137.7227,353.1009,2.6853,3.5076,3.0815,0.08,-0.0022,22.702,True
1790477137.778,353.1562,2.6826,3.5078,3.0815,0.08,-0.0021,22.7047,True
1790477137.8226,353.2008,2.6799,3.508,3.0814,0.08,-0.0019,22.7074,True
1790477137.8731,353.2513,2.6745,3.5083,3.0813,0.08,-0.0019,22.7129,True
1790477137.9227,353.3009,2.669,3.5086,3.0812,0.08,-0.0017,22.7183,True
1790477137.9729,353.3511,2.6663,3.5088,3.0811,0.08,-0.0016,22.721,True
1790477138.0227,353.4009,2.6636,3.5089,3.0811,0.08,-0.0015,22.7237,True
1790477138.0727,353.4509,2.6582,3.5093,3.081,0.08,-0.0015,22.7292,True
1790477138.1227,353.501,2.6555,3.5094,3.0809,0.08,-0.0014,22.7319,True
1790477138.1728,353.551,2.65,3.5098,3.0809,0.08,-0.0013,22.7373,True
1790477138.2231,353.6013,2.6473,3.5099,3.0808,0.08,-0.0012,22.7401,True
1790477138.2726,353.6509,2.6419,3.5103,3.0807,0.08,-0.0012,22.7455,True
1790477138.3228,353.701,2.6392,3.5104,3.0807,0.08,-0.0011,22.7482,True
1790477138.3728,353.751,2.6337,3.5108,3.0806,0.08,-0.0011,22.7537,True
1790477138.4227,353.8009,2.631,3.5109,3.0806,0.08,-0.001,22.7564,True
1790477138.4727,353.8509,2.6256,3.5113,3.0806,0.08,-0.001,22.7618,True
1790477138.5228,353.901,2.6229,3.5114,3.0805,0.08,-0.0009,22.7645,True
1790477138.5728,353.951,2.6202,3.5116,3.0805,0.08,-0.0009,22.7673,True
1790477138.6227,354.0009,2.6147,3.5119,3.0805,0.08,-0.0008,22.7727,True
1790477138.6728,354.0511,2.612,3.5121,3.0804,0.08,-0.0008,22.7754,True
1790477138.7231,354.1014,2.6066,3.5124,3.0804,0.08,-0.0008,22.7809,True
1790477138.7728,354.151,2.6039,3.5126,3.0804,0.08,-0.0007,22.7836,True
1790477138.8262,354.2045,2.5984,3.5129,3.0803,0.08,-0.0007,22.789,True
1790477138.8727,354.2509,2.5957,3.5131,3.0803,0.08,-0.0007,22.7918,True
1790477138.9227,354.3009,2.5903,3.5134,3.0803,0.08,-0.0006,22.7972,True
1790477138.9728,354.351,2.5876,3.5136,3.0803,0.08,-0.0006,22.7999,True
1790477139.0233,354.4015,2.5822,3.5139,3.0802,0.08,-0.0006,22.8054,True
1790477139.0726,354.4509,2.5794,3.5141,3.0802,0.08,-0.0006,22.8081,True
1790477139.1228,354.501,2.574,3.5144,3.0802,0.08,-0.0005,22.8135,True
1790477139.1728,354.551,2.5713,3.5146,3.0802,0.08,-0.0005,22.8162,True
1790477139.2231,354.6013,2.5659,3.5149,3.0802,0.08,-0.0005,22.8217,True
1790477139.2727,354.6509,2.5631,3.5151,3.0802,0.08,-0.0005,22.8244,True
1790477139.3226,354.7009,2.5577,3.5154,3.0801,0.08,-0.0005,22.8298,True
1790477139.3727,354.7509,2.555,3.5156,3.0801,0.08,-0.0004,22.8326,True
1790477139.4229,354.8012,2.5523,3.5158,3.0801,0.08,-0.0004,22.8353,True
1790477139.4727,354.8509,2.5469,3.5161,3.0801,0.08,-0.0004,22.8407,True
1790477139.5229,354.9011,2.5441,3.5163,3.0801,0.08,-0.0004,22.8434,True
1790477139.5727,354.9509,2.5387,3.5166,3.0801,0.08,-0.0004,22.8489,True
1790477139.6248,355.003,2.536,3.5168,3.0801,0.08,-0.0004,22.8516,True
1790477139.6727,355.0509,2.5306,3.5171,3.0801,0.08,-0.0004,22.857,True
1790477139.7228,355.101,2.5278,3.5173,3.0801,0.08,-0.0003,22.8598,True
1790477139.7738,355.1521,2.5224,3.5176,3.08,0.08,-0.0003,22.8652,True
1790477139.8227,355.2009,2.5197,3.5178,3.08,0.08,-0.0003,22.8679,True
1790477139.8727,355.2509,2.5143,3.5181,3.08,0.08,-0.0003,22.8734,True
1790477139.9228,355.301,2.5116,3.5183,3.08,0.08,-0.0003,22.8761,True
1790477139.975,355.3532,2.5061,3.5186,3.08,0.08,-0.0003,22.8815,True
1790477140.0244,355.4026,2.5034,3.5188,3.08,0.08,-0.0003,22.8842,True
1790477140.0733,355.4515,2.498,3.5191,3.08,0.08,-0.0003,22.8897,True
1790477140.1227,355.501,2.4953,3.5193,3.08,0.08,-0.0003,22.8924,True
1790477140.1727,355.5509,2.4898,3.5196,3.08,0.08,-0.0003,22.8979,True
1790477140.2231,355.6013,2.4871,3.5198,3.08,0.08,-0.0003,22.9006,True
1790477140.2727,355.6509,2.4844,3.5199,3.08,0.08,-0.0003,22.9033,True
1790477140.3227,355.701,2.479,3.5203,3.08,0.08,-0.0003,22.9087,True
1790477140.3727,355.7509,2.4763,3.5204,3.08,0.08,-0.0003,22.9115,True
1790477140.4228,355.8011,2.4708,3.5208,3.08,0.08,-0.0003,22.9169,True
1790477140.4727,355.8509,2.4681,3.5209,3.08,0.08,-0.0003,22.9196,True
1790477140.5228,355.901,2.4627,3.5213,3.08,0.08,-0.0003,22.9251,True
1790477140.5727,355.9509,2.46,3.5214,3.08,0.08,-0.0002,22.9278,True
1790477140.6244,356.0026,2.4545,3.5218,3.08,0.08,-0.0002,22.9332,True
1790477140.6727,356.0509,2.4518,3.5219,3.08,0.08,-0.0002,22.9359,True
1790477140.7227,356.101,2.4464,3.5223,3.08,0.08,-0.0002,22.9414,True
1790477140.7727,356.1509,2.4437,3.5225,3.08,0.08,-0.0002,22.9441,True
1790477140.8226,356.2008,2.4382,3.5228,3.08,0.08,-0.0002,22.9495,True
1790477140.8727,356.2509,2.4355,3.523,3.0799,0.08,-0.0002,22.9523,True
1790477140.9226,356.3008,2.4301,3.5233,3.0799,0.08,-0.0002,22.9577,True
1790477140.9727,356.3509,2.4274,3.5235,3.0799,0.08,-0.0002,22.9604,True
1790477141.0267,356.4049,2.4247,3.5236,3.0799,0.08,-0.0002,22.9631,True
1790477141.0729,356.4511,2.4192,3.524,3.0799,0.08,-0.0002,22.9686,True
1790477141.123,356.5012,2.4165,3.5241,3.0799,0.08,-0.0002,22.9713,True
1790477141.1727,356.5509,2.4111,3.5245,3.0799,0.08,-0.0002,22.9767,True
1790477141.2226,356.6009,2.4084,3.5246,3.0799,0.08,-0.0002,22.9795,True
1790477141.2727,356.6509,2.4029,3.525,3.0799,0.08,-0.0002,22.9849,True
1790477141.3227,356.7009,2.4002,3.5251,3.0799,0.08,-0.0002,22.9876,True
1790477141.3727,356.7509,2.3948,3.5255,3.0799,0.08,-0.0002,22.9931,True
1790477141.4226,356.8009,2.3921,3.5256,3.0799,0.08,-0.0002,22.9958,True
1790477141.4727,356.8509,2.3866,3.526,3.0799,0.08,-0.0002,23.0012,True
1790477141.5227,356.901,2.3839,3.5261,3.0799,0.08,-0.0002,23.004,True
1790477141.5728,356.951,2.3785,3.5265,3.0799,0.08,-0.0002,23.0094,True
1790477141.6248,357.0031,2.3758,3.5266,3.0799,0.08,-0.0002,23.0121,True
1790477141.6726,357.0509,2.3704,3.527,3.0799,0.08,-0.0002,23.0176,True
1790477141.7228,357.101,2.3676,3.5271,3.0799,0.08,-0.0002,23.0203,True
1790477141.7727,357.1509,2.3649,3.5273,3.0799,0.08,-0.0002,23.023,True
1790477141.8258,357.2041,2.3595,3.5276,3.0799,0.08,-0.0002,23.0284,True
1790477141.8727,357.2509,2.3568,3.5278,3.0799,0.08,-0.0002,23.0312,True
1790477141.9227,357.301,2.3513,3.5282,3.0799,0.08,-0.0002,23.0366,True
1790477141.9727,357.3509,2.3486,3.5283,3.0799,0.08,-0.0002,23.0393,True
1790477142.0228,357.401,2.3432,3.5287,3.0799,0.08,-0.0002,23.0448,True
1790477142.0727,357.451,2.3405,3.5288,3.0799,0.08,-0.0002,23.0475,True
1790477142.1228,357.501,2.3351,3.5292,3.0799,0.08,-0.0002,23.0529,True
1790477142.1727,357.551,2.3323,3.5293,3.0799,0.08,-0.0002,23.0556,True
1790477142.2227,357.6009,2.3269,3.5297,3.0799,0.08,-0.0002,23.0611,True
1790477142.2727,357.6509,2.3242,3.5298,3.0799,0.08,-0.0002,23.0638,True
1790477142.3227,357.701,2.3188,3.5302,3.0799,0.08,-0.0002,23.0692,True
1790477142.3727,357.7509,2.316,3.5303,3.0799,0.08,-0.0002,23.072,True
1790477142.4227,357.8009,2.3106,3.5307,3.0799,0.08,-0.0002,23.0774,True
1790477142.4727,357.8509,2.3079,3.5308,3.0799,0.08,-0.0002,23.0801,True
1790477142.5227,357.9009,2.3025,3.5312,3.0799,0.08,-0.0002,23.0856,True
1790477142.5728,357.951,2.2998,3.5313,3.0799,0.08,-0.0002,23.0883,True
1790477142.6262,358.0044,2.297,3.5315,3.0799,0.08,-0.0002,23.091,True
1790477142.6727,358.051,2.2916,3.5318,3.0799,0.08,-0.0002,23.0965,True
1790477142.7228,358.101,2.2889,3.532,3.0799,0.08,-0.0002,23.0992,True
1790477142.7743,358.1526,2.2835,3.5323,3.0799,0.08,-0.0002,23.1046,True
1790477142.8269,358.2052,2.2807,3.5325,3.0799,0.08,-0.0002,23.1073,True
1790477142.8727,358.2509,2.2753,3.5328,3.0799,0.08,-0.0002,23.1128,True
1790477142.9228,358.301,2.2726,3.533,3.0799,0.08,-0.0002,23.1155,True
1790477142.9727,358.3509,2.2672,3.5333,3.0799,0.08,-0.0002,23.1209,True
1790477143.0228,358.401,2.2645,3.5335,3.0799,0.08,-0.0002,23.1237,True
1790477143.0727,358.4509,2.259,3.5339,3.0799,0.08,-0.0002,23.1291,True
1790477143.1228,358.501,2.2563,3.534,3.0799,0.08,-0.0002,23.1318,True
1790477143.1728,358.551,2.2509,3.5344,3.0799,0.08,-0.0002,23.1373,True
1790477143.2229,358.6011,2.2482,3.5345,3.0799,0.08,-0.0002,23.14,True
1790477143.2727,358.6509,2.2427,3.5349,3.0799,0.08,-0.0002,23.1454,True
1790477143.3229,358.7011,2.24,3.535,3.0799,0.08,-0.0002,23.1481,True
1790477143.3727,358.751,2.2373,3.5352,3.0799,0.08,-0.0002,23.1509,True
1790477143.4227,358.8009,2.2319,3.5355,3.0799,0.08,-0.0002,23.1563,True
1790477143.4727,358.8509,2.2292,3.5357,3.0799,0.08,-0.0002,23.159,True
1790477143.5228,358.901,2.2237,3.536,3.0799,0.08,-0.0002,23.1645,True
1790477143.5728,358.951,2.221,3.5362,3.0799,0.08,-0.0002,23.1672,True
1790477143.6233,359.0016,2.2156,3.5365,3.0799,0.08,-0.0002,23.1726,True
1790477143.6728,359.051,2.2129,3.5367,3.0799,0.08,-0.0002,23.1753,True
1790477143.7227,359.101,2.2074,3.537,3.0799,0.08,-0.0002,23.1808,True
1790477143.7727,359.1509,2.2047,3.5372,3.0799,0.08,-0.0002,23.1835,True
1790477143.8254,359.2037,2.1993,3.5375,3.0799,0.08,-0.0002,23.189,True
1790477143.8726,359.2509,2.1966,3.5377,3.0799,0.08,-0.0002,23.1917,True
1790477143.9227,359.3009,2.1911,3.538,3.0799,0.08,-0.0002,23.1971,True
1790477143.9727,359.351,2.1884,3.5382,3.0799,0.08,-0.0002,23.1998,True
1790477144.026,359.4042,2.183,3.5385,3.0799,0.0,0.0,23.2053,True
1790477144.0727,359.4509,2.1814,3.5386,3.0765,0.0,-0.45,23.2069,True
1790477144.1227,359.5009,2.1799,3.5388,3.057,0.0,-0.45,23.2084,True
1790477144.1728,359.5511,2.1799,3.5388,3.0414,0.0,-0.45,23.2084,True
1790477144.2227,359.6009,2.18,3.5388,3.026,0.0,-0.45,23.2085,True
1790477144.2727,359.6509,2.1801,3.5387,2.9951,0.0,-0.45,23.2086,True
1790477144.3228,359.701,2.1802,3.5387,2.9797,0.0,-0.45,23.2087,True
1790477144.3727,359.751,2.1804,3.5387,2.9488,0.0,-0.45,23.2089,True
1790477144.4227,359.8009,2.1805,3.5387,2.9333,0.0,-0.45,23.209,True
1790477144.4752,359.8534,2.1806,3.5386,2.9024,0.0,-0.45,23.2092,True
1790477144.5228,359.901,2.1807,3.5386,2.887,0.0,-0.45,23.2093,True
1790477144.5731,359.9513,2.1809,3.5386,2.856,0.0,-0.45,23.2094,True
1790477144.6248,360.003,2.181,3.5385,2.8406,0.0,-0.45,23.2095,True
1790477144.6726,360.0509,2.1812,3.5385,2.8097,0.0,-0.45,23.2097,True
1790477144.7246,360.1029,2.1813,3.5384,2.7942,0.0,-0.45,23.2098,True
1790477144.7727,360.1509,2.1814,3.5384,2.7634,0.0,-0.45,23.21,True
1790477144.8227,360.201,2.1815,3.5383,2.7479,0.0,-0.45,23.2101,True
1790477144.8727,360.2509,2.1817,3.5383,2.7171,0.0,-0.45,23.2103,True
1790477144.9227,360.301,2.1818,3.5382,2.7016,0.0,-0.45,23.2104,True
1790477144.9728,360.351,2.182,3.5381,2.6708,0.0,-0.45,23.2106,True
1790477145.0226,360.4009,2.182,3.5381,2.6554,0.0,-0.45,23.2107,True
1790477145.0727,360.4509,2.1821,3.538,2.64,0.0,-0.45,23.2108,True
1790477145.1227,360.5009,2.1823,3.538,2.6093,0.0,-0.45,23.211,True
1790477145.1726,360.5508,2.1824,3.5379,2.5939,0.0,-0.45,23.211,True
1790477145.2227,360.6009,2.1825,3.5378,2.5633,0.0,-0.45,23.2112,True
1790477145.2727,360.6509,2.1826,3.5378,2.548,0.0,-0.45,23.2113,True
1790477145.3227,360.7009,2.1827,3.5377,2.5174,0.0,-0.45,23.2115,True
1790477145.3727,360.751,2.1828,3.5376,2.5022,0.0,-0.45,23.2115,True
1790477145.4227,360.8009,2.1829,3.5375,2.4717,0.0,-0.45,23.2117,True
1790477145.4726,360.8509,2.183,3.5375,2.4565,0.0,-0.45,23.2118,True
1790477145.5228,360.901,2.1831,3.5374,2.4261,0.0,-0.45,23.2119,True
1790477145.5727,360.9509,2.1831,3.5373,2.4109,0.0,-0.45,23.212,True
1790477145.6227,361.0009,2.1832,3.5372,2.3806,0.0,-0.45,23.2121,True
1790477145.6727,361.0509,2.1833,3.5372,2.3655,0.0,-0.45,23.2122,True
1790477145.7227,361.1009,2.1834,3.5371,2.3351,0.0,-0.45,23.2124,True
1790477145.773,361.1512,2.1835,3.537,2.3199,0.0,-0.45,23.2125,True
1790477145.824,361.2022,2.1835,3.537,2.3045,0.0,-0.45,23.2125,True
1790477145.8727,361.2509,2.1836,3.5369,2.2735,0.0,-0.45,23.2126,True
1790477145.9248,361.303,2.1836,3.5369,2.2582,0.0,-0.45,23.2127,True
1790477145.9727,361.3509,2.1836,3.5368,2.2279,0.0,-0.45,23.2127,True
1790477146.0227,361.401,2.1836,3.5368,2.2128,0.0,-0.45,23.2127,True
1790477146.0727,361.4509,2.1836,3.5368,2.1826,0.0,-0.45,23.2127,True
1790477146.1228,361.501,2.1837,3.5368,2.1675,0.0,-0.45,23.2128,True
1790477146.1731,361.5513,2.1837,3.5368,2.1372,0.0,-0.45,23.2128,True
1790477146.2227,361.6009,2.1837,3.5367,2.1221,0.0,-0.45,23.2128,True
1790477146.2732,361.6514,2.1837,3.5367,2.0918,0.0,-0.45,23.2129,True
1790477146.3227,361.7009,2.1837,3.5367,2.0767,0.0,-0.45,23.2129,True
1790477146.3731,361.7513,2.1838,3.5366,2.0465,0.0,-0.45,23.213,True
1790477146.4227,361.801,2.1838,3.5366,2.0314,0.0,-0.45,23.213,True
1790477146.4727,361.8509,2.1838,3.5365,2.0011,0.0,-0.45,23.2131,True
1790477146.5265,361.9047,2.1838,3.5364,1.986,0.0,-0.45,23.2132,True
1790477146.5727,361.9509,2.1839,3.5363,1.9558,0.0,-0.45,23.2133,True
1790477146.6228,362.0011,2.1839,3.5363,1.9407,0.0,-0.45,23.2133,True
1790477146.6728,362.051,2.1839,3.5362,1.9256,0.0,-0.45,23.2134,True
1790477146.7227,362.1009,2.184,3.5361,1.8954,0.0,-0.45,23.2135,True
1790477146.7727,362.151,2.184,3.536,1.8803,0.0,-0.45,23.2136,True
1790477146.8228,362.201,2.184,3.5359,1.8501,0.0,-0.45,23.2137,True
1790477146.8726,362.2509,2.1841,3.5358,1.835,0.0,-0.45,23.2138,True
1790477146.9227,362.301,2.1841,3.5356,1.8048,0.0,-0.4294,23.214,True
1790477146.9728,362.351,2.1841,3.5355,1.7904,0.0,-0.399,23.2141,True
1790477147.0227,362.4009,2.1842,3.5354,1.7626,0.0,-0.3697,23.2143,True
1790477147.0727,362.4509,2.1842,3.5353,1.7502,0.0,-0.3431,23.2144,True
1790477147.1264,362.5046,2.1842,3.5352,1.7272,0.0,-0.3191,23.2145,True
1790477147.173,362.5513,2.1842,3.5351,1.7165,0.0,-0.2957,23.2145,True
1790477147.2227,362.6009,2.1842,3.535,1.6968,0.0,-0.2754,23.2146,True
1790477147.2732,362.6514,2.1842,3.535,1.6875,0.0,-0.2556,23.2147,True
1790477147.3227,362.7009,2.1842,3.535,1.6705,0.0,-0.2376,23.2147,True
1790477147.3728,362.751,2.1842,3.5349,1.6625,0.0,-0.2205,23.2147,True
1790477147.4232,362.8014,2.1842,3.5349,1.6551,0.0,-0.208,23.2147,True
1790477147.4727,362.851,2.1842,3.5349,1.6409,0.0,-0.1895,23.2148,True
1790477147.5227,362.9009,2.1842,3.5349,1.6345,0.0,-0.1763,23.2148,True
1790477147.5727,362.9509,2.1842,3.5348,1.6223,0.0,-0.1636,23.2148,True
1790477147.6227,363.0009,2.1842,3.5348,1.6169,0.0,-0.152,23.2148,True
1790477147.6728,363.0511,2.1842,3.5348,1.6064,0.0,0.0,23.2148,False
1790477147.7226,363.1009,2.1842,3.5348,1.5962,0.08,-0.105,23.2149,True
1790477147.7727,363.1509,2.1842,3.5361,1.591,0.08,-0.0997,23.2161,True
1790477147.8227,363.2009,2.1842,3.5384,1.5885,0.08,-0.0954,23.2184,True
1790477147.873,363.2512,2.1841,3.5438,1.582,0.08,-0.0897,23.2239,True
1790477147.9227,363.3009,2.1841,3.5465,1.579,0.08,-0.0843,23.2266,True
1790477147.9728,363.351,2.184,3.552,1.5733,0.08,-0.0792,23.232,True
1790477148.0228,363.401,2.184,3.5547,1.5707,0.08,-0.0745,23.2347,True
1790477148.0727,363.4509,2.184,3.5601,1.5657,0.08,-0.0701,23.2402,True
1790477148.1229,363.5011,2.1841,3.5629,1.5633,0.08,-0.0659,23.2429,True
1790477148.1728,363.551,2.1841,3.5656,1.5611,0.08,-0.062,23.2456,True
1790477148.2228,363.601,2.1841,3.571,1.5568,0.08,-0.0582,23.251,True
1790477148.2728,363.651,2.1842,3.5737,1.5549,0.08,-0.0548,23.2538,True
1790477148.3228,363.701,2.1843,3.5792,1.5511,0.08,-0.0514,23.2592,True
1790477148.3728,363.751,2.1843,3.5819,1.5494,0.08,-0.0484,23.2619,True
1790477148.4229,363.8011,2.1845,3.5873,1.546,0.08,-0.046,23.2673,True
1790477148.4726,363.8508,2.1845,3.59,1.5445,0.08,-0.0432,23.2701,True
1790477148.5228,363.901,2.1847,3.5955,1.5415,0.08,-0.0401,23.2755,True
1790477148.5726,363.9509,2.1848,3.5982,1.5401,0.08,-0.0377,23.2782,True
1790477148.6227,364.0009,2.1849,3.6036,1.5375,0.08,-0.0358,23.2837,True
1790477148.6728,364.0511,2.185,3.6063,1.5363,0.08,-0.0333,23.2864,True
1790477148.7227,364.101,2.1852,3.6118,1.5341,0.08,-0.0313,23.2918,True
1790477148.7745,364.1527,2.1853,3.6145,1.5331,0.08,-0.0294,23.2945,True
1790477148.8227,364.2009,2.1855,3.6199,1.5311,0.08,-0.0281,23.3,True
1790477148.8727,364.2509,2.1856,3.6226,1.5302,0.08,-0.0264,23.3027,True
1790477148.9231,364.3013,2.1858,3.6254,1.5293,0.08,-0.0248,23.3054,True
1790477148.9728,364.351,2.186,3.6308,1.5276,0.08,-0.0233,23.3108,True
1790477149.7101,365.0884,2.1861,3.6335,1.5268,0.08,-0.0219,23.3136,True
1790477149.7227,365.1009,2.1867,3.6471,1.5231,0.08,-0.0216,23.3272,True
1790477149.7727,365.1509,2.1873,3.658,1.5205,0.08,-0.0152,23.338,True
1790477149.8227,365.2009,2.1875,3.6634,1.5195,0.08,-0.0138,23.3435,True
1790477149.8727,365.2509,2.1877,3.6661,1.519,0.08,-0.0127,23.3462,True
1790477149.9228,365.301,2.188,3.6715,1.5182,0.08,-0.0119,23.3516,True
1790477150.7021,366.0803,2.188,3.6715,1.5182,0.08,-0.0119,23.3516,True
1790477150.7237,366.102,2.1887,3.6851,1.5162,0.08,-0.0113,23.3652,True
1790477150.7727,366.1509,2.1893,3.696,1.5147,0.08,-0.0076,23.3761,True
1790477150.8227,366.2009,2.1896,3.7014,1.5142,0.08,-0.007,23.3816,True
1790477150.8766,366.2548,2.1899,3.7068,1.5138,0.08,-0.0065,23.387,True
1790477150.923,366.3012,2.1901,3.7096,1.5135,0.08,-0.0062,23.3897,True
1790477150.9727,366.351,2.1904,3.715,1.5131,0.08,-0.0057,23.3952,True
1790477151.023,366.4013,2.1905,3.7177,1.513,0.08,-0.0054,23.3979,True
1790477151.0727,366.4509,2.1909,3.7231,1.5126,0.08,-0.0051,23.4033,True
1790477151.1227,366.5009,2.191,3.7259,1.5124,0.08,-0.0048,23.406,True
1790477151.1728,366.5511,2.1913,3.7313,1.5121,0.08,-0.0044,23.4115,True
1790477151.2227,366.601,2.1915,3.734,1.512,0.08,-0.0042,23.4142,True
1790477151.2728,366.651,2.1918,3.7394,1.5117,0.08,-0.0039,23.4197,True
1790477151.3227,366.701,2.192,3.7421,1.5116,0.08,-0.0038,23.4224,True
1790477151.3727,366.7509,2.1923,3.7476,1.5113,0.08,-0.0035,23.4278,True
1790477151.4226,366.8009,2.1925,3.7503,1.5112,0.08,-0.0033,23.4305,True
1790477151.4727,366.8509,2.1928,3.7557,1.511,0.08,-0.0031,23.436,True
1790477151.5228,366.901,2.1929,3.7584,1.5109,0.08,-0.003,23.4387,True
1790477151.5743,366.9526,2.1933,3.7639,1.5107,0.08,-0.0028,23.4441,True
1790477151.6227,367.001,2.1934,3.7666,1.5106,0.08,-0.0026,23.4469,True
1790477151.6727,367.0509,2.1938,3.772,1.5104,0.08,-0.0025,23.4523,True
1790477151.7227,367.101,2.1939,3.7747,1.5104,0.08,-0.0023,23.455,True
1790477151.7781,367.1563,2.1943,3.7802,1.5102,0.08,-0.0022,23.4605,True
1790477151.8227,367.2009,2.1944,3.7829,1.5101,0.08,-0.0021,23.4632,True
1790477151.8728,367.2511,2.1946,3.7856,1.5101,0.08,-0.002,23.4659,True
1790477151.9227,367.301,2.1949,3.791,1.51,0.08,-0.0019,23.4713,True
1790477151.9727,367.3509,2.1951,3.7937,1.5099,0.08,-0.0018,23.4741,True
1790477152.0227,367.4009,2.1954,3.7992,1.5098,0.08,-0.0017,23.4795,True
1790477152.0728,367.4511,2.1956,3.8019,1.5097,0.08,-0.0016,23.4822,True
1790477152.123,367.5012,2.1959,3.8073,1.5096,0.08,-0.0015,23.4877,True
1790477152.1751,367.5534,2.1961,3.81,1.5096,0.08,-0.0014,23.4904,True
1790477152.2227,367.6009,2.1964,3.8155,1.5095,0.08,-0.0013,23.4958,True
1790477152.2727,367.6509,2.1966,3.8182,1.5095,0.08,-0.0013,23.4985,True
1790477152.3243,367.7026,2.1969,3.8236,1.5094,0.08,-0.0012,23.504,True
1790477152.3727,367.7509,2.1971,3.8263,1.5094,0.08,-0.0011,23.5067,True
1790477152.4227,367.8009,2.1974,3.8318,1.5093,0.08,-0.0011,23.5121,True
1790477152.4727,367.8509,2.1976,3.8345,1.5093,0.08,-0.001,23.5149,True
1790477152.5227,367.9009,2.1979,3.8399,1.5092,0.08,-0.001,23.5203,True
1790477152.5728,367.951,2.1981,3.8426,1.5092,0.08,-0.0009,23.523,True
1790477152.6227,368.0009,2.1982,3.8453,1.5092,0.08,-0.0009,23.5257,True
1790477152.6748,368.053,2.1986,3.8508,1.5091,0.08,-0.0008,23.5312,True
1790477152.7226,368.1009,2.1987,3.8535,1.5091,0.08,-0.0008,23.5339,True
1790477152.7727,368.1509,2.1991,3.8589,1.509,0.08,-0.0008,23.5394,True
1790477152.8227,368.2009,2.1993,3.8616,1.509,0.08,-0.0007,23.5421,True
1790477152.8731,368.2513,2.1996,3.8671,1.509,0.08,-0.0007,23.5475,True
1790477152.9232,368.3015,2.1998,3.8698,1.509,0.08,-0.0007,23.5502,True
1790477152.9733,368.3516,2.2001,3.8752,1.5089,0.08,-0.0006,23.5557,True
1790477153.0227,368.4009,2.2003,3.8779,1.5089,0.08,-0.0006,23.5584,True
1790477153.0752,368.4534,2.2006,3.8833,1.5089,0.08,-0.0006,23.5638,True
1790477153.1253,368.5035,2.2008,3.8861,1.5089,0.08,-0.0006,23.5666,True
1790477153.1757,368.5539,2.2011,3.8915,1.5089,0.08,-0.0005,23.572,True
1790477153.2231,368.6013,2.2013,3.8942,1.5088,0.08,-0.0005,23.5747,True
1790477153.2727,368.6509,2.2016,3.8996,1.5088,0.08,-0.0005,23.5802,True
1790477153.3227,368.7009,2.2018,3.9024,1.5088,0.08,-0.0005,23.5829,True
1790477153.3735,368.7517,2.2019,3.9051,1.5088,0.08,-0.0005,23.5856,True
1790477153.4227,368.8009,2.2023,3.9105,1.5088,0.08,-0.0004,23.591,True
1790477153.4728,368.851,2.2024,3.9132,1.5088,0.08,-0.0004,23.5938,True
1790477153.5227,368.9009,2.2028,3.9186,1.5088,0.08,-0.0004,23.5992,True
1790477153.5751,368.9533,2.203,3.9214,1.5088,0.08,-0.0004,23.6019,True
1790477153.6229,369.0011,2.2033,3.9268,1.5087,0.08,-0.0004,23.6074,True
1790477153.6727,369.0509,2.2035,3.9295,1.5087,0.08,-0.0004,23.6101,True
1790477153.7227,369.1009,2.2038,3.9349,1.5087,0.08,-0.0004,23.6155,True
1790477153.7738,369.1521,2.204,3.9377,1.5087,0.08,-0.0003,23.6182,True
1790477153.8227,369.2009,2.2043,3.9431,1.5087,0.08,-0.0003,23.6237,True
1790477153.8755,369.2538,2.2045,3.9458,1.5087,0.08,-0.0003,23.6264,True
1790477153.9241,369.3023,2.2048,3.9512,1.5087,0.08,-0.0003,23.6319,True
1790477153.9728,369.351,2.205,3.9539,1.5087,0.08,-0.0003,23.6346,True
1790477154.0227,369.4009,2.2053,3.9594,1.5087,0.0,0.0,23.64,True
1790477154.0776,369.4558,2.2054,3.961,1.5052,0.0,0.45,23.6416,True
1790477154.1226,369.5009,2.2056,3.9636,1.5177,0.0,0.45,23.6442,True
1790477154.1728,369.5511,2.2056,3.964,1.53,0.0,0.45,23.6447,True
1790477154.2227,369.6009,2.2056,3.9641,1.561,0.0,0.45,23.6448,True
1790477154.2729,369.6511,2.2056,3.9642,1.5766,0.0,0.45,23.6448,True
1790477154.3228,369.701,2.2056,3.9643,1.5919,0.0,0.45,23.6449,True
1790477154.3727,369.751,2.2056,3.9644,1.6228,0.0,0.45,23.6451,True
1790477154.4228,369.801,2.2056,3.9645,1.6382,0.0,0.45,23.6452,True
1790477154.4728,369.851,2.2056,3.9647,1.669,0.0,0.45,23.6453,True
1790477154.5228,369.901,2.2056,3.9648,1.6845,0.0,0.45,23.6454,True
1790477154.5776,369.9558,2.2055,3.965,1.7153,0.0,0.45,23.6456,True
1790477154.6227,370.0009,2.2055,3.9651,1.7308,0.0,0.45,23.6457,True
1790477154.677,370.0552,2.2055,3.9653,1.7617,0.0,0.45,23.6459,True
1790477154.7227,370.101,2.2055,3.9654,1.7771,0.0,0.45,23.646,True
1790477154.7728,370.151,2.2054,3.9655,1.8079,0.0,0.45,23.6462,True
1790477154.8227,370.2009,2.2054,3.9656,1.8234,0.0,0.45,23.6463,True
1790477154.8727,370.2509,2.2054,3.9658,1.8542,0.0,0.45,23.6465,True
1790477154.9227,370.3009,2.2053,3.9659,1.8696,0.0,0.45,23.6466,True
1790477154.9727,370.3509,2.2053,3.966,1.885,0.0,0.45,23.6467,True
1790477155.0227,370.4009,2.2052,3.9662,1.9158,0.0,0.45,23.6469,True
1790477155.0729,370.4511,2.2052,3.9663,1.9312,0.0,0.45,23.647,True
1790477155.1227,370.5009,2.2051,3.9665,1.9619,0.0,0.45,23.6472,True
1790477155.1727,370.5509,2.2051,3.9665,1.9773,0.0,0.45,23.6473,True
1790477155.2228,370.601,2.205,3.9667,2.008,0.0,0.45,23.6474,True
1790477155.2728,370.6511,2.205,3.9668,2.0233,0.0,0.45,23.6475,True
1790477155.3227,370.701,2.2049,3.967,2.0539,0.0,0.45,23.6477,True
1790477155.3727,370.7509,2.2049,3.967,2.0692,0.0,0.45,23.6478,True
1790477155.424,370.8022,2.2048,3.9672,2.0997,0.0,0.45,23.648,True
1790477155.4727,370.8509,2.2047,3.9673,2.1149,0.0,0.45,23.6481,True
1790477155.5227,370.9009,2.2046,3.9674,2.1453,0.0,0.45,23.6482,True
1790477155.5727,370.951,2.2046,3.9675,2.1605,0.0,0.45,23.6483,True
1790477155.6251,371.0034,2.2045,3.9676,2.1908,0.0,0.45,23.6485,True
1790477155.6727,371.0509,2.2045,3.9677,2.206,0.0,0.45,23.6485,True
1790477155.7227,371.1009,2.2044,3.9677,2.2215,0.0,0.45,23.6486,True
1790477155.7729,371.1511,2.2044,3.9678,2.2524,0.0,0.45,23.6487,True
1790477155.8227,371.2009,2.2043,3.9678,2.2677,0.0,0.45,23.6487,True
1790477155.8727,371.2509,2.2043,3.9678,2.298,0.0,0.45,23.6488,True
1790477155.9228,371.301,2.2043,3.9679,2.3132,0.0,0.45,23.6488,True
1790477155.9727,371.3509,2.2043,3.9679,2.3434,0.0,0.45,23.6488,True
1790477156.024,371.4022,2.2043,3.9679,2.3586,0.0,0.45,23.6488,True
1790477156.0727,371.4509,2.2042,3.9679,2.3888,0.0,0.45,23.6489,True
1790477156.1227,371.501,2.2042,3.9679,2.404,0.0,0.45,23.6489,True
1790477156.1727,371.5509,2.2042,3.968,2.4342,0.0,0.45,23.6489,True
1790477156.2228,371.601,2.2042,3.968,2.4494,0.0,0.45,23.649,True
1790477156.2727,371.6509,2.2041,3.968,2.4796,0.0,0.45,23.649,True
1790477156.3227,371.7009,2.2041,3.968,2.4947,0.0,0.45,23.649,True
1790477156.3727,371.7509,2.2041,3.9681,2.525,0.0,0.45,23.6491,True
1790477156.4254,371.8036,2.204,3.9681,2.5401,0.0,0.45,23.6491,True
1790477156.4727,371.8509,2.204,3.9681,2.5552,0.0,0.45,23.6492,True
1790477156.5227,371.9009,2.2039,3.9682,2.5854,0.0,0.45,23.6493,True
1790477156.5727,371.9509,2.2039,3.9682,2.6005,0.0,0.45,23.6493,True
1790477156.6229,372.0011,2.2038,3.9682,2.6307,0.0,0.45,23.6494,True
1790477156.6726,372.0508,2.2037,3.9683,2.6458,0.0,0.45,23.6495,True
1790477156.7227,372.1009,2.2036,3.9683,2.676,0.0,0.45,23.6496,True
1790477156.7726,372.1509,2.2036,3.9684,2.6911,0.0,0.45,23.6497,True
1790477156.8227,372.2009,2.2034,3.9684,2.7213,0.0,0.45,23.6498,True
1790477156.8727,372.2509,2.2034,3.9684,2.7364,0.0,0.45,23.6499,True
1790477156.9226,372.3009,2.2032,3.9685,2.7667,0.0,0.45,23.6501,True
1790477156.9727,372.3509,2.2031,3.9685,2.7818,0.0,0.422,23.6502,True
1790477157.0265,372.4048,2.203,3.9686,2.8101,0.0,0.3925,23.6503,True
1790477157.0727,372.4509,2.2029,3.9686,2.8232,0.0,0.3642,23.6504,True
1790477157.1228,372.501,2.2028,3.9687,2.8477,0.0,0.3386,23.6506,True
1790477157.1727,372.5509,2.2027,3.9687,2.859,0.0,0.3141,23.6506,True
1790477157.2227,372.6009,2.2026,3.9687,2.88,0.0,0.292,23.6507,True
1790477157.2727,372.6509,2.2026,3.9687,2.8898,0.0,0.2709,23.6508,True
1790477157.3227,372.7009,2.2025,3.9687,2.8989,0.0,0.2517,23.6508,True
1790477157.3727,372.7509,2.2025,3.9687,2.9163,0.0,0.2335,23.6508,True
1790477157.4227,372.8009,2.2025,3.9687,2.9242,0.0,0.2202,23.6508,True
1790477157.4727,372.8509,2.2024,3.9687,2.9393,0.0,0.2011,23.6509,True
1790477157.5227,372.9009,2.2024,3.9687,2.9461,0.0,0.1867,23.6509,True
1790477157.5726,372.9509,2.2024,3.9688,2.959,0.0,0.1729,23.6509,True
1790477157.623,373.0012,2.2024,3.9688,2.9648,0.0,0.1608,23.6509,True
1790477157.6726,373.0509,2.2024,3.9688,2.9759,0.0,0.1491,23.651,True
1790477157.7228,373.101,2.2023,3.9688,2.9809,0.0,0.0,23.651,False
1790477157.7727,373.1509,2.2024,3.9688,2.9935,0.0,0.0,23.651,False
1790477157.8243,373.2026,2.2024,3.9688,2.9936,0.0,0.0,23.651,False
1790477157.8727,373.2509,2.2024,3.9688,2.9936,0.0,0.0,23.651,False
1790477157.9227,373.301,2.2024,3.9688,2.9936,0.0,0.0,23.651,False
1790477157.9728,373.351,2.2024,3.9688,2.9936,0.09,0.0,23.651,True
1790477158.0227,373.401,2.2013,3.9689,2.9936,0.09,-0.0,23.6522,True
1790477158.0727,373.4509,2.199,3.9693,2.9937,0.09,-0.0001,23.6544,True
1790477158.1228,373.501,2.193,3.9702,2.9937,0.09,-0.0001,23.6605,True
1790477158.1728,373.551,2.19,3.9706,2.9937,0.09,-0.0001,23.6636,True
1790477158.2228,373.601,2.1839,3.9715,2.9936,0.09,0.0002,23.6697,True
1790477158.2727,373.6509,2.1809,3.972,2.9936,0.09,0.0005,23.6727,True
1790477158.3229,373.7012,2.1749,3.9729,2.9936,0.0899,0.0009,23.6789,True
1790477158.3728,373.751,2.1718,3.9733,2.9936,0.0899,0.0013,23.6819,True
1790477158.4227,373.8009,2.1658,3.9742,2.9937,0.0899,0.0016,23.688,True
1790477158.4728,373.851,2.1628,3.9747,2.9937,0.0899,0.002,23.6911,True
1790477158.5226,373.9009,2.1567,3.9756,2.9938,0.0899,0.0026,23.6972,True
1790477158.5728,373.951,2.1537,3.976,2.9939,0.0898,0.0033,23.7003,True
1790477158.6227,374.0009,2.1477,3.9769,2.9941,0.0898,0.0041,23.7064,True
1790477158.6729,374.0511,2.1446,3.9774,2.9942,0.0897,0.005,23.7094,True
1790477158.7227,374.101,2.1386,3.9783,2.9945,0.0897,0.006,23.7155,True
1790477158.7727,374.151,2.1356,3.9787,2.9947,0.0896,0.0069,23.7186,True
1790477158.8228,374.201,2.1296,3.9796,2.9951,0.0895,0.0078,23.7247,True
1790477158.8727,374.2509,2.1265,3.98,2.9953,0.0895,0.0086,23.7277,True
1790477158.9228,374.301,2.1235,3.9805,2.9956,0.0895,0.0091,23.7308,True
1790477158.9727,374.3509,2.1175,3.9814,2.9961,0.0894,0.0095,23.7369,True
1790477159.0226,374.4008,2.1145,3.9818,2.9964,0.0894,0.0099,23.7399,True
1790477159.0727,374.4509,2.1085,3.9827,2.9971,0.0894,0.0102,23.746,True
1790477159.1227,374.5009,2.1055,3.9831,2.9974,0.0894,0.0105,23.749,True
1790477159.1728,374.551,2.0994,3.984,2.9981,0.0894,0.0108,23.7551,True
1790477159.2227,374.6009,2.0964,3.9844,2.9984,0.0894,0.011,23.7581,True
1790477159.2727,374.6509,2.0904,3.9853,2.9992,0.0893,0.0116,23.7642,True
1790477159.3227,374.701,2.0874,3.9857,2.9995,0.0893,0.0121,23.7673,True
1790477159.3727,374.7509,2.0814,3.9866,3.0003,0.0893,0.0126,23.7733,True
1790477159.4254,374.8036,2.0784,3.987,3.0007,0.0893,0.0126,23.7764,True
1790477159.4728,374.851,2.0724,3.9879,3.0016,0.0892,0.0138,23.7824,True
1790477159.5227,374.901,2.0694,3.9883,3.002,0.0892,0.0145,23.7855,True
1790477159.5727,374.9509,2.0634,3.9891,3.003,0.0891,0.0151,23.7915,True
1790477159.6227,375.001,2.0604,3.9895,3.0035,0.0891,0.0158,23.7946,True
1790477159.6727,375.0509,2.0544,3.9904,3.0045,0.0891,0.0161,23.8006,True
1790477159.7227,375.1009,2.0514,3.9908,3.005,0.0891,0.016,23.8037,True
1790477159.7728,375.151,2.0484,3.9912,3.0055,0.0891,0.0159,23.8067,True
1790477159.8227,375.2009,2.0424,3.992,3.0066,0.0891,0.0157,23.8128,True
1790477159.8728,375.251,2.0394,3.9924,3.0071,0.0891,0.0157,23.8158,True
1790477159.9228,375.301,2.0334,3.9932,3.0082,0.0891,0.0157,23.8218,True
1790477159.9727,375.3509,2.0303,3.9936,3.0087,0.0891,0.0158,23.8249,True
1790477160.023,375.4012,2.0243,3.9944,3.0097,0.0891,0.0158,23.8309,True
1790477160.0727,375.4509,2.0213,3.9948,3.0103,0.0891,0.0161,23.834,True
1790477160.1227,375.5009,2.0153,3.9956,3.0113,0.089,0.0163,23.84,True
1790477160.1729,375.5512,2.0123,3.996,3.0119,0.089,0.0163,23.843,True
1790477160.2227,375.6009,2.0063,3.9968,3.013,0.089,0.0169,23.8491,True
1790477160.2744,375.6526,2.0033,3.9972,3.0135,0.089,0.0171,23.8521,True
1790477160.3227,375.7009,1.9973,3.9979,3.0146,0.089,0.0175,23.8582,True
1790477160.3728,375.751,1.9943,3.9983,3.0152,0.089,0.0178,23.8612,True
1790477160.4227,375.8009,1.9913,3.9987,3.0158,0.0889,0.0182,23.8642,True
1790477160.4727,375.8509,1.9853,3.9995,3.017,0.0889,0.0188,23.8703,True
1790477160.5227,375.9009,1.9823,3.9998,3.0176,0.0889,0.0195,23.8733,True
1790477160.5727,375.9509,1.9763,4.0006,3.0189,0.0888,0.0203,23.8794,True
1790477160.6228,376.001,1.9733,4.001,3.0195,0.0888,0.021,23.8824,True
1790477160.6727,376.0509,1.9673,4.0017,3.0209,0.0887,0.0216,23.8884,True
1790477160.7228,376.101,1.9643,4.0021,3.0216,0.0887,0.0224,23.8914,True
1790477160.7727,376.1509,1.9583,4.0028,3.0231,0.0886,0.0233,23.8975,True
1790477160.8227,376.201,1.9553,4.0031,3.0238,0.0886,0.0242,23.9005,True
1790477160.8727,376.2509,1.9493,4.0038,3.0254,0.0885,0.0249,23.9065,True
1790477160.9228,376.301,1.9463,4.0042,3.0262,0.0885,0.0257,23.9095,True
1790477160.9727,376.3509,1.9404,4.0049,3.0279,0.0885,0.0263,23.9156,True
1790477161.0228,376.401,1.9374,4.0052,3.0288,0.0884,0.027,23.9186,True
1790477161.0727,376.4509,1.9314,4.0059,3.0306,0.0884,0.0276,23.9246,True
1790477161.1228,376.501,1.9284,4.0062,3.0315,0.0884,0.028,23.9276,True
1790477161.1727,376.5509,1.9224,4.0069,3.0333,0.0883,0.0284,23.9336,True
1790477161.2227,376.6009,1.9194,4.0072,3.0343,0.0883,0.0287,23.9366,True
1790477161.2742,376.6524,1.9164,4.0075,3.0352,0.0883,0.0292,23.9396,True
1790477161.3227,376.7009,1.9105,4.0081,3.0372,0.0883,0.0299,23.9456,True
1790477161.3727,376.7509,1.9075,4.0085,3.0381,0.0882,0.0307,23.9486,True
1790477161.4256,376.8038,1.9015,4.0091,3.0402,0.0882,0.0311,23.9546,True
1790477161.4727,376.8509,1.8985,4.0094,3.0412,0.0882,0.0311,23.9576,True
1790477161.5227,376.9009,1.8925,4.01,3.0433,0.0882,0.0311,23.9636,True
1790477161.5727,376.9509,1.8896,4.0103,3.0443,0.0882,0.0312,23.9666,True
1790477161.6227,377.0009,1.8836,4.0108,3.0464,0.0882,0.0312,23.9726,True
1790477161.6726,377.0509,1.8806,4.0111,3.0474,0.0881,0.0322,23.9756,True
1790477161.7227,377.1009,1.8746,4.0117,3.0496,0.0881,0.0328,23.9816,True
1790477161.7728,377.151,1.8716,4.0119,3.0507,0.088,0.0335,23.9846,True
1790477161.8244,377.2026,1.8687,4.0122,3.0517,0.088,0.0344,23.9876,True
1790477161.8726,377.2509,1.8627,4.0127,3.054,0.088,0.0351,23.9936,True
1790477161.9227,377.3009,1.8567,4.0133,3.0563,0.0879,0.036,23.9996,True
1790477161.9727,377.3509,1.8537,4.0135,3.0576,0.0878,0.0369,24.0026,True
1790477162.0242,377.4024,1.8508,4.0138,3.0588,0.0878,0.0369,24.0056,True
1790477162.0739,377.4522,1.8448,4.0143,3.0614,0.0875,0.0435,24.0116,True
1790477162.1226,377.5009,1.8418,4.0145,3.0628,0.0874,0.0443,24.0145,True
1790477162.1727,377.5509,1.8359,4.015,3.0657,0.0874,0.0443,24.0205,True
1790477162.2259,377.6042,1.8329,4.0152,3.0672,0.0872,0.0489,24.0235,True
1790477162.2727,377.6509,1.827,4.0156,3.0703,0.0871,0.0505,24.0294,True
1790477162.3227,377.7009,1.8241,4.0158,3.072,0.0871,0.0506,24.0324,True
1790477162.3727,377.7509,1.8182,4.0162,3.0754,0.0871,0.05,24.0383,True
1790477162.4236,377.8018,1.8152,4.0164,3.0771,0.0869,0.0538,24.0413,True
1790477162.4736,377.8518,1.8093,4.0168,3.0805,0.0865,0.0596,24.0472,True
1790477162.5226,377.9008,1.8063,4.017,3.0823,0.028,-0.0034,24.0501,True
1790477162.5727,377.9509,1.8015,4.0172,3.0843,0.028,-0.0067,24.055,True
1790477162.6276,378.0058,1.8005,4.0173,3.0841,0.0864,0.0617,24.056,True
1790477162.6727,378.0509,1.7975,4.0175,3.0837,0.0864,0.0617,24.059,True
1790477162.7227,378.1009,1.7946,4.0176,3.0857,0.028,-0.0014,24.0619,True
1790477162.7727,378.1509,1.7898,4.0179,3.0898,0.028,-0.0053,24.0667,True
1790477162.8227,378.2009,1.7888,4.0179,3.0896,0.0865,0.0607,24.0677,True
1790477162.8726,378.2508,1.7858,4.0181,3.0894,0.0865,0.0598,24.0707,True
1790477162.9227,378.301,1.7829,4.0183,3.0914,0.028,-0.0011,24.0736,True
1790477162.9727,378.3509,1.78,4.0184,3.0934,0.028,-0.005,24.0765,True
1790477163.0228,378.4011,1.7772,4.0185,3.0952,0.028,-0.005,24.0793,True
1790477163.0728,378.451,1.7762,4.0186,3.0951,0.028,0.0003,24.0803,True
1790477163.1226,378.5009,1.7732,4.0187,3.0948,0.0862,0.0654,24.0833,True
1790477163.1727,378.5509,1.7722,4.0188,3.0948,0.0862,0.0659,24.0843,True
1790477163.2264,378.6046,1.7673,4.019,3.097,0.028,-0.0009,24.0893,True
1790477163.2726,378.6508,1.7643,4.0191,3.0992,0.028,-0.0051,24.0922,True
1790477163.3226,378.7009,1.7615,4.0192,3.1013,0.028,-0.0085,24.095,True
1790477163.3727,378.7509,1.7606,4.0193,3.1012,0.028,-0.0083,24.0959,True
1790477163.4256,378.8039,1.7587,4.0193,3.1006,0.0861,0.0665,24.0979,True
1790477163.473,378.8512,1.7566,4.0194,3.1006,0.028,0.0003,24.0999,True
1790477163.5227,378.9009,1.7519,4.0196,3.105,0.0861,0.067,24.1046,True
1790477163.5726,378.9509,1.7491,4.0197,3.1074,0.0861,0.0675,24.1075,True
1790477163.6267,379.0049,1.7432,4.0199,3.1119,0.086,0.0682,24.1134,True
1790477163.6727,379.0509,1.7403,4.02,3.1142,0.086,0.0691,24.1163,True
1790477163.724,379.1022,1.7344,4.0201,3.1188,0.0859,0.07,24.1221,True
1790477163.7727,379.1509,1.7315,4.0202,3.1212,0.0859,0.0708,24.1251,True
1790477163.8254,379.2037,1.7286,4.0203,3.1235,0.0859,0.0708,24.128,True
1790477163.8727,379.251,1.7227,4.0203,3.1283,0.0858,0.0728,24.1338,True
1790477163.9228,379.301,1.7198,4.0204,3.1307,0.0858,0.0728,24.1368,True
1790477163.9727,379.3509,1.714,4.0204,3.1356,0.0857,0.074,24.1426,True
1790477164.0226,379.4009,1.711,4.0204,3.1381,0.0856,0.075,24.1455,True
1790477164.0728,379.4511,1.7052,4.0204,-3.1401,0.0856,0.0757,24.1514,True
1790477164.1227,379.5009,1.7023,4.0204,-3.1375,0.0856,0.0764,24.1543,True
1790477164.1727,379.5509,1.6965,4.0204,-3.1324,0.0855,0.0769,24.1601,True
1790477164.2229,379.6011,1.6935,4.0204,-3.1298,0.0855,0.0776,24.163,True
1790477164.2727,379.6509,1.6877,4.0203,-3.1246,0.0854,0.0782,24.1688,True
1790477164.3227,379.701,1.6848,4.0202,-3.122,0.0854,0.0791,24.1717,True
1790477164.3727,379.7509,1.679,4.0201,-3.1167,0.0853,0.08,24.1776,True
1790477164.4227,379.8009,1.6761,4.02,-3.114,0.0853,0.081,24.1805,True
1790477164.4727,379.8509,1.6703,4.0199,-3.1086,0.0852,0.082,24.1863,True
1790477164.5228,379.901,1.6674,4.0198,-3.1058,0.0852,0.0828,24.1892,True
1790477164.5746,379.9528,1.6645,4.0196,-3.1031,0.0851,0.0837,24.1921,True
1790477164.6231,380.0013,1.6587,4.0194,-3.0974,0.0848,0.0891,24.1979,True
1790477164.6727,380.0509,1.6558,4.0193,-3.0946,0.0847,0.0918,24.2008,True
1790477164.7227,380.1009,1.65,4.019,-3.0886,0.0846,0.093,24.2066,True
1790477164.7727,380.1509,1.6471,4.0188,-3.0856,0.0846,0.0934,24.2095,True
1790477164.8228,380.201,1.6414,4.0185,-3.0794,0.0846,0.0934,24.2152,True
1790477164.8731,380.2513,1.6385,4.0183,-3.0764,0.0846,0.0934,24.2181,True
1790477164.9227,380.3009,1.6327,4.0179,-3.0702,0.0846,0.0934,24.2239,True
1790477164.9727,380.3509,1.6298,4.0177,-3.0671,0.0846,0.0935,24.2268,True
1790477165.0228,380.401,1.624,4.0172,-3.061,0.0846,0.0934,24.2326,True
1790477165.0727,380.4509,1.6212,4.017,-3.0579,0.0846,0.0934,24.2355,True
1790477165.1228,380.501,1.6154,4.0165,-3.0517,0.0846,0.0934,24.2413,True
1790477165.1727,380.5509,1.6125,4.0162,-3.0486,0.0846,0.0935,24.2442,True
1790477165.2231,380.6013,1.6068,4.0157,-3.0425,0.0846,0.0935,24.25,True
1790477165.2727,380.6509,1.6039,4.0154,-3.0394,0.0845,0.0936,24.2528,True
1790477165.3227,380.7009,1.601,4.0151,-3.0363,0.0845,0.0936,24.2557,True
1790477165.3726,380.7509,1.5953,4.0145,-3.0301,0.0845,0.0937,24.2615,True
1790477165.4226,380.8008,1.5924,4.0142,-3.027,0.0845,0.0937,24.2644,True
1790477165.4727,380.851,1.5866,4.0135,-3.0208,0.0843,0.0982,24.2702,True
1790477165.5228,380.901,1.5838,4.0131,-3.0177,0.0843,0.0982,24.2731,True
1790477165.5727,380.9509,1.5781,4.0124,-3.0111,0.0841,0.1008,24.2788,True
1790477165.6226,381.0009,1.5752,4.012,-3.0078,0.0841,0.1008,24.2817,True
1790477165.6727,381.0509,1.5695,4.0112,-3.0011,0.0841,0.1008,24.2875,True
1790477165.7227,381.1009,1.5667,4.0108,-2.9977,0.0842,0.1,24.2903,True
1790477165.7728,381.151,1.561,4.01,-2.991,0.0842,0.0995,24.2961,True
1790477165.8264,381.2047,1.5581,4.0095,-2.9877,0.0842,0.099,24.299,True
1790477165.8726,381.2509,1.5524,4.0086,-2.9811,0.0843,0.0985,24.3047,True
1790477165.9228,381.301,1.5496,4.0082,-2.9778,0.0843,0.0981,24.3076,True
1790477165.9727,381.3509,1.5439,4.0072,-2.9713,0.0843,0.0979,24.3134,True
1790477166.0249,381.4031,1.5411,4.0067,-2.968,0.0843,0.0978,24.3163,True
1790477166.0726,381.4508,1.5354,4.0057,-2.9615,0.0841,0.102,24.322,True
1790477166.1226,381.5009,1.5326,4.0052,-2.9581,0.084,0.1036,24.3249,True
1790477166.1727,381.5509,1.5298,4.0047,-2.9547,0.084,0.1038,24.3278,True
1790477166.2275,381.6057,1.5241,4.0036,-2.9478,0.084,0.1038,24.3335,True
1790477166.2726,381.6509,1.5213,4.003,-2.9443,0.0836,0.1101,24.3364,True
1790477166.3228,381.701,1.5157,4.0019,-2.937,0.0836,0.1098,24.3421,True
1790477166.3727,381.7509,1.5129,4.0013,-2.9333,0.0837,0.1089,24.345,True
1790477166.4228,381.801,1.5073,4.0001,-2.926,0.0837,0.1077,24.3507,True
1790477166.4727,381.8509,1.5045,3.9995,-2.9224,0.0837,0.1077,24.3535,True
1790477166.5245,381.9028,1.4989,3.9982,-2.9152,0.0839,0.1052,24.3593,True
1790477166.5727,381.9509,1.4961,3.9976,-2.9117,0.0839,0.104,24.3621,True
1790477166.6228,382.001,1.4906,3.9962,-2.9047,0.084,0.1031,24.3679,True
1790477166.6727,382.0509,1.4878,3.9955,-2.9012,0.084,0.1026,24.3707,True
1790477166.7228,382.101,1.4822,3.9942,-2.8943,0.084,0.1026,24.3765,True
1790477166.7727,382.151,1.4794,3.9935,-2.8909,0.0838,0.1066,24.3793,True
1790477166.8237,382.2019,1.4767,3.9927,-2.8873,0.0835,0.1122,24.3822,True
1790477166.8726,382.2509,1.4711,3.9913,-2.8798,0.0834,0.1136,24.3879,True
1790477166.9228,382.301,1.4684,3.9905,-2.8759,0.0835,0.1121,24.3907,True
1790477166.9727,382.3509,1.4629,3.989,-2.8684,0.0836,0.1104,24.3964,True
1790477167.0228,382.401,1.4602,3.9882,-2.8646,0.0837,0.1086,24.3993,True
1790477167.0727,382.4509,1.4547,3.9867,-2.8573,0.0838,0.107,24.405,True
1790477167.1227,382.501,1.4519,3.9859,-2.8536,0.0839,0.1056,24.4079,True
1790477167.1727,382.5509,1.4464,3.9842,-2.8465,0.0839,0.1044,24.4136,True
1790477167.2227,382.6009,1.4437,3.9834,-2.843,0.0837,0.1083,24.4165,True
1790477167.2727,382.6509,1.4382,3.9817,-2.8358,0.0836,0.1099,24.4222,True
1790477167.3228,382.701,1.4355,3.9808,-2.8322,0.0836,0.1099,24.425,True
1790477167.3732,382.7514,1.4301,3.9791,-2.8248,0.0836,0.1098,24.4307,True
1790477167.4227,382.8009,1.4274,3.9782,-2.8211,0.0836,0.1091,24.4336,True
1790477167.4731,382.8514,1.422,3.9763,-2.8138,0.0838,0.1073,24.4393,True
1790477167.5227,382.901,1.4193,3.9754,-2.8102,0.0838,0.1063,24.4422,True
1790477167.5727,382.9509,1.4139,3.9735,-2.803,0.0839,0.1054,24.4479,True
1790477167.6227,383.0009,1.4112,3.9726,-2.7995,0.0839,0.1051,24.4508,True
1790477167.6727,383.0509,1.4058,3.9706,-2.7924,0.0839,0.105,24.4565,True
1790477167.7227,383.101,1.4031,3.9697,-2.7889,0.0836,0.1095,24.4593,True
1790477167.7747,383.1529,1.4004,3.9687,-2.7854,0.0833,0.1156,24.4622,True
1790477167.8226,383.2009,1.3951,3.9667,-2.7778,0.0832,0.1175,24.4679,True
1790477167.8728,383.251,1.3924,3.9656,-2.7739,0.0832,0.1171,24.4707,True
1790477167.9227,383.3009,1.3871,3.9636,-2.766,0.0832,0.1161,24.4764,True
1790477167.9728,383.351,1.3845,3.9625,-2.7621,0.0833,0.1149,24.4793,True
1790477168.0226,383.4009,1.3792,3.9604,-2.7543,0.0831,0.1181,24.4849,True
1790477168.0727,383.4509,1.3766,3.9593,-2.7504,0.0828,0.1228,24.4878,True
1790477168.1227,383.501,1.3713,3.9571,-2.7423,0.0828,0.1231,24.4935,True
1790477168.1728,383.5511,1.3687,3.956,-2.7382,0.0829,0.1214,24.4963,True
1790477168.2227,383.6009,1.3636,3.9538,-2.73,0.0831,0.1192,24.5019,True
1790477168.2746,383.6528,1.361,3.9527,-2.726,0.0832,0.1169,24.5048,True
1790477168.3226,383.7009,1.3558,3.9503,-2.718,0.0831,0.119,24.5104,True
1790477168.3727,383.7509,1.3532,3.9492,-2.714,0.0828,0.123,24.5133,True
1790477168.4227,383.8009,1.3481,3.9468,-2.7059,0.0826,0.1274,24.5189,True
1790477168.4727,383.8509,1.3455,3.9456,-2.7016,0.0826,0.127,24.5218,True
1790477168.5227,383.9009,1.3404,3.9432,-2.693,0.0825,0.1289,24.5274,True
1790477168.5727,383.951,1.3379,3.942,-2.6887,0.0823,0.1318,24.5302,True
1790477168.6235,384.0017,1.3354,3.9407,-2.6844,0.0824,0.1304,24.533,True
1790477168.6727,384.0509,1.3303,3.9382,-2.6755,0.0826,0.1269,24.5386,True
1790477168.7227,384.101,1.3278,3.937,-2.6711,0.028,-0.0085,24.5415,True
1790477168.7727,384.151,1.3237,3.9348,-2.6646,0.028,-0.0161,24.5461,True
1790477168.8227,384.2009,1.3228,3.9344,-2.6647,0.0828,0.123,24.5471,True
1790477168.8763,384.2545,1.3201,3.933,-2.6653,0.083,0.1193,24.5501,True
1790477168.9227,384.3009,1.3177,3.9317,-2.6619,0.0832,0.1164,24.5528,True
1790477168.9764,384.3546,1.3127,3.9291,-2.6539,0.0834,0.1142,24.5585,True
1790477169.0227,384.4009,1.3102,3.9278,-2.6501,0.0832,0.117,24.5613,True
1790477169.0727,384.4509,1.3052,3.9251,-2.6423,0.0832,0.1175,24.567,True
1790477169.1228,384.501,1.3027,3.9237,-2.6383,0.0832,0.1167,24.5698,True
1790477169.1729,384.5511,1.2978,3.921,-2.6304,0.0833,0.1154,24.5755,True
1790477169.223,384.6012,1.2953,3.9196,-2.6265,0.0834,0.114,24.5783,True
1790477169.2726,384.6509,1.2928,3.9182,-2.6226,0.0834,0.1125,24.5811,True
1790477169.3226,384.7009,1.2879,3.9153,-2.6149,0.0835,0.1117,24.5868,True
1790477169.3728,384.751,1.2855,3.9139,-2.6111,0.0835,0.1112,24.5897,True
1790477169.4226,384.8009,1.2806,3.911,-2.6036,0.0833,0.1152,24.5953,True
1790477169.4729,384.8512,1.2781,3.9096,-2.5998,0.0832,0.1167,24.5982,True
1790477169.5227,384.9009,1.2733,3.9066,-2.592,0.0832,0.1168,24.6039,True
1790477169.5734,384.9516,1.2709,3.9051,-2.588,0.0832,0.1163,24.6067,True
1790477169.6227,385.0009,1.2661,3.9021,-2.5802,0.0833,0.1158,24.6124,True
1790477169.6727,385.0509,1.2637,3.9006,-2.5763,0.0833,0.115,24.6152,True
1790477169.7226,385.1009,1.2589,3.8976,-2.5685,0.028,-0.0074,24.6209,True
1790477169.7727,385.1509,1.2565,3.896,-2.5647,0.028,-0.0148,24.6237,True
1790477169.8227,385.2009,1.2543,3.8946,-2.5614,0.028,-0.0205,24.6264,True
1790477169.8727,385.2509,1.2535,3.894,-2.5621,0.0834,0.1139,24.6273,True
1790477169.9227,385.3009,1.251,3.8924,-2.5629,0.0831,0.1177,24.6303,True
1790477169.9731,385.3513,1.2487,3.8909,-2.5596,0.0828,0.1233,24.6331,True
1790477170.0227,385.4009,1.244,3.8878,-2.5515,0.0825,0.1293,24.6387,True
1790477170.0728,385.451,1.2417,3.8862,-2.5471,0.028,-0.0081,24.6415,True
1790477170.1226,385.5009,1.238,3.8837,-2.5393,0.028,-0.0163,24.646,True
1790477170.1728,385.5511,1.2371,3.8831,-2.5393,0.028,-0.0163,24.647,True
1790477170.2254,385.6036,1.2364,3.8826,-2.5399,0.0821,0.1357,24.6479,True
1790477170.2727,385.651,1.2339,3.8809,-2.5404,0.082,0.1374,24.6509,True
1790477170.3227,385.7009,1.2317,3.8794,-2.5367,0.0821,0.1365,24.6535,True
1790477170.3728,385.751,1.2272,3.8762,-2.5274,0.0822,0.1345,24.6591,True
1790477170.4244,385.8026,1.2249,3.8746,-2.5228,0.0823,0.1323,24.6619,True
1790477170.4727,385.8509,1.2203,3.8713,-2.5138,0.0824,0.1304,24.6675,True
1790477170.5227,385.9009,1.2181,3.8697,-2.5094,0.0825,0.1289,24.6703,True
1790477170.573,385.9512,1.2136,3.8663,-2.5006,0.0825,0.1289,24.6759,True
1790477170.6247,386.003,1.2113,3.8647,-2.4963,0.0826,0.1264,24.6787,True
1790477170.6727,386.0509,1.2068,3.8613,-2.4877,0.0827,0.1257,24.6844,True
1790477170.7228,386.101,1.2046,3.8595,-2.4835,0.0827,0.1252,24.6872,True
1790477170.7726,386.1509,1.2002,3.8561,-2.475,0.0827,0.1248,24.6928,True
1790477170.8227,386.2009,1.1979,3.8543,-2.4708,0.0827,0.1246,24.6956,True
1790477170.8727,386.2509,1.1935,3.8508,-2.4625,0.0827,0.1246,24.7013,True
1790477170.9226,386.3008,1.1914,3.849,-2.4583,0.0828,0.1242,24.7041,True
1790477170.9734,386.3517,1.187,3.8455,-2.45,0.0828,0.1238,24.7097,True
1790477171.0227,386.4009,1.1848,3.8436,-2.4459,0.0828,0.1237,24.7125,True
1790477171.0726,386.4509,1.1827,3.8418,-2.4418,0.0828,0.1237,24.7154,True
1790477171.1227,386.501,1.1784,3.8382,-2.4336,0.0828,0.1237,24.721,True
1790477171.1727,386.551,1.1762,3.8363,-2.4295,0.0828,0.1236,24.7238,True
1790477171.2226,386.6008,1.172,3.8326,-2.4212,0.0828,0.1238,24.7295,True
1790477171.2727,386.651,1.1698,3.8308,-2.4171,0.0828,0.1239,24.7323,True
1790477171.3227,386.7009,1.1656,3.827,-2.4089,0.0828,0.1241,24.738,True
1790477171.3728,386.751,1.1635,3.8251,-2.4048,0.0828,0.1243,24.7408,True
1790477171.4263,386.8046,1.1594,3.8213,-2.3965,0.0827,0.1245,24.7464,True
1790477171.4727,386.8509,1.1573,3.8194,-2.3924,0.0827,0.1248,24.7493,True
1790477171.5227,386.901,1.1532,3.8155,-2.3841,0.0827,0.1249,24.7549,True
1790477171.5729,386.9512,1.1511,3.8136,-2.38,0.0827,0.1248,24.7577,True
1790477171.6229,387.0011,1.1491,3.8116,-2.3758,0.0827,0.125,24.7605,True
1790477171.6727,387.051,1.145,3.8077,-2.3676,0.0827,0.1255,24.7662,True
1790477171.7228,387.1011,1.143,3.8057,-2.3634,0.0827,0.1259,24.769,True
1790477171.7732,387.1515,1.139,3.8017,-2.3551,0.0826,0.1263,24.7746,True
1790477171.8228,387.201,1.137,3.7997,-2.3509,0.0826,0.1266,24.7775,True
1790477171.8727,387.2509,1.1331,3.7957,-2.3425,0.0826,0.1268,24.7831,True
1790477171.9227,387.3009,1.1311,3.7937,-2.3384,0.028,-0.0081,24.7859,True
1790477171.9729,387.3511,1.1281,3.7905,-2.3304,0.028,-0.0159,24.7903,True
1790477172.0241,387.4024,1.1274,3.7898,-2.3304,0.0824,0.1313,24.7913,True
1790477172.0727,387.4509,1.1253,3.7876,-2.331,0.0823,0.1329,24.7943,True
1790477172.1232,387.5014,1.1235,3.7857,-2.3274,0.0822,0.1335,24.797,True
1790477172.1727,387.5509,1.1197,3.7816,-2.3184,0.0822,0.1337,24.8026,True
1790477172.225,387.6033,1.1178,3.7795,-2.3139,0.0822,0.1332,24.8054,True
1790477172.2729,387.6511,1.114,3.7754,-2.305,0.0823,0.1328,24.811,True
1790477172.3227,387.7009,1.1121,3.7733,-2.3005,0.0823,0.1324,24.8138,True
1790477172.3727,387.7509,1.1084,3.7691,-2.2916,0.0823,0.1321,24.8194,True
1790477172.4226,387.8008,1.1066,3.767,-2.2872,0.0823,0.1317,24.8222,True
1790477172.4744,387.8526,1.1047,3.7649,-2.2827,0.0823,0.1315,24.825,True
1790477172.5227,387.901,1.1011,3.7607,-2.2739,0.0824,0.131,24.8306,True
1790477172.5729,387.9511,1.0993,3.7585,-2.2695,0.0824,0.1304,24.8334,True
1790477172.6228,388.001,1.0957,3.7542,-2.2608,0.0824,0.1298,24.839,True
1790477172.6727,388.0509,1.0939,3.752,-2.2564,0.0825,0.1292,24.8418,True
1790477172.7227,388.1009,1.0904,3.7477,-2.2478,0.0825,0.1286,24.8474,True
1790477172.7728,388.151,1.0886,3.7455,-2.2435,0.0825,0.1281,24.8502,True
1790477172.825,388.2032,1.0851,3.7411,-2.235,0.028,-0.0082,24.8559,True
1790477172.8731,388.2513,1.0834,3.7388,-2.2308,0.0825,0.128,24.8587,True
1790477172.9227,388.3009,1.0808,3.7355,-2.2233,0.0825,0.1282,24.8629,True
1790477172.9728,388.3511,1.0791,3.7332,-2.2191,0.0825,0.1285,24.8657,True
1790477173.0227,388.4009,1.0757,3.7287,-2.2104,0.0825,0.1286,24.8713,True
1790477173.0728,388.451,1.0741,3.7265,-2.2061,0.028,-0.0084,24.8742,True
1790477173.1228,388.501,1.0715,3.7229,-2.1981,0.028,-0.0163,24.8786,True
1790477173.1729,388.5511,1.0709,3.7221,-2.1983,0.028,-0.0196,24.8796,True
1790477173.2256,388.6038,1.0703,3.7213,-2.1988,0.028,-0.0188,24.8805,True
1790477173.2728,388.651,1.0692,3.7198,-2.2001,0.028,-0.0176,24.8824,True
1790477173.3227,388.701,1.0686,3.719,-2.2007,0.0825,0.1295,24.8834,True
1790477173.3734,388.7516,1.0669,3.7166,-2.2015,0.0824,0.1307,24.8864,True
1790477173.4228,388.8011,1.0653,3.7144,-2.1979,0.0823,0.1326,24.8891,True
1790477173.4727,388.8509,1.062,3.7099,-2.1891,0.0822,0.1346,24.8947,True
1790477173.5227,388.9009,1.0604,3.7076,-2.1846,0.0818,0.1405,24.8975,True
1790477173.5727,388.9509,1.0572,3.703,-2.1754,0.0814,0.1476,24.9031,True
1790477173.6236,389.0019,1.0556,3.7007,-2.1706,0.0812,0.1503,24.9058,True
1790477173.6728,389.051,1.0525,3.6961,-2.1606,0.0812,0.1508,24.9114,True
1790477173.7228,389.101,1.051,3.6938,-2.1556,0.0813,0.1502,24.9141,True
1790477173.7728,389.151,1.048,3.6892,-2.1454,0.0813,0.1493,24.9197,True
1790477173.8227,389.2009,1.0465,3.6869,-2.1404,0.0814,0.1479,24.9224,True
1790477173.8727,389.2509,1.0435,3.6822,-2.1305,0.0815,0.1465,24.928,True
1790477173.9227,389.3009,1.042,3.6798,-2.1256,0.0816,0.1451,24.9308,True
1790477173.9727,389.3509,1.0391,3.6751,-2.1158,0.0816,0.1437,24.9363,True
1790477174.0227,389.4009,1.0377,3.6727,-2.111,0.0817,0.1421,24.9391,True
1790477174.0727,389.4509,1.0363,3.6703,-2.1062,0.028,-0.0091,24.9419,True
1790477174.1227,389.5009,1.034,3.6665,-2.098,0.0818,0.1405,24.9463,True
1790477174.1727,389.551,1.0335,3.6657,-2.0981,0.0819,0.1389,24.9473,True
1790477174.2239,389.6022,1.0312,3.6616,-2.0942,0.082,0.1376,24.9519,True
1790477174.2728,389.6511,1.0298,3.6592,-2.0896,0.0821,0.1359,24.9547,True
1790477174.3227,389.7009,1.0271,3.6544,-2.0804,0.0822,0.1347,24.9603,True
1790477174.3728,389.7511,1.0257,3.6519,-2.0759,0.0822,0.134,24.9631,True
1790477174.4251,389.8033,1.023,3.647,-2.0669,0.0822,0.1332,24.9687,True
1790477174.4727,389.851,1.0217,3.6445,-2.0625,0.0823,0.1322,24.9715,True
1790477174.5227,389.9009,1.0191,3.6396,-2.0536,0.0824,0.1312,24.9771,True
1790477174.573,389.9512,1.0178,3.6371,-2.0492,0.0824,0.1304,24.9799,True
1790477174.6228,390.001,1.0165,3.6346,-2.0449,0.0825,0.1291,24.9827,True
1790477174.6726,390.0508,1.0139,3.6296,-2.0363,0.0826,0.1278,24.9883,True
1790477174.7227,390.1009,1.0114,3.6246,-2.0278,0.0826,0.1264,24.994,True
1790477174.7727,390.1509,1.0102,3.622,-2.0236,0.0827,0.1251,24.9968,True
1790477174.8229,390.2011,1.009,3.6195,-2.0195,0.0828,0.1239,24.9996,True
1790477174.8727,390.251,1.0065,3.6144,-2.0113,0.0828,0.123,25.0053,True
1790477174.9227,390.3009,1.0053,3.6118,-2.0072,0.0829,0.1219,25.0081,True
1790477174.9727,390.351,1.003,3.6067,-1.9991,0.083,0.1208,25.0137,True
1790477175.0249,390.4032,1.0018,3.6041,-1.9951,0.083,0.1197,25.0166,True
1790477175.0727,390.4509,0.9995,3.5989,-1.9872,0.0831,0.1181,25.0222,True
1790477175.1227,390.5009,0.9983,3.5964,-1.9833,0.0832,0.1163,25.0251,True
1790477175.1727,390.551,0.9961,3.5911,-1.9756,0.0833,0.1146,25.0307,True
1790477175.2227,390.6009,0.995,3.5885,-1.9718,0.0834,0.113,25.0336,True
1790477175.2728,390.651,0.9928,3.5833,-1.9642,0.0835,0.1115,25.0393,True
1790477175.3228,390.701,0.9917,3.5807,-1.9606,0.0836,0.11,25.0421,True
1790477175.3747,390.7529,0.9895,3.5754,-1.9532,0.0837,0.1087,25.0478,True
1790477175.4227,390.8009,0.9885,3.5727,-1.9497,0.0837,0.1076,25.0507,True
1790477175.4726,390.8509,0.9864,3.5674,-1.9426,0.0838,0.1063,25.0564,True
1790477175.5228,390.901,0.9854,3.5648,-1.9391,0.0839,0.1051,25.0592,True
1790477175.5728,390.951,0.9843,3.5621,-1.9356,0.0839,0.104,25.0621,True
1790477175.6249,391.0031,0.9823,3.5567,-1.9287,0.084,0.1031,25.0678,True
1790477175.6728,391.0511,0.9813,3.554,-1.9253,0.0841,0.1021,25.0707,True
1790477175.7228,391.101,0.9793,3.5487,-1.9186,0.0841,0.101,25.0764,True
1790477175.7728,391.1511,0.9784,3.546,-1.9153,0.0842,0.0999,25.0793,True
1790477175.826,391.2042,0.9764,3.5405,-1.9087,0.0842,0.0989,25.085,True
1790477175.8728,391.251,0.9755,3.5378,-1.9054,0.0843,0.0978,25.0879,True
1790477175.9228,391.301,0.9736,3.5324,-1.899,0.0844,0.0969,25.0937,True
1790477175.9728,391.351,0.9727,3.5297,-1.8958,0.0844,0.0961,25.0965,True
1790477176.0227,391.4009,0.9709,3.5242,-1.8895,0.0845,0.0949,25.1023,True
1790477176.0728,391.451,0.97,3.5215,-1.8864,0.0845,0.0937,25.1052,True
1790477176.1227,391.5009,0.9682,3.516,-1.8802,0.0846,0.0925,25.1109,True
1790477176.1728,391.551,0.9673,3.5132,-1.8772,0.0847,0.0915,25.1138,True
1790477176.2227,391.6009,0.9665,3.5105,-1.8742,0.0847,0.0903,25.1167,True
1790477176.2728,391.651,0.9648,3.505,-1.8682,0.0848,0.0888,25.1225,True
1790477176.3235,391.7017,0.9639,3.5022,-1.8653,0.0849,0.0873,25.1254,True
1790477176.3728,391.7511,0.9622,3.4966,-1.8595,0.0849,0.0873,25.1312,True
1790477176.4228,391.801,0.9614,3.4939,-1.8566,0.0851,0.0847,25.1341,True
1790477176.4726,391.8509,0.9598,3.4883,-1.851,0.0851,0.0839,25.1399,True
1790477176.5228,391.901,0.959,3.4855,-1.8483,0.0851,0.0836,25.1428,True
1790477176.5727,391.9509,0.9574,3.4799,-1.8428,0.0851,0.0835,25.1486,True
1790477176.6227,392.001,0.9567,3.4771,-1.8401,0.0851,0.0833,25.1515,True
1790477176.6728,392.051,0.9551,3.4715,-1.8347,0.0851,0.0838,25.1573,True
1790477176.7227,392.1009,0.9544,3.4687,-1.832,0.0851,0.0845,25.1602,True
1790477176.7727,392.1509,0.9529,3.4631,-1.8265,0.085,0.0852,25.166,True
1790477176.8228,392.201,0.9521,3.4603,-1.8238,0.085,0.0863,25.1689,True
1790477176.8728,392.251,0.9507,3.4546,-1.8182,0.0849,0.0875,25.1747,True
1790477176.9227,392.3009,0.95,3.4518,-1.8154,0.0848,0.089,25.1776,True
1790477176.9727,392.3509,0.9486,3.4462,-1.8096,0.0847,0.0903,25.1834,True
1790477177.024,392.4022,0.9479,3.4434,-1.8067,0.0847,0.0914,25.1863,True
1790477177.0726,392.4508,0.9466,3.4378,-1.8008,0.028,-0.0069,25.1921,True
1790477177.1246,392.5029,0.9462,3.4362,-1.797,0.0846,0.0929,25.1937,True
1790477177.1758,392.5541,0.946,3.4353,-1.797,0.0845,0.0946,25.1947,True
1790477177.2229,392.6012,0.9449,3.4305,-1.7941,0.0841,0.1008,25.1995,True
1790477177.2727,392.651,0.9443,3.4277,-1.791,0.028,-0.0058,25.2024,True
1790477177.3237,392.7019,0.9433,3.4232,-1.7849,0.0836,0.1094,25.207,True
1790477177.3728,392.751,0.9431,3.4223,-1.785,0.0831,0.1181,25.208,True
1790477177.4253,392.8035,0.9421,3.4176,-1.7817,0.0826,0.1265,25.2128,True
1790477177.4726,392.8509,0.9415,3.4148,-1.7775,0.0822,0.1338,25.2156,True
1790477177.5231,392.9013,0.9404,3.4093,-1.769,0.0818,0.1402,25.2212,True
1790477177.5728,392.9511,0.9398,3.4066,-1.7644,0.0815,0.1456,25.224,True
1790477177.6252,393.0035,0.9388,3.4011,-1.755,0.0813,0.1497,25.2296,True
1790477177.6728,393.051,0.9383,3.3983,-1.75,0.0811,0.1527,25.2324,True
1790477177.7226,393.1008,0.9373,3.3929,-1.7401,0.081,0.1549,25.238,True
1790477177.7728,393.151,0.9368,3.3901,-1.735,0.0809,0.1565,25.2407,True
1790477177.8227,393.2009,0.936,3.3847,-1.7247,0.0808,0.1572,25.2463,True
1790477177.8728,393.251,0.9356,3.3819,-1.7195,0.028,-0.01,25.249,True
1790477177.9227,393.3009,0.9352,3.3792,-1.7143,0.028,-0.0203,25.2518,True
1790477177.9728,393.351,0.9348,3.3765,-1.7117,0.0809,0.157,25.2545,True
1790477178.0226,393.4008,0.9346,3.3756,-1.7124,0.0809,0.1564,25.2555,True
1790477178.0728,393.451,0.934,3.371,-1.7076,0.0809,0.1561,25.2601,True
1790477178.1227,393.5009,0.9336,3.3683,-1.7024,0.0809,0.1557,25.2628,True
1790477178.1729,393.5512,0.9329,3.3628,-1.6922,0.081,0.1552,25.2684,True
1790477178.2227,393.6009,0.9326,3.36,-1.6871,0.081,0.1545,25.2712,True
1790477178.2728,393.651,0.932,3.3545,-1.6769,0.0811,0.1536,25.2767,True
1790477178.3227,393.7009,0.9317,3.3517,-1.6719,0.0811,0.1527,25.2795,True
1790477178.3728,393.751,0.9312,3.3462,-1.6619,0.0812,0.1516,25.2851,True
1790477178.4226,393.8009,0.9309,3.3434,-1.657,0.0813,0.15,25.2879,True
1790477178.4727,393.8509,0.9305,3.3378,-1.6469,0.0814,0.1483,25.2934,True
1790477178.5226,393.9008,0.9303,3.3351,-1.642,0.0815,0.1467,25.2962,True
1790477178.5739,393.9521,0.9301,3.3323,-1.637,0.0816,0.145,25.299,True
1790477178.6227,394.0009,0.9297,3.3267,-1.6274,0.0817,0.1426,25.3046,True
1790477178.673,394.0513,0.9296,3.3239,-1.6227,0.0818,0.1401,25.3074,True
1790477178.7228,394.101,0.9293,3.3183,-1.6134,0.082,0.1378,25.313,True
1790477178.7728,394.1511,0.9292,3.3155,-1.6088,0.0821,0.1358,25.3158,True
1790477178.8227,394.2009,0.929,3.3099,-1.5998,0.0822,0.1338,25.3214,True
1790477178.8727,394.2509,0.9289,3.3071,-1.5954,0.0823,0.1321,25.3242,True
1790477178.924,394.3022,0.9288,3.3014,-1.5866,0.0824,0.1302,25.3299,True
1790477178.9734,394.3516,0.9288,3.2986,-1.5824,0.0825,0.1281,25.3327,True
1790477179.0227,394.4009,0.9287,3.2929,-1.5739,0.0827,0.1261,25.3384,True
1790477179.0727,394.451,0.9287,3.2901,-1.5697,0.0828,0.1241,25.3412,True
1790477179.1228,394.501,0.9288,3.2844,-1.5615,0.0829,0.1223,25.3469,True
1790477179.1728,394.551,0.9288,3.2816,-1.5574,0.083,0.1204,25.3497,True
1790477179.2227,394.6009,0.9289,3.2759,-1.5494,0.0831,0.1187,25.3554,True
1790477179.2728,394.651,0.929,3.2731,-1.5455,0.0832,0.1166,25.3583,True
1790477179.3234,394.7016,0.929,3.2702,-1.5416,0.0833,0.1146,25.3611,True
1790477179.3744,394.7527,0.9292,3.2645,-1.534,0.0834,0.1128,25.3668,True
1790477179.4228,394.801,0.9293,3.2617,-1.5302,0.0835,0.1109,25.3697,True
1790477179.4728,394.851,0.9296,3.256,-1.5228,0.0837,0.1088,25.3754,True
1790477179.5227,394.9009,0.9297,3.2531,-1.5191,0.0838,0.1069,25.3782,True
1790477179.5727,394.9509,0.93,3.2474,-1.512,0.0839,0.1052,25.384,True
1790477179.6226,395.0009,0.9302,3.2445,-1.5084,0.0839,0.1052,25.3868,True
1790477179.6727,395.0509,0.9306,3.2388,-1.5015,0.0841,0.1016,25.3926,True
1790477179.7228,395.101,0.9308,3.2359,-1.4981,0.0842,0.0995,25.3955,True
1790477179.7744,395.1526,0.9312,3.2302,-1.4914,0.0843,0.0975,25.4012,True
1790477179.823,395.2012,0.9315,3.2273,-1.4881,0.0844,0.0953,25.4041,True
1790477179.8728,395.251,0.932,3.2215,-1.4817,0.0846,0.0931,25.4099,True
1790477179.9262,395.3045,0.9322,3.2187,-1.4786,0.0847,0.091,25.4128,True
1790477179.9726,395.3509,0.9328,3.2129,-1.4725,0.0848,0.089,25.4185,True
1790477180.0227,395.4009,0.9331,3.21,-1.4695,0.0849,0.0874,25.4214,True
1790477180.0727,395.4509,0.9334,3.2071,-1.4666,0.085,0.0855,25.4243,True
1790477180.1227,395.5009,0.934,3.2014,-1.4608,0.0851,0.0836,25.4302,True
1790477180.1728,395.551,0.9343,3.1985,-1.4579,0.0852,0.0818,25.4331,True
1790477180.2227,395.601,0.935,3.1927,-1.4524,0.0853,0.08,25.4389,True
1790477180.2728,395.651,0.9353,3.1898,-1.4497,0.0855,0.078,25.4418,True
1790477180.3227,395.701,0.936,3.184,-1.4444,0.0856,0.0762,25.4476,True
1790477180.3728,395.751,0.9364,3.1811,-1.4418,0.0857,0.0745,25.4505,True
1790477180.4228,395.801,0.9372,3.1753,-1.4367,0.0857,0.073,25.4564,True
1790477180.4751,395.8534,0.9376,3.1724,-1.4342,0.0858,0.0714,25.4593,True
1790477181.1615,396.5397,0.9376,3.1724,-1.4342,0.0858,0.0714,25.4593,True
1790477181.1727,396.551,0.938,3.1695,-1.4318,0.0858,0.0714,25.4622,True
1790477181.2227,396.6009,0.9384,3.1666,-1.4294,0.086,0.068,25.4652,True
1790477181.2726,396.6509,0.9392,3.1608,-1.4247,0.0861,0.0662,25.471,True
1790477181.3226,396.7009,0.9397,3.1579,-1.4225,0.0862,0.0644,25.474,True
1790477182.1441,397.5223,0.9405,3.1521,-1.4181,0.0862,0.0644,25.4799,True
1790477182.1728,397.5511,0.9405,3.1521,-1.4181,0.0864,0.062,25.4799,True
1790477182.2227,397.6009,0.9415,3.1463,-1.4138,0.0865,0.0609,25.4858,True
1790477182.2727,397.6509,0.9419,3.1434,-1.4117,0.0865,0.0596,25.4887,True
1790477182.3226,397.7009,0.9429,3.1375,-1.4076,0.0866,0.0582,25.4946,True
1790477182.3727,397.7509,0.9433,3.1346,-1.4056,0.0867,0.0566,25.4976,True
1790477182.4226,397.8009,0.9443,3.1288,-1.4017,0.0868,0.0552,25.5035,True
1790477182.4726,397.8509,0.9448,3.1259,-1.3998,0.0869,0.054,25.5064,True
1790477182.5227,397.9009,0.9459,3.1201,-1.3961,0.0872,0.0477,25.5123,True
1790477182.5727,397.9509,0.9464,3.1171,-1.3943,0.0874,0.0444,25.5153,True
1790477182.6227,398.0009,0.9474,3.1113,-1.3911,0.0875,0.0423,25.5212,True
1790477182.6728,398.051,0.948,3.1084,-1.3895,0.0876,0.041,25.5242,True
1790477182.7227,398.1009,0.949,3.1025,-1.3866,0.0877,0.0391,25.5302,True
1790477182.7727,398.151,0.9496,3.0996,-1.3852,0.0879,0.0366,25.5332,True
1790477182.8226,398.2009,0.9507,3.0937,-1.3826,0.088,0.0336,25.5391,True
1790477182.8727,398.2509,0.9513,3.0908,-1.3814,0.0882,0.0305,25.5421,True
1790477182.9227,398.301,0.9518,3.0878,-1.3802,0.0885,0.0264,25.5451,True
1790477182.9727,398.3509,0.953,3.0819,-1.3782,0.0887,0.0223,25.5511,True
1790477183.0227,398.401,0.9535,3.079,-1.3772,0.089,0.0179,25.5541,True
1790477183.0728,398.451,0.9547,3.073,-1.3758,0.0892,0.0137,25.5602,True
1790477183.1226,398.5009,0.9553,3.0701,-1.3751,0.0895,0.0083,25.5632,True
1790477183.1727,398.551,0.9565,3.0641,-1.3743,0.0899,0.0023,25.5693,True
1790477183.2227,398.6009,0.9571,3.0611,-1.3739,0.0898,-0.0039,25.5723,True
1790477183.2727,398.6509,0.9583,3.0551,-1.3739,0.0894,-0.0095,25.5784,True
1790477183.3227,398.701,0.9589,3.0521,-1.3739,0.0891,-0.0151,25.5815,True
1790477183.3727,398.7509,0.9601,3.0462,-1.3747,0.0888,-0.0201,25.5876,True
1790477183.4227,398.8009,0.9606,3.0432,-1.3751,0.0879,-0.0352,25.5906,True
1790477183.4737,398.8519,0.9618,3.0373,-1.3769,0.028,0.0009,25.5966,True
1790477183.5227,398.9009,0.9624,3.0344,-1.378,0.028,0.0009,25.5996,True
1790477183.5727,398.9509,0.9631,3.0306,-1.3711,0.087,-0.0514,25.6034,True
1790477183.6226,399.0009,0.9637,3.0278,-1.3725,0.0854,-0.0795,25.6063,True
1790477183.6727,399.0509,0.9648,3.0221,-1.3774,0.0854,-0.0795,25.6122,True
1790477183.7228,399.101,0.9654,3.0192,-1.3801,0.0841,-0.1009,25.6151,True
1790477183.7727,399.1509,0.9665,3.0136,-1.3866,0.0841,-0.1009,25.6208,True
1790477183.8227,399.2009,0.967,3.0108,-1.39,0.0834,-0.1138,25.6236,True
1790477183.8728,399.251,0.9675,3.008,-1.3936,0.0834,-0.1138,25.6265,True
1790477183.9227,399.3009,0.9685,3.0024,-1.4014,0.083,-0.1203,25.6321,True
1790477183.9726,399.3509,0.9689,2.9996,-1.4054,0.0829,-0.1212,25.635,True
1790477184.0226,399.4008,0.9698,2.9941,-1.4135,0.083,-0.121,25.6406,True
1790477184.0727,399.4509,0.9703,2.9913,-1.4175,0.083,-0.1204,25.6434,True
1790477184.1226,399.5008,0.9711,2.9857,-1.4257,0.0831,-0.1186,25.6491,True
1790477184.1727,399.5509,0.9715,2.9829,-1.4297,0.0832,-0.1162,25.6519,True
1790477184.2227,399.601,0.9723,2.9773,-1.4376,0.0834,-0.1138,25.6575,True
1790477184.2727,399.6509,0.9727,2.9745,-1.4415,0.0835,-0.1117,25.6603,True
1790477184.3227,399.7009,0.9734,2.9689,-1.449,0.0837,-0.1086,25.666,True
1790477184.3727,399.7509,0.9737,2.9661,-1.4528,0.0839,-0.1051,25.6688,True
1790477184.4226,399.8009,0.9744,2.9604,-1.4599,0.0841,-0.1015,25.6745,True
1790477184.4727,399.8509,0.9747,2.9576,-1.4634,0.0843,-0.0982,25.6774,True
1790477184.5228,399.901,0.9753,2.9519,-1.4701,0.0845,-0.0948,25.6831,True
1790477184.5728,399.951,0.9755,2.9491,-1.4733,0.0847,-0.0912,25.686,True
1790477184.6227,400.0009,0.9761,2.9433,-1.4795,0.0849,-0.0876,25.6917,True
1790477184.6749,400.0531,0.9763,2.9405,-1.4824,0.0851,-0.0845,25.6946,True
1790477184.7227,400.1009,0.9766,2.9376,-1.4853,0.0853,-0.0812,25.6975,True
1790477184.7727,400.151,0.9771,2.9318,-1.4909,0.0855,-0.078,25.7033,True
1790477184.8227,400.201,0.9773,2.9289,-1.4936,0.0855,-0.078,25.7062,True
1790477184.8726,400.2508,0.9777,2.9231,-1.4987,0.0858,-0.0727,25.712,True
1790477184.9227,400.3009,0.9779,2.9202,-1.5012,0.0859,-0.07,25.7149,True
1790477184.9726,400.3508,0.9783,2.9144,-1.5059,0.0861,-0.0672,25.7207,True
1790477185.0227,400.4009,0.9785,2.9115,-1.5081,0.0863,-0.0641,25.7236,True
1790477185.0728,400.451,0.9789,2.9057,-1.5125,0.0864,-0.0612,25.7295,True
1790477185.1227,400.5009,0.979,2.9027,-1.5145,0.0866,-0.0584,25.7324,True
1790477185.1728,400.551,0.9794,2.8969,-1.5185,0.0867,-0.0558,25.7383,True
1790477185.2227,400.6009,0.9795,2.8939,-1.5204,0.0869,-0.0535,25.7413,True
1790477185.2727,400.6509,0.9798,2.888,-1.524,0.087,-0.0515,25.7472,True
1790477185.3255,400.7037,0.9799,2.8851,-1.5257,0.0871,-0.0493,25.7501,True
1790477185.3727,400.7509,0.9801,2.8821,-1.5274,0.0873,-0.0472,25.7531,True
1790477185.4227,400.8009,0.9803,2.8762,-1.5306,0.0874,-0.0453,25.759,True
1790477185.4727,400.851,0.9804,2.8732,-1.5322,0.0875,-0.0436,25.762,True
1790477185.5227,400.9009,0.9806,2.8673,-1.5351,0.0875,-0.0423,25.7679,True
1790477185.5727,400.9509,0.9808,2.8643,-1.5365,0.0876,-0.0405,25.7709,True
1790477185.6227,401.0009,0.9809,2.8584,-1.5393,0.0877,-0.0389,25.7768,True
1790477185.6727,401.0509,0.981,2.8554,-1.5406,0.0878,-0.0374,25.7798,True
1790477185.7263,401.1046,0.9812,2.8494,-1.5431,0.0879,-0.036,25.7858,True
1790477185.7728,401.151,0.9813,2.8464,-1.5444,0.088,-0.0348,25.7888,True
1790477185.8227,401.2009,0.9814,2.8405,-1.5467,0.088,-0.0339,25.7947,True
1790477185.8727,401.2509,0.9815,2.8375,-1.5479,0.0881,-0.0327,25.7977,True
1790477185.9227,401.301,0.9816,2.8315,-1.55,0.0882,-0.0315,25.8037,True
1790477185.9727,401.351,0.9817,2.8285,-1.5511,0.0882,-0.0304,25.8067,True
1790477186.0228,401.401,0.9818,2.8225,-1.5532,0.0883,-0.0294,25.8127,True
1790477186.0727,401.4509,0.9819,2.8195,-1.5541,0.0883,-0.0287,25.8157,True
1790477186.1226,401.5009,0.982,2.8135,-1.556,0.0884,-0.0279,25.8217,True
1790477186.1727,401.5509,0.982,2.8105,-1.557,0.0884,-0.0273,25.8247,True
1790477186.2227,401.601,0.982,2.8075,-1.5579,0.0884,-0.0268,25.8277,True
1790477186.2727,401.6509,0.9821,2.8015,-1.5597,0.0889,-0.0189,25.8337,True
1790477186.3254,401.7036,0.9822,2.7985,-1.5605,0.0889,-0.0189,25.8367,True
1790477186.3728,401.751,0.9822,2.7924,-1.5614,0.0899,0.0025,25.8428,True
1790477186.4227,401.8009,0.9822,2.7894,-1.5617,0.0893,0.0125,25.8458,True
1790477186.4728,401.851,0.9823,2.7833,-1.5611,0.0888,0.0211,25.8519,True
1790477186.5226,401.9009,0.9823,2.7802,-1.5607,0.0884,0.0281,25.855,True
1790477186.5727,401.9509,0.9824,2.7742,-1.559,0.088,0.0337,25.861,True
1790477186.6227,402.0009,0.9824,2.7712,-1.558,0.0878,0.0377,25.864,True
1790477186.6736,402.0519,0.9825,2.7652,-1.5556,0.0876,0.0406,25.87,True
1790477186.7227,402.1009,0.9826,2.7622,-1.5543,0.0876,0.0406,25.873,True
1790477186.7726,402.1508,0.9827,2.7563,-1.5515,0.0875,0.0431,25.8789,True
1790477186.8233,402.2015,0.9827,2.7533,-1.55,0.0875,0.0434,25.8819,True
1790477186.8747,402.2529,0.9829,2.7473,-1.547,0.0875,0.0434,25.8879,True
1790477186.9227,402.3009,0.9829,2.7444,-1.5455,0.088,0.0351,25.8909,True
1790477186.9726,402.3509,0.983,2.7414,-1.5441,0.0882,0.0318,25.8938,True
1790477187.0227,402.4009,0.9832,2.7354,-1.5418,0.0882,0.0301,25.8998,True
1790477187.0727,402.451,0.9833,2.7324,-1.5407,0.0883,0.0288,25.9028,True
1790477187.1227,402.5009,0.9835,2.7264,-1.5386,0.0884,0.0276,25.9088,True
1790477187.1728,402.551,0.9835,2.7234,-1.5376,0.0885,0.0265,25.9118,True
1790477187.2227,402.6009,0.9838,2.7174,-1.5358,0.0885,0.0265,25.9179,True
1790477187.2731,402.6514,0.9839,2.7144,-1.5348,0.0885,0.0256,25.9209,True
1790477187.3227,402.7009,0.9841,2.7084,-1.5331,0.0886,0.0249,25.9269,True
1790477187.3727,402.7509,0.9842,2.7053,-1.5322,0.0886,0.0235,25.9299,True
1790477187.4227,402.8009,0.9844,2.6993,-1.5306,0.0887,0.0229,25.9359,True
1790477187.4726,402.8508,0.9846,2.6963,-1.5297,0.0887,0.0223,25.9389,True
1790477187.5227,402.9009,0.9848,2.6903,-1.5282,0.0887,0.0223,25.945,True
1790477187.5727,402.951,0.9849,2.6873,-1.5274,0.0888,0.0211,25.948,True
1790477187.6227,403.0009,0.9852,2.6812,-1.5259,0.0888,0.0211,25.954,True
1790477187.6782,403.0564,0.9853,2.6782,-1.5251,0.0888,0.0205,25.9571,True
1790477187.7227,403.1009,0.9856,2.6722,-1.5237,0.0888,0.0199,25.9631,True
1790477187.7728,403.151,0.9858,2.6692,-1.523,0.0888,0.0199,25.9661,True
1790477187.8227,403.201,0.9859,2.6661,-1.5223,0.0889,0.0191,25.9691,True
1790477187.8726,403.2509,0.9862,2.6601,-1.5209,0.089,0.0179,25.9752,True
1790477187.9263,403.3045,0.9864,2.6571,-1.5203,0.089,0.0171,25.9782,True
1790477187.9728,403.351,0.9867,2.651,-1.519,0.089,0.0171,25.9843,True
1790477188.0228,403.401,0.9868,2.648,-1.5184,0.089,0.0168,25.9873,True
1790477188.0728,403.451,0.9871,2.642,-1.5172,0.089,0.0169,25.9933,True
1790477188.1228,403.501,0.9873,2.6389,-1.5166,0.089,0.0171,25.9964,True
1790477188.1727,403.551,0.9876,2.6329,-1.5154,0.0891,0.0158,26.0024,True
1790477188.2228,403.601,0.9878,2.6299,-1.5149,0.028,-0.0012,26.0055,True
1790477188.2726,403.6509,0.988,2.6271,-1.5166,0.028,-0.0023,26.0083,True
1790477188.3253,403.7036,0.988,2.6261,-1.5167,0.0851,-0.0835,26.0092,True
1790477188.3727,403.7509,0.9882,2.6231,-1.5168,0.028,0.0001,26.0123,True
1790477188.4228,403.801,0.9882,2.6221,-1.5168,0.0813,-0.15,26.0132,True
1790477188.4727,403.8509,0.9884,2.6191,-1.517,0.0782,-0.2025,26.0162,True
1790477188.5262,403.9044,0.9885,2.6165,-1.5211,0.0782,-0.2025,26.0188,True
1790477188.5727,403.951,0.9887,2.6139,-1.5278,0.028,0.0026,26.0215,True
1790477188.6227,404.001,0.9888,2.6109,-1.5348,0.0865,-0.0604,26.0244,True
1790477188.6727,404.0509,0.9889,2.6079,-1.5339,0.0837,-0.1081,26.0275,True
1790477188.7228,404.101,0.989,2.6052,-1.5368,0.0816,-0.1444,26.0302,True
1790477188.773,404.1512,0.9891,2.6023,-1.5404,0.0816,-0.1444,26.033,True
1790477188.8227,404.201,0.9892,2.5968,-1.5501,0.0792,-0.1849,26.0386,True
1790477188.8728,404.251,0.9893,2.5941,-1.5562,0.077,-0.2239,26.0412,True
1790477188.9229,404.3011,0.9893,2.589,-1.5721,0.0749,-0.2585,26.0464,True
1790477188.9728,404.351,0.9893,2.5865,-1.5806,0.0733,-0.2871,26.0489,True
1790477189.0227,404.4009,0.9892,2.5819,-1.5895,0.072,-0.3094,26.0535,True
1790477189.0727,404.4509,0.9892,2.5808,-1.5886,0.072,-0.3094,26.0545,True
1790477189.1227,404.5009,0.9891,2.5774,-1.6005,0.028,0.0086,26.058,True
1790477189.1727,404.5509,0.989,2.5751,-1.6116,0.028,0.0086,26.0603,True
1790477189.2227,404.6009,0.9888,2.5708,-1.6294,0.028,0.0153,26.0646,True
1790477189.2728,404.651,0.9887,2.5685,-1.6407,0.028,0.0373,26.0669,True
1790477189.3227,404.7009,0.9884,2.565,-1.6494,0.084,-0.1035,26.0704,True
1790477189.3727,404.7509,0.9883,2.564,-1.6482,0.0796,-0.1793,26.0714,True
1790477189.4227,404.8009,0.988,2.5595,-1.6512,0.0772,-0.2205,26.0759,True
1790477189.4727,404.8509,0.9878,2.557,-1.6584,0.0759,-0.2417,26.0785,True
1790477189.5227,404.9009,0.9875,2.5544,-1.6656,0.0746,-0.2643,26.081,True
1790477189.5727,404.9509,0.987,2.5494,-1.6822,0.028,0.0166,26.0861,True
1790477189.6229,405.0011,0.9867,2.5469,-1.6908,0.028,0.0166,26.0886,True
1790477189.6728,405.051,0.9863,2.5437,-1.6966,0.074,-0.2742,26.0918,True
1790477189.7227,405.1009,0.9861,2.5419,-1.7011,0.0732,-0.2885,26.0936,True
1790477189.7727,405.1509,0.9854,2.5371,-1.7193,0.0724,-0.3016,26.0984,True
1790477189.8226,405.2009,0.985,2.5347,-1.7289,0.0717,-0.3144,26.1009,True
1790477189.8727,405.2509,0.9842,2.5299,-1.7495,0.071,-0.3259,26.1057,True
1790477189.9238,405.302,0.9838,2.5276,-1.76,0.071,-0.3259,26.1081,True
1790477189.9726,405.3509,0.9829,2.5229,-1.7815,0.0715,-0.3183,26.1129,True
1790477190.0227,405.4009,0.9823,2.5206,-1.7921,0.0732,-0.2883,26.1153,True
1790477190.0726,405.4509,0.9812,2.5158,-1.8119,0.0742,-0.2714,26.1202,True
1790477190.1227,405.501,0.9806,2.5134,-1.8215,0.0753,-0.2523,26.1226,True
1790477190.1726,405.5509,0.9793,2.5086,-1.839,0.0753,-0.2523,26.1276,True
1790477190.2226,405.6009,0.9787,2.5062,-1.8473,0.0768,-0.226,26.1301,True
1790477190.2726,405.6508,0.978,2.5037,-1.8551,0.0771,-0.2208,26.1327,True
1790477190.3227,405.701,0.9765,2.4988,-1.8699,0.0771,-0.2208,26.1379,True
1790477190.3728,405.751,0.9757,2.4963,-1.8772,0.077,-0.2236,26.1404,True
1790477190.4228,405.801,0.9741,2.4914,-1.892,0.0766,-0.2296,26.1456,True
1790477190.4728,405.851,0.9733,2.489,-1.8996,0.0768,-0.2273,26.1482,True
1790477190.5227,405.9009,0.9716,2.4841,-1.9146,0.0771,-0.2216,26.1533,True
1790477190.5727,405.9509,0.9707,2.4817,-1.922,0.0776,-0.2124,26.1559,True
1790477190.6227,406.0009,0.9689,2.4768,-1.9357,0.0782,-0.2031,26.1611,True
1790477190.6742,406.0525,0.9679,2.4743,-1.9424,0.0787,-0.1946,26.1638,True
1790477190.7227,406.101,0.966,2.4694,-1.9553,0.0791,-0.1873,26.169,True
1790477190.7727,406.1509,0.965,2.4669,-1.9615,0.079,-0.1894,26.1717,True
1790477190.8227,406.2009,0.9629,2.4621,-1.9742,0.0789,-0.1912,26.177,True
1790477190.8727,406.2509,0.9619,2.4596,-1.9807,0.0793,-0.1832,26.1796,True
1790477190.9227,406.3009,0.9597,2.4548,-1.9931,0.0793,-0.1832,26.185,True
1790477190.9726,406.3509,0.9586,2.4523,-1.9992,0.0793,-0.183,26.1876,True
1790477191.0227,406.4009,0.9575,2.4499,-2.0053,0.0797,-0.1773,26.1903,True
1790477191.0732,406.4515,0.9552,2.4451,-2.017,0.0801,-0.1694,26.1957,True
1790477191.1227,406.5009,0.9541,2.4426,-2.0227,0.0806,-0.1612,26.1983,True
1790477191.1726,406.5509,0.9517,2.4378,-2.0334,0.0805,-0.1629,26.2038,True
1790477191.2227,406.6009,0.9504,2.4353,-2.0389,0.0807,-0.1596,26.2065,True
1790477191.2727,406.6509,0.948,2.4305,-2.0496,0.0805,-0.1637,26.2119,True
1790477191.3227,406.7009,0.9467,2.4281,-2.0551,0.0801,-0.1708,26.2146,True
1790477191.3727,406.751,0.9442,2.4233,-2.0665,0.0802,-0.169,26.2201,True
1790477191.4227,406.8009,0.9429,2.421,-2.0721,0.0805,-0.1632,26.2228,True
1790477191.4727,406.8509,0.9402,2.4162,-2.0829,0.0809,-0.1559,26.2282,True
1790477191.5227,406.901,0.9389,2.4138,-2.0882,0.0814,-0.1485,26.231,True
1790477191.5727,406.9509,0.9361,2.409,-2.0984,0.0812,-0.1508,26.2365,True
1790477191.6227,407.0009,0.9347,2.4066,-2.1035,0.0813,-0.1495,26.2392,True
1790477191.6727,407.0509,0.9319,2.4019,-2.1136,0.0815,-0.1467,26.2448,True
1790477191.7227,407.1009,0.9305,2.3995,-2.1186,0.0816,-0.1434,26.2475,True
1790477191.7755,407.1537,0.929,2.3972,-2.1234,0.0818,-0.1402,26.2503,True
1790477191.8227,407.2009,0.9261,2.3925,-2.1329,0.082,-0.1375,26.2558,True
1790477191.8727,407.2509,0.9246,2.3901,-2.1376,0.0821,-0.1357,26.2586,True
1790477191.9227,407.3009,0.9216,2.3854,-2.1468,0.0822,-0.1346,26.2642,True
1790477191.9727,407.3509,0.9201,2.3831,-2.1514,0.0818,-0.1412,26.267,True
1790477192.0227,407.401,0.917,2.3785,-2.161,0.0812,-0.1508,26.2725,True
1790477192.0726,407.4509,0.9155,2.3762,-2.1661,0.0806,-0.1617,26.2753,True
1790477192.1227,407.501,0.9124,2.3717,-2.1774,0.08,-0.1722,26.2807,True
1790477192.1726,407.5509,0.9108,2.3695,-2.1832,0.0795,-0.1807,26.2834,True
1790477192.2228,407.601,0.9084,2.3661,-2.197,0.028,0.0112,26.2876,True
1790477192.2727,407.651,0.9077,2.3651,-2.1986,0.028,0.0233,26.2888,True
1790477192.3231,407.7014,0.9066,2.3635,-2.1968,0.028,0.032,26.2907,True
1790477192.3727,407.7509,0.906,2.3628,-2.1958,0.0791,-0.1876,26.2917,True
1790477192.4227,407.8009,0.9035,2.3593,-2.2013,0.0788,-0.1926,26.2959,True
1790477192.473,407.8512,0.9019,2.3572,-2.2078,0.0786,-0.1964,26.2986,True
1790477192.5226,407.9009,0.8987,2.3529,-2.2212,0.0784,-0.1992,26.3039,True
1790477192.5738,407.9521,0.8971,2.3508,-2.228,0.0786,-0.1953,26.3066,True
1790477192.6227,408.0009,0.8955,2.3487,-2.2346,0.0786,-0.1956,26.3092,True
1790477192.6727,408.0509,0.8922,2.3445,-2.2478,0.0785,-0.1981,26.3146,True
1790477192.7227,408.1009,0.8905,2.3425,-2.2545,0.0783,-0.2014,26.3172,True
1790477192.7727,408.1509,0.8871,2.3384,-2.2681,0.0786,-0.1966,26.3225,True
1790477192.8228,408.201,0.8854,2.3363,-2.2748,0.0791,-0.1879,26.3252,True
1790477192.8727,408.2509,0.8819,2.3323,-2.2875,0.0791,-0.1865,26.3305,True
1790477192.9228,408.301,0.8802,2.3303,-2.2938,0.079,-0.1887,26.3332,True
1790477192.9727,408.3509,0.8766,2.3263,-2.3065,0.0788,-0.1924,26.3386,True
1790477193.0227,408.4009,0.8748,2.3243,-2.313,0.079,-0.1885,26.3413,True
1790477193.0727,408.451,0.8711,2.3204,-2.3256,0.0794,-0.1822,26.3466,True
1790477193.1227,408.5009,0.8693,2.3184,-2.3317,0.0798,-0.1755,26.3493,True
1790477193.1728,408.551,0.8655,2.3145,-2.3434,0.0802,-0.1691,26.3547,True
1790477193.2227,408.6009,0.8636,2.3126,-2.3491,0.0805,-0.1627,26.3575,True
1790477193.2727,408.6509,0.8598,2.3087,-2.3601,0.0805,-0.1632,26.3629,True
1790477193.3228,408.701,0.8578,2.3068,-2.3656,0.0803,-0.1669,26.3656,True
1790477193.3727,408.7509,0.8559,2.3049,-2.3712,0.0804,-0.1656,26.3684,True
1790477193.4228,408.801,0.8519,2.3011,-2.3824,0.0806,-0.1622,26.3738,True
1790477193.4743,408.8525,0.85,2.2992,-2.3878,0.0805,-0.1638,26.3765,True
1790477193.5287,408.9069,0.846,2.2955,-2.3989,0.0802,-0.1676,26.382,True
1790477193.5727,408.9509,0.844,2.2937,-2.4045,0.0803,-0.166,26.3847,True
1790477193.6227,409.0009,0.8399,2.29,-2.4156,0.0805,-0.1625,26.3902,True
1790477193.673,409.0512,0.8378,2.2882,-2.421,0.0805,-0.1638,26.3929,True
1790477193.7227,409.101,0.8337,2.2847,-2.4322,0.0803,-0.1672,26.3983,True
1790477193.7727,409.1509,0.8317,2.2829,-2.4378,0.0801,-0.1707,26.4011,True
1790477193.8227,409.2009,0.8275,2.2794,-2.4492,0.0801,-0.1699,26.4065,True
1790477193.8728,409.251,0.8254,2.2777,-2.4549,0.0801,-0.1699,26.4092,True
1790477193.9227,409.3009,0.8233,2.276,-2.4606,0.0803,-0.1666,26.4119,True
1790477193.9774,409.3556,0.8191,2.2726,-2.4718,0.0806,-0.1616,26.4174,True
1790477194.0226,409.4009,0.8169,2.2709,-2.4772,0.0805,-0.1631,26.4201,True
1790477194.0727,409.4509,0.8126,2.2675,-2.4881,0.0803,-0.1657,26.4256,True
1790477194.1226,409.5008,0.8104,2.2659,-2.4936,0.0802,-0.1682,26.4283,True
1790477194.1726,409.5508,0.8061,2.2626,-2.5048,0.0801,-0.1698,26.4337,True
1790477194.2227,409.6009,0.8039,2.261,-2.5105,0.08,-0.1709,26.4365,True
1790477194.2726,409.6509,0.7995,2.2578,-2.5219,0.08,-0.1709,26.4419,True
1790477194.3227,409.701,0.7973,2.2563,-2.5276,0.028,0.011,26.4446,True
1790477194.3728,409.751,0.7936,2.2537,-2.5389,0.08,-0.1717,26.449,True
1790477194.4227,409.8009,0.7927,2.2531,-2.5402,0.08,-0.1711,26.4502,True
1790477194.4767,409.8549,0.7887,2.2504,-2.5478,0.0801,-0.1704,26.455,True
1790477194.5226,409.9009,0.7864,2.2488,-2.5535,0.0801,-0.1695,26.4577,True
1790477194.5728,409.951,0.7819,2.2459,-2.5649,0.0802,-0.1685,26.4632,True
1790477194.6227,410.0009,0.7796,2.2444,-2.5705,0.0802,-0.1675,26.4659,True
1790477194.6727,410.0509,0.7773,2.2429,-2.5762,0.0803,-0.1666,26.4686,True
1790477194.7227,410.101,0.7727,2.24,-2.5873,0.0804,-0.1651,26.474,True
1790477194.7726,410.1508,0.7704,2.2386,-2.5929,0.0805,-0.1634,26.4767,True
1790477194.8227,410.201,0.7657,2.2358,-2.6039,0.0806,-0.1616,26.4822,True
1790477194.875,410.2532,0.7634,2.2344,-2.6093,0.0807,-0.16,26.4849,True
1790477194.9227,410.3009,0.7587,2.2317,-2.62,0.0808,-0.1579,26.4904,True
1790477194.9727,410.351,0.7563,2.2303,-2.6254,0.0808,-0.1579,26.4931,True
1790477195.0229,410.4012,0.7515,2.2276,-2.6359,0.081,-0.1538,26.4986,True
1790477195.0747,410.453,0.7491,2.2263,-2.6411,0.0812,-0.1518,26.5013,True
1790477195.1227,410.5009,0.7443,2.2237,-2.6513,0.0813,-0.1497,26.5068,True
1790477195.1727,410.5509,0.7418,2.2224,-2.6563,0.0814,-0.1476,26.5096,True
1790477195.2228,410.601,0.737,2.2198,-2.6662,0.0815,-0.1452,26.5151,True
1790477195.2756,410.6539,0.7345,2.2186,-2.6711,0.0815,-0.1452,26.5179,True
1790477195.3227,410.7009,0.7296,2.2161,-2.6807,0.0818,-0.1405,26.5234,True
1790477195.3727,410.7509,0.7271,2.2149,-2.6854,0.082,-0.1382,26.5262,True
1790477195.4226,410.8009,0.7221,2.2124,-2.6947,0.0821,-0.1358,26.5317,True
1790477195.4727,410.8509,0.7196,2.2113,-2.6992,0.0822,-0.1336,26.5345,True
1790477195.5226,410.9009,0.717,2.2101,-2.7037,0.0823,-0.1314,26.5373,True
1790477195.5727,410.951,0.712,2.2077,-2.7125,0.0825,-0.1295,26.5429,True
1790477195.6227,411.0009,0.7094,2.2066,-2.7169,0.0826,-0.1277,26.5457,True
1790477195.6727,411.0509,0.7043,2.2043,-2.7254,0.0827,-0.1262,26.5512,True
1790477195.7227,411.1009,0.7018,2.2032,-2.7296,0.0828,-0.1243,26.554,True
1790477195.7726,411.1509,0.6966,2.2009,-2.738,0.0829,-0.1223,26.5597,True
1790477195.8227,411.2009,0.694,2.1998,-2.7421,0.083,-0.1203,26.5625,True
1790477195.8728,411.251,0.6889,2.1977,-2.7501,0.0831,-0.1183,26.5681,True
1790477195.9228,411.301,0.6862,2.1966,-2.7541,0.0832,-0.1165,26.5709,True
1790477195.9727,411.3509,0.681,2.1945,-2.7618,0.0833,-0.1147,26.5765,True
1790477196.0227,411.4009,0.6784,2.1935,-2.7657,0.0834,-0.1128,26.5794,True
1790477196.0741,411.4524,0.6731,2.1914,-2.7732,0.0835,-0.1111,26.585,True
1790477196.1259,411.5042,0.6705,2.1904,-2.7769,0.0836,-0.1093,26.5878,True
1790477196.1727,411.5509,0.6652,2.1884,-2.7842,0.0837,-0.1076,26.5935,True
1790477196.2227,411.6009,0.6625,2.1874,-2.7877,0.0838,-0.106,26.5963,True
1790477196.2726,411.6509,0.6572,2.1854,-2.7948,0.0839,-0.1046,26.602,True
1790477196.327,411.7052,0.6545,2.1845,-2.7982,0.084,-0.1031,26.6049,True
1790477196.3727,411.7509,0.6518,2.1835,-2.8017,0.0841,-0.1015,26.6077,True
1790477196.4227,411.8009,0.6465,2.1816,-2.8084,0.0842,-0.0999,26.6134,True
1790477196.4728,411.851,0.6438,2.1807,-2.8118,0.0843,-0.0984,26.6163,True
1790477196.5228,411.901,0.6384,2.1789,-2.8183,0.0844,-0.097,26.622,True
1790477196.5728,411.951,0.6356,2.178,-2.8215,0.0844,-0.0955,26.6248,True
1790477196.6226,412.0009,0.6302,2.1762,-2.8279,0.0845,-0.0939,26.6306,True
1790477196.6727,412.0509,0.6275,2.1753,-2.831,0.0846,-0.0924,26.6334,True
1790477196.7227,412.101,0.622,2.1736,-2.8372,0.0847,-0.0909,26.6392,True
1790477196.7728,412.1511,0.6193,2.1727,-2.8402,0.0848,-0.0896,26.642,True
1790477196.8226,412.2009,0.6138,2.171,-2.8461,0.0849,-0.0881,26.6478,True
1790477196.8727,412.251,0.611,2.1702,-2.849,0.085,-0.0866,26.6506,True
1790477196.923,412.3012,0.6055,2.1686,-2.8548,0.085,-0.0851,26.6564,True
1790477196.9727,412.3509,0.6027,2.1677,-2.8576,0.0851,-0.0836,26.6593,True
1790477197.0227,412.4009,0.5972,2.1661,-2.8632,0.0852,-0.0822,26.6651,True
1790477197.0726,412.4509,0.5944,2.1654,-2.8659,0.0853,-0.081,26.668,True
1790477197.1226,412.5009,0.5888,2.1638,-2.8712,0.0854,-0.0798,26.6737,True
1790477197.1728,412.551,0.586,2.163,-2.8739,0.0854,-0.0787,26.6766,True
1790477197.223,412.6012,0.5833,2.1623,-2.8764,0.0855,-0.0778,26.6795,True
1790477197.2729,412.6511,0.5777,2.1608,-2.8816,0.0855,-0.077,26.6853,True
1790477197.3227,412.7009,0.5749,2.16,-2.8841,0.0856,-0.0761,26.6882,True
1790477197.3727,412.7509,0.5693,2.1586,-2.8891,0.0856,-0.0749,26.694,True
1790477197.4226,412.8009,0.5664,2.1578,-2.8916,0.0857,-0.0735,26.6969,True
1790477197.4728,412.851,0.5608,2.1564,-2.8964,0.0858,-0.0722,26.7027,True
1790477197.5229,412.9011,0.558,2.1557,-2.8988,0.0859,-0.071,26.7056,True
1790477197.5727,412.9509,0.5523,2.1543,-2.9035,0.0859,-0.0696,26.7115,True
1790477197.6226,413.0009,0.5495,2.1536,-2.9058,0.086,-0.0686,26.7144,True
1790477197.6728,413.051,0.5438,2.1523,-2.9104,0.0861,-0.0678,26.7202,True
1790477197.7226,413.1009,0.541,2.1516,-2.9126,0.0861,-0.0668,26.7231,True
1790477197.7727,413.1509,0.5353,2.1503,-2.9169,0.0862,-0.0656,26.729,True
1790477197.8227,413.2009,0.5324,2.1497,-2.9191,0.0862,-0.0645,26.7319,True
1790477197.8762,413.2544,0.5296,2.149,-2.9212,0.0863,-0.0635,26.7348,True
1790477197.9227,413.3009,0.5239,2.1478,-2.9254,0.0864,-0.0623,26.7407,True
1790477197.9727,413.3509,0.5182,2.1465,-2.9295,0.0864,-0.0611,26.7465,True
1790477198.0228,413.401,0.5153,2.1459,-2.9315,0.0865,-0.06,26.7495,True
1790477198.0727,413.451,0.5124,2.1453,-2.9334,0.0866,-0.059,26.7524,True
1790477198.1228,413.501,0.5067,2.1441,-2.9373,0.0866,-0.058,26.7583,True
1790477198.1726,413.5509,0.5038,2.1435,-2.9392,0.0867,-0.0572,26.7612,True
1790477198.2228,413.601,0.498,2.1423,-2.9429,0.0867,-0.0565,26.7671,True
1790477198.2728,413.651,0.4952,2.1417,-2.9448,0.0868,-0.0557,26.77,True
1790477198.3228,413.701,0.4894,2.1406,-2.9484,0.0868,-0.0549,26.7759,True
1790477198.3729,413.7511,0.4865,2.14,-2.9502,0.0868,-0.0541,26.7788,True
1790477198.4228,413.801,0.4807,2.1389,-2.9537,0.0869,-0.0535,26.7847,True
1790477198.4727,413.8509,0.4778,2.1384,-2.9555,0.0869,-0.053,26.7877,True
1790477198.5227,413.901,0.472,2.1373,-2.9589,0.087,-0.0521,26.7936,True
1790477198.5728,413.951,0.4691,2.1368,-2.9606,0.087,-0.0513,26.7965,True
1790477198.6227,414.001,0.4633,2.1357,-2.964,0.0871,-0.0503,26.8024,True
1790477198.6728,414.051,0.4604,2.1352,-2.9656,0.0871,-0.0493,26.8054,True
1790477198.7226,414.1009,0.4546,2.1342,-2.9688,0.0872,-0.0484,26.8113,True
1790477198.7746,414.1528,0.4517,2.1337,-2.9704,0.0872,-0.0476,26.8142,True
1790477198.8227,414.2009,0.4488,2.1332,-2.9719,0.0873,-0.0469,26.8172,True
1790477198.8727,414.2509,0.4429,2.1322,-2.975,0.0873,-0.0463,26.8231,True
1790477198.9227,414.301,0.44,2.1317,-2.9764,0.0873,-0.0459,26.8261,True
1790477198.9739,414.3522,0.4342,2.1307,-2.9794,0.0874,-0.0451,26.832,True
1790477199.0228,414.4011,0.4312,2.1302,-2.9808,0.0874,-0.0444,26.835,True
1790477199.074,414.4523,0.4254,2.1293,-2.9837,0.0875,-0.0435,26.8409,True
1790477199.1227,414.5009,0.4225,2.1288,-2.9851,0.0875,-0.0425,26.8439,True
1790477199.1729,414.5512,0.4166,2.1279,-2.9879,0.0876,-0.0416,26.8498,True
1790477199.2227,414.6009,0.4136,2.1275,-2.9892,0.0876,-0.0407,26.8528,True
1790477199.2727,414.6509,0.4078,2.1266,-2.9919,0.0877,-0.0398,26.8587,True
1790477199.3228,414.701,0.4048,2.1261,-2.9932,0.0877,-0.039,26.8617,True
1790477199.3727,414.7509,0.3989,2.1253,-2.9958,0.0878,-0.0383,26.8676,True
1790477199.4227,414.8009,0.396,2.1248,-2.997,0.0878,-0.0378,26.8706,True
1790477199.4727,414.8509,0.3901,2.124,-2.9994,0.0878,-0.0374,26.8766,True
1790477199.5227,414.901,0.3872,2.1236,-3.0005,0.0879,-0.0368,26.8795,True
1790477199.5726,414.9508,0.3813,2.1227,-3.0029,0.0879,-0.0361,26.8855,True
1790477199.6227,415.0009,0.3783,2.1223,-3.004,0.0879,-0.0353,26.8885,True
1790477199.6726,415.0509,0.3754,2.1219,-3.0051,0.088,-0.0345,26.8915,True
1790477199.7227,415.1009,0.3694,2.1211,-3.0074,0.088,-0.034,26.8974,True
1790477199.7743,415.1525,0.3665,2.1207,-3.0085,0.088,-0.0335,26.9004,True
1790477199.8227,415.201,0.3606,2.1199,-3.0106,0.0881,-0.0329,26.9064,True
1790477199.8727,415.2509,0.3576,2.1195,-3.0116,0.0881,-0.0325,26.9094,True
1790477199.9228,415.301,0.3517,2.1188,-3.0137,0.0881,-0.032,26.9153,True
1790477199.9728,415.3511,0.3487,2.1184,-3.0147,0.0882,-0.0315,26.9183,True
1790477200.023,415.4012,0.3428,2.1176,-3.0167,0.0882,-0.0312,26.9243,True
1790477200.0746,415.4528,0.3398,2.1173,-3.0176,0.0882,-0.0309,26.9273,True
1790477200.1228,415.5011,0.3339,2.1165,-3.0196,0.0882,-0.0304,26.9333,True
1790477200.1729,415.5511,0.3309,2.1162,-3.0205,0.0883,-0.03,26.9363,True
1790477200.2227,415.601,0.325,2.1154,-3.0224,0.0883,-0.0295,26.9423,True
1790477200.2726,415.6509,0.322,2.1151,-3.0233,0.0883,-0.0289,26.9453,True
1790477200.3262,415.7044,0.319,2.1147,-3.0242,0.0883,-0.0285,26.9482,True
1790477200.3727,415.7509,0.3131,2.114,-3.026,0.0884,-0.028,26.9542,True
1790477200.4227,415.8009,0.3101,2.1137,-3.0269,0.0884,-0.0275,26.9572,True
1790477200.4727,415.851,0.3041,2.113,-3.0286,0.0884,-0.027,26.9632,True
1790477200.5228,415.901,0.3012,2.1127,-3.0295,0.0885,-0.0265,26.9662,True
1790477200.5727,415.9509,0.2952,2.112,-3.0312,0.0885,-0.0261,26.9722,True
1790477200.6227,416.0009,0.2922,2.1117,-3.0321,0.0885,-0.0258,26.9752,True
1790477200.6731,416.0514,0.2862,2.111,-3.0337,0.0885,-0.0256,26.9813,True
1790477200.7227,416.1009,0.2832,2.1107,-3.0345,0.0885,-0.0253,26.9843,True
1790477200.7726,416.1509,0.2773,2.1101,-3.0362,0.0886,-0.0247,26.9903,True
1790477200.8227,416.2009,0.2743,2.1098,-3.037,0.0886,-0.0241,26.9933,True
1790477200.8727,416.2509,0.2683,2.1091,-3.0385,0.0886,-0.0235,26.9993,True
1790477200.9227,416.3009,0.2653,2.1088,-3.0393,0.0887,-0.0229,27.0023,True
1790477200.9728,416.3511,0.2593,2.1082,-3.0408,0.0887,-0.0223,27.0083,True
1790477201.0227,416.4009,0.2563,2.1079,-3.0415,0.0887,-0.022,27.0113,True
1790477201.0729,416.4511,0.2503,2.1073,-3.0429,0.0887,-0.0219,27.0174,True
1790477201.1228,416.501,0.2473,2.107,-3.0436,0.0887,-0.0218,27.0204,True
1790477201.1727,416.5509,0.2413,2.1064,-3.045,0.0888,-0.0214,27.0264,True
1790477201.2227,416.6009,0.2383,2.1061,-3.0456,0.0888,-0.0209,27.0294,True
1790477201.2727,416.6509,0.2353,2.1059,-3.0463,0.0888,-0.0204,27.0324,True
1790477201.3228,416.701,0.2293,2.1053,-3.0476,0.028,0.0013,27.0385,True
1790477201.3729,416.7511,0.2263,2.105,-3.0483,0.0888,-0.0199,27.0415,True
1790477201.4227,416.801,0.2222,2.1046,-3.0583,0.0889,-0.0193,27.0456,True
1790477201.4759,416.8541,0.2192,2.1044,-3.0591,0.0889,-0.0187,27.0486,True
1790477201.5227,416.9009,0.2132,2.1039,-3.0603,0.089,-0.0177,27.0546,True
1790477201.5739,416.9521,0.2102,2.1037,-3.0609,0.089,-0.0165,27.0576,True
1790477201.6228,417.001,0.2042,2.1032,-3.062,0.0891,-0.0153,27.0637,True
1790477201.6727,417.0509,0.2011,2.1029,-3.0625,0.0892,-0.0141,27.0667,True
1790477201.7226,417.1009,0.1951,2.1025,-3.0635,0.0892,-0.013,27.0728,True
1790477201.7727,417.151,0.1921,2.1022,-3.0639,0.0893,-0.0123,27.0758,True
1790477201.8227,417.2009,0.186,2.1018,-3.0647,0.0893,-0.0117,27.0819,True
1790477201.8728,417.251,0.183,2.1015,-3.0651,0.0893,-0.0114,27.0849,True
1790477201.9228,417.301,0.1769,2.1011,-3.0658,0.0894,-0.0109,27.091,True
1790477201.9727,417.3509,0.1739,2.1008,-3.0661,0.0894,-0.0105,27.094,True
1790477202.0229,417.4012,0.1709,2.1006,-3.0665,0.0894,-0.0099,27.0971,True
1790477202.0726,417.4508,0.1648,2.1001,-3.0671,0.0894,-0.0095,27.1032,True
1790477202.1231,417.5013,0.1618,2.0999,-3.0675,0.0895,-0.0092,27.1062,True
1790477202.1727,417.551,0.1557,2.0995,-3.068,0.0895,-0.009,27.1123,True
1790477202.2227,417.6009,0.1527,2.0992,-3.0683,0.0895,-0.0089,27.1153,True
1790477202.2728,417.651,0.1466,2.0988,-3.0689,0.0895,-0.0088,27.1214,True
1790477202.3226,417.7009,0.1436,2.0986,-3.0692,0.0895,-0.0087,27.1245,True
1790477202.3727,417.7509,0.1375,2.0981,-3.0697,0.0895,-0.0085,27.1305,True
1790477202.4227,417.801,0.1345,2.0979,-3.07,0.0895,-0.0083,27.1336,True
1790477202.4728,417.8511,0.1284,2.0975,-3.0705,0.0895,-0.0084,27.1397,True
1790477202.5228,417.901,0.1254,2.0973,-3.0708,0.0895,-0.0083,27.1427,True
1790477202.5731,417.9513,0.1193,2.0968,-3.0713,0.0895,-0.0084,27.1488,True
1790477202.6227,418.0009,0.1162,2.0966,-3.0716,0.0895,-0.0082,27.1519,True
1790477202.6728,418.051,0.1132,2.0964,-3.0718,0.0895,-0.0081,27.1549,True
1790477202.7227,418.1009,0.1071,2.096,-3.0723,0.0895,-0.0081,27.161,True
1790477202.7728,418.151,0.1041,2.0958,-3.0726,0.0895,-0.008,27.164,True
1790477202.8228,418.201,0.098,2.0954,-3.0731,0.0895,-0.0082,27.1701,True
1790477202.8727,418.2509,0.095,2.0952,-3.0733,0.0895,-0.0087,27.1732,True
1790477202.9226,418.3009,0.0889,2.0948,-3.0739,0.0895,-0.0088,27.1793,True
1790477202.9733,418.3515,0.0859,2.0945,-3.0742,0.0895,-0.0087,27.1823,True
1790477203.0227,418.4009,0.0798,2.0941,-3.0747,0.0895,-0.0088,27.1884,True
1790477203.0727,418.4509,0.0768,2.0939,-3.075,0.0895,-0.0088,27.1914,True
1790477203.1228,418.501,0.0707,2.0935,-3.0755,0.0895,-0.0087,27.1975,True
1790477203.1728,418.551,0.0677,2.0933,-3.0758,0.0895,-0.0087,27.2006,True
1790477203.2227,418.601,0.0616,2.0929,-3.0764,0.0895,-0.0086,27.2066,True
1790477203.2728,418.651,0.0585,2.0927,-3.0766,0.0895,-0.0083,27.2097,True
1790477203.3227,418.7009,0.0525,2.0923,-3.0772,0.0895,-0.0081,27.2158,True
1790477203.3728,418.751,0.0494,2.0921,-3.0774,0.0895,-0.0081,27.2188,True
1790477203.4228,418.801,0.0434,2.0918,-3.0779,0.0895,-0.0083,27.2249,True
1790477203.4728,418.851,0.0403,2.0916,-3.0782,0.0895,-0.0084,27.2279,True
1790477203.5227,418.9009,0.0342,2.0912,-3.0787,0.0895,-0.0083,27.234,True
1790477203.5728,418.951,0.0312,2.091,-3.079,0.0895,-0.0082,27.2371,True
1790477203.6235,419.0017,0.0282,2.0908,-3.0792,0.0895,-0.0082,27.2401,True
1790477203.6728,419.051,0.0221,2.0904,-3.0797,0.0895,-0.0083,27.2462,True
1790477203.7227,419.101,0.0191,2.0902,-3.08,0.0895,-0.0082,27.2493,True
1790477203.7743,419.1526,0.013,2.0899,-3.0805,0.0895,-0.0081,27.2553,True
1790477203.8227,419.201,0.0099,2.0897,-3.0808,0.0899,0.0016,27.2584,True
1790477203.8728,419.251,0.0038,2.0893,-3.081,0.0891,0.0149,27.2645,True
1790477203.9227,419.301,0.0008,2.0891,-3.0805,0.0884,0.0283,27.2675,True
1790477203.9769,419.3551,-0.0052,2.0887,-3.079,0.0882,0.0308,27.2736,True
1790477204.0229,419.4011,-0.0082,2.0886,-3.0779,0.0884,0.0283,27.2766,True
1790477204.0728,419.451,-0.0142,2.0882,-3.0759,0.0886,0.0234,27.2826,True
1790477204.1228,419.501,-0.0172,2.088,-3.0751,0.089,0.0179,27.2856,True
1790477204.1728,419.551,-0.0232,2.0876,-3.0737,0.0893,0.0126,27.2916,True
1790477204.2227,419.601,-0.0263,2.0874,-3.0732,0.0896,0.0076,27.2947,True
1790477204.2727,419.651,-0.0323,2.0869,-3.0725,0.0898,0.0033,27.3007,True
1790477204.3227,419.7009,-0.0354,2.0867,-3.0724,0.09,-0.0008,27.3038,True
1790477204.3727,419.751,-0.0384,2.0865,-3.0722,0.0898,-0.004,27.3069,True
1790477204.4227,419.8009,-0.0445,2.0861,-3.0724,0.0898,0.0027,27.313,True
1790477204.4727,419.8509,-0.0476,2.0859,-3.0725,0.0892,0.0135,27.316,True
1790477204.5227,419.901,-0.0536,2.0855,-3.0719,0.0891,0.0154,27.3221,True
1790477204.5728,419.951,-0.0567,2.0852,-3.0714,0.0887,0.0226,27.3251,True
1790477204.6227,420.001,-0.0627,2.0848,-3.0701,0.0887,0.0219,27.3312,True
1790477204.6727,420.0509,-0.0657,2.0846,-3.0694,0.089,0.0177,27.3342,True
1790477204.7227,420.1009,-0.0717,2.0842,-3.068,0.0893,0.0125,27.3403,True
1790477204.7727,420.151,-0.0748,2.0839,-3.0676,0.089,0.0163,27.3433,True
1790477204.8227,420.2009,-0.0808,2.0835,-3.0666,0.0892,0.0144,27.3494,True
1790477204.8727,420.2509,-0.0838,2.0833,-3.066,0.0894,0.01,27.3524,True
1790477204.9227,420.3009,-0.0899,2.0828,-3.0652,0.0897,0.0048,27.3585,True
1790477204.9728,420.351,-0.0929,2.0826,-3.065,0.09,-0.0007,27.3615,True
1790477205.0227,420.4009,-0.099,2.0821,-3.0648,0.0897,-0.0054,27.3676,True
1790477205.0728,420.451,-0.1021,2.0819,-3.065,0.0895,-0.0093,27.3707,True
1790477205.1227,420.5009,-0.1081,2.0814,-3.0654,0.0893,-0.0126,27.3768,True
1790477205.1727,420.5509,-0.1112,2.0812,-3.0658,0.0891,-0.0154,27.3798,True
1790477205.2227,420.6009,-0.1142,2.0809,-3.0663,0.089,-0.0177,27.3828,True
1790477205.2727,420.6509,-0.1202,2.0805,-3.0674,0.0889,-0.0196,27.3889,True
1790477205.3228,420.701,-0.1232,2.0803,-3.0681,0.0893,-0.0119,27.3919,True
1790477205.3728,420.751,-0.1293,2.0798,-3.0691,0.09,-0.0004,27.398,True
1790477205.4227,420.801,-0.1323,2.0796,-3.0691,0.0899,0.0026,27.401,True
1790477205.4727,420.8509,-0.1384,2.0792,-3.069,0.0899,0.0013,27.4071,True
1790477205.5227,420.9009,-0.1415,2.0789,-3.0689,0.0899,-0.0018,27.4102,True
1790477205.5755,420.9537,-0.1476,2.0785,-3.0689,0.0898,-0.003,27.4163,True
1790477205.6227,421.0009,-0.1506,2.0783,-3.069,0.0898,-0.0033,27.4194,True
1790477205.6727,421.0509,-0.1567,2.0778,-3.0691,0.0898,-0.0031,27.4255,True
1790477205.7227,421.1009,-0.1598,2.0776,-3.0692,0.0899,-0.0022,27.4285,True
1790477205.7728,421.151,-0.1659,2.0772,-3.0694,0.0899,-0.0009,27.4346,True
1790477205.8227,421.2009,-0.1689,2.0769,-3.0694,0.09,0.0006,27.4377,True
1790477205.8726,421.2508,-0.175,2.0765,-3.0694,0.0899,0.0022,27.4438,True
1790477205.9226,421.3009,-0.1781,2.0763,-3.0693,0.0898,0.0041,27.4469,True
1790477205.9728,421.351,-0.1811,2.0761,-3.0691,0.0896,0.0062,27.4499,True
1790477206.0227,421.4009,-0.1872,2.0756,-3.0687,0.0895,0.0084,27.456,True
1790477206.0727,421.4509,-0.1902,2.0754,-3.0684,0.0894,0.0104,27.4591,True
1790477206.1228,421.501,-0.1963,2.0749,-3.0678,0.0893,0.0125,27.4652,True
1790477206.1727,421.5509,-0.1993,2.0747,-3.0673,0.0892,0.0146,27.4682,True
1790477206.2227,421.6009,-0.2054,2.0743,-3.0664,0.089,0.0169,27.4743,True
1790477206.2728,421.651,-0.2084,2.074,-3.0658,0.0889,0.0192,27.4773,True
1790477206.3228,421.701,-0.2144,2.0736,-3.0645,0.0887,0.0218,27.4833,True
1790477206.3727,421.7509,-0.2175,2.0733,-3.0638,0.0886,0.0243,27.4864,True
1790477206.4227,421.8009,-0.2235,2.0729,-3.0622,0.0885,0.0265,27.4924,True
1790477206.4727,421.851,-0.2265,2.0726,-3.0613,0.0883,0.0284,27.4954,True
1790477206.5243,421.9026,-0.2325,2.0721,-3.0594,0.028,-0.0017,27.5014,True
1790477206.5726,421.9509,-0.2344,2.072,-3.0603,0.028,-0.0021,27.5033,True
1790477206.6227,422.0009,-0.2363,2.0718,-3.0604,0.028,-0.0016,27.5053,True
1790477206.6726,422.0509,-0.2373,2.0718,-3.0605,0.028,-0.0015,27.5062,True
1790477206.7244,422.1026,-0.2382,2.0717,-3.0605,0.028,-0.0015,27.5072,True
1790477206.7728,422.151,-0.2401,2.0715,-3.0606,0.028,-0.0014,27.5091,True
1790477206.823,422.2012,-0.242,2.0714,-3.0606,0.028,-0.0014,27.511,True
1790477206.8753,422.2536,-0.243,2.0713,-3.0606,0.028,-0.0013,27.512,True
1790477206.9259,422.3041,-0.2439,2.0712,-3.0607,0.028,-0.0013,27.5129,True
1790477206.9728,422.3511,-0.2458,2.0711,-3.0607,0.028,-0.0012,27.5148,True
1790477207.0227,422.401,-0.2468,2.071,-3.0607,0.028,-0.0012,27.5158,True
1790477207.0728,422.451,-0.2487,2.0708,-3.0608,0.028,-0.0012,27.5177,True
1790477207.1243,422.5026,-0.2496,2.0708,-3.0608,0.028,-0.0011,27.5186,True
1790477207.1728,422.5511,-0.2515,2.0706,-3.0608,0.028,-0.0011,27.5205,True
1790477207.2226,422.6009,-0.2525,2.0705,-3.0608,0.028,-0.0011,27.5215,True
1790477207.2732,422.6514,-0.2544,2.0704,-3.0609,0.028,-0.001,27.5234,True
1790477207.3227,422.7009,-0.2553,2.0703,-3.0609,0.028,-0.001,27.5243,True
1790477207.3727,422.751,-0.2572,2.0701,-3.0609,0.028,-0.001,27.5262,True
1790477207.4228,422.801,-0.2582,2.0701,-3.0609,0.028,-0.001,27.5272,True
1790477207.4726,422.8509,-0.2601,2.0699,-3.0609,0.028,-0.0009,27.5291,True
1790477207.5227,422.9009,-0.261,2.0698,-3.0609,0.028,-0.0009,27.5301,True
1790477207.5739,422.9521,-0.2629,2.0697,-3.061,0.028,-0.0009,27.532,True
1790477207.6227,423.001,-0.2639,2.0696,-3.061,0.028,-0.0009,27.5329,True
1790477207.673,423.0513,-0.2648,2.0695,-3.061,0.028,-0.0009,27.5339,True
1790477207.7226,423.1009,-0.2667,2.0694,-3.061,0.028,-0.0009,27.5358,True
1790477207.7727,423.1509,-0.2676,2.0693,-3.061,0.028,-0.0008,27.5367,True
1790477207.8227,423.2009,-0.2695,2.0691,-3.061,0.028,-0.0008,27.5386,True
1790477207.873,423.2512,-0.2705,2.0691,-3.061,0.028,-0.0008,27.5396,True
1790477207.925,423.3032,-0.2724,2.0689,-3.061,0.028,-0.0008,27.5415,True
1790477207.9727,423.3509,-0.2733,2.0688,-3.061,0.028,-0.0008,27.5424,True
1790477208.0227,423.4009,-0.2752,2.0687,-3.0611,0.028,-0.0008,27.5443,True
1790477208.0727,423.4509,-0.2762,2.0686,-3.0611,0.028,-0.0008,27.5453,True
1790477208.1227,423.5009,-0.2781,2.0685,-3.0611,0.028,-0.0008,27.5472,True
1790477208.1726,423.5509,-0.279,2.0684,-3.0611,0.028,-0.0008,27.5482,True
1790477208.2226,423.6009,-0.2809,2.0682,-3.0611,0.028,-0.0007,27.5501,True
1790477208.2728,423.651,-0.2819,2.0681,-3.0611,0.028,-0.0007,27.551,True
1790477208.3227,423.7009,-0.2838,2.068,-3.0611,0.028,-0.0007,27.5529,True
1790477208.3735,423.7517,-0.2847,2.0679,-3.0611,0.028,-0.0007,27.5539,True
1790477208.4229,423.8012,-0.2857,2.0678,-3.0611,0.028,-0.0007,27.5548,True
1790477208.4727,423.8509,-0.2876,2.0677,-3.0611,0.028,-0.0007,27.5567,True
1790477208.5227,423.9009,-0.2885,2.0676,-3.0611,0.028,-0.0007,27.5577,True
1790477208.5726,423.9509,-0.2904,2.0675,-3.0611,0.028,-0.0007,27.5596,True
1790477208.6228,424.001,-0.2914,2.0674,-3.0611,0.028,-0.0007,27.5605,True
1790477208.6734,424.0516,-0.2933,2.0672,-3.0611,0.028,-0.0007,27.5624,True
1790477208.7237,424.1019,-0.2942,2.0671,-3.0611,0.028,-0.0007,27.5634,True
1790477208.7727,424.1509,-0.2961,2.067,-3.0611,0.028,-0.0007,27.5653,True
1790477208.8227,424.2009,-0.2971,2.0669,-3.0611,0.028,-0.0007,27.5663,True
1790477208.8728,424.251,-0.299,2.0668,-3.0611,0.028,-0.0007,27.5682,True
1790477208.9227,424.3009,-0.2999,2.0667,-3.0611,0.028,-0.0007,27.5691,True
1790477208.9728,424.351,-0.3018,2.0665,-3.0612,0.028,-0.0007,27.571,True
1790477209.0228,424.401,-0.3028,2.0665,-3.0612,0.028,-0.0007,27.572,True
1790477209.0729,424.4512,-0.3047,2.0663,-3.0612,0.028,-0.0007,27.5739,True
1790477209.1252,424.5034,-0.3056,2.0662,-3.0612,0.028,-0.0007,27.5748,True
1790477209.1726,424.5508,-0.3075,2.0661,-3.0612,0.028,-0.0006,27.5767,True
1790477209.2228,424.601,-0.3085,2.066,-3.0612,0.028,-0.0006,27.5777,True
1790477209.2728,424.651,-0.3094,2.0659,-3.0612,0.028,-0.0006,27.5786,True
1790477209.3239,424.7021,-0.3113,2.0658,-3.0612,0.028,-0.0006,27.5806,True
1790477209.3728,424.751,-0.3123,2.0657,-3.0612,0.028,-0.0006,27.5815,True
1790477209.4228,424.801,-0.3142,2.0655,-3.0612,0.028,-0.0006,27.5834,True
1790477209.4728,424.851,-0.3151,2.0655,-3.0612,0.028,-0.0006,27.5844,True
1790477209.5231,424.9014,-0.317,2.0653,-3.0612,0.0,-0.1993,27.5863,True
1790477209.5726,424.9509,-0.3174,2.0653,-3.0652,0.0,-0.1944,27.5867,True
1790477209.6228,425.001,-0.3174,2.0653,-3.0783,0.0,-0.1817,27.5867,True
1790477209.6728,425.051,-0.3174,2.0653,-3.0843,0.028,-0.1697,27.5867,True
1790477209.7258,425.104,-0.3183,2.0652,-3.0969,0.028,-0.1579,27.5877,True
1790477209.7726,425.1509,-0.3192,2.0652,-3.1022,0.028,-0.1466,27.5886,True
1790477209.8229,425.2012,-0.3211,2.0651,-3.1124,0.028,-0.1367,27.5905,True
1790477209.8728,425.251,-0.3221,2.0651,-3.117,0.028,-0.1276,27.5914,True
1790477209.9226,425.3009,-0.324,2.0651,-3.1256,0.028,-0.1194,27.5933,True
1790477209.9729,425.3511,-0.3249,2.0651,-3.1296,0.028,-0.1114,27.5943,True
1790477210.0227,425.4009,-0.3268,2.065,-3.137,0.028,-0.1042,27.5962,True
1790477210.0728,425.451,-0.3278,2.065,-3.1405,0.028,-0.0972,27.5971,True
1790477210.1228,425.501,-0.3287,2.065,3.1394,0.028,-0.091,27.5981,True
1790477210.1737,425.5519,-0.3306,2.065,3.1331,0.028,-0.0849,27.6,True
1790477210.2228,425.601,-0.3315,2.0651,3.1303,0.028,-0.0793,27.6009,True
1790477210.273,425.6512,-0.3334,2.0651,3.1247,0.028,-0.0741,27.6028,True
1790477210.3228,425.701,-0.3344,2.0651,3.1223,0.028,-0.0692,27.6037,True
1790477210.3727,425.7509,-0.3363,2.0651,3.1175,0.028,-0.0646,27.6056,True
1790477210.4228,425.801,-0.3372,2.0652,3.1153,0.028,-0.0604,27.6066,True
1790477210.4728,425.851,-0.3391,2.0652,3.1111,0.028,-0.0563,27.6085,True
1790477210.5227,425.9009,-0.3401,2.0653,3.1092,0.028,-0.0534,27.6094,True
1790477210.5727,425.9509,-0.342,2.0653,3.1056,0.028,-0.0492,27.6113,True
1790477210.6228,426.001,-0.3429,2.0654,3.104,0.028,-0.0466,27.6123,True
1790477210.6731,426.0513,-0.3439,2.0654,3.1024,0.028,-0.0436,27.6132,True
1790477210.7227,426.1009,-0.3458,2.0655,3.0994,0.028,-0.0407,27.6151,True
1790477210.7727,426.1509,-0.3467,2.0655,3.0981,0.028,-0.038,27.6161,True
1790477210.8228,426.201,-0.3486,2.0656,3.0954,0.028,-0.0355,27.618,True
1790477210.8728,426.251,-0.3496,2.0656,3.0942,0.028,-0.0331,27.619,True
1790477210.9248,426.303,-0.3515,2.0657,3.0919,0.028,-0.0309,27.6209,True
1790477210.9727,426.3509,-0.3524,2.0658,3.0909,0.028,-0.0285,27.6218,True
1790477211.0229,426.4012,-0.3543,2.0659,3.0889,0.03,-0.0269,27.6237,True
1790477211.0744,426.4526,-0.3554,2.0659,3.088,0.03,-0.0248,27.6247,True
1790477211.1227,426.5009,-0.3574,2.066,3.0863,0.03,-0.0235,27.6268,True
1790477211.1729,426.5511,-0.3584,2.0661,3.0855,0.03,-0.0219,27.6278,True
1790477211.2228,426.601,-0.3604,2.0662,3.084,0.03,-0.0202,27.6298,True
1790477211.2727,426.651,-0.3615,2.0663,3.0833,0.03,-0.0189,27.6308,True
1790477211.3227,426.7009,-0.3635,2.0664,3.082,0.03,-0.0178,27.6329,True
1790477211.3728,426.751,-0.3645,2.0665,3.0814,0.03,-0.0167,27.6339,True
1790477211.4227,426.8009,-0.3665,2.0666,3.0803,0.03,-0.0156,27.6359,True
1790477211.4727,426.851,-0.3676,2.0666,3.0798,0.03,-0.0146,27.637,True
1790477211.5227,426.9009,-0.3696,2.0668,3.0788,0.03,-0.0136,27.639,True
1790477211.5727,426.951,-0.3706,2.0668,3.0784,0.03,-0.0127,27.64,True
1790477211.6228,427.001,-0.3716,2.0669,3.078,0.03,-0.0119,27.641,True
1790477211.6728,427.051,-0.3737,2.067,3.0771,0.03,-0.0111,27.6431,True
1790477211.7227,427.1009,-0.3747,2.0671,3.0768,0.03,-0.0104,27.6441,True
1790477211.7727,427.1509,-0.3767,2.0672,3.0761,0.03,-0.0097,27.6461,True
1790477211.8228,427.201,-0.3777,2.0673,3.0757,0.03,-0.009,27.6472,True
1790477211.8727,427.2509,-0.3798,2.0674,3.0751,0.03,-0.0084,27.6492,True
1790477211.9227,427.3009,-0.3808,2.0675,3.0748,0.03,-0.0079,27.6502,True
1790477212.6253,428.0035,-0.3818,2.0676,3.0746,0.03,-0.0079,27.6512,True
1790477212.6726,428.0509,-0.39,2.0681,3.0727,0.03,-0.0054,27.6594,True
1790477212.7228,428.101,-0.392,2.0683,3.0723,0.03,-0.0048,27.6614,True
1790477212.7727,428.1509,-0.393,2.0683,3.0721,0.03,-0.0044,27.6625,True
1790477212.8228,428.201,-0.3951,2.0685,3.0718,0.03,-0.004,27.6645,True
1790477213.6136,428.9918,-0.3951,2.0685,3.0718,0.03,-0.004,27.6645,True
1790477213.6228,429.001,-0.3981,2.0687,3.0715,0.03,-0.0038,27.6676,True
1790477213.6727,429.0509,-0.4042,2.0691,3.0707,0.03,-0.0026,27.6737,True
1790477213.7227,429.1009,-0.4062,2.0693,3.0706,0.03,-0.0023,27.6757,True
1790477213.7727,429.151,-0.4083,2.0694,3.0704,0.03,-0.0022,27.6778,True
1790477213.8242,429.2025,-0.4093,2.0695,3.0703,0.03,-0.002,27.6788,True
1790477213.8728,429.251,-0.4113,2.0696,3.0702,0.03,-0.0019,27.6808,True
1790477213.9227,429.3009,-0.4134,2.0698,3.0701,0.03,-0.0017,27.6829,True
1790477213.9727,429.3509,-0.4144,2.0698,3.0701,0.03,-0.0016,27.6839,True
1790477214.0228,429.401,-0.4164,2.07,3.07,0.03,-0.0016,27.6859,True
1790477214.0727,429.451,-0.4174,2.0701,3.0699,0.03,-0.0015,27.687,True
1790477214.1227,429.5009,-0.4185,2.0701,3.0699,0.03,-0.0014,27.688,True
1790477214.1728,429.551,-0.4205,2.0703,3.0698,0.03,-0.0013,27.69,True
1790477214.2228,429.601,-0.4215,2.0704,3.0697,0.03,-0.0012,27.691,True
1790477214.2726,429.6509,-0.4236,2.0705,3.0697,0.03,-0.0011,27.6931,True
1790477214.3227,429.7009,-0.4246,2.0706,3.0696,0.03,-0.0011,27.6941,True
1790477214.3728,429.751,-0.4266,2.0707,3.0696,0.03,-0.001,27.6961,True
1790477214.4227,429.8009,-0.4276,2.0708,3.0695,0.03,-0.001,27.6972,True
1790477214.4728,429.851,-0.4297,2.0709,3.0695,0.03,-0.0009,27.6992,True
1790477214.5238,429.9021,-0.4307,2.071,3.0695,0.03,-0.0009,27.7002,True
1790477214.5727,429.9509,-0.4327,2.0712,3.0694,0.03,-0.0008,27.7023,True
1790477214.6235,430.0018,-0.4337,2.0712,3.0694,0.03,-0.0008,27.7033,True
1790477214.6727,430.051,-0.4358,2.0714,3.0694,0.03,-0.0007,27.7053,True
1790477214.7228,430.101,-0.4368,2.0715,3.0693,0.03,-0.0007,27.7063,True
1790477214.7727,430.1509,-0.4388,2.0716,3.0693,0.03,-0.0007,27.7084,True
1790477214.8227,430.2009,-0.4398,2.0717,3.0693,0.03,-0.0006,27.7094,True
1790477214.8726,430.2509,-0.4419,2.0718,3.0693,0.03,-0.0006,27.7114,True
1790477214.9234,430.3016,-0.4429,2.0719,3.0692,0.03,-0.0006,27.7125,True
1790477214.9727,430.351,-0.4439,2.072,3.0692,0.03,-0.0006,27.7135,True
1790477215.0261,430.4044,-0.4459,2.0721,3.0692,0.03,-0.0005,27.7155,True
1790477215.0727,430.4509,-0.447,2.0722,3.0692,0.03,-0.0005,27.7165,True
1790477215.1228,430.501,-0.449,2.0723,3.0692,0.03,-0.0005,27.7186,True
1790477215.1728,430.551,-0.45,2.0724,3.0692,0.03,-0.0005,27.7196,True
1790477215.2228,430.601,-0.4521,2.0726,3.0691,0.03,-0.0005,27.7217,True
1790477215.2727,430.6509,-0.4531,2.0726,3.0691,0.03,-0.0004,27.7227,True
1790477215.3237,430.7019,-0.4551,2.0728,3.0691,0.03,-0.0004,27.7247,True
1790477215.3728,430.751,-0.4561,2.0729,3.0691,0.03,-0.0004,27.7257,True
1790477215.423,430.8012,-0.4582,2.073,3.0691,0.03,-0.0004,27.7278,True
1790477215.4728,430.8511,-0.4592,2.0731,3.0691,0.03,-0.0004,27.7288,True
1790477215.5227,430.9009,-0.4612,2.0732,3.0691,0.03,-0.0004,27.7308,True
1790477215.5728,430.951,-0.4622,2.0733,3.0691,0.03,-0.0004,27.7319,True
1790477215.6227,431.0009,-0.4632,2.0734,3.0691,0.03,-0.0003,27.7329,True
1790477215.6728,431.0511,-0.4653,2.0735,3.0691,0.03,-0.0003,27.7349,True
1790477215.7229,431.1011,-0.4663,2.0736,3.069,0.03,-0.0003,27.7359,True
1790477215.7729,431.1511,-0.4683,2.0737,3.069,0.03,-0.0003,27.738,True
1790477215.8227,431.201,-0.4694,2.0738,3.069,0.03,-0.0003,27.739,True
1790477215.8728,431.251,-0.4714,2.074,3.069,0.03,-0.0003,27.741,True
1790477215.9272,431.3055,-0.4724,2.074,3.069,0.03,-0.0003,27.7421,True
1790477215.9727,431.351,-0.4744,2.0742,3.069,0.03,-0.0003,27.7441,True
1790477216.0227,431.4009,-0.4755,2.0743,3.069,0.03,-0.0003,27.7451,True
1790477216.0727,431.4509,-0.4775,2.0744,3.069,0.03,-0.0003,27.7472,True
1790477216.1227,431.5009,-0.4785,2.0745,3.069,0.03,-0.0003,27.7482,True
1790477216.1728,431.551,-0.4806,2.0746,3.069,0.03,-0.0003,27.7502,True
1790477216.2227,431.6009,-0.4816,2.0747,3.069,0.03,-0.0003,27.7512,True
1790477216.2727,431.651,-0.4836,2.0749,3.069,0.03,-0.0003,27.7533,True
1790477216.3227,431.7009,-0.4846,2.0749,3.069,0.03,-0.0003,27.7543,True
1790477216.3727,431.7509,-0.4867,2.0751,3.069,0.03,-0.0002,27.7564,True
1790477216.4227,431.8009,-0.4877,2.0752,3.069,0.03,-0.0002,27.7574,True
1790477216.4727,431.8509,-0.4897,2.0753,3.069,0.03,-0.0002,27.7594,True
1790477216.5227,431.901,-0.4907,2.0754,3.069,0.03,-0.0002,27.7604,True
1790477216.5729,431.9511,-0.4928,2.0755,3.069,0.03,-0.0002,27.7625,True
1790477216.6247,432.003,-0.4938,2.0756,3.069,0.03,-0.0002,27.7635,True
1790477216.6727,432.0509,-0.4948,2.0757,3.069,0.03,-0.0002,27.7645,True
1790477216.7227,432.101,-0.4968,2.0758,3.069,0.03,-0.0002,27.7666,True
1790477216.7727,432.1509,-0.4979,2.0759,3.069,0.03,-0.0002,27.7676,True
1790477216.8227,432.2009,-0.4999,2.076,3.069,0.03,-0.0002,27.7696,True
1790477216.8727,432.251,-0.5009,2.0761,3.069,0.03,-0.0002,27.7706,True
1790477216.9227,432.3009,-0.5029,2.0763,3.069,0.03,-0.0002,27.7727,True
1790477216.9727,432.3509,-0.504,2.0763,3.069,0.03,-0.0002,27.7737,True
1790477217.023,432.4013,-0.506,2.0765,3.069,0.03,-0.0002,27.7757,True
1790477217.0726,432.4509,-0.507,2.0766,3.069,0.03,-0.0002,27.7768,True
1790477217.1226,432.5009,-0.5091,2.0767,3.069,0.03,-0.0002,27.7788,True
1790477217.1728,432.551,-0.5101,2.0768,3.069,0.03,-0.0002,27.7798,True
1790477217.2227,432.6009,-0.5111,2.0769,3.069,0.03,-0.0002,27.7808,True
1790477217.2727,432.6509,-0.5132,2.077,3.0689,0.03,-0.0002,27.7829,True
1790477217.3227,432.7009,-0.5142,2.0771,3.0689,0.03,-0.0002,27.784,True
1790477217.3727,432.7509,-0.5164,2.0772,3.0689,0.03,-0.0002,27.7862,True
1790477217.4227,432.8009,-0.5175,2.0773,3.0689,0.03,-0.0002,27.7873,True
1790477217.4727,432.8509,-0.5198,2.0775,3.0687,0.03,0.0,27.7896,True
1790477217.5248,432.903,-0.521,2.0776,3.0685,0.03,0.0004,27.7908,True
1790477217.5727,432.951,-0.5235,2.0778,3.0677,0.03,0.0011,27.7933,True
1790477217.6229,433.0011,-0.5245,2.0778,3.0608,0.0,0.0,27.7943,True
1790477217.6728,433.051,-0.5247,2.0779,3.0594,0.0,0.0,27.7945,False
1790477217.7228,433.101,-0.5247,2.0779,3.0594,0.03,0.0423,27.7945,True
1790477217.7726,433.1509,-0.5266,2.078,3.0612,0.03,-0.0093,27.7964,True
1790477217.8228,433.201,-0.5276,2.0781,3.0609,0.03,-0.0821,27.7974,True
1790477217.8727,433.2509,-0.5294,2.0782,3.056,0.015,-0.3,27.7993,True
1790477217.9226,433.3009,-0.53,2.0783,3.0479,0.015,-0.3,27.7998,True
1790477217.9726,433.3509,-0.531,2.0784,3.0275,0.015,-0.3,27.8009,True
1790477218.0227,433.4009,-0.5315,2.0785,3.0173,0.015,-0.3,27.8014,True
1790477218.0728,433.451,-0.532,2.0785,3.0071,0.015,-0.3,27.8019,True
1790477218.123,433.5013,-0.533,2.0787,2.9867,0.0,0.0,27.8029,True
1790477218.1728,433.551,-0.5334,2.0787,2.9838,0.0,0.0,27.8033,True
1790477218.2228,433.6011,-0.5334,2.0787,2.9838,0.0,0.0,27.8033,False
1790477218.2728,433.651,-0.5334,2.0787,2.9838,0.0,0.0,27.8033,False
1790477218.3227,433.7009,-0.5334,2.0787,2.9838,0.0,0.0,27.8033,False
1790477218.3728,433.751,-0.5334,2.0787,2.9838,0.0,0.0,27.8033,False
1790477218.4228,433.801,-0.5334,2.0787,2.9838,0.0,0.0,27.8033,False
1790477218.4728,433.851,-0.5334,2.0787,2.9838,0.015,0.3,27.8033,True
1790477218.5227,433.9009,-0.5335,2.0788,2.9912,0.015,0.3,27.8034,True
1790477218.5727,433.951,-0.5341,2.0788,3.0014,0.015,0.3,27.8039,True
1790477218.623,434.0012,-0.5351,2.079,3.0218,0.015,0.3,27.8049,True
1790477218.6727,434.051,-0.5356,2.079,3.032,0.015,0.3,27.8055,True
1790477218.7231,434.1014,-0.5361,2.0791,3.0422,0.015,0.3,27.806,True
1790477218.7727,434.1509,-0.5371,2.0792,3.0626,0.015,0.3,27.807,True
1790477218.8227,434.2009,-0.5376,2.0792,3.0728,0.015,0.3,27.8075,True
1790477218.8727,434.251,-0.5386,2.0793,3.0932,0.015,0.3,27.8085,True
1790477218.9228,434.301,-0.5391,2.0793,3.1034,0.0,0.0,27.809,True
1790477218.9727,434.3509,-0.54,2.0793,3.1164,0.0,0.0,27.8099,True
1790477219.0227,434.4009,-0.54,2.0793,3.1164,0.0,0.0,27.8099,False
1790477219.0728,434.451,-0.54,2.0793,3.1164,0.0,0.0,27.8099,False
1790477219.1228,434.501,-0.54,2.0793,3.1164,0.015,0.3,27.8099,True
1790477219.1726,434.5509,-0.5401,2.0793,3.1238,0.015,0.3,27.81,True
1790477219.2227,434.6009,-0.5407,2.0793,3.134,0.015,0.3,27.8106,True
1790477219.2728,434.651,-0.5417,2.0793,-3.1288,0.015,0.3,27.8116,True
1790477219.3243,434.7025,-0.5422,2.0793,-3.1186,0.015,0.3,27.8121,True
1790477219.3727,434.7509,-0.5432,2.0793,-3.0982,0.015,0.3,27.8131,True
1790477219.4227,434.8009,-0.5437,2.0792,-3.088,0.015,0.3,27.8136,True
1790477219.4727,434.8509,-0.5447,2.0792,-3.0676,0.015,0.3,27.8146,True
1790477219.5227,434.9009,-0.5452,2.0791,-3.0574,0.015,0.3,27.8151,True
1790477219.5727,434.951,-0.5463,2.079,-3.037,0.015,0.3,27.8162,True
1790477219.6227,435.0009,-0.5468,2.079,-3.0268,0.015,0.3,27.8167,True
1790477219.6727,435.051,-0.5473,2.0789,-3.0166,0.015,0.3,27.8172,True
1790477219.7227,435.101,-0.5483,2.0788,-2.9962,0.015,0.3,27.8182,True
1790477219.7728,435.151,-0.5488,2.0787,-2.986,0.015,0.267,27.8187,True
1790477219.8227,435.2009,-0.5498,2.0785,-2.9667,0.0,0.0,27.8197,True
1790477219.8728,435.251,-0.5501,2.0785,-2.9633,0.0,0.0,27.8201,True
1790477219.9228,435.301,-0.5501,2.0785,-2.9633,0.0,0.0,27.8201,False
1790477219.9727,435.3509,-0.5501,2.0785,-2.9633,0.0,0.0,27.8201,False
1790477220.0227,435.4009,-0.5501,2.0785,-2.9633,0.0,0.0,27.8201,False
1790477220.0728,435.451,-0.5501,2.0785,-2.9633,0.0,0.0,27.8201,False
1790477220.1227,435.5009,-0.5501,2.0785,-2.9633,0.015,-0.3,27.8201,True
1790477220.1727,435.5509,-0.5502,2.0785,-2.9707,0.015,-0.3,27.8202,True
1790477220.2227,435.6009,-0.5512,2.0783,-2.9911,0.015,-0.3,27.8212,True
1790477220.2727,435.6509,-0.5517,2.0782,-3.0013,0.015,-0.3,27.8217,True
1790477220.3227,435.7009,-0.5527,2.0781,-3.0217,0.015,-0.3,27.8227,True
1790477220.3727,435.7509,-0.5532,2.078,-3.0319,0.015,-0.3,27.8232,True
1790477220.4227,435.8009,-0.5538,2.078,-3.0421,0.015,-0.3,27.8237,True
1790477220.4727,435.8509,-0.5548,2.0779,-3.0625,0.015,-0.3,27.8248,True
1790477220.5227,435.9009,-0.5553,2.0779,-3.0727,0.015,-0.3,27.8253,True
1790477220.5727,435.9509,-0.5563,2.0778,-3.0931,0.03,-0.2258,27.8263,True
1790477220.6227,436.0009,-0.5573,2.0778,-3.1007,0.03,-0.1377,27.8273,True
1790477220.6727,436.0509,-0.5594,2.0777,-3.1131,0.03,-0.1124,27.8293,True
1790477220.7242,436.1024,-0.5604,2.0777,-3.1169,0.03,-0.1218,27.8304,True
1790477220.7727,436.1509,-0.5624,2.0776,-3.1249,0.03,-0.1609,27.8324,True
1790477220.8227,436.2009,-0.5634,2.0776,-3.1303,0.015,-0.2414,27.8334,True
1790477220.8727,436.2509,-0.565,2.0776,3.1399,0.015,-0.3,27.835,True
1790477220.9227,436.3009,-0.5655,2.0776,3.1297,0.015,-0.3,27.8355,True
1790477220.9727,436.3509,-0.5665,2.0776,3.1093,0.015,-0.3,27.8365,True
1790477221.0227,436.4009,-0.567,2.0776,3.0991,0.015,-0.3,27.837,True
1790477221.0727,436.4509,-0.568,2.0777,3.0787,0.015,-0.3,27.838,True
1790477221.1227,436.5009,-0.5685,2.0777,3.0685,0.015,-0.3,27.8385,True
1790477221.1727,436.551,-0.5695,2.0778,3.0481,0.015,-0.3,27.8395,True
1790477221.2227,436.6009,-0.5701,2.0779,3.0379,0.0,0.0,27.8401,True
1790477221.2729,436.6512,-0.5705,2.0779,3.0351,0.0,0.0,27.8405,False
1790477221.3227,436.7009,-0.5705,2.0779,3.0351,0.0,0.0,27.8405,False
1790477221.3728,436.7511,-0.5705,2.0779,3.0351,0.0,0.0,27.8405,False
1790477221.4226,436.8009,-0.5705,2.0779,3.0351,0.0,0.0,27.8405,False
1790477221.4727,436.8509,-0.5705,2.0779,3.0351,0.0,0.0,27.8405,False
1790477221.5227,436.9009,-0.5705,2.0779,3.0351,0.0,0.0,27.8405,False
1790477221.5727,436.951,-0.5705,2.0779,3.0351,0.0,0.0,27.8405,False
1790477221.6227,437.0009,-0.5705,2.0779,3.0351,0.015,0.2977,27.8405,True
1790477221.6727,437.0509,-0.5706,2.0779,3.0424,0.015,0.2954,27.8406,True
1790477221.7227,437.1009,-0.5716,2.078,3.0626,0.015,0.2951,27.8416,True
1790477221.7727,437.1509,-0.5721,2.078,3.0726,0.015,0.299,27.8421,True
1790477221.8227,437.2009,-0.5731,2.0781,3.0928,0.015,0.3,27.8431,True
1790477221.8727,437.251,-0.5736,2.0781,3.103,0.015,0.3,27.8436,True
1790477221.9226,437.3009,-0.5746,2.0782,3.1234,0.015,0.3,27.8446,True
1790477221.9741,437.3523,-0.5751,2.0782,3.1336,0.015,0.3,27.8452,True
1790477222.0227,437.4009,-0.5757,2.0782,-3.1394,0.015,0.3,27.8457,True
1790477222.0727,437.451,-0.5767,2.0782,-3.119,0.015,0.3,27.8467,True
1790477222.1226,437.5009,-0.5772,2.0781,-3.1088,0.015,0.3,27.8472,True
1790477222.1726,437.5509,-0.5782,2.0781,-3.0884,0.015,0.3,27.8482,True
1790477222.2227,437.6009,-0.5787,2.0781,-3.0782,0.015,0.3,27.8487,True
1790477222.2727,437.6509,-0.5797,2.078,-3.0578,0.015,0.3,27.8497,True
1790477222.3227,437.7009,-0.5802,2.0779,-3.0476,0.015,0.3,27.8503,True
1790477222.3727,437.7509,-0.5813,2.0778,-3.0272,0.015,0.3,27.8513,True
1790477222.4226,437.8009,-0.5818,2.0778,-3.017,0.015,0.3,27.8518,True
1790477222.4727,437.8509,-0.5828,2.0776,-2.9966,0.015,0.3,27.8528,True
1790477222.5226,437.9009,-0.5833,2.0776,-2.9864,0.015,0.3,27.8533,True
1790477222.5727,437.9509,-0.5843,2.0774,-2.966,0.015,0.3,27.8543,True
1790477222.6227,438.0009,-0.5848,2.0773,-2.9558,0.015,0.3,27.8548,True
1790477222.6732,438.0514,-0.5858,2.0771,-2.9354,0.015,0.3,27.8559,True
1790477222.7227,438.101,-0.5863,2.077,-2.9252,0.0,0.0,27.8564,True
1790477222.7727,438.151,-0.5867,2.0769,-2.9224,0.0,0.0,27.8568,True
1790477222.8226,438.2009,-0.5867,2.0769,-2.9224,0.0,0.0,27.8568,False
1790477222.8727,438.2509,-0.5867,2.0769,-2.9224,0.0,0.0,27.8568,False
1790477222.9227,438.3009,-0.5867,2.0769,-2.9224,0.0,0.0,27.8568,False
1790477222.9727,438.3509,-0.5867,2.0769,-2.9224,0.0,0.0,27.8568,False
1790477223.0227,438.4009,-0.5867,2.0769,-2.9224,0.0,0.0,27.8568,False
1790477223.0727,438.4509,-0.5867,2.0769,-2.9224,0.0,0.0,27.8568,False
1790477223.1226,438.5009,-0.5867,2.0769,-2.9224,0.0,0.0,27.8568,False
1790477223.1727,438.551,-0.5867,2.0769,-2.9224,0.0,0.0,27.8568,False
1790477223.2227,438.6009,-0.5867,2.0769,-2.9224,0.0,0.0,27.8568,False
1790477223.2727,438.6509,-0.5867,2.0769,-2.9224,0.0,0.0,27.8568,False
1790477223.3229,438.7011,-0.5867,2.0769,-2.9224,0.0,0.0,27.8568,False
1790477223.3727,438.751,-0.5867,2.0769,-2.9224,0.0,0.0,27.8568,False
1790477223.4226,438.8009,-0.5867,2.0769,-2.9224,0.0,0.0,27.8568,False
1790477223.4728,438.851,-0.5867,2.0769,-2.9224,0.015,0.3,27.8568,True
1790477223.5226,438.9009,-0.5868,2.0769,-2.9151,0.015,0.3,27.8569,True
1790477223.5726,438.9509,-0.5873,2.0768,-2.9049,0.015,0.3,27.8574,True
1790477223.6227,439.0009,-0.5883,2.0765,-2.8845,0.015,0.3,27.8584,True
1790477223.6727,439.0509,-0.5888,2.0764,-2.8743,0.015,0.2552,27.8589,True
1790477223.7228,439.101,-0.5892,2.0763,-2.8641,0.03,0.1884,27.8594,True
1790477223.7727,439.151,-0.5907,2.0758,-2.8475,0.03,0.134,27.861,True
1790477223.8227,439.2009,-0.5917,2.0755,-2.841,0.0,0.0,27.862,True
1790477223.8727,439.2509,-0.5929,2.0751,-2.8313,0.0,0.0,27.8633,True
1790477223.9227,439.301,-0.5929,2.0751,-2.8313,0.0,0.0,27.8633,False
1790477223.9727,439.3509,-0.5929,2.0751,-2.8313,0.0,0.0,27.8633,False
1790477224.0227,439.4009,-0.5929,2.0751,-2.8313,0.0,0.0,27.8633,False
1790477224.0726,439.4509,-0.5929,2.0751,-2.8313,0.0,0.0,27.8633,False
1790477224.1227,439.5009,-0.5929,2.0751,-2.8313,0.0,0.0,27.8633,False
1790477224.1727,439.551,-0.5929,2.0751,-2.8313,0.0,0.0,27.8633,False
1790477224.2227,439.6009,-0.5929,2.0751,-2.8313,0.0,0.0,27.8633,False
1790477224.2726,439.6509,-0.5929,2.0751,-2.8313,0.015,-0.3,27.8633,True
1790477224.3241,439.7024,-0.593,2.0751,-2.8387,0.015,-0.3,27.8634,True
1790477224.3727,439.7509,-0.594,2.0748,-2.8591,0.015,-0.3,27.8644,True
1790477224.4229,439.8011,-0.5945,2.0747,-2.8693,0.015,-0.3,27.8649,True
1790477224.4727,439.8509,-0.5955,2.0744,-2.8897,0.015,-0.3,27.8659,True
1790477224.5228,439.901,-0.596,2.0743,-2.8999,0.0,0.0,27.8664,True
1790477224.5727,439.951,-0.5964,2.0742,-2.9027,0.0,0.0,27.8668,True
1790477224.6227,440.001,-0.5964,2.0742,-2.9027,0.0,0.0,27.8668,False
1790477224.6728,440.051,-0.5964,2.0742,-2.9027,0.0,0.0,27.8668,False
1790477224.7227,440.1009,-0.5964,2.0742,-2.9027,0.0,0.0,27.8668,False
1790477224.7727,440.151,-0.5964,2.0742,-2.9027,0.0,0.0,27.8668,False
1790477224.8227,440.2009,-0.5964,2.0742,-2.9027,0.0,0.0,27.8668,False
1790477224.8728,440.251,-0.5964,2.0742,-2.9027,0.0,0.0,27.8668,False
1790477224.9227,440.3009,-0.5964,2.0742,-2.9027,0.0,0.0,27.8668,False
1790477224.9727,440.3509,-0.5964,2.0742,-2.9027,0.0,0.0,27.8668,False
1790477225.0227,440.4009,-0.5964,2.0742,-2.9027,0.0,0.0,27.8668,False
1790477225.0727,440.4509,-0.5964,2.0742,-2.9027,0.015,-0.3,27.8668,True
1790477225.1227,440.5009,-0.5969,2.074,-2.9203,0.015,-0.3,27.8674,True
1790477225.174,440.5522,-0.5974,2.0739,-2.9305,0.015,-0.3,27.868,True
1790477225.2226,440.6008,-0.5984,2.0737,-2.9509,0.015,-0.3,27.869,True
1790477225.2726,440.6509,-0.5989,2.0736,-2.9611,0.015,-0.3,27.8695,True
1790477225.3227,440.701,-0.5994,2.0736,-2.9713,0.015,-0.3,27.87,True
1790477225.3726,440.7509,-0.6005,2.0734,-2.9917,0.0,0.0,27.871,True
1790477225.4227,440.8009,-0.6009,2.0733,-2.9945,0.0,0.0,27.8714,True
1790477225.4727,440.8509,-0.6009,2.0733,-2.9945,0.0,0.0,27.8714,False
1790477225.5227,440.9009,-0.6009,2.0733,-2.9945,0.0,0.0,27.8714,False
1790477225.5727,440.9509,-0.6009,2.0733,-2.9945,0.0,0.0,27.8714,False
1790477225.6227,441.0009,-0.6009,2.0733,-2.9945,0.0,0.0,27.8714,False
1790477225.6727,441.0509,-0.6009,2.0733,-2.9945,0.0,0.0,27.8714,False
1790477225.7228,441.101,-0.6009,2.0733,-2.9945,0.0,0.0,27.8714,False
1790477225.7759,441.1541,-0.6009,2.0733,-2.9945,0.015,0.3,27.8714,True
1790477225.8227,441.2009,-0.601,2.0733,-2.9872,0.015,0.3,27.8715,True
1790477225.8729,441.2511,-0.602,2.0731,-2.9668,0.015,0.3,27.8725,True
1790477225.9227,441.301,-0.6025,2.0731,-2.9566,0.015,0.3,27.8731,True
1790477225.9752,441.3534,-0.603,2.073,-2.9464,0.015,0.3,27.8736,True
1790477226.0227,441.4009,-0.604,2.0727,-2.926,0.015,0.3,27.8746,True
1790477226.0726,441.4509,-0.6045,2.0726,-2.9158,0.015,0.3,27.8751,True
1790477226.1227,441.5009,-0.6055,2.0724,-2.8954,0.015,0.3,27.8761,True
1790477226.1727,441.551,-0.606,2.0723,-2.8852,0.0,0.0,27.8766,True
1790477226.2227,441.6009,-0.6068,2.072,-2.8721,0.0,0.0,27.8775,True
1790477226.2735,441.6517,-0.6068,2.072,-2.8721,0.015,0.3,27.8775,True
1790477226.3227,441.7009,-0.6069,2.072,-2.8648,0.015,0.3,27.8776,True
1790477226.3727,441.7509,-0.6074,2.0719,-2.8546,0.015,0.3,27.8782,True
1790477226.4227,441.8009,-0.6084,2.0716,-2.8342,0.015,0.3,27.8792,True
1790477226.4727,441.8509,-0.6089,2.0714,-2.824,0.015,0.3,27.8797,True
1790477226.5227,441.9009,-0.6099,2.0711,-2.8036,0.015,0.3,27.8807,True
1790477226.5727,441.951,-0.6103,2.0709,-2.7934,0.015,0.3,27.8812,True
1790477226.6227,442.0009,-0.6113,2.0705,-2.773,0.015,0.3,27.8822,True
1790477226.6727,442.0509,-0.6118,2.0704,-2.7628,0.015,0.3,27.8827,True
1790477226.7227,442.1009,-0.6127,2.07,-2.7424,0.015,0.3,27.8838,True
1790477226.774,442.1523,-0.6132,2.0698,-2.7322,0.015,0.3,27.8843,True
1790477226.823,442.2012,-0.6141,2.0694,-2.7118,0.015,0.3,27.8853,True
1790477226.8727,442.2509,-0.6146,2.0691,-2.7016,0.015,0.3,27.8858,True
1790477226.9227,442.3009,-0.615,2.0689,-2.6914,0.015,0.3,27.8863,True
1790477226.9755,442.3537,-0.6159,2.0685,-2.671,0.015,0.3,27.8873,True
1790477227.0227,442.4009,-0.6164,2.0682,-2.6608,0.015,0.3,27.8878,True
1790477227.0731,442.4513,-0.6173,2.0678,-2.6404,0.015,0.3,27.8889,True
1790477227.1227,442.5009,-0.6177,2.0675,-2.6302,0.015,0.3,27.8894,True
1790477227.1758,442.554,-0.6186,2.067,-2.6098,0.0,0.0,27.8904,True
1790477227.2227,442.6009,-0.619,2.0668,-2.6069,0.0,0.0,27.8908,True
1790477227.2726,442.6509,-0.619,2.0668,-2.6069,0.0,0.0,27.8908,False
1790477227.3227,442.7009,-0.619,2.0668,-2.6069,0.0,0.0,27.8908,False
1790477227.3727,442.7509,-0.619,2.0668,-2.6069,0.015,-0.3,27.8908,True
1790477227.4227,442.8009,-0.6191,2.0667,-2.6143,0.015,-0.3,27.8909,True
1790477227.4727,442.851,-0.62,2.0662,-2.6347,0.015,-0.3,27.8919,True
1790477227.5227,442.9009,-0.6204,2.066,-2.6449,0.015,-0.3,27.8924,True
1790477227.5765,442.9547,-0.6208,2.0658,-2.6551,0.015,-0.3,27.8929,True
1790477227.6227,443.0009,-0.6218,2.0653,-2.6755,0.015,-0.3,27.894,True
1790477227.6746,443.0528,-0.6222,2.0651,-2.6857,0.015,-0.3,27.8945,True
1790477227.7227,443.1009,-0.6231,2.0646,-2.7061,0.03,-0.1266,27.8955,True
1790477227.7763,443.1546,-0.624,2.0642,-2.7111,0.03,-0.0579,27.8964,True
1790477227.8227,443.2009,-0.6258,2.0634,-2.7173,0.03,-0.0465,27.8985,True
1790477227.8726,443.2509,-0.6268,2.063,-2.7189,0.03,-0.0627,27.8995,True
1790477227.9227,443.3009,-0.6286,2.0621,-2.7226,0.03,-0.1034,27.9015,True
1790477227.9727,443.3509,-0.6295,2.0617,-2.7261,0.03,-0.1745,27.9025,True
1790477228.0227,443.4009,-0.6313,2.0609,-2.7371,0.015,-0.2971,27.9045,True
1790477228.0727,443.4509,-0.6318,2.0607,-2.7472,0.015,-0.3,27.905,True
1790477228.1228,443.501,-0.6327,2.0604,-2.7675,0.015,-0.3,27.906,True
1790477228.1747,443.5529,-0.6332,2.0602,-2.7777,0.015,-0.3,27.9065,True
1790477228.2227,443.6009,-0.6342,2.0598,-2.7981,0.015,-0.3,27.9075,True
1790477228.2755,443.6537,-0.6347,2.0597,-2.8083,0.015,-0.3,27.908,True
1790477228.3227,443.7009,-0.6356,2.0593,-2.8287,0.015,-0.3,27.9091,True
1790477228.376,443.7542,-0.6361,2.0592,-2.8389,0.015,-0.3,27.9096,True
1790477228.4227,443.801,-0.6371,2.0589,-2.8593,0.015,-0.3,27.9106,True
1790477228.4728,443.851,-0.6376,2.0587,-2.8695,0.015,-0.3,27.9111,True
1790477228.5231,443.9014,-0.6381,2.0586,-2.8797,0.015,-0.3,27.9116,True
1790477228.5728,443.951,-0.6391,2.0584,-2.9001,0.0,0.0,27.9126,True
1790477228.6227,444.0009,-0.6395,2.0583,-2.9028,0.0,0.0,27.913,True
1790477228.6761,444.0543,-0.6395,2.0583,-2.9028,0.0,0.0,27.913,False
1790477228.7227,444.1009,-0.6395,2.0583,-2.9028,0.0,0.0,27.913,False
1790477228.7731,444.1514,-0.6395,2.0583,-2.9028,0.0,0.0,27.913,False
1790477228.8227,444.2009,-0.6395,2.0583,-2.9028,0.0,0.0,27.913,False
1790477228.8734,444.2516,-0.6395,2.0583,-2.9028,0.0,0.0,27.913,False
1790477228.9227,444.3009,-0.6395,2.0583,-2.9028,0.0,0.0,27.913,False
1790477228.9727,444.3509,-0.6395,2.0583,-2.9028,0.0,0.0,27.913,False
1790477229.0226,444.4008,-0.6395,2.0583,-2.9028,0.0,0.0,27.913,False
1790477229.0727,444.4509,-0.6395,2.0583,-2.9028,0.03,0.1199,27.913,True
1790477229.1227,444.5009,-0.6402,2.0581,-2.9003,0.03,0.0911,27.9138,True
1790477229.1729,444.5511,-0.6412,2.0578,-2.8972,0.03,-0.1477,27.9149,True
1790477229.2228,444.601,-0.643,2.0574,-2.8997,0.015,-0.3,27.9167,True
1790477229.2729,444.6511,-0.6435,2.0573,-2.9099,0.015,-0.3,27.9172,True
1790477229.325,444.7033,-0.6445,2.057,-2.9303,0.015,-0.3,27.9182,True
1790477229.3728,444.751,-0.645,2.0569,-2.9405,0.015,-0.3,27.9187,True
1790477229.4227,444.801,-0.646,2.0567,-2.9609,0.015,-0.3,27.9197,True
1790477229.4729,444.8511,-0.6465,2.0567,-2.9711,0.015,0.3,27.9202,True
1790477229.5227,444.9009,-0.6475,2.0565,-2.9834,0.015,0.3,27.9213,True
1790477229.5727,444.9509,-0.648,2.0564,-2.9775,0.015,0.3,27.9218,True
1790477229.6227,445.0009,-0.649,2.0562,-2.9571,0.015,0.3,27.9228,True
1790477229.6728,445.0511,-0.6495,2.0561,-2.9469,0.0,0.0,27.9233,True
1790477229.7228,445.101,-0.6499,2.0561,-2.9441,0.0,0.0,27.9237,False
1790477229.7728,445.151,-0.6499,2.0561,-2.9441,0.0,0.0,27.9237,False
1790477229.8227,445.2009,-0.6499,2.0561,-2.9441,0.0,0.0,27.9237,False
1790477229.8727,445.251,-0.6499,2.0561,-2.9441,0.0,0.0,27.9237,False
1790477229.9227,445.3009,-0.6499,2.0561,-2.9441,0.0,0.0,27.9237,False
1790477229.973,445.3512,-0.6499,2.0561,-2.9441,0.015,0.3,27.9237,True
1790477230.023,445.4012,-0.6505,2.0559,-2.9265,0.015,0.3,27.9243,True
1790477230.0728,445.451,-0.651,2.0558,-2.9163,0.015,0.3,27.9248,True
1790477230.1228,445.501,-0.6515,2.0557,-2.9061,0.015,0.3,27.9253,True
1790477230.1728,445.551,-0.6525,2.0555,-2.8857,0.015,0.3,27.9264,True
1790477230.2228,445.601,-0.653,2.0553,-2.8755,0.015,0.3,27.9269,True
1790477230.2762,445.6545,-0.6539,2.055,-2.8551,0.015,0.3,27.9279,True
1790477230.3228,445.701,-0.6544,2.0549,-2.8449,0.015,0.3,27.9284,True
1790477230.3728,445.751,-0.6554,2.0546,-2.8245,0.015,0.3,27.9294,True
1790477230.4227,445.8009,-0.6559,2.0544,-2.8143,0.015,0.3,27.9299,True
1790477230.4728,445.851,-0.6568,2.0541,-2.7939,0.015,0.3,27.931,True
1790477230.5227,445.9009,-0.6573,2.0539,-2.7837,0.015,0.3,27.9315,True
1790477230.5728,445.951,-0.6583,2.0535,-2.7633,0.015,0.3,27.9325,True
1790477230.6227,446.001,-0.6588,2.0534,-2.7531,0.015,0.3,27.933,True
1790477230.6739,446.0521,-0.6597,2.053,-2.7327,0.015,0.3,27.934,True
1790477230.7227,446.101,-0.6602,2.0528,-2.7225,0.015,0.3,27.9345,True
1790477230.7727,446.1509,-0.6611,2.0523,-2.7021,0.015,0.3,27.9355,True
1790477230.8228,446.201,-0.6615,2.0521,-2.6919,0.015,0.3,27.9361,True
1790477230.8729,446.2511,-0.662,2.0519,-2.6817,0.015,0.3,27.9366,True
1790477230.9228,446.301,-0.6629,2.0514,-2.6613,0.015,0.3,27.9376,True
1790477230.9728,446.3511,-0.6634,2.0512,-2.6511,0.0,0.0,27.9381,True
1790477231.0227,446.4009,-0.6642,2.0507,-2.6381,0.0,0.0,27.939,True
1790477231.0728,446.4511,-0.6642,2.0507,-2.6381,0.0,0.0,27.939,False
1790477231.1227,446.5009,-0.6642,2.0507,-2.6381,0.0,0.0,27.939,False
1790477231.1727,446.551,-0.6642,2.0507,-2.6381,0.0,0.0,27.939,False
1790477231.2227,446.6009,-0.6642,2.0507,-2.6381,0.0,0.0,27.939,False
1790477231.2728,446.651,-0.6642,2.0507,-2.6381,0.015,-0.3,27.939,True
1790477231.3227,446.7009,-0.6647,2.0505,-2.6556,0.015,-0.3,27.9396,True
1790477231.3728,446.751,-0.6652,2.0502,-2.6658,0.015,-0.3,27.9401,True
1790477231.4227,446.8009,-0.6661,2.0498,-2.6862,0.015,-0.3,27.9412,True
1790477231.4762,446.8545,-0.6665,2.0495,-2.6964,0.015,-0.3,27.9417,True
1790477231.5227,446.9009,-0.6675,2.0491,-2.7168,0.015,-0.3,27.9427,True
1790477231.5728,446.951,-0.6679,2.0489,-2.727,0.015,-0.3,27.9432,True
1790477231.6228,447.001,-0.6684,2.0487,-2.7372,0.015,-0.3,27.9437,True
1790477231.6728,447.051,-0.6693,2.0483,-2.7576,0.015,-0.3,27.9447,True
1790477231.7227,447.101,-0.6698,2.0481,-2.7678,0.015,-0.3,27.9452,True
1790477231.7727,447.151,-0.6708,2.0478,-2.7882,0.015,-0.3,27.9463,True
1790477231.8227,447.2009,-0.6712,2.0476,-2.7984,0.015,-0.3,27.9468,True
1790477231.8727,447.2509,-0.6722,2.0473,-2.8188,0.03,-0.1893,27.9478,True
1790477231.9227,447.3009,-0.6732,2.0469,-2.8253,0.03,-0.1287,27.9488,True
1790477231.9727,447.3509,-0.6751,2.0463,-2.8361,0.03,-0.1153,27.9508,True
1790477232.0227,447.4009,-0.6761,2.046,-2.84,0.03,-0.1331,27.9519,True
1790477232.0727,447.4509,-0.678,2.0454,-2.849,0.03,-0.1848,27.9539,True
1790477232.1227,447.5009,-0.679,2.0451,-2.8553,0.015,-0.2842,27.9549,True
1790477232.173,447.5512,-0.68,2.0448,-2.8748,0.015,-0.3,27.9559,True
1790477232.2227,447.6009,-0.6805,2.0447,-2.885,0.015,-0.3,27.9565,True
1790477232.2727,447.6509,-0.6815,2.0445,-2.9054,0.015,-0.3,27.9575,True
1790477232.3227,447.7009,-0.682,2.0443,-2.9156,0.015,-0.3,27.958,True
1790477232.3731,447.7513,-0.683,2.0441,-2.936,0.015,-0.3,27.959,True
1790477232.4227,447.8009,-0.6835,2.044,-2.9462,0.015,-0.3,27.9595,True
1790477232.4727,447.851,-0.684,2.0439,-2.9564,0.015,-0.3,27.96,True
1790477232.5227,447.9009,-0.685,2.0437,-2.9768,0.015,-0.3,27.961,True
1790477232.5726,447.9508,-0.6855,2.0437,-2.987,0.0,0.0,27.9616,True
1790477232.6227,448.0009,-0.6864,2.0435,-2.9997,0.0,0.0,27.9625,True
1790477232.6726,448.0509,-0.6864,2.0435,-2.9997,0.0,0.0,27.9625,False
1790477232.723,448.1012,-0.6864,2.0435,-2.9997,0.0,0.0,27.9625,False
1790477232.7727,448.1509,-0.6864,2.0435,-2.9997,0.0,0.0,27.9625,False
1790477232.8227,448.2009,-0.6864,2.0435,-2.9997,0.0,0.0,27.9625,False
1790477232.8728,448.251,-0.6864,2.0435,-2.9997,0.0,0.0,27.9625,False
1790477232.9227,448.3009,-0.6864,2.0435,-2.9997,0.0,0.0,27.9625,False
1790477232.9727,448.351,-0.6864,2.0435,-2.9997,0.015,0.3,27.9625,True
1790477233.0227,448.4009,-0.687,2.0434,-2.9821,0.015,0.3,27.9631,True
1790477233.0727,448.4509,-0.6875,2.0434,-2.9719,0.015,0.3,27.9636,True
1790477233.1226,448.5008,-0.6885,2.0432,-2.9515,0.015,0.3,27.9646,True
1790477233.1727,448.5509,-0.689,2.0431,-2.9413,0.015,0.3,27.9651,True
1790477233.2227,448.6009,-0.69,2.0429,-2.9209,0.015,0.3,27.9661,True
1790477233.2727,448.6509,-0.6905,2.0427,-2.9107,0.015,0.3,27.9667,True
1790477233.3227,448.7009,-0.691,2.0426,-2.9005,0.015,0.3,27.9672,True
1790477233.3727,448.7509,-0.692,2.0424,-2.8801,0.015,0.3,27.9682,True
1790477233.4227,448.8009,-0.6925,2.0422,-2.8699,0.015,-0.3,27.9687,True
1790477233.4727,448.8509,-0.6935,2.042,-2.8576,0.015,-0.3,27.9697,True
1790477233.5227,448.9009,-0.6939,2.0418,-2.8635,0.015,-0.3,27.9702,True
1790477233.5726,448.9509,-0.6949,2.0415,-2.8839,0.015,0.3,27.9712,True
1790477233.6228,449.0011,-0.6954,2.0414,-2.886,0.015,0.3,27.9718,True
1790477233.6726,449.0509,-0.6964,2.0412,-2.8699,0.015,0.3,27.9728,True
1790477233.7226,449.1008,-0.6969,2.041,-2.8597,0.015,0.3,27.9733,True
1790477233.7726,449.1509,-0.6979,2.0407,-2.8393,0.015,0.3,27.9743,True
1790477233.8227,449.2009,-0.6984,2.0406,-2.8291,0.015,0.3,27.9748,True
1790477233.8727,449.2509,-0.6993,2.0402,-2.8087,0.015,0.3,27.9758,True
1790477233.9231,449.3013,-0.6998,2.0401,-2.7985,0.015,0.3,27.9763,True
1790477233.9727,449.3509,-0.7003,2.0399,-2.7883,0.015,0.3,27.9769,True
1790477234.0227,449.4009,-0.7012,2.0395,-2.7679,0.015,0.3,27.9779,True
1790477234.0729,449.4511,-0.7017,2.0393,-2.7577,0.0,0.0,27.9784,True
1790477234.1227,449.5009,-0.7026,2.039,-2.7447,0.0,0.0,27.9793,True
1790477234.1728,449.551,-0.7026,2.039,-2.7447,0.0,0.0,27.9793,False
1790477234.2227,449.6009,-0.7026,2.039,-2.7447,0.0,0.0,27.9793,False
1790477234.2727,449.651,-0.7026,2.039,-2.7447,0.015,0.3,27.9793,True
1790477234.3227,449.7009,-0.7027,2.039,-2.7373,0.015,0.3,27.9794,True
1790477234.3727,449.7509,-0.7031,2.0388,-2.7271,0.015,-0.3,27.9799,True
1790477234.4227,449.801,-0.7041,2.0383,-2.7309,0.015,-0.3,27.9809,True
1790477234.4727,449.8509,-0.7045,2.0381,-2.7411,0.015,-0.3,27.9814,True
1790477234.5227,449.9009,-0.7055,2.0378,-2.7615,0.015,-0.3,27.9825,True
1790477234.5727,449.951,-0.7059,2.0376,-2.7717,0.015,-0.3,27.983,True
1790477234.6227,450.0009,-0.7069,2.0372,-2.7921,0.015,-0.3,27.984,True
1790477234.6727,450.0509,-0.7074,2.037,-2.8023,0.015,-0.3,27.9845,True
1790477234.7226,450.1009,-0.7083,2.0367,-2.8227,0.015,-0.3,27.9855,True
1790477234.7727,450.1509,-0.7088,2.0365,-2.8329,0.015,-0.3,27.986,True
1790477234.8227,450.2009,-0.7093,2.0364,-2.8431,0.015,0.3,27.9865,True
1790477234.8727,450.251,-0.7103,2.0361,-2.8554,0.015,0.3,27.9876,True
1790477234.9227,450.3009,-0.7108,2.036,-2.8495,0.015,0.3,27.9881,True
1790477234.9727,450.3509,-0.7118,2.0357,-2.8291,0.015,0.3,27.9891,True
1790477235.0227,450.4009,-0.7122,2.0355,-2.8189,0.015,0.2657,27.9896,True
1790477235.0727,450.451,-0.7132,2.0352,-2.7997,0.0,0.0,27.9906,True
1790477235.1227,450.5009,-0.7135,2.0351,-2.7963,0.0,0.0,27.991,True
1790477235.1727,450.5509,-0.7135,2.0351,-2.7963,0.0,0.0,27.991,False
1790477235.2227,450.6009,-0.7135,2.0351,-2.7963,0.0,0.0,27.991,False
1790477235.2727,450.6509,-0.7135,2.0351,-2.7963,0.0,0.0,27.991,False
1790477235.3227,450.7009,-0.7135,2.0351,-2.7963,0.0,0.0,27.991,False
1790477235.3727,450.7509,-0.7135,2.0351,-2.7963,0.0,0.0,27.991,False
1790477235.4227,450.8009,-0.7135,2.0351,-2.7963,0.0,0.0,27.991,False
1790477235.4727,450.8509,-0.7135,2.0351,-2.7963,0.015,-0.3,27.991,True
1790477235.5227,450.9009,-0.7136,2.035,-2.8036,0.015,-0.3,27.9911,True
1790477235.5727,450.9509,-0.7146,2.0347,-2.824,0.015,-0.3,27.9921,True
1790477235.6227,451.0009,-0.7151,2.0345,-2.8342,0.015,-0.3,27.9926,True
1790477235.6727,451.0509,-0.7155,2.0344,-2.8444,0.015,-0.3,27.9931,True
1790477235.7227,451.1009,-0.7165,2.0341,-2.8648,0.015,-0.3,27.9941,True
1790477235.7727,451.1509,-0.717,2.034,-2.875,0.015,-0.3,27.9946,True
1790477235.8227,451.2009,-0.718,2.0337,-2.8954,0.015,-0.3,27.9956,True
1790477235.8727,451.2509,-0.7185,2.0336,-2.9056,0.0,0.0,27.9962,True
1790477235.9227,451.3009,-0.7194,2.0334,-2.9187,0.0,0.0,27.9971,True
1790477235.9727,451.3509,-0.7194,2.0334,-2.9187,0.0,0.0,27.9971,False
1790477236.0228,451.401,-0.7194,2.0334,-2.9187,0.0,0.0,27.9971,False
1790477236.0727,451.4509,-0.7194,2.0334,-2.9187,0.03,0.1989,27.9971,True
1790477236.1227,451.5009,-0.721,2.033,-2.908,0.03,0.1959,27.9987,True
1790477236.1727,451.5509,-0.722,2.0328,-2.9014,0.03,0.1731,27.9997,True
1790477236.2227,451.6009,-0.7239,2.0323,-2.8896,0.03,0.1203,28.0018,True
1790477236.2727,451.6509,-0.7249,2.032,-2.8855,0.03,-0.0048,28.0028,True
1790477236.3227,451.7009,-0.7269,2.0315,-2.8832,0.015,-0.3,28.0048,True
1790477236.3727,451.7509,-0.7278,2.0313,-2.8906,0.015,-0.3,28.0057,True
1790477236.4227,451.8009,-0.7283,2.0311,-2.9008,0.015,-0.3,28.0062,True
1790477236.4727,451.8509,-0.7293,2.0309,-2.9212,0.015,-0.3,28.0073,True
1790477236.5227,451.9009,-0.7298,2.0308,-2.9314,0.015,-0.3,28.0078,True
1790477236.5727,451.9509,-0.7308,2.0306,-2.9518,0.015,-0.3,28.0088,True
1790477236.6227,452.0009,-0.7313,2.0305,-2.962,0.015,-0.3,28.0093,True
1790477236.6729,452.0512,-0.7323,2.0303,-2.9824,0.0,0.0,28.0103,True
1790477236.7227,452.1009,-0.7327,2.0303,-2.9853,0.0,0.0,28.0107,True
1790477236.7728,452.1511,-0.7327,2.0303,-2.9853,0.015,0.3,28.0107,True
1790477236.8227,452.2009,-0.7328,2.0302,-2.9779,0.015,0.3,28.0108,True
1790477236.8726,452.2509,-0.7338,2.0301,-2.9575,0.015,0.3,28.0118,True
1790477236.9227,452.3009,-0.7343,2.03,-2.9473,0.015,0.3,28.0124,True
1790477236.9727,452.3509,-0.7353,2.0298,-2.9269,0.015,0.3,28.0134,True
1790477237.0228,452.4011,-0.7358,2.0297,-2.9167,0.015,0.3,28.0139,True
1790477237.0727,452.451,-0.7363,2.0295,-2.9065,0.015,0.3,28.0144,True
1790477237.1228,452.5011,-0.7373,2.0293,-2.8861,0.015,0.3,28.0154,True
1790477237.1727,452.5509,-0.7378,2.0292,-2.8759,0.015,0.3,28.0159,True
1790477237.2227,452.6009,-0.7387,2.0289,-2.8555,0.015,0.3,28.0169,True
1790477237.273,452.6512,-0.7392,2.0287,-2.8453,0.015,0.3,28.0175,True
1790477237.3227,452.701,-0.7402,2.0284,-2.8249,0.015,0.3,28.0185,True
1790477237.3727,452.7509,-0.7407,2.0283,-2.8147,0.0,0.0,28.019,True
1790477237.4227,452.8009,-0.7415,2.028,-2.8017,0.0,0.0,28.0199,True
1790477237.4729,452.8511,-0.7415,2.028,-2.8017,0.015,0.3,28.0199,True
1790477237.5227,452.9009,-0.7416,2.0279,-2.7943,0.015,0.3,28.02,True
1790477237.5727,452.9509,-0.7421,2.0278,-2.7841,0.015,-0.3,28.0205,True
1790477237.6227,453.0009,-0.7431,2.0274,-2.7879,0.015,-0.3,28.0215,True
1790477237.6728,453.051,-0.7436,2.0272,-2.7981,0.015,-0.3,28.022,True
1790477237.7232,453.1014,-0.7445,2.0269,-2.8185,0.015,0.3,28.0231,True
1790477237.7726,453.1508,-0.745,2.0267,-2.8206,0.0,0.0,28.0236,True
1790477237.8227,453.2009,-0.745,2.0267,-2.8206,0.0,0.0,28.0236,False
1790477237.8727,453.2509,-0.745,2.0267,-2.8206,0.015,0.3,28.0236,True
1790477237.9226,453.3008,-0.7456,2.0265,-2.8031,0.015,0.3,28.0242,True
1790477237.9727,453.3509,-0.7461,2.0264,-2.7929,0.015,0.3,28.0247,True
1790477238.0227,453.4009,-0.7465,2.0262,-2.7827,0.015,0.3,28.0252,True
1790477238.073,453.4512,-0.7475,2.0258,-2.7623,0.015,0.3,28.0262,True
1790477238.1233,453.5016,-0.748,2.0256,-2.7521,0.015,0.3,28.0267,True
1790477238.1726,453.5508,-0.7489,2.0252,-2.7317,0.0,0.0,28.0278,True
1790477238.2227,453.6009,-0.7493,2.0251,-2.7288,0.0,0.0,28.0282,True
1790477238.2728,453.651,-0.7493,2.0251,-2.7288,0.0,0.0,28.0282,False
1790477238.3228,453.7011,-0.7493,2.0251,-2.7288,0.0,0.0,28.0282,False
1790477238.3727,453.751,-0.7493,2.0251,-2.7288,0.0,0.0,28.0282,False
1790477238.4234,453.8016,-0.7493,2.0251,-2.7288,0.0,0.0,28.0282,False
1790477238.4727,453.8509,-0.7493,2.0251,-2.7288,0.0,0.0,28.0282,False
1790477238.5226,453.9009,-0.7493,2.0251,-2.7288,0.0,0.0,28.0282,False
1790477238.5727,453.9509,-0.7493,2.0251,-2.7288,0.015,-0.3,28.0282,True
1790477238.6227,454.0009,-0.7494,2.025,-2.7362,0.015,-0.3,28.0283,True
1790477238.6727,454.0509,-0.7498,2.0248,-2.7464,0.015,-0.3,28.0288,True
1790477238.7229,454.1012,-0.7508,2.0244,-2.7668,0.015,-0.3,28.0298,True
1790477238.7727,454.1509,-0.7513,2.0243,-2.777,0.015,-0.3,28.0303,True
1790477238.8229,454.2011,-0.7522,2.0239,-2.7974,0.015,-0.3,28.0313,True
1790477238.8728,454.251,-0.7527,2.0237,-2.8076,0.015,-0.3,28.0318,True
1790477238.9227,454.3009,-0.7537,2.0234,-2.828,0.015,-0.3,28.0329,True
1790477238.9727,454.351,-0.7542,2.0232,-2.8382,0.03,-0.1523,28.0334,True
1790477239.0265,454.4047,-0.7556,2.0228,-2.8538,0.03,0.0374,28.0349,True
1790477239.0727,454.4509,-0.7566,2.0225,-2.8525,0.03,0.0921,28.0359,True
1790477239.1228,454.501,-0.7585,2.0219,-2.8481,0.03,0.0992,28.0379,True
1790477239.1727,454.5509,-0.7595,2.0216,-2.8448,0.03,0.0772,28.0389,True
1790477239.2251,454.6033,-0.7614,2.021,-2.8395,0.03,0.0249,28.041,True
1790477239.2727,454.6509,-0.7624,2.0207,-2.8387,0.03,-0.048,28.042,True
1790477239.3248,454.703,-0.7644,2.0201,-2.8415,0.03,-0.173,28.044,True
1790477239.3728,454.751,-0.7653,2.0198,-2.847,0.015,-0.3,28.0451,True
1790477239.4243,454.8025,-0.7658,2.0197,-2.857,0.015,-0.3,28.0456,True
1790477239.4727,454.8509,-0.7668,2.0194,-2.8774,0.015,-0.3,28.0466,True
1790477239.5247,454.9029,-0.7673,2.0193,-2.8876,0.015,-0.3,28.0471,True
1790477239.5727,454.951,-0.7683,2.019,-2.908,0.015,-0.3,28.0481,True
1790477239.6252,455.0034,-0.7688,2.0189,-2.9182,0.015,-0.3,28.0486,True
1790477239.6727,455.0509,-0.7698,2.0187,-2.9386,0.0,0.0,28.0497,True
1790477239.7254,455.1036,-0.7702,2.0186,-2.9414,0.0,0.0,28.0501,True
1790477239.7727,455.151,-0.7702,2.0186,-2.9414,0.0,0.0,28.0501,False
1790477239.8227,455.201,-0.7702,2.0186,-2.9414,0.0,0.0,28.0501,False
1790477239.8727,455.251,-0.7702,2.0186,-2.9414,0.0,0.0,28.0501,False
1790477239.9265,455.3048,-0.7702,2.0186,-2.9414,0.0,0.0,28.0501,False
1790477239.9728,455.351,-0.7702,2.0186,-2.9414,0.0,0.0,28.0501,False
1790477240.0246,455.4029,-0.7702,2.0186,-2.9414,0.0,0.0,28.0501,False
1790477240.0727,455.4509,-0.7702,2.0186,-2.9414,0.0,0.0,28.0501,False
1790477240.1272,455.5054,-0.7702,2.0186,-2.9414,0.0,0.0,28.0501,False
1790477240.1726,455.5508,-0.7702,2.0186,-2.9414,0.015,0.3,28.0501,True
1790477240.2264,455.6046,-0.7703,2.0186,-2.934,0.015,0.3,28.0502,True
1790477240.2729,455.6511,-0.7713,2.0184,-2.9136,0.015,0.3,28.0512,True
1790477240.3265,455.7047,-0.7718,2.0183,-2.9034,0.0,0.3,28.0517,True
1790477240.3727,455.7509,-0.7718,2.0183,-2.8932,0.0,0.3,28.0517,True
1790477240.4259,455.8041,-0.7718,2.0183,-2.8728,0.0,0.3,28.0517,True
1790477240.4727,455.851,-0.7718,2.0183,-2.8626,0.0,-0.3,28.0517,True
1790477240.5266,455.9048,-0.7718,2.0183,-2.8503,0.0,-0.3,28.0517,True
1790477240.5727,455.9509,-0.7718,2.0183,-2.8562,0.0,-0.3,28.0517,True
1790477240.6228,456.001,-0.7718,2.0183,-2.8766,0.0,-0.3,28.0517,True
1790477240.6727,456.051,-0.7718,2.0183,-2.8868,0.0,-0.3,28.0517,True
1790477240.727,456.1052,-0.7718,2.0183,-2.9072,0.0,-0.3,28.0517,True
1790477240.7727,456.1509,-0.7718,2.0183,-2.9174,0.0,-0.3,28.0517,True
1790477240.8228,456.201,-0.7718,2.0183,-2.9378,0.0,-0.3,28.0517,True
1790477240.8728,456.251,-0.7718,2.0183,-2.948,0.0,-0.3,28.0517,True
1790477240.9228,456.301,-0.7718,2.0183,-2.9684,0.0,-0.3,28.0517,True
1790477240.9727,456.3509,-0.7718,2.0183,-2.9786,0.0,0.3,28.0517,True
1790477241.0227,456.4009,-0.7718,2.0183,-2.9748,0.0,0.3,28.0517,True
1790477241.0728,456.451,-0.7718,2.0183,-2.9646,0.0,0.3,28.0517,True
1790477241.1273,456.5055,-0.7718,2.0183,-2.9544,0.0,0.3,28.0517,True
1790477241.1727,456.5509,-0.7718,2.0183,-2.934,0.0,0.0,28.0517,False
1790477241.2228,456.601,-0.7718,2.0183,-2.9319,0.0,0.0,28.0517,False
1790477241.2727,456.6509,-0.7718,2.0183,-2.9319,0.0,0.0,28.0517,False
1790477241.3228,456.701,-0.7718,2.0183,-2.9319,0.0,0.0,28.0517,False
1790477241.3727,456.751,-0.7718,2.0183,-2.9319,0.0,0.0,28.0517,False
1790477241.4228,456.801,-0.7718,2.0183,-2.9319,0.0,0.0,28.0517,False
1790477241.4728,456.851,-0.7718,2.0183,-2.9319,0.0,0.0,28.0517,False
1790477241.5265,456.9047,-0.7718,2.0183,-2.9319,0.0,0.0,28.0517,False
1790477241.5727,456.9509,-0.7718,2.0183,-2.9319,0.0,0.0,28.0517,False
1790477241.6227,457.001,-0.7718,2.0183,-2.9319,0.0,0.0,28.0517,False
1790477241.6727,457.0509,-0.7718,2.0183,-2.9319,0.0,0.0,28.0517,False
1790477241.7228,457.101,-0.7718,2.0183,-2.9319,0.0,0.0,28.0517,False
1790477241.7727,457.1509,-0.7718,2.0183,-2.9319,0.0,0.0,28.0517,False
1790477241.8271,457.2053,-0.7718,2.0183,-2.9319,0.0,0.0,28.0517,False
1790477241.8727,457.2509,-0.7718,2.0183,-2.9319,0.0,0.0,28.0517,False
1790477241.9228,457.301,-0.7718,2.0183,-2.9319,0.0,0.0,28.0517,False
1790477241.9727,457.3509,-0.7718,2.0183,-2.9319,0.0,-0.3,28.0517,True
1790477242.0228,457.4011,-0.7718,2.0183,-2.9378,0.0,0.3,28.0517,True
1790477242.0727,457.4509,-0.7718,2.0183,-2.9356,0.0,0.3,28.0517,True
1790477242.1228,457.501,-0.7718,2.0183,-2.9152,0.0,0.3,28.0517,True
1790477242.1727,457.5509,-0.7718,2.0183,-2.905,0.0,0.3,28.0517,True
1790477242.2227,457.601,-0.7718,2.0183,-2.8846,0.0,0.3,28.0517,True
1790477242.2727,457.651,-0.7718,2.0183,-2.8744,0.0,0.0,28.0517,False
1790477242.3228,457.701,-0.7718,2.0183,-2.8621,0.0,0.0,28.0517,False
1790477242.3727,457.751,-0.7718,2.0183,-2.8621,0.0,0.0,28.0517,False
1790477242.4227,457.8009,-0.7718,2.0183,-2.8621,0.0,0.0,28.0517,False
1790477242.4727,457.8509,-0.7718,2.0183,-2.8621,0.0,0.0,28.0517,False
1790477242.5228,457.901,-0.7718,2.0183,-2.8621,0.0,0.0,28.0517,False
1790477242.5727,457.9509,-0.7718,2.0183,-2.8621,0.0,0.0,28.0517,False
1790477242.6227,458.0009,-0.7718,2.0183,-2.8621,0.0,0.0,28.0517,False
1790477242.6738,458.052,-0.7718,2.0183,-2.8621,0.0,-0.3,28.0517,True
1790477242.7227,458.1009,-0.7718,2.0183,-2.868,0.0,-0.3,28.0517,True
1790477242.7727,458.1509,-0.7718,2.0183,-2.8884,0.0,-0.3,28.0517,True
1790477242.8227,458.2009,-0.7718,2.0183,-2.8986,0.0,-0.3,28.0517,True
1790477242.8727,458.2509,-0.7718,2.0183,-2.919,0.0,-0.3,28.0517,True
1790477242.9228,458.301,-0.7718,2.0183,-2.9292,0.0,-0.3,28.0517,True
1790477242.9727,458.3509,-0.7718,2.0183,-2.9496,0.0,-0.3,28.0517,True
1790477243.0232,458.4014,-0.7718,2.0183,-2.9598,0.0,0.2848,28.0517,True
1790477243.0726,458.4509,-0.7718,2.0183,-2.9721,0.0,0.0,28.0517,False
1790477243.1227,458.5009,-0.7718,2.0183,-2.9721,0.0,0.0,28.0517,False
1790477243.1727,458.5509,-0.7718,2.0183,-2.9721,0.0,0.0,28.0517,False
1790477243.2227,458.6009,-0.7718,2.0183,-2.9721,0.0,0.0,28.0517,False
1790477243.2726,458.6509,-0.7718,2.0183,-2.9721,0.0,0.3,28.0517,True
1790477243.3227,458.7009,-0.7718,2.0183,-2.9662,0.0,0.3,28.0517,True
1790477243.3726,458.7509,-0.7718,2.0183,-2.9458,0.0,0.3,28.0517,True
1790477244.1059,459.4841,-0.7718,2.0183,-2.9458,0.0,0.3,28.0517,True
1790477244.1227,459.5009,-0.7718,2.0183,-2.8846,0.0,0.3,28.0517,True
1790477244.1727,459.5509,-0.7718,2.0183,-2.854,0.0,-0.3,28.0517,True
1790477244.2252,459.6034,-0.7718,2.0183,-2.8578,0.0,0.0,28.0517,False
1790477244.2734,459.6516,-0.7718,2.0183,-2.8578,0.0,0.0,28.0517,False
1790477245.0942,460.4724,-0.7718,2.0183,-2.8578,0.0,0.0,28.0517,False
1790477245.1227,460.5009,-0.7718,2.0183,-2.8578,0.0,0.0,28.0517,False
1790477245.1728,460.551,-0.7718,2.0183,-2.8578,0.0,0.0,28.0517,False
1790477245.2227,460.6009,-0.7718,2.0183,-2.8578,0.0,0.3,28.0517,True
1790477245.2727,460.6509,-0.7718,2.0183,-2.8497,0.0,0.3,28.0517,True
1790477245.3271,460.7053,-0.7718,2.0183,-2.8293,0.0,0.3,28.0517,True
1790477245.3726,460.7509,-0.7718,2.0183,-2.8191,0.0,0.3,28.0517,True
1790477245.4227,460.801,-0.7718,2.0183,-2.7987,0.0,0.3,28.0517,True
1790477245.4727,460.8509,-0.7718,2.0183,-2.7885,0.0,0.3,28.0517,True
1790477245.5231,460.9013,-0.7718,2.0183,-2.7681,0.0,0.3,28.0517,True
1790477245.5727,460.9509,-0.7718,2.0183,-2.7579,0.0,0.3,28.0517,True
1790477245.6264,461.0047,-0.7718,2.0183,-2.7375,0.0,-0.3,28.0517,True
1790477245.6727,461.0509,-0.7718,2.0183,-2.7375,0.0,-0.3,28.0517,True
1790477245.7227,461.1009,-0.7718,2.0183,-2.7558,0.0,-0.3,28.0517,True
1790477245.7727,461.1509,-0.7718,2.0183,-2.766,0.0,-0.3,28.0517,True
1790477245.8227,461.2009,-0.7718,2.0183,-2.7864,0.0,-0.3,28.0517,True
1790477245.8727,461.2509,-0.7718,2.0183,-2.7966,0.0,-0.3,28.0517,True
1790477245.9226,461.3009,-0.7718,2.0183,-2.817,0.0,-0.3,28.0517,True
1790477245.9726,461.3509,-0.7718,2.0183,-2.8272,0.0,-0.3,28.0517,True
1790477246.0227,461.401,-0.7718,2.0183,-2.8374,0.0,-0.3,28.0517,True
1790477246.0727,461.4509,-0.7718,2.0183,-2.8578,0.0,-0.3,28.0517,True
1790477246.1232,461.5014,-0.7718,2.0183,-2.868,0.0,0.3,28.0517,True
1790477246.1728,461.551,-0.7718,2.0183,-2.8782,0.0,0.3,28.0517,True
1790477246.2226,461.6008,-0.7718,2.0183,-2.8701,0.0,0.3,28.0517,True
1790477246.2727,461.6509,-0.7718,2.0183,-2.8497,0.0,0.3,28.0517,True
1790477246.3227,461.7009,-0.7718,2.0183,-2.8395,0.0,0.3,28.0517,True
1790477246.3727,461.7509,-0.7718,2.0183,-2.8191,0.0,0.3,28.0517,True
1790477246.4226,461.8009,-0.7718,2.0183,-2.8089,0.0,0.0,28.0517,False
1790477246.4726,461.8509,-0.7718,2.0183,-2.8089,0.0,0.0,28.0517,False
1790477246.5226,461.9008,-0.7718,2.0183,-2.8089,0.0,0.0,28.0517,False
1790477246.5727,461.9509,-0.7718,2.0183,-2.8089,0.0,0.0,28.0517,False
1790477246.6227,462.001,-0.7718,2.0183,-2.8089,0.0,0.0,28.0517,False
1790477246.6726,462.0509,-0.7718,2.0183,-2.8089,0.0,0.0,28.0517,False
1790477246.7228,462.101,-0.7718,2.0183,-2.8089,0.0,0.0,28.0517,False
1790477246.7727,462.1509,-0.7718,2.0183,-2.8089,0.0,0.0,28.0517,False
1790477246.8227,462.201,-0.7718,2.0183,-2.8089,0.0,0.0,28.0517,False
1790477246.8727,462.2509,-0.7718,2.0183,-2.8089,0.0,0.0,28.0517,False
1790477246.9227,462.3009,-0.7718,2.0183,-2.8089,0.0,0.0,28.0517,False
1790477246.9729,462.3511,-0.7718,2.0183,-2.8089,0.0,0.0,28.0517,False
1790477247.0227,462.4009,-0.7718,2.0183,-2.8089,0.0,-0.3,28.0517,True
1790477247.0727,462.451,-0.7718,2.0183,-2.817,0.0,-0.3,28.0517,True
1790477247.1227,462.5009,-0.7718,2.0183,-2.8374,0.0,0.3,28.0517,True
1790477247.1727,462.551,-0.7718,2.0183,-2.8374,0.0,0.3,28.0517,True
1790477247.2227,462.601,-0.7718,2.0183,-2.8191,0.0,0.3,28.0517,True
1790477247.2727,462.651,-0.7718,2.0183,-2.8089,0.0,0.3,28.0517,True
1790477247.3256,462.7039,-0.7718,2.0183,-2.7885,0.0,0.3,28.0517,True
1790477247.3727,462.7509,-0.7718,2.0183,-2.7783,0.0,0.3,28.0517,True
1790477247.4227,462.8009,-0.7718,2.0183,-2.7579,0.0,0.0,28.0517,False
1790477247.4726,462.8509,-0.7718,2.0183,-2.7579,0.0,0.0,28.0517,False
1790477247.525,462.9032,-0.7718,2.0183,-2.7579,0.0,0.0,28.0517,False
1790477247.5727,462.9509,-0.7718,2.0183,-2.7579,0.0,0.0,28.0517,False
1790477247.6227,463.0009,-0.7718,2.0183,-2.7579,0.0,0.0,28.0517,False
1790477247.6727,463.0509,-0.7718,2.0183,-2.7579,0.0,0.0,28.0517,False
1790477247.7245,463.1028,-0.7718,2.0183,-2.7579,0.0,-0.3,28.0517,True
1790477247.7727,463.1509,-0.7718,2.0183,-2.766,0.0,-0.3,28.0517,True
1790477247.8227,463.201,-0.7718,2.0183,-2.7762,0.0,-0.3,28.0517,True
1790477247.8727,463.2509,-0.7718,2.0183,-2.7966,0.0,-0.3,28.0517,True
1790477247.9228,463.301,-0.7718,2.0183,-2.8068,0.0,-0.3,28.0517,True
1790477247.9727,463.3509,-0.7718,2.0183,-2.8272,0.0,-0.3,28.0517,True
1790477248.0227,463.4009,-0.7718,2.0183,-2.8374,0.0,0.0,28.0517,False
1790477248.0726,463.4509,-0.7718,2.0183,-2.8374,0.0,0.0,28.0517,False
1790477248.1254,463.5037,-0.7718,2.0183,-2.8374,0.0,0.0,28.0517,False
1790477248.1727,463.5509,-0.7718,2.0183,-2.8374,0.0,0.0,28.0517,False
1790477248.2228,463.601,-0.7718,2.0183,-2.8374,0.0,0.3,28.0517,True
1790477248.2727,463.6509,-0.7718,2.0183,-2.8191,0.0,0.3,28.0517,True
1790477248.3255,463.7037,-0.7718,2.0183,-2.8089,0.0,0.3,28.0517,True
1790477248.3726,463.7509,-0.7718,2.0183,-2.7987,0.0,0.3,28.0517,True
1790477248.4228,463.801,-0.7718,2.0183,-2.7783,0.0,0.3,28.0517,True
1790477248.4727,463.8509,-0.7718,2.0183,-2.7681,0.0,0.3,28.0517,True
1790477248.5228,463.901,-0.7718,2.0183,-2.7477,0.0,0.3,28.0517,True
1790477248.5727,463.9509,-0.7718,2.0183,-2.7375,0.0,0.3,28.0517,True
1790477248.6228,464.001,-0.7718,2.0183,-2.7171,0.0,0.3,28.0517,True
1790477248.6727,464.0509,-0.7718,2.0183,-2.7069,0.0,-0.3,28.0517,True
1790477248.7252,464.1035,-0.7718,2.0183,-2.6967,0.0,-0.3,28.0517,True
1790477248.7727,464.1509,-0.7718,2.0183,-2.7048,0.0,-0.3,28.0517,True
1790477248.8228,464.2011,-0.7718,2.0183,-2.7252,0.0,-0.3,28.0517,True
1790477248.8727,464.2509,-0.7718,2.0183,-2.7354,0.0,-0.3,28.0517,True
1790477248.9241,464.3023,-0.7718,2.0183,-2.7558,0.0,0.0,28.0517,False
1790477248.9727,464.3509,-0.7718,2.0183,-2.7558,0.0,0.0,28.0517,False
1790477249.0228,464.401,-0.7718,2.0183,-2.7558,0.0,0.0,28.0517,False
1790477249.0727,464.4509,-0.7718,2.0183,-2.7558,0.0,0.0,28.0517,False
1790477249.1227,464.5009,-0.7718,2.0183,-2.7558,0.0,0.0,28.0517,False
1790477249.1727,464.5509,-0.7718,2.0183,-2.7558,0.0,0.0,28.0517,False
1790477249.2227,464.6009,-0.7718,2.0183,-2.7558,0.0,0.0,28.0517,False
1790477249.2727,464.6509,-0.7718,2.0183,-2.7558,0.0,0.0,28.0517,False
1790477249.3227,464.7009,-0.7718,2.0183,-2.7558,0.0,0.0,28.0517,False
1790477249.3727,464.7509,-0.7718,2.0183,-2.7558,0.0,0.0,28.0517,False
1790477249.4227,464.8009,-0.7718,2.0183,-2.7558,0.0,0.3,28.0517,True
1790477249.4727,464.8509,-0.7718,2.0183,-2.7477,0.0,0.3,28.0517,True
1790477249.5229,464.9011,-0.7718,2.0183,-2.7375,0.0,0.3,28.0517,True
1790477249.5727,464.9509,-0.7718,2.0183,-2.7171,0.0,0.3,28.0517,True
1790477249.6229,465.0012,-0.7718,2.0183,-2.7069,0.0,0.3,28.0517,True
1790477249.6728,465.051,-0.7718,2.0183,-2.6865,0.0,-0.3,28.0517,True
1790477249.723,465.1012,-0.7718,2.0183,-2.6865,0.0,0.0,28.0517,False
1790477249.7727,465.1509,-0.7718,2.0183,-2.6865,0.0,0.0,28.0517,False
1790477249.8227,465.2009,-0.7718,2.0183,-2.6865,0.0,0.0,28.0517,False
1790477249.8727,465.2509,-0.7718,2.0183,-2.6865,0.0,0.0,28.0517,False
1790477249.9227,465.301,-0.7718,2.0183,-2.6865,0.0,-0.3,28.0517,True
1790477249.9727,465.3509,-0.7718,2.0183,-2.6946,0.0,-0.3,28.0517,True
1790477250.0227,465.4009,-0.7718,2.0183,-2.715,0.0,-0.3,28.0517,True
1790477250.0727,465.4509,-0.7718,2.0183,-2.7252,0.0,-0.3,28.0517,True
1790477250.1256,465.5038,-0.7718,2.0183,-2.7456,0.0,-0.3,28.0517,True
1790477250.1732,465.5514,-0.7718,2.0183,-2.7558,0.0,-0.3,28.0517,True
1790477250.2228,465.601,-0.7718,2.0183,-2.7762,0.0,0.3,28.0517,True
1790477250.2727,465.6509,-0.7718,2.0183,-2.7762,0.0,0.3,28.0517,True
1790477250.3227,465.701,-0.7718,2.0183,-2.7579,0.0,0.3,28.0517,True
1790477250.3727,465.7509,-0.7718,2.0183,-2.7477,0.0,0.3,28.0517,True
1790477250.4227,465.8009,-0.7718,2.0183,-2.7273,0.0,0.0,28.0517,False
1790477250.4727,465.8509,-0.7718,2.0183,-2.7273,0.0,0.0,28.0517,False
1790477250.5227,465.9009,-0.7718,2.0183,-2.7273,0.0,0.0,28.0517,False
1790477250.5727,465.9509,-0.7718,2.0183,-2.7273,0.0,0.0,28.0517,False
1790477250.6227,466.001,-0.7718,2.0183,-2.7273,0.0,0.0,28.0517,False
1790477250.6727,466.0509,-0.7718,2.0183,-2.7273,0.0,0.0,28.0517,False
1790477250.7256,466.1038,-0.7718,2.0183,-2.7273,0.0,0.0,28.0517,False
1790477250.7727,466.1509,-0.7718,2.0183,-2.7273,0.0,0.0,28.0517,False
1790477250.8228,466.201,-0.7718,2.0183,-2.7273,0.0,-0.3,28.0517,True
1790477250.8727,466.2509,-0.7718,2.0183,-2.7354,0.0,-0.3,28.0517,True
1790477250.9243,466.3025,-0.7718,2.0183,-2.7456,0.0,-0.3,28.0517,True
1790477250.9726,466.3509,-0.7718,2.0183,-2.766,0.0,-0.3,28.0517,True
1790477251.0227,466.4009,-0.7718,2.0183,-2.7762,0.0,-0.3,28.0517,True
1790477251.0726,466.4509,-0.7718,2.0183,-2.7966,0.0,-0.3,28.0517,True
1790477251.1227,466.5009,-0.7718,2.0183,-2.8068,0.0,-0.3,28.0517,True
1790477251.1744,466.5526,-0.7718,2.0183,-2.8272,0.0,-0.3,28.0517,True
1790477251.2227,466.6009,-0.7718,2.0183,-2.8374,0.0,0.3,28.0517,True
1790477251.2727,466.6509,-0.7718,2.0183,-2.8293,0.0,0.3,28.0517,True
1790477251.3227,466.701,-0.7718,2.0183,-2.8191,0.0,0.3,28.0517,True
1790477251.3727,466.7509,-0.7718,2.0183,-2.7987,0.0,0.3,28.0517,True
1790477251.4227,466.8009,-0.7718,2.0183,-2.7885,0.0,0.3,28.0517,True
1790477251.4727,466.8509,-0.7718,2.0183,-2.7681,0.0,0.3,28.0517,True
1790477251.5246,466.9028,-0.7718,2.0183,-2.7579,0.0,0.3,28.0517,True
1790477251.5726,466.9509,-0.7718,2.0183,-2.7375,0.0,0.3,28.0517,True
1790477251.6227,467.0009,-0.7718,2.0183,-2.7273,0.0,0.3,28.0517,True
1790477251.6727,467.0509,-0.7718,2.0183,-2.7171,0.0,0.3,28.0517,True
1790477251.7237,467.1019,-0.7718,2.0183,-2.6967,0.0,-0.3,28.0517,True
1790477251.773,467.1512,-0.7718,2.0183,-2.6967,0.0,-0.3,28.0517,True
1790477251.8227,467.2009,-0.7718,2.0183,-2.715,0.0,-0.3,28.0517,True
1790477251.8728,467.251,-0.7718,2.0183,-2.7252,0.0,-0.3,28.0517,True
1790477251.9226,467.3009,-0.7718,2.0183,-2.7456,0.0,-0.3,28.0517,True
1790477251.9727,467.351,-0.7718,2.0183,-2.7558,0.0,-0.3,28.0517,True
1790477252.0227,467.4009,-0.7718,2.0183,-2.7762,0.0,0.0,28.0517,False
1790477252.0726,467.4509,-0.7718,2.0183,-2.7762,0.0,0.0,28.0517,False
1790477252.1264,467.5047,-0.7718,2.0183,-2.7762,0.0,0.0,28.0517,False
1790477252.1726,467.5508,-0.7718,2.0183,-2.7762,0.0,0.0,28.0517,False
1790477252.2227,467.6009,-0.7718,2.0183,-2.7762,0.0,0.0,28.0517,False
1790477252.2726,467.6509,-0.7718,2.0183,-2.7762,0.0,0.0,28.0517,False
1790477252.3246,467.7028,-0.7718,2.0183,-2.7762,0.0,0.0,28.0517,False
1790477252.3751,467.7534,-0.7718,2.0183,-2.7762,0.0,0.0,28.0517,False
1790477252.4227,467.8009,-0.7718,2.0183,-2.7762,0.0,0.3,28.0517,True
1790477252.4757,467.8539,-0.7718,2.0183,-2.7681,0.0,0.3,28.0517,True
1790477252.5227,467.901,-0.7718,2.0183,-2.7579,0.0,0.3,28.0517,True
1790477252.5741,467.9523,-0.7718,2.0183,-2.7375,0.0,0.3,28.0517,True
1790477252.6232,468.0015,-0.7718,2.0183,-2.7273,0.0,0.3,28.0517,True
1790477252.6735,468.0517,-0.7718,2.0183,-2.7069,0.0,0.3,28.0517,True
1790477252.7228,468.101,-0.7718,2.0183,-2.6967,0.0,0.3,28.0517,True
1790477252.7727,468.1509,-0.7718,2.0183,-2.6763,0.0,-0.3,28.0517,True
1790477252.8227,468.2009,-0.7718,2.0183,-2.6763,0.0,-0.3,28.0517,True
1790477252.8746,468.2528,-0.7718,2.0183,-2.6946,0.0,-0.3,28.0517,True
1790477252.9228,468.301,-0.7718,2.0183,-2.7048,0.0,-0.3,28.0517,True
1790477252.973,468.3512,-0.7718,2.0183,-2.7252,0.0,-0.3,28.0517,True
1790477253.0226,468.4008,-0.7718,2.0183,-2.7354,0.0,-0.3,28.0517,True
1790477253.0728,468.451,-0.7718,2.0183,-2.7456,0.0,-0.3,28.0517,True
1790477253.1229,468.5011,-0.7718,2.0183,-2.766,0.0,-0.3,28.0517,True
1790477253.1754,468.5536,-0.7718,2.0183,-2.7762,0.0,-0.3,28.0517,True
1790477253.2228,468.601,-0.7718,2.0183,-2.7966,0.0,-0.3,28.0517,True
1790477253.2744,468.6527,-0.7718,2.0183,-2.8068,0.0,0.3,28.0517,True
1790477253.3228,468.701,-0.7718,2.0183,-2.817,0.0,0.3,28.0517,True
1790477253.3751,468.7534,-0.7718,2.0183,-2.8089,0.0,0.3,28.0517,True
1790477253.4227,468.801,-0.7718,2.0183,-2.7885,0.0,0.3,28.0517,True
1790477253.4764,468.8546,-0.7718,2.0183,-2.7783,0.0,0.3,28.0517,True
1790477253.5228,468.901,-0.7718,2.0183,-2.7579,0.0,0.3,28.0517,True
1790477253.5727,468.951,-0.7718,2.0183,-2.7477,0.0,0.3,28.0517,True
1790477253.6227,469.0009,-0.7718,2.0183,-2.7273,0.0,0.3,28.0517,True
1790477253.676,469.0543,-0.7718,2.0183,-2.7171,0.0,0.3,28.0517,True
1790477253.7228,469.101,-0.7718,2.0183,-2.6967,0.0,0.3,28.0517,True
1790477253.7728,469.151,-0.7718,2.0183,-2.6865,0.0,-0.3,28.0517,True
1790477253.8226,469.2009,-0.7718,2.0183,-2.6946,0.0,0.0,28.0517,False
1790477253.8728,469.251,-0.7718,2.0183,-2.6946,0.0,0.0,28.0517,False
1790477253.9227,469.3009,-0.7718,2.0183,-2.6946,0.0,-0.3,28.0517,True
1790477253.9746,469.3528,-0.7718,2.0183,-2.7027,0.0,-0.3,28.0517,True
1790477254.0228,469.401,-0.7718,2.0183,-2.7129,0.0,-0.3,28.0517,True
1790477254.076,469.4542,-0.7718,2.0183,-2.7333,0.0,-0.3,28.0517,True
1790477254.1228,469.501,-0.7718,2.0183,-2.7435,0.0,-0.3,28.0517,True
1790477254.1766,469.5548,-0.7718,2.0183,-2.7639,0.0,-0.3,28.0517,True
1790477254.2227,469.601,-0.7718,2.0183,-2.7741,0.0,-0.3,28.0517,True
1790477254.2738,469.6521,-0.7718,2.0183,-2.7945,0.0,0.3,28.0517,True
1790477254.3228,469.701,-0.7718,2.0183,-2.7945,0.0,0.3,28.0517,True
1790477254.374,469.7522,-0.7718,2.0183,-2.7762,0.0,0.3,28.0517,True
1790477254.4227,469.8009,-0.7718,2.0183,-2.766,0.0,0.3,28.0517,True
1790477254.4744,469.8527,-0.7718,2.0183,-2.7456,0.0,0.3,28.0517,True
1790477254.5227,469.901,-0.7718,2.0183,-2.7354,0.0,0.0,28.0517,False
1790477254.573,469.9512,-0.7718,2.0183,-2.7354,0.0,0.0,28.0517,False
1790477254.6227,470.0009,-0.7718,2.0183,-2.7354,0.0,0.0,28.0517,False
1790477254.673,470.0512,-0.7718,2.0183,-2.7354,0.0,0.0,28.0517,False
1790477254.7228,470.101,-0.7718,2.0183,-2.7354,0.0,0.0,28.0517,False
1790477254.7755,470.1537,-0.7718,2.0183,-2.7354,0.0,0.0,28.0517,False
1790477254.8227,470.201,-0.7718,2.0183,-2.7354,0.0,0.0,28.0517,False
1790477254.8734,470.2516,-0.7718,2.0183,-2.7354,0.0,0.0,28.0517,False
1790477254.9227,470.3009,-0.7718,2.0183,-2.7354,0.0,0.0,28.0517,False
1790477254.9763,470.3545,-0.7718,2.0183,-2.7354,0.0,0.0,28.0517,False
1790477255.0227,470.4009,-0.7718,2.0183,-2.7354,0.0,-0.3,28.0517,True
1790477255.0761,470.4543,-0.7718,2.0183,-2.7435,0.0,-0.3,28.0517,True
1790477255.1227,470.5009,-0.7718,2.0183,-2.7639,0.0,-0.3,28.0517,True
1790477255.1727,470.5509,-0.7718,2.0183,-2.7741,0.0,-0.3,28.0517,True
1790477255.2227,470.6009,-0.7718,2.0183,-2.7945,0.0,-0.3,28.0517,True
1790477255.2728,470.651,-0.7718,2.0183,-2.8047,0.0,-0.3,28.0517,True
1790477255.3227,470.7009,-0.7718,2.0183,-2.8251,0.0,0.0,28.0517,False
1790477255.3727,470.7509,-0.7718,2.0183,-2.8251,0.0,0.0,28.0517,False
1790477255.4227,470.8009,-0.7718,2.0183,-2.8251,0.0,0.0,28.0517,False
1790477255.4763,470.8545,-0.7718,2.0183,-2.8251,0.0,0.0,28.0517,False
1790477255.5227,470.9009,-0.7718,2.0183,-2.8251,0.0,0.3,28.0517,True
1790477255.5727,470.9509,-0.7718,2.0183,-2.817,0.0,0.3,28.0517,True
1790477255.6227,471.0009,-0.7718,2.0183,-2.8068,0.0,0.3,28.0517,True
1790477255.673,471.0512,-0.7718,2.0183,-2.7864,0.0,0.3,28.0517,True
1790477255.7229,471.1011,-0.7718,2.0183,-2.7762,0.0,0.3,28.0517,True
1790477255.7728,471.1511,-0.7718,2.0183,-2.7558,0.0,0.3,28.0517,True
1790477255.8227,471.201,-0.7718,2.0183,-2.7456,0.0,-0.3,28.0517,True
1790477255.8728,471.251,-0.7718,2.0183,-2.7354,0.0,-0.3,28.0517,True
1790477255.9228,471.301,-0.7718,2.0183,-2.7435,0.0,-0.3,28.0517,True
1790477255.9727,471.3509,-0.7718,2.0183,-2.7639,0.0,-0.3,28.0517,True
1790477256.0227,471.401,-0.7718,2.0183,-2.7741,0.0,-0.3,28.0517,True
1790477256.0727,471.4509,-0.7718,2.0183,-2.7945,0.0,-0.3,28.0517,True
1790477256.1227,471.5009,-0.7718,2.0183,-2.8047,0.0,0.0,28.0517,False
1790477256.1727,471.5509,-0.7718,2.0183,-2.8047,0.0,0.0,28.0517,False
1790477256.2226,471.6009,-0.7718,2.0183,-2.8047,0.0,0.0,28.0517,False
1790477256.2727,471.651,-0.7718,2.0183,-2.8047,0.0,0.0,28.0517,False
1790477256.3227,471.701,-0.7718,2.0183,-2.8047,0.0,0.0,28.0517,False
1790477256.3727,471.7509,-0.7718,2.0183,-2.8047,0.0,0.0,28.0517,False
1790477256.4227,471.801,-0.7718,2.0183,-2.8047,0.0,0.0,28.0517,False
1790477256.4728,471.851,-0.7718,2.0183,-2.8047,0.0,0.0,28.0517,False
1790477256.5227,471.9009,-0.7718,2.0183,-2.8047,0.0,0.3,28.0517,True
1790477256.5727,471.9509,-0.7718,2.0183,-2.7966,0.0,0.3,28.0517,True
1790477256.6227,472.0009,-0.7718,2.0183,-2.7762,0.0,0.3,28.0517,True
1790477256.6728,472.051,-0.7718,2.0183,-2.766,0.0,0.3,28.0517,True
1790477256.7226,472.1008,-0.7718,2.0183,-2.7456,0.0,0.3,28.0517,True
1790477256.7727,472.1509,-0.7718,2.0183,-2.7354,0.0,0.3,28.0517,True
1790477256.8227,472.2009,-0.7718,2.0183,-2.715,0.0,0.3,28.0517,True
1790477256.8727,472.2509,-0.7718,2.0183,-2.7048,0.0,-0.3,28.0517,True
1790477256.9227,472.3009,-0.7718,2.0183,-2.7129,0.0,-0.3,28.0517,True
1790477256.9726,472.3509,-0.7718,2.0183,-2.7231,0.0,-0.3,28.0517,True
1790477257.0227,472.4009,-0.7718,2.0183,-2.7435,0.0,-0.3,28.0517,True
1790477257.0727,472.4509,-0.7718,2.0183,-2.7537,0.0,-0.3,28.0517,True
1790477257.1226,472.5008,-0.7718,2.0183,-2.7639,0.0,-0.3,28.0517,True
1790477257.1727,472.5509,-0.7718,2.0183,-2.7843,0.0,-0.3,28.0517,True
1790477257.2239,472.6021,-0.7718,2.0183,-2.7945,0.0,-0.3,28.0517,True
1790477257.2727,472.6509,-0.7718,2.0183,-2.8149,0.0,-0.3,28.0517,True
1790477257.3228,472.7011,-0.7718,2.0183,-2.8251,0.0,-0.3,28.0517,True
1790477257.3728,472.751,-0.7718,2.0183,-2.8455,0.0,0.3,28.0517,True
1790477257.4227,472.8009,-0.7718,2.0183,-2.8455,0.0,0.3,28.0517,True
1790477257.4728,472.851,-0.7718,2.0183,-2.8272,0.0,0.3,28.0517,True
1790477257.5228,472.901,-0.7718,2.0183,-2.817,0.0,0.3,28.0517,True
1790477257.5727,472.9509,-0.7718,2.0183,-2.7966,0.0,0.3,28.0517,True
1790477257.6226,473.0009,-0.7718,2.0183,-2.7864,0.0,0.0,28.0517,False
1790477257.6727,473.0509,-0.7718,2.0183,-2.7864,0.0,0.0,28.0517,False
1790477257.7228,473.101,-0.7718,2.0183,-2.7864,0.0,0.0,28.0517,False
1790477257.7727,473.1509,-0.7718,2.0183,-2.7864,0.0,0.0,28.0517,False
1790477257.8226,473.2009,-0.7718,2.0183,-2.7864,0.0,0.0,28.0517,False
1790477257.8727,473.251,-0.7718,2.0183,-2.7864,0.0,0.0,28.0517,False
1790477257.9228,473.301,-0.7718,2.0183,-2.7864,0.0,0.0,28.0517,False
1790477257.9728,473.351,-0.7718,2.0183,-2.7864,0.0,0.0,28.0517,False
1790477258.0226,473.4009,-0.7718,2.0183,-2.7864,0.0,0.0,28.0517,False
1790477258.0727,473.4509,-0.7718,2.0183,-2.7864,0.0,0.0,28.0517,False
1790477258.1226,473.5009,-0.7718,2.0183,-2.7864,0.0,-0.3,28.0517,True
1790477258.1729,473.5511,-0.7718,2.0183,-2.7945,0.0,-0.3,28.0517,True
1790477258.2228,473.601,-0.7718,2.0183,-2.8149,0.0,-0.3,28.0517,True
1790477258.2727,473.6509,-0.7718,2.0183,-2.8251,0.0,-0.3,28.0517,True
1790477258.3227,473.7009,-0.7718,2.0183,-2.8455,0.0,-0.3,28.0517,True
1790477258.3726,473.7509,-0.7718,2.0183,-2.8557,0.0,0.2496,28.0517,True
1790477258.4227,473.8009,-0.7718,2.0183,-2.8476,0.0,0.3,28.0517,True
1790477258.4727,473.8509,-0.7718,2.0183,-2.8374,0.0,0.3,28.0517,True
1790477258.5226,473.9009,-0.7718,2.0183,-2.817,0.0,0.3,28.0517,True
1790477258.5728,473.951,-0.7718,2.0183,-2.8068,0.0,0.3,28.0517,True
1790477258.6226,474.0009,-0.7718,2.0183,-2.7864,0.0,0.3,28.0517,True
1790477258.6728,474.051,-0.7718,2.0183,-2.7762,0.0,0.3,28.0517,True
1790477258.7226,474.1009,-0.7718,2.0183,-2.7558,0.0,0.3,28.0517,True
1790477258.7727,474.1509,-0.7718,2.0183,-2.7456,0.0,0.3,28.0517,True
1790477258.8227,474.2009,-0.7718,2.0183,-2.7354,0.0,0.3,28.0517,True
1790477258.8726,474.2509,-0.7718,2.0183,-2.715,0.03,0.0,28.0517,True
1790477258.9228,474.301,-0.7721,2.0181,-2.7125,0.015,-0.3,28.0521,True
1790477258.9729,474.3511,-0.7739,2.0173,-2.7199,0.015,-0.3,28.054,True
1790477259.0227,474.4009,-0.7744,2.0171,-2.7301,0.015,-0.3,28.0545,True
1790477259.0727,474.4509,-0.7753,2.0167,-2.7505,0.015,-0.3,28.0555,True
1790477259.1228,474.501,-0.7758,2.0165,-2.7607,0.0,0.0,28.0561,True
1790477259.1727,474.551,-0.7762,2.0164,-2.7635,0.0,0.0,28.0565,False
1790477259.2227,474.6009,-0.7762,2.0164,-2.7635,0.0,0.0,28.0565,False
1790477259.2727,474.651,-0.7762,2.0164,-2.7635,0.0,0.0,28.0565,False
1790477259.3228,474.701,-0.7762,2.0164,-2.7635,0.0,0.0,28.0565,False
1790477259.3726,474.7509,-0.7762,2.0164,-2.7635,0.0,0.0,28.0565,False
1790477259.4227,474.8009,-0.7762,2.0164,-2.7635,0.0,0.0,28.0565,False
1790477259.4728,474.851,-0.7762,2.0164,-2.7635,0.0,0.0,28.0565,False
1790477259.5232,474.9014,-0.7762,2.0164,-2.7635,0.0,0.0,28.0565,False
1790477259.5727,474.9509,-0.7762,2.0164,-2.7635,0.0,0.0,28.0565,False
1790477259.6228,475.001,-0.7762,2.0164,-2.7635,0.015,0.3,28.0565,True
1790477259.6727,475.0509,-0.7762,2.0163,-2.7562,0.015,0.3,28.0566,True
1790477259.7227,475.1009,-0.7772,2.0159,-2.7358,0.015,0.3,28.0576,True
1790477259.7728,475.151,-0.7777,2.0157,-2.7256,0.015,0.3,28.0581,True
1790477259.8227,475.201,-0.7786,2.0153,-2.7052,0.015,0.3,28.0591,True
1790477259.8728,475.251,-0.779,2.0151,-2.695,0.015,0.3,28.0596,True
1790477259.9227,475.3009,-0.78,2.0146,-2.6746,0.015,-0.3,28.0606,True
1790477259.9728,475.351,-0.7804,2.0144,-2.6724,0.015,-0.3,28.0612,True
1790477260.0226,475.4009,-0.7813,2.0139,-2.6885,0.015,-0.3,28.0622,True
1790477260.0727,475.451,-0.7818,2.0137,-2.6987,0.015,-0.3,28.0627,True
1790477260.1227,475.501,-0.7827,2.0133,-2.7191,0.015,-0.3,28.0637,True
1790477260.1728,475.551,-0.7832,2.0131,-2.7293,0.015,-0.3,28.0642,True
1790477260.2226,475.6008,-0.7841,2.0127,-2.7497,0.0,0.0,28.0652,True
1790477260.2727,475.6509,-0.7845,2.0125,-2.7526,0.0,0.0,28.0656,True
1790477260.3228,475.701,-0.7845,2.0125,-2.7526,0.0,0.0,28.0656,False
1790477260.3727,475.7509,-0.7845,2.0125,-2.7526,0.0,0.0,28.0656,False
1790477260.4227,475.8009,-0.7845,2.0125,-2.7526,0.015,0.3,28.0656,True
1790477260.4727,475.8509,-0.7846,2.0125,-2.7452,0.015,0.3,28.0657,True
1790477260.5227,475.901,-0.7851,2.0123,-2.735,0.015,0.3,28.0663,True
1790477260.5728,475.951,-0.786,2.0119,-2.7146,0.015,0.3,28.0673,True
1790477260.6227,476.0009,-0.7865,2.0117,-2.7044,0.015,0.3,28.0678,True
1790477260.6728,476.051,-0.7874,2.0112,-2.684,0.015,0.3,28.0688,True
1790477260.7228,476.101,-0.7878,2.011,-2.6738,0.0,0.0,28.0693,True
1790477260.7727,476.1509,-0.7882,2.0108,-2.671,0.0,0.0,28.0697,False
1790477260.8226,476.2009,-0.7882,2.0108,-2.671,0.0,0.0,28.0697,False
1790477260.8727,476.2509,-0.7882,2.0108,-2.671,0.0,0.0,28.0697,False
1790477260.9228,476.301,-0.7882,2.0108,-2.671,0.0,0.0,28.0697,False
1790477260.9727,476.3509,-0.7882,2.0108,-2.671,0.0,0.0,28.0697,False
1790477261.0227,476.4009,-0.7882,2.0108,-2.671,0.0,0.0,28.0697,False
1790477261.0727,476.4509,-0.7882,2.0108,-2.671,0.0,0.0,28.0697,False
1790477261.1227,476.5009,-0.7882,2.0108,-2.671,0.0,0.0,28.0697,False
1790477261.1727,476.5509,-0.7882,2.0108,-2.671,0.0,0.0,28.0697,False
1790477261.2227,476.6009,-0.7882,2.0108,-2.671,0.0,0.0,28.0697,False
1790477261.2727,476.6509,-0.7882,2.0108,-2.671,0.0,0.0,28.0697,False
1790477261.3227,476.7009,-0.7882,2.0108,-2.671,0.0,0.0,28.0697,False
1790477261.3728,476.751,-0.7882,2.0108,-2.671,0.0,0.0,28.0697,False
1790477261.4227,476.8009,-0.7882,2.0108,-2.671,0.015,-0.3,28.0697,True
1790477261.4727,476.8509,-0.7883,2.0108,-2.6783,0.015,0.3,28.0698,True
1790477261.5227,476.9009,-0.7892,2.0103,-2.6907,0.015,0.3,28.0708,True
1790477261.5727,476.9509,-0.7897,2.0101,-2.6848,0.015,0.3,28.0714,True
1790477261.6227,477.0009,-0.7906,2.0096,-2.6644,0.015,0.3,28.0724,True
1790477261.6727,477.0509,-0.791,2.0094,-2.6542,0.015,0.3,28.0729,True
1790477261.7229,477.1011,-0.7919,2.0089,-2.6338,0.0,0.0,28.0739,True
1790477261.7727,477.1509,-0.7923,2.0087,-2.6309,0.0,0.0,28.0743,True
1790477261.8227,477.2009,-0.7923,2.0087,-2.6309,0.0,0.0,28.0743,False
1790477261.8727,477.2509,-0.7923,2.0087,-2.6309,0.0,0.0,28.0743,False
1790477261.9228,477.3011,-0.7923,2.0087,-2.6309,0.0,0.0,28.0743,False
1790477261.9728,477.351,-0.7923,2.0087,-2.6309,0.0,0.0,28.0743,False
1790477262.0226,477.4009,-0.7923,2.0087,-2.6309,0.0,0.0,28.0743,False
1790477262.0727,477.4509,-0.7923,2.0087,-2.6309,0.0,0.0,28.0743,False
1790477262.1228,477.501,-0.7923,2.0087,-2.6309,0.015,-0.3,28.0743,True
1790477262.1727,477.5509,-0.7924,2.0087,-2.6383,0.015,-0.3,28.0744,True
1790477262.2227,477.6009,-0.7928,2.0084,-2.6485,0.015,-0.3,28.0749,True
1790477262.2726,477.6509,-0.7937,2.008,-2.6689,0.015,-0.3,28.0759,True
1790477262.3228,477.701,-0.7942,2.0077,-2.6791,0.015,-0.3,28.0765,True
1790477262.3727,477.751,-0.7951,2.0073,-2.6995,0.015,-0.3,28.0775,True
1790477262.4226,477.8009,-0.7956,2.0071,-2.7097,0.015,-0.3,28.078,True
1790477262.4726,477.8509,-0.7965,2.0066,-2.7301,0.015,0.3,28.079,True
1790477262.5228,477.9011,-0.797,2.0064,-2.7322,0.0,0.0,28.0795,True
1790477262.5726,477.9508,-0.797,2.0064,-2.7322,0.0,0.0,28.0795,False
1790477262.6227,478.0009,-0.797,2.0064,-2.7322,0.0,0.0,28.0795,False
1790477262.6727,478.0509,-0.797,2.0064,-2.7322,0.0,0.0,28.0795,False
1790477262.7228,478.101,-0.797,2.0064,-2.7322,0.015,0.3,28.0795,True
1790477262.7727,478.151,-0.797,2.0064,-2.7249,0.015,0.3,28.0796,True
1790477262.8229,478.2011,-0.798,2.006,-2.7045,0.015,0.3,28.0806,True
1790477262.8727,478.2509,-0.7984,2.0058,-2.6943,0.015,0.3,28.0811,True
1790477262.923,478.3013,-0.7993,2.0053,-2.6739,0.015,0.3,28.0822,True
1790477262.9728,478.351,-0.7998,2.0051,-2.6637,0.03,-0.1262,28.0827,True
1790477263.0227,478.4009,-0.8007,2.0046,-2.6513,0.015,-0.3,28.0837,True
1790477263.0727,478.4509,-0.8012,2.0044,-2.6572,0.015,-0.3,28.0842,True
1790477263.1228,478.5011,-0.8021,2.0039,-2.6776,0.015,-0.3,28.0852,True
1790477263.1727,478.551,-0.8025,2.0037,-2.6878,0.015,-0.3,28.0857,True
1790477263.2226,478.6009,-0.8034,2.0032,-2.7082,0.0,0.0,28.0868,True
1790477263.2727,478.651,-0.8038,2.0031,-2.7111,0.0,0.0,28.0872,True
1790477263.323,478.7012,-0.8038,2.0031,-2.7111,0.0,0.0,28.0872,False
1790477263.3728,478.751,-0.8038,2.0031,-2.7111,0.0,0.0,28.0872,False
1790477263.4227,478.8009,-0.8038,2.0031,-2.7111,0.0,0.0,28.0872,False
1790477263.4728,478.851,-0.8038,2.0031,-2.7111,0.0,0.0,28.0872,False
1790477263.5227,478.901,-0.8038,2.0031,-2.7111,0.0,0.0,28.0872,False
1790477263.5727,478.9509,-0.8038,2.0031,-2.7111,0.0,0.0,28.0872,False
1790477263.6226,479.0009,-0.8038,2.0031,-2.7111,0.015,0.3,28.0872,True
1790477263.6727,479.051,-0.8039,2.003,-2.7037,0.015,0.3,28.0873,True
1790477263.7228,479.101,-0.8044,2.0028,-2.6935,0.015,0.3,28.0878,True
1790477263.7727,479.1509,-0.8053,2.0023,-2.6731,0.015,0.3,28.0888,True
1790477263.8226,479.2009,-0.8057,2.0021,-2.6629,0.015,0.3,28.0893,True
1790477263.8727,479.2509,-0.8066,2.0016,-2.6425,0.015,0.3,28.0903,True
1790477263.9228,479.301,-0.8071,2.0014,-2.6323,0.015,0.3,28.0908,True
1790477263.9728,479.351,-0.808,2.0009,-2.6119,0.015,0.3,28.0919,True
1790477264.0246,479.4028,-0.8084,2.0006,-2.6017,0.0,0.0,28.0924,True
1790477264.0727,479.4509,-0.8088,2.0004,-2.5989,0.0,0.0,28.0928,False
1790477264.1227,479.501,-0.8088,2.0004,-2.5989,0.015,-0.3,28.0928,True
1790477264.1727,479.5509,-0.8093,2.0001,-2.6164,0.015,-0.3,28.0934,True
1790477264.2227,479.601,-0.8097,1.9999,-2.6266,0.015,-0.3,28.0939,True
1790477264.2727,479.6509,-0.8106,1.9994,-2.647,0.015,-0.3,28.0949,True
1790477264.3227,479.7009,-0.8111,1.9991,-2.6572,0.015,-0.3,28.0954,True
1790477264.3727,479.7509,-0.8115,1.9989,-2.6674,0.015,-0.3,28.0959,True
1790477264.4226,479.8009,-0.8124,1.9984,-2.6878,0.015,-0.3,28.097,True
1790477264.4727,479.851,-0.8129,1.9982,-2.698,0.015,-0.3,28.0975,True
1790477264.5227,479.9009,-0.8138,1.9978,-2.7184,0.015,0.3,28.0985,True
1790477264.5726,479.9509,-0.8143,1.9976,-2.7206,0.015,0.3,28.099,True
1790477264.625,480.0032,-0.8152,1.9971,-2.7045,0.015,0.3,28.1,True
1790477264.6727,480.0509,-0.8157,1.9969,-2.6943,0.015,0.3,28.1005,True
1790477264.7229,480.1011,-0.8166,1.9965,-2.6739,0.015,0.3,28.1015,True
1790477264.7727,480.1509,-0.817,1.9962,-2.6637,0.015,0.3,28.1021,True
1790477264.8226,480.2009,-0.8179,1.9958,-2.6433,0.0,0.0,28.1031,True
1790477264.8727,480.2509,-0.8183,1.9956,-2.6404,0.0,0.0,28.1035,True
1790477264.9227,480.301,-0.8183,1.9956,-2.6404,0.0,0.0,28.1035,False
1790477264.9727,480.3509,-0.8183,1.9956,-2.6404,0.0,0.0,28.1035,False
1790477265.0227,480.4009,-0.8183,1.9956,-2.6404,0.0,0.0,28.1035,False
1790477265.0727,480.4509,-0.8183,1.9956,-2.6404,0.0,0.0,28.1035,False
1790477265.1227,480.5009,-0.8183,1.9956,-2.6404,0.0,0.0,28.1035,False
1790477265.1727,480.5509,-0.8183,1.9956,-2.6404,0.0,0.0,28.1035,False
1790477265.2227,480.6009,-0.8183,1.9956,-2.6404,0.0,0.0,28.1035,False
1790477265.2726,480.6509,-0.8183,1.9956,-2.6404,0.0,0.0,28.1035,False
1790477265.3227,480.7009,-0.8183,1.9956,-2.6404,0.0,0.0,28.1035,False
1790477265.3727,480.7509,-0.8183,1.9956,-2.6404,0.0,0.0,28.1035,False
1790477265.4227,480.8009,-0.8183,1.9956,-2.6404,0.015,-0.3,28.1035,True
1790477265.4727,480.8509,-0.8184,1.9955,-2.6478,0.015,-0.3,28.1036,True
1790477265.5227,480.9009,-0.8188,1.9953,-2.658,0.015,-0.3,28.1041,True
1790477265.5727,480.9509,-0.8197,1.9948,-2.6784,0.015,0.3,28.1051,True
1790477265.6241,481.0024,-0.8202,1.9946,-2.6805,0.015,0.3,28.1056,True
1790477265.6727,481.0509,-0.8211,1.9941,-2.6644,0.015,0.3,28.1066,True
1790477265.7227,481.101,-0.8216,1.9939,-2.6542,0.015,0.3,28.1072,True
1790477265.7727,481.1509,-0.8225,1.9934,-2.6338,0.015,0.3,28.1082,True
1790477265.8257,481.2039,-0.8229,1.9932,-2.6236,0.0,0.0,28.1087,True
1790477265.8727,481.2509,-0.8233,1.993,-2.6207,0.0,0.0,28.1091,True
1790477265.9227,481.3009,-0.8233,1.993,-2.6207,0.0,0.0,28.1091,False
1790477265.9727,481.351,-0.8233,1.993,-2.6207,0.0,0.0,28.1091,False
1790477266.0234,481.4016,-0.8233,1.993,-2.6207,0.0,0.0,28.1091,False
1790477266.0727,481.4509,-0.8233,1.993,-2.6207,0.0,0.0,28.1091,False
1790477266.1228,481.501,-0.8233,1.993,-2.6207,0.0,0.0,28.1091,False
1790477266.1727,481.5509,-0.8233,1.993,-2.6207,0.0,0.0,28.1091,False
1790477266.2248,481.603,-0.8233,1.993,-2.6207,0.0,0.0,28.1091,False
1790477266.2727,481.6509,-0.8233,1.993,-2.6207,0.0,0.0,28.1091,False
1790477266.3227,481.7009,-0.8233,1.993,-2.6207,0.0,0.0,28.1091,False
1790477266.3727,481.7509,-0.8233,1.993,-2.6207,0.0,0.0,28.1091,False
1790477266.4239,481.8021,-0.8233,1.993,-2.6207,0.0,0.0,28.1091,False
1790477266.4727,481.8509,-0.8233,1.993,-2.6207,0.0,0.0,28.1091,False
1790477266.5227,481.9009,-0.8233,1.993,-2.6207,0.0,0.0,28.1091,False
1790477266.5727,481.9509,-0.8233,1.993,-2.6207,0.0,0.0,28.1091,False
1790477266.626,482.0043,-0.8233,1.993,-2.6207,0.0,0.0,28.1091,False
1790477266.6726,482.0509,-0.8233,1.993,-2.6207,0.0,0.0,28.1091,False
1790477266.7226,482.1009,-0.8233,1.993,-2.6207,0.0,0.0,28.1091,False
1790477266.7727,482.1509,-0.8233,1.993,-2.6207,0.0,0.0,28.1091,False
1790477266.8263,482.2045,-0.8233,1.993,-2.6207,0.015,0.3,28.1091,True
1790477266.8726,482.2509,-0.8233,1.9929,-2.6134,0.015,0.3,28.1092,True
1790477266.9226,482.3009,-0.8238,1.9926,-2.6032,0.015,0.3,28.1097,True
1790477266.9728,482.351,-0.8247,1.9921,-2.5828,0.015,0.3,28.1107,True
1790477267.0258,482.404,-0.8251,1.9918,-2.5726,0.015,0.3,28.1112,True
1790477267.0726,482.4508,-0.8259,1.9913,-2.5522,0.015,-0.3,28.1123,True
1790477267.1228,482.5011,-0.8264,1.991,-2.5501,0.015,-0.3,28.1128,True
1790477267.1727,482.5509,-0.8272,1.9904,-2.5662,0.015,-0.3,28.1138,True
1790477267.2243,482.6025,-0.8276,1.9902,-2.5764,0.015,-0.3,28.1143,True
1790477267.2727,482.6509,-0.8285,1.9896,-2.5968,0.015,-0.3,28.1153,True
1790477267.323,482.7012,-0.829,1.9894,-2.607,0.015,-0.3,28.1158,True
1790477267.3726,482.7509,-0.8298,1.9888,-2.6274,0.015,-0.3,28.1168,True
1790477267.4226,482.8009,-0.8303,1.9886,-2.6376,0.0,0.0,28.1174,True
1790477267.4728,482.851,-0.8306,1.9884,-2.6404,0.0,0.0,28.1178,True
1790477267.5228,482.901,-0.8306,1.9884,-2.6404,0.0,0.0,28.1178,False
1790477267.5727,482.9509,-0.8306,1.9884,-2.6404,0.0,0.0,28.1178,False
1790477267.6228,483.001,-0.8306,1.9884,-2.6404,0.015,0.3,28.1178,True
1790477267.6727,483.0509,-0.8307,1.9884,-2.6331,0.015,0.3,28.1179,True
1790477267.7228,483.101,-0.8316,1.9878,-2.6127,0.015,0.3,28.1189,True
1790477267.7727,483.151,-0.8321,1.9876,-2.6025,0.015,0.3,28.1194,True
1790477267.8267,483.2049,-0.8329,1.9871,-2.5821,0.015,0.3,28.1204,True
1790477267.8727,483.251,-0.8334,1.9868,-2.5719,0.015,0.3,28.1209,True
1790477267.9228,483.3011,-0.8342,1.9862,-2.5515,0.015,0.3,28.1219,True
1790477267.9727,483.3509,-0.8346,1.9859,-2.5413,0.015,0.3,28.1225,True
1790477268.0264,483.4046,-0.8355,1.9854,-2.5209,0.015,0.3,28.1235,True
1790477268.0727,483.4509,-0.8359,1.9851,-2.5107,0.015,0.3,28.124,True
1790477268.1227,483.5009,-0.8367,1.9844,-2.4903,0.0,0.0,28.125,True
1790477268.1727,483.5509,-0.837,1.9842,-2.4874,0.0,0.0,28.1254,True
1790477268.2229,483.6012,-0.837,1.9842,-2.4874,0.0,0.0,28.1254,False
1790477268.2726,483.6509,-0.837,1.9842,-2.4874,0.0,0.0,28.1254,False
1790477268.3228,483.7011,-0.837,1.9842,-2.4874,0.015,-0.3,28.1254,True
1790477268.3732,483.7514,-0.8371,1.9841,-2.4948,0.015,-0.3,28.1255,True
1790477268.4228,483.801,-0.8375,1.9838,-2.505,0.015,-0.3,28.126,True
1790477268.4727,483.8509,-0.8383,1.9832,-2.5254,0.015,-0.3,28.127,True
1790477268.5228,483.901,-0.8388,1.9829,-2.5356,0.015,-0.3,28.1276,True
1790477268.5727,483.9509,-0.8396,1.9824,-2.556,0.015,-0.3,28.1286,True
1790477268.6227,484.001,-0.84,1.9821,-2.5662,0.015,0.3,28.1291,True
1790477268.6728,484.051,-0.8409,1.9815,-2.5785,0.015,0.3,28.1301,True
1790477268.7228,484.101,-0.8413,1.9813,-2.5726,0.015,0.3,28.1306,True
1790477268.7727,484.151,-0.8422,1.9807,-2.5522,0.015,0.3,28.1316,True
1790477268.8228,484.201,-0.8426,1.9804,-2.542,0.015,0.3,28.1321,True
1790477268.8726,484.2509,-0.8434,1.9798,-2.5216,0.015,0.3,28.1332,True
1790477268.9227,484.301,-0.8438,1.9795,-2.5114,0.015,0.3,28.1337,True
1790477268.9726,484.3509,-0.8447,1.9789,-2.491,0.015,0.3,28.1347,True
1790477269.023,484.4013,-0.8451,1.9786,-2.4808,0.015,0.3,28.1352,True
1790477269.0727,484.4509,-0.8459,1.978,-2.4604,0.015,0.3,28.1362,True
1790477269.1228,484.501,-0.8463,1.9777,-2.4502,0.03,-0.199,28.1367,True
1790477269.1727,484.551,-0.8466,1.9773,-2.4481,0.015,-0.3,28.1372,True
1790477269.2227,484.601,-0.8476,1.9766,-2.4628,0.015,-0.3,28.1385,True
1790477269.2727,484.6509,-0.848,1.9762,-2.473,0.015,-0.3,28.139,True
1790477269.3227,484.701,-0.8488,1.9756,-2.4934,0.015,-0.3,28.14,True
1790477269.3728,484.751,-0.8492,1.9753,-2.5036,0.015,-0.3,28.1405,True
1790477269.4228,484.801,-0.85,1.9747,-2.524,0.015,-0.3,28.1415,True
1790477269.4727,484.8509,-0.8504,1.9744,-2.5342,0.015,-0.3,28.142,True
1790477269.5228,484.901,-0.8513,1.9738,-2.5546,0.015,-0.3,28.143,True
1790477269.5727,484.9509,-0.8517,1.9736,-2.5648,0.015,-0.3,28.1436,True
1790477269.6228,485.001,-0.8526,1.973,-2.5852,0.03,-0.1118,28.1446,True
1790477269.6727,485.0509,-0.8533,1.9726,-2.59,0.015,0.3,28.1455,True
1790477269.7227,485.101,-0.8546,1.9718,-2.5772,0.015,0.3,28.147,True
1790477269.7727,485.1509,-0.855,1.9715,-2.567,0.015,0.3,28.1475,True
1790477269.8227,485.201,-0.8559,1.9709,-2.5466,0.015,0.3,28.1485,True
1790477269.8727,485.2509,-0.8563,1.9706,-2.5364,0.015,0.3,28.149,True
1790477269.9228,485.301,-0.8567,1.9703,-2.5262,0.015,0.3,28.1495,True
1790477269.9748,485.3531,-0.8575,1.9698,-2.5058,0.015,0.3,28.1505,True
1790477270.0227,485.4009,-0.8579,1.9694,-2.4956,0.015,0.3,28.151,True
1790477270.0727,485.4509,-0.8588,1.9688,-2.4752,0.015,0.3,28.1521,True
1790477270.1228,485.501,-0.8592,1.9685,-2.465,0.03,0.2118,28.1526,True
1790477270.1727,485.5509,-0.8604,1.9675,-2.4483,0.015,-0.3,28.1542,True
1790477270.2228,485.601,-0.8613,1.9668,-2.4499,0.015,-0.3,28.1553,True
1790477270.2727,485.6509,-0.8623,1.9659,-2.4678,0.015,-0.3,28.1567,True
1790477270.3228,485.701,-0.8627,1.9656,-2.478,0.015,-0.3,28.1572,True
1790477270.3727,485.7509,-0.8636,1.965,-2.4984,0.015,-0.3,28.1582,True
1790477270.4228,485.801,-0.864,1.9646,-2.5086,0.0,0.0,28.1587,True
1790477270.4727,485.851,-0.8643,1.9644,-2.5115,0.0,0.0,28.1591,False
1790477270.5228,485.901,-0.8643,1.9644,-2.5115,0.0,0.0,28.1591,False
1790477270.5727,485.951,-0.8643,1.9644,-2.5115,0.0,0.0,28.1591,False
1790477270.6227,486.001,-0.8643,1.9644,-2.5115,0.0,0.0,28.1591,False
1790477270.6727,486.0509,-0.8643,1.9644,-2.5115,0.0,0.0,28.1591,False
1790477270.7227,486.1009,-0.8643,1.9644,-2.5115,0.0,0.0,28.1591,False
1790477270.7727,486.1509,-0.8643,1.9644,-2.5115,0.0,0.0,28.1591,False
1790477270.8227,486.2009,-0.8643,1.9644,-2.5115,0.015,0.3,28.1591,True
1790477270.8727,486.2509,-0.8644,1.9643,-2.5041,0.015,0.3,28.1592,True
1790477270.9227,486.3009,-0.8652,1.9637,-2.4837,0.015,0.3,28.1603,True
1790477270.9727,486.3509,-0.8656,1.9634,-2.4735,0.015,0.3,28.1608,True
1790477271.0227,486.4009,-0.8664,1.9628,-2.4531,0.015,0.3,28.1618,True
1790477271.0727,486.451,-0.8668,1.9625,-2.4429,0.015,0.3,28.1623,True
1790477271.1228,486.501,-0.8675,1.9618,-2.4225,0.015,0.3,28.1633,True
1790477271.1728,486.551,-0.8679,1.9614,-2.4123,0.015,-0.3,28.1638,True
1790477271.2227,486.6009,-0.8687,1.9608,-2.4161,0.015,-0.3,28.1649,True
1790477271.2726,486.6509,-0.8691,1.9604,-2.4263,0.015,-0.3,28.1654,True
1790477271.3227,486.7009,-0.8699,1.9598,-2.4467,0.015,-0.3,28.1664,True
1790477271.3727,486.7509,-0.8702,1.9594,-2.4569,0.015,-0.3,28.1669,True
1790477271.4227,486.8009,-0.871,1.9588,-2.4773,0.015,-0.3,28.1679,True
1790477271.4727,486.8509,-0.8714,1.9585,-2.4875,0.015,-0.3,28.1684,True
1790477271.5228,486.901,-0.8719,1.9582,-2.4977,0.015,-0.3,28.1689,True
1790477271.5727,486.9509,-0.8727,1.9576,-2.5181,0.015,-0.3,28.17,True
1790477271.6226,487.0009,-0.8731,1.9573,-2.5283,0.015,-0.3,28.1705,True
1790477271.6727,487.0509,-0.8739,1.9567,-2.5487,0.015,-0.3,28.1715,True
1790477271.7227,487.101,-0.8744,1.9564,-2.5589,0.015,0.3,28.172,True
1790477271.7727,487.1509,-0.8752,1.9559,-2.5713,0.015,0.3,28.173,True
1790477271.8226,487.2008,-0.8756,1.9556,-2.5653,0.015,0.3,28.1735,True
1790477271.8726,487.2509,-0.8765,1.955,-2.5449,0.015,0.3,28.1745,True
1790477271.9228,487.301,-0.8769,1.9547,-2.5347,0.015,0.3,28.1751,True
1790477271.9727,487.3509,-0.8777,1.9542,-2.5143,0.015,0.3,28.1761,True
1790477272.0227,487.401,-0.8782,1.9539,-2.5041,0.015,0.3,28.1766,True
1790477272.0726,487.4509,-0.879,1.9532,-2.4837,0.015,0.3,28.1776,True
1790477272.1227,487.5009,-0.8794,1.9529,-2.4735,0.015,0.3,28.1781,True
1790477272.1752,487.5534,-0.8802,1.9523,-2.4531,0.015,0.3,28.1791,True
1790477272.2227,487.6009,-0.8806,1.952,-2.4429,0.0,0.0,28.1796,True
1790477272.2727,487.6509,-0.8809,1.9517,-2.4401,0.0,0.0,28.1801,True
1790477272.3227,487.7009,-0.8809,1.9517,-2.4401,0.0,0.0,28.1801,False
1790477272.3726,487.7508,-0.8809,1.9517,-2.4401,0.0,0.0,28.1801,False
1790477272.4253,487.8035,-0.8809,1.9517,-2.4401,0.015,-0.3,28.1801,True
1790477272.4727,487.8509,-0.8809,1.9516,-2.4474,0.015,-0.3,28.1802,True
1790477272.5227,487.9009,-0.8817,1.951,-2.4678,0.015,-0.3,28.1812,True
1790477272.5727,487.9509,-0.8821,1.9507,-2.478,0.015,-0.3,28.1817,True
1790477272.6227,488.0009,-0.8829,1.95,-2.4984,0.015,-0.3,28.1827,True
1790477272.6726,488.0509,-0.8834,1.9497,-2.5086,0.015,-0.3,28.1832,True
1790477272.7227,488.1009,-0.8842,1.9491,-2.529,0.015,0.3,28.1842,True
1790477272.7728,488.151,-0.8846,1.9489,-2.5312,0.015,0.3,28.1847,True
1790477272.8227,488.2009,-0.8854,1.9483,-2.5151,0.015,0.3,28.1858,True
1790477272.8726,488.2509,-0.8858,1.948,-2.5049,0.015,0.3,28.1863,True
1790477272.9227,488.3009,-0.8867,1.9474,-2.4845,0.0,0.0,28.1873,True
1790477272.9727,488.3509,-0.887,1.9471,-2.4816,0.0,0.0,28.1877,True
1790477273.0227,488.401,-0.887,1.9471,-2.4816,0.0,0.0,28.1877,False
1790477273.0727,488.4509,-0.887,1.9471,-2.4816,0.0,0.0,28.1877,False
1790477273.1227,488.5009,-0.887,1.9471,-2.4816,0.0,0.0,28.1877,False
1790477273.1727,488.5509,-0.887,1.9471,-2.4816,0.0,0.0,28.1877,False
1790477273.2226,488.6009,-0.887,1.9471,-2.4816,0.0,0.0,28.1877,False
1790477273.2739,488.6522,-0.887,1.9471,-2.4816,0.0,0.0,28.1877,False
1790477273.3238,488.702,-0.887,1.9471,-2.4816,0.0,0.0,28.1877,False
1790477273.3727,488.7509,-0.887,1.9471,-2.4816,0.0,0.0,28.1877,False
1790477273.4227,488.801,-0.887,1.9471,-2.4816,0.015,-0.3,28.1877,True
1790477273.4727,488.8509,-0.8871,1.947,-2.489,0.015,-0.3,28.1878,True
1790477273.523,488.9013,-0.8875,1.9467,-2.4992,0.015,-0.3,28.1883,True
1790477273.5727,488.9509,-0.8883,1.9461,-2.5196,0.015,-0.3,28.1893,True
1790477273.6227,489.0009,-0.8887,1.9458,-2.5298,0.015,-0.3,28.1898,True
1790477273.6727,489.0509,-0.8895,1.9453,-2.5502,0.015,-0.3,28.1909,True
1790477273.7228,489.1011,-0.89,1.945,-2.5604,0.03,-0.0138,28.1914,True
1790477273.7727,489.1509,-0.8914,1.9441,-2.5639,0.015,0.3,28.193,True
1790477273.8227,489.2009,-0.8922,1.9435,-2.5568,0.015,0.3,28.194,True
1790477273.8726,489.2509,-0.893,1.943,-2.5364,0.015,0.3,28.195,True
1790477273.9229,489.3011,-0.8934,1.9427,-2.5262,0.015,0.3,28.1955,True
1790477273.9727,489.3509,-0.8938,1.9424,-2.516,0.015,0.3,28.196,True
1790477274.0227,489.4009,-0.8947,1.9418,-2.4956,0.015,0.3,28.1971,True
1790477274.0727,489.451,-0.8951,1.9415,-2.4854,0.015,0.3,28.1976,True
1790477274.1256,489.5038,-0.8959,1.9408,-2.465,0.015,0.3,28.1986,True
1790477274.1727,489.551,-0.8963,1.9405,-2.4548,0.015,0.3,28.1991,True
1790477274.2227,489.601,-0.897,1.9399,-2.4344,0.03,0.1808,28.2001,True
1790477274.2727,489.6509,-0.8978,1.9392,-2.4283,0.015,-0.3,28.2011,True
1790477274.3256,489.7039,-0.8994,1.9379,-2.424,0.015,-0.3,28.2032,True
1790477274.3727,489.751,-0.8999,1.9373,-2.4323,0.015,-0.3,28.204,True
1790477274.4227,489.8009,-0.9007,1.9367,-2.4527,0.015,-0.3,28.205,True
1790477274.4727,489.8509,-0.9011,1.9364,-2.4629,0.015,-0.3,28.2055,True
1790477274.5228,489.901,-0.9019,1.9357,-2.4833,0.0,0.0,28.2065,True
1790477274.5728,489.951,-0.9022,1.9355,-2.4862,0.0,0.0,28.2069,True
1790477274.6227,490.0009,-0.9022,1.9355,-2.4862,0.0,0.0,28.2069,False
1790477274.6727,490.0509,-0.9022,1.9355,-2.4862,0.0,0.0,28.2069,False
1790477274.7244,490.1026,-0.9022,1.9355,-2.4862,0.0,0.0,28.2069,False
1790477274.7727,490.1509,-0.9022,1.9355,-2.4862,0.0,0.0,28.2069,False
1790477274.8227,490.2009,-0.9022,1.9355,-2.4862,0.0,0.0,28.2069,False
1790477274.8727,490.2509,-0.9022,1.9355,-2.4862,0.0,0.0,28.2069,False
1790477275.5874,490.9656,-0.9022,1.9355,-2.4862,0.0,0.0,28.2069,False
1790477275.6227,491.0009,-0.9043,1.9338,-2.4278,0.015,0.3,28.2096,True
1790477275.6728,491.051,-0.9051,1.9331,-2.4074,0.015,0.3,28.2106,True
1790477275.7262,491.1044,-0.9058,1.9324,-2.387,0.015,-0.3,28.2116,True
1790477275.7728,491.151,-0.9062,1.9321,-2.3849,0.015,-0.3,28.2121,True
1790477276.5796,491.9578,-0.9066,1.9317,-2.3908,0.015,-0.3,28.2126,True
1790477276.6229,492.0011,-0.9096,1.9291,-2.4724,0.015,-0.3,28.2167,True
1790477276.6727,492.0509,-0.9109,1.9281,-2.503,0.015,-0.3,28.2182,True
1790477276.7227,492.1009,-0.9113,1.9278,-2.5132,0.015,-0.3,28.2187,True
1790477276.7728,492.151,-0.9121,1.9273,-2.5336,0.015,0.3,28.2198,True
1790477276.8227,492.2009,-0.9129,1.9267,-2.5298,0.015,0.3,28.2208,True
1790477276.8728,492.251,-0.9134,1.9264,-2.5196,0.015,0.3,28.2213,True
1790477276.9227,492.3009,-0.9142,1.9258,-2.4992,0.015,0.3,28.2223,True
1790477276.9727,492.3509,-0.9146,1.9255,-2.489,0.015,0.3,28.2228,True
1790477277.0227,492.4009,-0.9154,1.9248,-2.4686,0.0,0.0,28.2238,True
1790477277.0727,492.4509,-0.9157,1.9246,-2.4658,0.0,0.0,28.2243,True
1790477277.1227,492.5009,-0.9157,1.9246,-2.4658,0.0,0.0,28.2243,False
1790477277.1727,492.5509,-0.9157,1.9246,-2.4658,0.0,0.0,28.2243,False
1790477277.2227,492.6009,-0.9157,1.9246,-2.4658,0.0,0.0,28.2243,False
1790477277.2727,492.651,-0.9157,1.9246,-2.4658,0.0,0.0,28.2243,False
1790477277.3228,492.701,-0.9157,1.9246,-2.4658,0.0,0.0,28.2243,False
1790477277.3727,492.7509,-0.9157,1.9246,-2.4658,0.0,0.0,28.2243,False
1790477277.4227,492.8009,-0.9157,1.9246,-2.4658,0.0,0.0,28.2243,False
1790477277.4727,492.8509,-0.9157,1.9246,-2.4658,0.0,0.0,28.2243,False
1790477277.5235,492.9017,-0.9157,1.9246,-2.4658,0.0,0.0,28.2243,False
1790477277.5727,492.951,-0.9157,1.9246,-2.4658,0.0,0.0,28.2243,False
1790477277.6227,493.0009,-0.9157,1.9246,-2.4658,0.0,0.0,28.2243,False
1790477277.6727,493.0509,-0.9157,1.9246,-2.4658,0.015,-0.3,28.2243,True
1790477277.7227,493.1009,-0.9158,1.9245,-2.4731,0.015,-0.3,28.2244,True
1790477277.7727,493.1509,-0.9166,1.9239,-2.4935,0.015,0.3,28.2254,True
1790477277.8228,493.201,-0.917,1.9236,-2.4957,0.015,0.3,28.2259,True
1790477277.8728,493.251,-0.9174,1.9233,-2.4898,0.015,0.3,28.2264,True
1790477277.9227,493.301,-0.9182,1.9227,-2.4694,0.015,0.3,28.2274,True
1790477277.9727,493.351,-0.9186,1.9223,-2.4592,0.015,0.3,28.2279,True
1790477278.0227,493.401,-0.9194,1.9217,-2.4388,0.015,0.3,28.2289,True
1790477278.0733,493.4515,-0.9198,1.9213,-2.4286,0.015,0.3,28.2295,True
1790477278.1227,493.5009,-0.9205,1.9207,-2.4082,0.015,0.3,28.2305,True
1790477278.1727,493.5509,-0.9209,1.9203,-2.398,0.015,0.3,28.231,True
1790477278.2228,493.601,-0.9217,1.9196,-2.3776,0.015,0.3,28.232,True
1790477278.2728,493.651,-0.922,1.9193,-2.3674,0.015,-0.3,28.2325,True
1790477278.3228,493.701,-0.9228,1.9186,-2.355,0.015,-0.3,28.2335,True
1790477278.3727,493.751,-0.9231,1.9182,-2.3609,0.015,-0.3,28.234,True
1790477278.4226,493.8009,-0.9239,1.9175,-2.3813,0.015,-0.3,28.2351,True
1790477278.4727,493.851,-0.9242,1.9171,-2.3915,0.015,-0.3,28.2356,True
1790477278.5227,493.9009,-0.925,1.9165,-2.4119,0.015,-0.3,28.2366,True
1790477278.5726,493.9509,-0.9254,1.9161,-2.4221,0.015,-0.3,28.2371,True
1790477278.6227,494.0009,-0.9257,1.9158,-2.4323,0.015,-0.3,28.2376,True
1790477278.6727,494.051,-0.9265,1.9151,-2.4527,0.015,-0.3,28.2386,True
1790477278.7227,494.101,-0.9269,1.9148,-2.4629,0.015,-0.3,28.2391,True
1790477278.7727,494.1509,-0.9277,1.9142,-2.4833,0.015,0.3,28.2402,True
1790477278.8228,494.201,-0.9281,1.9139,-2.4855,0.0,0.0,28.2407,True
1790477278.8728,494.251,-0.9286,1.9135,-2.4789,0.0,0.0,28.2413,False
1790477278.9227,494.301,-0.9286,1.9135,-2.4789,0.0,0.0,28.2413,False
1790477278.9727,494.351,-0.9286,1.9135,-2.4789,0.015,0.3,28.2413,True
1790477279.0227,494.4009,-0.9288,1.9134,-2.4708,0.015,0.3,28.2415,True
1790477279.0728,494.451,-0.9296,1.9127,-2.4504,0.015,0.3,28.2425,True
1790477279.1227,494.5009,-0.93,1.9124,-2.4402,0.015,0.3,28.243,True
1790477279.1727,494.5509,-0.9307,1.9117,-2.4198,0.015,0.3,28.244,True
1790477279.2227,494.6009,-0.9311,1.9114,-2.4096,0.015,0.3,28.2445,True
1790477279.2728,494.651,-0.9319,1.9107,-2.3892,0.015,-0.3,28.2456,True
1790477279.3227,494.7009,-0.9322,1.9103,-2.3871,0.015,-0.3,28.2461,True
1790477279.3727,494.7509,-0.933,1.9097,-2.4032,0.015,-0.3,28.2471,True
1790477279.4228,494.801,-0.9334,1.9093,-2.4134,0.015,-0.3,28.2476,True
1790477279.4727,494.851,-0.9337,1.909,-2.4236,0.0,0.0,28.2481,True
1790477279.5227,494.901,-0.9344,1.9084,-2.4366,0.0,0.0,28.249,True
1790477279.5728,494.951,-0.9344,1.9084,-2.4366,0.0,0.0,28.249,False
1790477279.6227,495.0009,-0.9344,1.9084,-2.4366,0.0,0.0,28.249,False
1790477279.6727,495.051,-0.9344,1.9084,-2.4366,0.0,0.0,28.249,False
1790477279.7227,495.1009,-0.9344,1.9084,-2.4366,0.0,0.0,28.249,False
1790477279.7728,495.1511,-0.9344,1.9084,-2.4366,0.0,0.0,28.249,False
1790477279.8227,495.2009,-0.9344,1.9084,-2.4366,0.0,0.0,28.249,False
1790477279.8733,495.2516,-0.9344,1.9084,-2.4366,0.015,0.3,28.249,True
1790477279.9227,495.3009,-0.9345,1.9083,-2.4293,0.015,0.3,28.2491,True
1790477279.9726,495.3509,-0.9349,1.908,-2.4191,0.015,0.3,28.2496,True
1790477280.0227,495.4009,-0.9357,1.9073,-2.3987,0.015,0.3,28.2507,True
1790477280.0727,495.451,-0.936,1.9069,-2.3885,0.015,0.3,28.2512,True
1790477280.1227,495.501,-0.9368,1.9062,-2.3681,0.015,0.3,28.2522,True
1790477280.1727,495.5509,-0.9371,1.9059,-2.3579,0.015,0.3,28.2527,True
1790477280.2227,495.6009,-0.9378,1.9052,-2.3375,0.015,0.3,28.2537,True
1790477280.2727,495.6509,-0.9382,1.9048,-2.3273,0.0,0.0,28.2542,True
1790477280.3227,495.7009,-0.9385,1.9045,-2.3244,0.0,0.0,28.2546,True
1790477280.3727,495.7509,-0.9385,1.9045,-2.3244,0.0,0.0,28.2546,False
1790477280.4227,495.8009,-0.9385,1.9045,-2.3244,0.0,0.0,28.2546,False
1790477280.4727,495.851,-0.9385,1.9045,-2.3244,0.0,0.0,28.2546,False
1790477280.5227,495.9009,-0.9385,1.9045,-2.3244,0.0,0.0,28.2546,False
1790477280.5736,495.9519,-0.9385,1.9045,-2.3244,0.0,0.0,28.2546,False
1790477280.6227,496.0009,-0.9385,1.9045,-2.3244,0.0,0.0,28.2546,False
1790477280.6727,496.0509,-0.9385,1.9045,-2.3244,0.0,0.0,28.2546,False
1790477280.7226,496.1009,-0.9385,1.9045,-2.3244,0.0,0.0,28.2546,False
1790477280.7763,496.1545,-0.9385,1.9045,-2.3244,0.0,0.0,28.2546,False
1790477280.8227,496.2009,-0.9385,1.9045,-2.3244,0.015,0.3,28.2546,True
1790477280.8728,496.2511,-0.9385,1.9044,-2.3171,0.015,0.3,28.2547,True
1790477280.9227,496.3009,-0.9392,1.9037,-2.2967,0.015,0.3,28.2558,True
1790477280.9763,496.3546,-0.9396,1.9033,-2.2865,0.015,0.3,28.2563,True
1790477281.0227,496.4009,-0.9402,1.9025,-2.2661,0.015,0.3,28.2573,True
1790477281.0727,496.4509,-0.9406,1.9021,-2.2559,0.015,0.3,28.2578,True
1790477281.1226,496.5008,-0.9412,1.9013,-2.2355,0.0,0.0,28.2588,True
1790477281.1743,496.5525,-0.9414,1.901,-2.2326,0.0,0.0,28.2592,True
1790477281.2226,496.6009,-0.9414,1.901,-2.2326,0.0,0.0,28.2592,False
1790477281.2728,496.651,-0.9414,1.901,-2.2326,0.0,0.0,28.2592,False
1790477281.3228,496.701,-0.9414,1.901,-2.2326,0.0,0.0,28.2592,False
1790477281.3761,496.7544,-0.9414,1.901,-2.2326,0.0,0.0,28.2592,False
1790477281.4227,496.8009,-0.9414,1.901,-2.2326,0.0,0.0,28.2592,False
1790477281.4728,496.851,-0.9414,1.901,-2.2326,0.0,0.0,28.2592,False
1790477281.5227,496.9009,-0.9414,1.901,-2.2326,0.015,-0.3,28.2592,True
1790477281.5763,496.9546,-0.9415,1.9009,-2.24,0.015,-0.3,28.2593,True
1790477281.6227,497.0009,-0.9421,1.9001,-2.2604,0.015,-0.3,28.2604,True
1790477281.6739,497.0521,-0.9425,1.8997,-2.2706,0.015,-0.3,28.2609,True
1790477281.7227,497.1009,-0.9431,1.8989,-2.291,0.015,-0.3,28.2619,True
1790477281.7744,497.1526,-0.9435,1.8986,-2.3012,0.015,-0.3,28.2624,True
1790477281.8226,497.2009,-0.9442,1.8978,-2.3216,0.03,-0.2129,28.2634,True
1790477281.8727,497.251,-0.9449,1.8971,-2.3288,0.015,0.3,28.2644,True
1790477281.9232,497.3014,-0.9456,1.8963,-2.328,0.015,0.3,28.2655,True
1790477281.9726,497.3509,-0.9465,1.8953,-2.31,0.015,0.3,28.2668,True
1790477282.0227,497.401,-0.9468,1.8949,-2.2998,0.015,0.3,28.2673,True
1790477282.0726,497.4509,-0.9475,1.8942,-2.2794,0.015,0.3,28.2684,True
1790477282.1227,497.5009,-0.9478,1.8938,-2.2692,0.015,0.3,28.2689,True
1790477282.1748,497.5531,-0.9485,1.893,-2.2488,0.015,0.3,28.2699,True
1790477282.2227,497.6009,-0.9488,1.8926,-2.2386,0.015,0.3,28.2704,True
1790477282.2727,497.6509,-0.9494,1.8918,-2.2182,0.015,0.3,28.2714,True
1790477282.3227,497.7009,-0.9497,1.8914,-2.208,0.015,0.2722,28.2719,True
1790477282.3751,497.7533,-0.9503,1.8906,-2.1895,0.015,-0.3,28.2729,True
1790477282.4227,497.8009,-0.9506,1.8901,-2.1874,0.015,-0.3,28.2735,True
1790477282.4726,497.8508,-0.9512,1.8893,-2.2035,0.015,-0.3,28.2745,True
1790477282.5227,497.901,-0.9515,1.8889,-2.2137,0.015,-0.3,28.275,True
1790477282.5764,497.9546,-0.9521,1.8881,-2.2341,0.015,-0.3,28.276,True
1790477282.6227,498.0009,-0.9525,1.8877,-2.2443,0.0,0.0,28.2765,True
1790477282.6728,498.051,-0.9527,1.8874,-2.2471,0.0,0.0,28.2769,False
1790477282.7227,498.1009,-0.9527,1.8874,-2.2471,0.0,0.0,28.2769,False
1790477282.7728,498.151,-0.9527,1.8874,-2.2471,0.0,0.0,28.2769,False
1790477282.8228,498.201,-0.9527,1.8874,-2.2471,0.0,0.0,28.2769,False
1790477282.8728,498.251,-0.9527,1.8874,-2.2471,0.0,0.0,28.2769,False
1790477282.9228,498.301,-0.9527,1.8874,-2.2471,0.0,0.0,28.2769,False
1790477282.9755,498.3537,-0.9527,1.8874,-2.2471,0.0,0.0,28.2769,False
1790477283.0227,498.401,-0.9527,1.8874,-2.2471,0.015,0.3,28.2769,True
1790477283.0728,498.451,-0.9528,1.8873,-2.2398,0.015,0.3,28.277,True
1790477283.1226,498.5009,-0.9534,1.8865,-2.2194,0.015,0.3,28.278,True
1790477283.1726,498.5508,-0.9537,1.8861,-2.2092,0.015,0.3,28.2786,True
1790477283.2227,498.6009,-0.9543,1.8853,-2.1888,0.015,0.3,28.2796,True
1790477283.2728,498.6511,-0.9546,1.8848,-2.1786,0.015,0.3,28.2801,True
1790477283.3226,498.7008,-0.9552,1.884,-2.1582,0.015,0.3,28.2811,True
1790477283.3728,498.7511,-0.9555,1.8836,-2.148,0.015,-0.3,28.2816,True
1790477283.4227,498.8009,-0.956,1.8827,-2.1518,0.015,-0.3,28.2826,True
1790477283.4728,498.851,-0.9563,1.8823,-2.162,0.015,-0.3,28.2831,True
1790477283.5227,498.9009,-0.9566,1.8819,-2.1722,0.015,-0.3,28.2837,True
1790477283.5728,498.9511,-0.9572,1.881,-2.1926,0.015,-0.3,28.2847,True
1790477283.6227,499.001,-0.9575,1.8806,-2.2028,0.015,-0.3,28.2852,True
1790477283.6728,499.0511,-0.9581,1.8798,-2.2232,0.015,-0.3,28.2862,True
1790477283.7227,499.1009,-0.9584,1.8794,-2.2334,0.015,-0.3,28.2867,True
1790477283.7728,499.151,-0.959,1.8786,-2.2538,0.015,-0.3,28.2877,True
1790477283.8228,499.201,-0.9594,1.8782,-2.264,0.015,-0.3,28.2882,True
1790477283.8732,499.2514,-0.96,1.8774,-2.2844,0.015,0.3,28.2893,True
1790477283.9227,499.3009,-0.9603,1.877,-2.2865,0.015,0.3,28.2898,True
1790477283.9727,499.3509,-0.961,1.8763,-2.2704,0.015,0.3,28.2908,True
1790477284.0228,499.401,-0.9613,1.8759,-2.2602,0.015,0.3,28.2913,True
1790477284.0728,499.451,-0.962,1.8751,-2.2398,0.015,0.3,28.2923,True
1790477284.1228,499.501,-0.9623,1.8747,-2.2296,0.0,0.0,28.2928,True
1790477284.1732,499.5514,-0.9625,1.8744,-2.2267,0.0,0.0,28.2932,True
1790477284.2227,499.6009,-0.9625,1.8744,-2.2267,0.0,0.0,28.2932,False
1790477284.2728,499.651,-0.9625,1.8744,-2.2267,0.0,0.0,28.2932,False
1790477284.3227,499.7009,-0.9625,1.8744,-2.2267,0.0,0.0,28.2932,False
1790477284.3728,499.751,-0.9625,1.8744,-2.2267,0.0,0.0,28.2932,False
1790477284.4227,499.8009,-0.9625,1.8744,-2.2267,0.0,0.0,28.2932,False
1790477284.4729,499.8511,-0.9625,1.8744,-2.2267,0.0,0.0,28.2932,False
1790477284.5227,499.9009,-0.9625,1.8744,-2.2267,0.0,0.0,28.2932,False
1790477284.5728,499.951,-0.9625,1.8744,-2.2267,0.0,0.0,28.2932,False
