timestamp_sec,elapsed_sec,odom_x,odom_y,odom_yaw,linear_x,angular_z,cumulative_distance_m,moving
1790468768.049,0.0,0.0,0.0,0.0,0.1,0.0,0.0,True
1790468768.099,0.05,0.0036,0.0,0.0,0.1,0.0,0.0036,True
1790468768.149,0.1,0.0071,0.0,0.0,0.1,0.0,0.0071,True
1790468768.199,0.15,0.0107,0.0,0.0,0.1,0.0,0.0107,True
1790468768.249,0.2,0.0143,0.0,0.0,0.1,0.0,0.0143,True
1790468768.299,0.25,0.0179,0.0,0.0,0.1,0.0,0.0179,True
1790468768.349,0.3,0.0214,0.0,0.0,0.1,0.0,0.0214,True
1790468768.399,0.35,0.025,0.0,0.0,0.1,0.0,0.025,True
1790468768.449,0.4,0.0286,0.0,0.0,0.1,0.0,0.0286,True
1790468768.499,0.45,0.0321,0.0,0.0,0.1,0.0,0.0321,True
1790468768.549,0.5,0.0357,0.0,0.0,0.1,0.0,0.0357,True
1790468768.599,0.55,0.0393,0.0,0.0,0.1,0.0,0.0393,True
1790468768.649,0.6,0.0429,0.0,0.0,0.1,0.0,0.0429,True
1790468768.699,0.65,0.0464,0.0,0.0,0.1,0.0,0.0464,True
1790468768.749,0.7,0.05,0.0,0.0,0.1,0.0,0.05,True
1790468768.799,0.75,0.0535,0.0006,0.1824,0.1,0.0,0.0536,True
1790468768.849,0.8,0.0569,0.0013,0.1824,0.1,0.0,0.0572,True
1790468768.899,0.85,0.0604,0.0019,0.1824,0.1,0.0,0.0608,True
1790468768.949,0.9,0.0638,0.0026,0.1824,0.1,0.0,0.0644,True
1790468768.999,0.95,0.0673,0.0032,0.1824,0.1,0.0,0.068,True
1790468769.049,1.0,0.0707,0.0038,0.1824,0.1,0.0,0.0715,True
1790468769.099,1.05,0.0742,0.0045,0.1824,0.1,0.0,0.0751,True
1790468769.149,1.1,0.0777,0.0051,0.1824,0.1,0.0,0.0787,True
1790468769.199,1.15,0.0811,0.0057,0.1824,0.1,0.0,0.0823,True
1790468769.249,1.2,0.0846,0.0064,0.1824,0.1,0.0,0.0859,True
1790468769.299,1.25,0.088,0.007,0.1824,0.1,0.0,0.0895,True
1790468769.349,1.3,0.0915,0.0077,0.1824,0.1,0.0,0.0931,True
1790468769.399,1.35,0.0949,0.0083,0.1824,0.1,0.0,0.0967,True
1790468769.449,1.4,0.0984,0.0089,0.1824,0.1,0.0,0.1003,True
1790468769.499,1.45,0.1018,0.0096,0.1824,0.1,-0.0,0.1039,True
1790468769.549,1.5,0.1053,0.0102,0.1824,0.1,0.0,0.1074,True
1790468769.599,1.55,0.1088,0.0108,0.1824,0.1,0.0,0.111,True
1790468769.649,1.6,0.1122,0.0115,0.1824,0.1,0.0,0.1146,True
1790468769.699,1.65,0.1157,0.0121,0.1824,0.1,0.0,0.1182,True
1790468769.749,1.7,0.1191,0.0128,0.1824,0.1,0.0,0.1218,True
1790468769.799,1.75,0.1226,0.0134,0.1824,0.1,0.0,0.1254,True
1790468769.849,1.8,0.126,0.014,0.1824,0.1,-0.0,0.129,True
1790468769.899,1.85,0.1295,0.0147,0.1824,0.1,0.0,0.1326,True
1790468769.949,1.9,0.133,0.0153,0.1824,0.1,0.0,0.1362,True
1790468769.999,1.95,0.1364,0.0159,0.1824,0.1,0.0,0.1398,True
1790468770.049,2.0,0.1399,0.0166,0.1824,0.1,0.0,0.1434,True
1790468770.099,2.05,0.1433,0.0172,0.1824,0.1,0.0,0.1469,True
1790468770.149,2.1,0.1468,0.0179,0.1824,0.1,-0.0,0.1505,True
1790468770.199,2.15,0.1502,0.0185,0.1824,0.1,0.0,0.1541,True
1790468770.249,2.2,0.1537,0.0191,0.1824,0.1,0.0,0.1577,True
1790468770.299,2.25,0.1571,0.0198,0.1824,0.1,0.0,0.1613,True
1790468770.349,2.3,0.1606,0.0204,0.1824,0.1,0.0,0.1649,True
1790468770.399,2.35,0.1641,0.021,0.1824,0.1,0.0,0.1685,True
1790468770.449,2.4,0.1675,0.0217,0.1824,0.1,0.0,0.1721,True
1790468770.499,2.45,0.171,0.0223,0.1824,0.1,0.0,0.1757,True
1790468770.549,2.5,0.1744,0.023,0.1824,0.1,0.0,0.1793,True
1790468770.599,2.55,0.1779,0.0236,0.1824,0.1,0.0,0.1829,True
1790468770.649,2.6,0.1813,0.0242,0.1824,0.1,0.0,0.1864,True
1790468770.699,2.65,0.1848,0.0249,0.1824,0.1,0.0,0.19,True
1790468770.749,2.7,0.1883,0.0255,0.1824,0.1,0.0,0.1936,True
1790468770.799,2.75,0.1917,0.0261,0.1824,0.1,0.0,0.1972,True
1790468770.849,2.8,0.1952,0.0268,0.1824,0.1,0.0,0.2008,True
1790468770.899,2.85,0.1986,0.0274,0.1824,0.1,0.0,0.2044,True
1790468770.949,2.9,0.2021,0.0281,0.1824,0.1,0.0,0.208,True
1790468770.999,2.95,0.2055,0.0287,0.1824,0.1,0.0,0.2116,True
1790468771.049,3.0,0.209,0.0293,0.1824,0.1,0.0,0.2152,True
1790468771.099,3.05,0.2124,0.03,0.1824,0.1,0.0,0.2188,True
1790468771.149,3.1,0.2159,0.0306,0.1824,0.1,0.0,0.2223,True
1790468771.199,3.15,0.2194,0.0312,0.1824,0.1,0.0,0.2259,True
1790468771.249,3.2,0.2228,0.0319,0.1824,0.1,0.0,0.2295,True
1790468771.299,3.25,0.2263,0.0325,0.1824,0.1,0.0,0.2331,True
1790468771.349,3.3,0.2297,0.0332,0.1824,0.1,0.0,0.2367,True
1790468771.399,3.35,0.2332,0.0338,0.1824,0.1,0.0,0.2403,True
1790468771.449,3.4,0.2366,0.0344,0.1824,0.1,0.0,0.2439,True
1790468771.499,3.45,0.2401,0.0351,0.1824,0.1,0.0,0.2475,True
1790468771.549,3.5,0.2436,0.0357,0.1824,0.1,0.0,0.2511,True
1790468771.599,3.55,0.247,0.0363,0.1824,0.1,0.0,0.2547,True
1790468771.649,3.6,0.2505,0.037,0.1824,0.1,0.0,0.2583,True
1790468771.699,3.65,0.2539,0.0376,0.1824,0.1,0.0,0.2618,True
1790468771.749,3.7,0.2574,0.0383,0.1824,0.1,0.0,0.2654,True
1790468771.799,3.75,0.2608,0.0389,0.1824,0.1,0.0,0.269,True
1790468771.849,3.8,0.2643,0.0395,0.1824,0.1,0.0,0.2726,True
1790468771.899,3.85,0.2678,0.0402,0.1824,0.1,0.0,0.2762,True
1790468771.949,3.9,0.2712,0.0408,0.1824,0.1,0.0,0.2798,True
1790468771.999,3.95,0.2747,0.0414,0.1824,0.1,0.0,0.2834,True
1790468772.049,4.0,0.2781,0.0421,0.1824,0.1,0.0,0.287,True
1790468772.099,4.05,0.2816,0.0427,0.1824,0.1,0.0,0.2906,True
1790468772.149,4.1,0.285,0.0434,0.1824,0.1,-0.0,0.2942,True
1790468772.199,4.15,0.2885,0.044,0.1824,0.1,0.0,0.2978,True
1790468772.249,4.2,0.2919,0.0446,0.1824,0.1,0.0,0.3013,True
1790468772.299,4.25,0.2954,0.0453,0.1824,0.1,0.0,0.3049,True
1790468772.349,4.3,0.2989,0.0459,0.1824,0.1,0.0,0.3085,True
1790468772.399,4.35,0.3023,0.0465,0.1824,0.1,0.0,0.3121,True
1790468772.449,4.4,0.3058,0.0472,0.1824,0.1,0.0,0.3157,True
1790468772.499,4.45,0.3092,0.0478,0.1824,0.1,0.0,0.3193,True
1790468772.549,4.5,0.3127,0.0485,0.1824,0.1,0.0,0.3229,True
1790468772.599,4.55,0.3161,0.0491,0.1824,0.1,0.0,0.3265,True
1790468772.649,4.6,0.3196,0.0497,0.1824,0.1,0.0,0.3301,True
1790468772.699,4.65,0.3231,0.0504,0.1824,0.1,0.0,0.3337,True
1790468772.749,4.7,0.3265,0.051,0.1824,0.1,0.0,0.3372,True
1790468772.799,4.75,0.33,0.0516,0.1824,0.1,-0.0,0.3408,True
1790468772.849,4.8,0.3334,0.0523,0.1824,0.1,0.0,0.3444,True
1790468772.899,4.85,0.3369,0.0529,0.1824,0.1,0.0,0.348,True
1790468772.949,4.9,0.3403,0.0536,0.1824,0.1,0.0,0.3516,True
1790468772.999,4.95,0.3438,0.0542,0.1824,0.1,0.0,0.3552,True
1790468773.049,5.0,0.3472,0.0548,0.1824,0.1,0.0,0.3588,True
1790468773.099,5.05,0.3507,0.0555,0.1824,0.1,0.0,0.3624,True
1790468773.149,5.1,0.3542,0.0561,0.1824,0.1,0.0,0.366,True
1790468773.199,5.15,0.3576,0.0567,0.1824,0.1,0.0,0.3696,True
1790468773.249,5.2,0.3611,0.0574,0.1824,0.1,0.0,0.3732,True
1790468773.299,5.25,0.3645,0.058,0.1824,0.1,0.0,0.3767,True
1790468773.349,5.3,0.368,0.0587,0.1824,0.1,0.0,0.3803,True
1790468773.399,5.35,0.3714,0.0593,0.1824,0.1,0.0,0.3839,True
1790468773.449,5.4,0.3749,0.0599,0.1824,0.1,0.0,0.3875,True
1790468773.499,5.45,0.3784,0.0606,0.1824,0.1,0.0,0.3911,True
1790468773.549,5.5,0.3818,0.0612,0.1824,0.1,0.0,0.3947,True
1790468773.599,5.55,0.3853,0.0618,0.1824,0.1,0.0,0.3983,True
1790468773.649,5.6,0.3887,0.0625,0.1824,0.1,0.0,0.4019,True
1790468773.699,5.65,0.3922,0.0631,0.1824,0.1,0.0,0.4055,True
1790468773.749,5.7,0.3956,0.0638,0.1824,0.1,0.0,0.4091,True
1790468773.799,5.75,0.3991,0.0644,0.1824,0.1,0.0,0.4127,True
1790468773.849,5.8,0.4026,0.065,0.1824,0.1,0.0,0.4162,True
1790468773.899,5.85,0.406,0.0657,0.1824,0.1,0.0,0.4198,True
1790468773.949,5.9,0.4095,0.0663,0.1824,0.1,0.0,0.4234,True
1790468773.999,5.95,0.4129,0.0669,0.1824,0.1,0.0,0.427,True
1790468774.049,6.0,0.4164,0.0676,0.1824,0.1,0.0,0.4306,True
1790468774.099,6.05,0.4198,0.0682,0.1824,0.1,0.0,0.4342,True
1790468774.149,6.1,0.4233,0.0689,0.1824,0.1,0.0,0.4378,True
1790468774.199,6.15,0.4267,0.0695,0.1824,0.1,0.0,0.4414,True
1790468774.249,6.2,0.4302,0.0701,0.1824,0.1,0.0,0.445,True
1790468774.299,6.25,0.4337,0.0708,0.1824,0.1,0.0,0.4486,True
1790468774.349,6.3,0.4371,0.0714,0.1824,0.1,0.0,0.4521,True
1790468774.399,6.35,0.4406,0.072,0.1824,0.1,0.0,0.4557,True
1790468774.449,6.4,0.444,0.0727,0.1824,0.1,0.0,0.4593,True
1790468774.499,6.45,0.4475,0.0733,0.1824,0.1,0.0,0.4629,True
1790468774.549,6.5,0.4509,0.074,0.1824,0.1,0.0,0.4665,True
1790468774.599,6.55,0.4544,0.0746,0.1824,0.1,0.0,0.4701,True
1790468774.649,6.6,0.4579,0.0752,0.1824,0.1,0.0,0.4737,True
1790468774.699,6.65,0.4613,0.0759,0.1824,0.1,0.0,0.4773,True
1790468774.749,6.7,0.4648,0.0765,0.1824,0.1,0.0,0.4809,True
1790468774.799,6.75,0.4682,0.0771,0.1824,0.1,0.0,0.4845,True
1790468774.849,6.8,0.4717,0.0778,0.1824,0.1,0.0,0.4881,True
1790468774.899,6.85,0.4751,0.0784,0.1824,0.1,0.0,0.4916,True
1790468774.949,6.9,0.4786,0.0791,0.1824,0.1,0.0,0.4952,True
1790468774.999,6.95,0.482,0.0797,0.1824,0.1,0.0,0.4988,True
1790468775.049,7.0,0.4855,0.0803,0.1824,0.1,0.0,0.5024,True
1790468775.099,7.05,0.489,0.081,0.1824,0.1,0.0,0.506,True
1790468775.149,7.1,0.4924,0.0816,0.1824,0.1,0.0,0.5096,True
1790468775.199,7.15,0.4959,0.0822,0.1824,0.1,0.0,0.5132,True
1790468775.249,7.2,0.4993,0.0829,0.1824,0.1,0.0,0.5168,True
1790468775.299,7.25,0.5028,0.0835,0.1824,0.1,0.0,0.5204,True
1790468775.349,7.3,0.5062,0.0842,0.1824,0.1,0.0,0.524,True
1790468775.399,7.35,0.5097,0.0848,0.1824,0.1,0.0,0.5276,True
1790468775.449,7.4,0.5132,0.0854,0.1824,0.1,0.0,0.5311,True
1790468775.499,7.45,0.5166,0.0861,0.1824,0.1,0.0,0.5347,True
1790468775.549,7.5,0.5201,0.0867,0.1824,0.1,0.0,0.5383,True
1790468775.599,7.55,0.5235,0.0873,0.1824,0.1,0.0,0.5419,True
1790468775.649,7.6,0.527,0.088,0.1824,0.1,0.0,0.5455,True
1790468775.699,7.65,0.5304,0.0886,0.1824,0.1,0.0,0.5491,True
1790468775.749,7.7,0.5339,0.0893,0.1824,0.1,0.0,0.5527,True
1790468775.799,7.75,0.5373,0.0899,0.1824,0.1,0.0,0.5563,True
1790468775.849,7.8,0.5408,0.0905,0.1824,0.1,0.0,0.5599,True
1790468775.899,7.85,0.5443,0.0912,0.1824,0.1,0.0,0.5635,True
1790468775.949,7.9,0.5477,0.0918,0.1824,0.1,0.0,0.567,True
1790468775.999,7.95,0.5512,0.0924,0.1824,0.1,0.0,0.5706,True
1790468776.049,8.0,0.5546,0.0931,0.1824,0.1,0.0,0.5742,True
1790468776.099,8.05,0.5581,0.0937,0.1824,0.1,0.0,0.5778,True
1790468776.149,8.1,0.5615,0.0944,0.1824,0.1,0.0,0.5814,True
1790468776.199,8.15,0.565,0.095,0.1824,0.1,0.0,0.585,True
1790468776.249,8.2,0.5685,0.0956,0.1824,0.1,0.0,0.5886,True
1790468776.299,8.25,0.5719,0.0963,0.1824,0.1,0.0,0.5922,True
1790468776.349,8.3,0.5754,0.0969,0.1824,0.1,0.0,0.5958,True
1790468776.399,8.35,0.5788,0.0976,0.1824,0.1,0.0,0.5994,True
1790468776.449,8.4,0.5823,0.0982,0.1824,0.1,0.0,0.603,True
1790468776.499,8.45,0.5857,0.0988,0.1824,0.1,0.0,0.6065,True
1790468776.549,8.5,0.5892,0.0995,0.1824,0.1,0.0,0.6101,True
1790468776.599,8.55,0.5927,0.1001,0.1824,0.1,0.0,0.6137,True
1790468776.649,8.6,0.5961,0.1007,0.1824,0.1,0.0,0.6173,True
1790468776.699,8.65,0.5996,0.1014,0.1824,0.1,0.0,0.6209,True
1790468776.749,8.7,0.603,0.102,0.1824,0.1,0.0,0.6245,True
1790468776.799,8.75,0.6065,0.1027,0.1824,0.1,0.0,0.6281,True
1790468776.849,8.8,0.6099,0.1033,0.1824,0.1,0.0,0.6317,True
1790468776.899,8.85,0.6134,0.1039,0.1824,0.1,0.0,0.6353,True
1790468776.949,8.9,0.6168,0.1046,0.1824,0.1,0.0,0.6389,True
1790468776.999,8.95,0.6203,0.1052,0.1824,0.1,0.0,0.6424,True
1790468777.049,9.0,0.6238,0.1058,0.1824,0.1,0.0,0.646,True
1790468777.099,9.05,0.6272,0.1065,0.1824,0.1,0.0,0.6496,True
1790468777.149,9.1,0.6307,0.1071,0.1824,0.1,0.0,0.6532,True
1790468777.199,9.15,0.6341,0.1078,0.1824,0.1,0.0,0.6568,True
1790468777.249,9.2,0.6376,0.1084,0.1824,0.1,0.0,0.6604,True
1790468777.299,9.25,0.641,0.109,0.1824,0.1,0.0,0.664,True
1790468777.349,9.3,0.6445,0.1097,0.1824,0.1,0.0,0.6676,True
1790468777.399,9.35,0.648,0.1103,0.1824,0.1,0.0,0.6712,True
1790468777.449,9.4,0.6514,0.1109,0.1824,0.1,0.0,0.6748,True
1790468777.499,9.45,0.6549,0.1116,0.1824,0.1,0.0,0.6784,True
1790468777.549,9.5,0.6583,0.1122,0.1824,0.1,0.0,0.6819,True
1790468777.599,9.55,0.6618,0.1129,0.1824,0.1,0.0,0.6855,True
1790468777.649,9.6,0.6652,0.1135,0.1824,0.1,0.0,0.6891,True
1790468777.699,9.65,0.6687,0.1141,0.1824,0.1,0.0,0.6927,True
1790468777.749,9.7,0.6721,0.1148,0.1824,0.1,0.0,0.6963,True
1790468777.799,9.75,0.6756,0.1154,0.1824,0.1,0.0,0.6999,True
1790468777.849,9.8,0.6791,0.116,0.1824,0.1,0.0,0.7035,True
1790468777.899,9.85,0.6825,0.1167,0.1824,0.1,0.0,0.7071,True
1790468777.949,9.9,0.686,0.1173,0.1824,0.1,0.0,0.7107,True
1790468777.999,9.95,0.6894,0.118,0.1824,0.1,0.0,0.7143,True
1790468778.049,10.0,0.6929,0.1186,0.1824,0.1,0.0,0.7179,True
1790468778.099,10.05,0.6963,0.1192,0.1824,0.1,0.0,0.7214,True
1790468778.149,10.1,0.6998,0.1199,0.1824,0.1,0.0,0.725,True
1790468778.199,10.15,0.7033,0.1205,0.1824,0.1,0.0,0.7286,True
1790468778.249,10.2,0.7067,0.1211,0.1824,0.1,0.0,0.7322,True
1790468778.299,10.25,0.7102,0.1218,0.1824,0.1,0.0,0.7358,True
1790468778.349,10.3,0.7136,0.1224,0.1824,0.1,0.0,0.7394,True
1790468778.399,10.35,0.7171,0.1231,0.1824,0.1,0.0,0.743,True
1790468778.449,10.4,0.7205,0.1237,0.1824,0.1,0.0,0.7466,True
1790468778.499,10.45,0.724,0.1243,0.1824,0.1,0.0,0.7502,True
1790468778.549,10.5,0.7274,0.125,0.1824,0.1,0.0,0.7538,True
1790468778.599,10.55,0.7309,0.1256,0.1824,0.1,0.0,0.7573,True
1790468778.649,10.6,0.7344,0.1262,0.1824,0.1,0.0,0.7609,True
1790468778.699,10.65,0.7378,0.1269,0.1824,0.1,0.0,0.7645,True
1790468778.749,10.7,0.7413,0.1275,0.1824,0.1,0.0,0.7681,True
1790468778.799,10.75,0.7447,0.1282,0.1824,0.1,0.0,0.7717,True
1790468778.849,10.8,0.7482,0.1288,0.1824,0.1,0.0,0.7753,True
1790468778.899,10.85,0.7516,0.1294,0.1824,0.1,0.0,0.7789,True
1790468778.949,10.9,0.7551,0.1301,0.1824,0.1,0.0,0.7825,True
1790468778.999,10.95,0.7586,0.1307,0.1824,0.1,0.0,0.7861,True
1790468779.049,11.0,0.762,0.1313,0.1824,0.1,0.0,0.7897,True
1790468779.099,11.05,0.7655,0.132,0.1824,0.1,0.0,0.7933,True
1790468779.149,11.1,0.7689,0.1326,0.1824,0.1,0.0,0.7968,True
1790468779.199,11.15,0.7724,0.1333,0.1824,0.1,0.0,0.8004,True
1790468779.249,11.2,0.7758,0.1339,0.1824,0.1,0.0,0.804,True
1790468779.299,11.25,0.7793,0.1345,0.1824,0.1,0.0,0.8076,True
1790468779.349,11.3,0.7828,0.1352,0.1824,0.1,0.0,0.8112,True
1790468779.399,11.35,0.7862,0.1358,0.1824,0.1,0.0,0.8148,True
1790468779.449,11.4,0.7897,0.1364,0.1824,0.1,0.0,0.8184,True
1790468779.499,11.45,0.7931,0.1371,0.1824,0.1,0.0,0.822,True
1790468779.549,11.5,0.7966,0.1377,0.1824,0.1,0.0,0.8256,True
1790468779.599,11.55,0.8,0.1384,0.1824,0.1,0.0,0.8292,True
1790468779.649,11.6,0.8035,0.139,0.1824,0.1,0.0,0.8328,True
1790468779.699,11.65,0.8069,0.1396,0.1824,0.1,0.0,0.8363,True
1790468779.749,11.7,0.8104,0.1403,0.1824,0.1,0.0,0.8399,True
1790468779.799,11.75,0.8139,0.1409,0.1824,0.1,0.0,0.8435,True
1790468779.849,11.8,0.8173,0.1415,0.1824,0.1,0.0,0.8471,True
1790468779.899,11.85,0.8208,0.1422,0.1824,0.1,0.0,0.8507,True
1790468779.949,11.9,0.8242,0.1428,0.1824,0.1,0.0,0.8543,True
1790468779.999,11.95,0.8277,0.1435,0.1824,0.1,0.0,0.8579,True
1790468780.049,12.0,0.8311,0.1441,0.1824,0.1,0.0,0.8615,True
1790468780.099,12.05,0.8346,0.1447,0.1824,0.1,0.0,0.8651,True
1790468780.149,12.1,0.8381,0.1454,0.1824,0.1,0.0,0.8687,True
1790468780.199,12.15,0.8415,0.146,0.1824,0.1,0.0,0.8722,True
1790468780.249,12.2,0.845,0.1466,0.1824,0.1,0.0,0.8758,True
1790468780.299,12.25,0.8484,0.1473,0.1824,0.1,0.0,0.8794,True
1790468780.349,12.3,0.8519,0.1479,0.1824,0.1,0.0,0.883,True
1790468780.399,12.35,0.8553,0.1486,0.1824,0.1,0.0,0.8866,True
1790468780.449,12.4,0.8588,0.1492,0.1824,0.1,0.0,0.8902,True
1790468780.499,12.45,0.8622,0.1498,0.1824,0.1,0.0,0.8938,True
1790468780.549,12.5,0.8657,0.1505,0.1824,0.1,0.0,0.8974,True
1790468780.599,12.55,0.8692,0.1511,0.1824,0.1,0.0,0.901,True
1790468780.649,12.6,0.8726,0.1517,0.1824,0.1,0.0,0.9046,True
1790468780.699,12.65,0.8761,0.1524,0.1824,0.1,0.0,0.9082,True
1790468780.749,12.7,0.8795,0.153,0.1824,0.1,0.0,0.9117,True
1790468780.799,12.75,0.883,0.1537,0.1824,0.1,0.0,0.9153,True
1790468780.849,12.8,0.8864,0.1543,0.1824,0.1,0.0,0.9189,True
1790468780.899,12.85,0.8899,0.1549,0.1824,0.1,0.0,0.9225,True
1790468780.949,12.9,0.8934,0.1556,0.1824,0.1,0.0,0.9261,True
1790468780.999,12.95,0.8968,0.1562,0.1824,0.1,0.0,0.9297,True
1790468781.049,13.0,0.9003,0.1568,0.1824,0.1,0.0,0.9333,True
1790468781.099,13.05,0.9037,0.1575,0.1824,0.1,0.0,0.9369,True
1790468781.149,13.1,0.9072,0.1581,0.1824,0.1,0.0,0.9405,True
1790468781.199,13.15,0.9106,0.1588,0.1824,0.1,0.0,0.9441,True
1790468781.249,13.2,0.9141,0.1594,0.1824,0.1,0.0,0.9477,True
1790468781.299,13.25,0.9176,0.16,0.1824,0.1,0.0,0.9512,True
1790468781.349,13.3,0.921,0.1607,0.1824,0.1,0.0,0.9548,True
1790468781.399,13.35,0.9245,0.1613,0.1824,0.1,0.0,0.9584,True
1790468781.449,13.4,0.9279,0.1619,0.1824,0.1,0.0,0.962,True
1790468781.499,13.45,0.9314,0.1626,0.1824,0.1,0.0,0.9656,True
1790468781.549,13.5,0.9348,0.1632,0.1824,0.1,0.0,0.9692,True
1790468781.599,13.55,0.9383,0.1639,0.1824,0.1,0.0,0.9728,True
1790468781.649,13.6,0.9417,0.1645,0.1824,0.1,0.0,0.9764,True
1790468781.699,13.65,0.9452,0.1651,0.1824,0.1,0.0,0.98,True
1790468781.749,13.7,0.9487,0.1658,0.1824,0.1,0.0,0.9836,True
1790468781.799,13.75,0.9521,0.1664,0.1824,0.1,0.0,0.9871,True
1790468781.849,13.8,0.9556,0.167,0.1824,0.1,0.0,0.9907,True
1790468781.899,13.85,0.959,0.1677,0.1824,0.1,0.0,0.9943,True
1790468781.949,13.9,0.9625,0.1683,0.1824,0.1,0.0,0.9979,True
1790468781.999,13.95,0.9659,0.169,0.1824,0.1,0.0,1.0015,True
1790468782.049,14.0,0.9694,0.1696,0.1824,0.1,0.0,1.0051,True
1790468782.099,14.05,0.9729,0.1702,0.1824,0.1,0.0,1.0087,True
1790468782.149,14.1,0.9763,0.1709,0.1824,0.1,0.0,1.0123,True
1790468782.199,14.15,0.9798,0.1715,0.1824,0.1,0.0,1.0159,True
1790468782.249,14.2,0.9832,0.1721,0.1824,0.1,0.0,1.0195,True
1790468782.299,14.25,0.9867,0.1728,0.1824,0.1,0.0,1.0231,True
1790468782.349,14.3,0.9901,0.1734,0.1824,0.1,0.0,1.0266,True
1790468782.399,14.35,0.9936,0.1741,0.1824,0.1,0.0,1.0302,True
1790468782.449,14.4,0.997,0.1747,0.1824,0.1,0.0,1.0338,True
1790468782.499,14.45,1.0005,0.1753,0.1824,0.1,0.0,1.0374,True
1790468782.549,14.5,1.004,0.176,0.1824,0.1,0.0,1.041,True
1790468782.599,14.55,1.0074,0.1766,0.1824,0.1,0.0,1.0446,True
1790468782.649,14.6,1.0109,0.1772,0.1824,0.1,0.0,1.0482,True
1790468782.699,14.65,1.0143,0.1779,0.1824,0.1,0.0,1.0518,True
1790468782.749,14.7,1.0178,0.1785,0.1824,0.1,0.0,1.0554,True
1790468782.799,14.75,1.0212,0.1792,0.1824,0.1,0.0,1.059,True
1790468782.849,14.8,1.0247,0.1798,0.1824,0.1,0.0,1.0626,True
1790468782.899,14.85,1.0282,0.1804,0.1824,0.1,0.0,1.0661,True
1790468782.949,14.9,1.0316,0.1811,0.1824,0.1,0.0,1.0697,True
1790468782.999,14.95,1.0351,0.1817,0.1824,0.1,0.0,1.0733,True
1790468783.049,15.0,1.0385,0.1823,0.1824,0.1,0.0,1.0769,True
1790468783.099,15.05,1.042,0.183,0.1824,0.1,0.0,1.0805,True
1790468783.149,15.1,1.0454,0.1836,0.1824,0.1,0.0,1.0841,True
1790468783.199,15.15,1.0489,0.1843,0.1824,0.1,0.0,1.0877,True
1790468783.249,15.2,1.0523,0.1849,0.1824,0.1,0.0,1.0913,True
1790468783.299,15.25,1.0558,0.1855,0.1824,0.1,0.0,1.0949,True
1790468783.349,15.3,1.0593,0.1862,0.1824,0.1,0.0,1.0985,True
1790468783.399,15.35,1.0627,0.1868,0.1824,0.1,0.0,1.102,True
1790468783.449,15.4,1.0662,0.1874,0.1824,0.086,-0.22,1.1056,True
1790468783.499,15.45,1.0696,0.1881,0.1824,0.1,0.0,1.1092,True
1790468783.549,15.5,1.0731,0.1887,0.1824,0.1,0.0,1.1128,True
1790468783.599,15.55,1.0765,0.1894,0.1824,0.1,0.0,1.1164,True
1790468783.649,15.6,1.08,0.19,0.1824,0.1,0.0,1.12,True
1790468783.699,15.65,1.0848,0.1905,0.1107,0.1,0.0,1.1249,True
1790468783.749,15.7,1.0896,0.1911,0.1107,0.1,0.0,1.1297,True
1790468783.799,15.75,1.0944,0.1916,0.1107,0.1,0.0,1.1346,True
1790468783.849,15.8,1.0992,0.1921,0.1107,0.1,0.0,1.1395,True
1790468783.899,15.85,1.104,0.1927,0.1107,0.1,0.0,1.1443,True
1790468783.949,15.9,1.1088,0.1932,0.1107,0.1,0.0,1.1492,True
1790468783.999,15.95,1.1136,0.1937,0.1107,0.1,0.0,1.1541,True
1790468784.049,16.0,1.1184,0.1943,0.1107,0.1,0.0,1.1589,True
1790468784.099,16.05,1.1232,0.1948,0.1107,0.092,-0.12,1.1638,True
1790468784.149,16.1,1.128,0.1953,0.1107,0.1,0.0,1.1687,True
1790468784.199,16.15,1.1328,0.1959,0.1107,0.1,0.0,1.1735,True
1790468784.249,16.2,1.1376,0.1964,0.1107,0.1,0.0,1.1784,True
1790468784.299,16.25,1.1424,0.1969,0.1107,0.1,0.0,1.1833,True
1790468784.349,16.3,1.1472,0.1975,0.1107,0.1,0.0,1.1881,True
1790468784.399,16.35,1.152,0.198,0.1107,0.1,0.0,1.193,True
1790468784.449,16.4,1.1568,0.1985,0.1107,0.1,0.0,1.1979,True
1790468784.499,16.45,1.1616,0.1991,0.1107,0.1,0.0,1.2027,True
1790468784.549,16.5,1.1664,0.1996,0.1107,0.1,0.0,1.2076,True
1790468784.599,16.55,1.1712,0.2001,0.1107,0.1,0.0,1.2125,True
1790468784.649,16.6,1.176,0.2007,0.1107,0.1,0.0,1.2173,True
1790468784.699,16.65,1.1808,0.2012,0.1107,0.1,0.0,1.2222,True
1790468784.749,16.7,1.1856,0.2017,0.1107,0.096,-0.06,1.2271,True
1790468784.799,16.75,1.1904,0.2023,0.1107,0.1,0.0,1.2319,True
1790468784.849,16.8,1.1952,0.2028,0.1107,0.1,0.0,1.2368,True
1790468784.899,16.85,1.2,0.2033,0.1107,0.1,0.0,1.2417,True
1790468784.949,16.9,1.2048,0.2039,0.1107,0.1,0.0,1.2465,True
1790468784.999,16.95,1.2096,0.2044,0.1107,0.1,0.0,1.2514,True
1790468785.049,17.0,1.2144,0.2049,0.1107,0.1,0.0,1.2563,True
1790468785.099,17.05,1.2192,0.2055,0.1107,0.097,-0.04,1.2611,True
1790468785.149,17.1,1.224,0.206,0.1107,0.1,0.0,1.266,True
1790468785.199,17.15,1.2288,0.2065,0.1107,0.1,0.0,1.2709,True
1790468785.249,17.2,1.2336,0.2071,0.1107,0.1,0.0,1.2757,True
1790468785.299,17.25,1.2384,0.2076,0.1107,0.1,0.0,1.2806,True
1790468785.349,17.3,1.2432,0.2081,0.1107,0.1,0.0,1.2855,True
1790468785.399,17.35,1.248,0.2087,0.1107,0.1,0.0,1.2903,True
1790468785.449,17.4,1.2528,0.2092,0.1107,0.1,0.0,1.2952,True
1790468785.499,17.45,1.2576,0.2097,0.1107,0.1,0.0,1.3001,True
1790468785.549,17.5,1.2624,0.2103,0.1107,0.1,0.0,1.3049,True
1790468785.599,17.55,1.2672,0.2108,0.1107,0.1,0.0,1.3098,True
1790468785.649,17.6,1.272,0.2113,0.1107,0.1,0.0,1.3147,True
1790468785.699,17.65,1.2768,0.2119,0.1107,0.1,0.0,1.3195,True
1790468785.749,17.7,1.2816,0.2124,0.1107,0.098,-0.03,1.3244,True
1790468785.799,17.75,1.2864,0.2129,0.1107,0.1,0.0,1.3293,True
1790468785.849,17.8,1.2912,0.2135,0.1107,0.1,0.0,1.3341,True
1790468785.899,17.85,1.296,0.214,0.1107,0.1,0.0,1.339,True
1790468785.949,17.9,1.3008,0.2145,0.1107,0.1,0.0,1.3439,True
1790468785.999,17.95,1.3056,0.2151,0.1107,0.1,0.0,1.3487,True
1790468786.049,18.0,1.3104,0.2156,0.1107,0.099,-0.01,1.3536,True
1790468786.099,18.05,1.3152,0.2161,0.1107,0.1,0.0,1.3585,True
1790468786.149,18.1,1.32,0.2167,0.1107,0.1,0.0,1.3633,True
1790468786.199,18.15,1.3248,0.2172,0.1107,0.1,0.0,1.3682,True
1790468786.249,18.2,1.3296,0.2177,0.1107,0.1,0.0,1.3731,True
1790468786.299,18.25,1.3344,0.2183,0.1107,0.1,0.0,1.3779,True
1790468786.349,18.3,1.3392,0.2188,0.1107,0.1,0.0,1.3828,True
1790468786.399,18.35,1.344,0.2193,0.1107,0.1,-0.0,1.3877,True
1790468786.449,18.4,1.3488,0.2199,0.1107,0.1,0.0,1.3925,True
1790468786.499,18.45,1.3536,0.2204,0.1107,0.1,0.0,1.3974,True
1790468786.549,18.5,1.3584,0.2209,0.1107,0.1,0.0,1.4023,True
1790468786.599,18.55,1.3632,0.2215,0.1107,0.1,0.0,1.4071,True
1790468786.649,18.6,1.368,0.222,0.1107,0.1,0.0,1.412,True
1790468786.699,18.65,1.3728,0.2225,0.1107,0.1,0.0,1.4169,True
1790468786.749,18.7,1.3776,0.2231,0.1107,0.1,0.0,1.4217,True
1790468786.799,18.75,1.3824,0.2236,0.1107,0.1,0.0,1.4266,True
1790468786.849,18.8,1.3872,0.2241,0.1107,0.1,0.0,1.4315,True
1790468786.899,18.85,1.392,0.2247,0.1107,0.1,0.0,1.4363,True
1790468786.949,18.9,1.3968,0.2252,0.1107,0.1,0.0,1.4412,True
1790468786.999,18.95,1.4016,0.2257,0.1107,0.1,0.0,1.4461,True
1790468787.049,19.0,1.4064,0.2263,0.1107,0.1,0.0,1.4509,True
1790468787.099,19.05,1.4112,0.2268,0.1107,0.1,0.0,1.4558,True
1790468787.149,19.1,1.416,0.2273,0.1107,0.1,0.0,1.4607,True
1790468787.199,19.15,1.4208,0.2279,0.1107,0.1,0.0,1.4655,True
1790468787.249,19.2,1.4256,0.2284,0.1107,0.1,0.0,1.4704,True
1790468787.299,19.25,1.4304,0.2289,0.1107,0.1,0.0,1.4753,True
1790468787.349,19.3,1.4352,0.2295,0.1107,0.1,0.0,1.4801,True
1790468787.399,19.35,1.44,0.23,0.1107,0.1,0.0,1.485,True
1790468787.449,19.4,1.4448,0.2305,0.1107,0.099,-0.01,1.4899,True
1790468787.499,19.45,1.4496,0.2311,0.1107,0.1,0.0,1.4947,True
1790468787.549,19.5,1.4544,0.2316,0.1107,0.1,0.0,1.4996,True
1790468787.599,19.55,1.4592,0.2321,0.1107,0.1,0.0,1.5045,True
1790468787.649,19.6,1.464,0.2327,0.1107,0.1,0.0,1.5093,True
1790468787.699,19.65,1.4688,0.2332,0.1107,0.1,0.0,1.5142,True
1790468787.749,19.7,1.4736,0.2337,0.1107,0.099,-0.01,1.5191,True
1790468787.799,19.75,1.4784,0.2343,0.1107,0.1,0.0,1.5239,True
1790468787.849,19.8,1.4832,0.2348,0.1107,0.1,0.0,1.5288,True
1790468787.899,19.85,1.488,0.2353,0.1107,0.1,0.0,1.5337,True
1790468787.949,19.9,1.4928,0.2359,0.1107,0.1,0.0,1.5385,True
1790468787.999,19.95,1.4976,0.2364,0.1107,0.1,0.0,1.5434,True
1790468788.049,20.0,1.5024,0.2369,0.1107,0.1,0.0,1.5483,True
1790468788.099,20.05,1.5072,0.2375,0.1107,0.099,-0.01,1.5531,True
1790468788.149,20.1,1.512,0.238,0.1107,0.1,0.0,1.558,True
1790468788.199,20.15,1.5168,0.2385,0.1107,0.1,0.0,1.5629,True
1790468788.249,20.2,1.5216,0.2391,0.1107,0.1,0.0,1.5677,True
1790468788.299,20.25,1.5264,0.2396,0.1107,0.1,0.0,1.5726,True
1790468788.349,20.3,1.5312,0.2401,0.1107,0.1,0.0,1.5775,True
1790468788.399,20.35,1.536,0.2407,0.1107,0.099,-0.01,1.5823,True
1790468788.449,20.4,1.5408,0.2412,0.1107,0.1,0.0,1.5872,True
1790468788.499,20.45,1.5456,0.2417,0.1107,0.1,0.0,1.5921,True
1790468788.549,20.5,1.5504,0.2423,0.1107,0.1,0.0,1.5969,True
1790468788.599,20.55,1.5552,0.2428,0.1107,0.1,0.0,1.6018,True
1790468788.649,20.6,1.56,0.2433,0.1107,0.1,0.0,1.6067,True
1790468788.699,20.65,1.5648,0.2439,0.1107,0.099,-0.01,1.6115,True
1790468788.749,20.7,1.5696,0.2444,0.1107,0.1,0.0,1.6164,True
1790468788.799,20.75,1.5744,0.2449,0.1107,0.1,0.0,1.6213,True
1790468788.849,20.8,1.5792,0.2455,0.1107,0.1,0.0,1.6261,True
1790468788.899,20.85,1.584,0.246,0.1107,0.1,0.0,1.631,True
1790468788.949,20.9,1.5888,0.2465,0.1107,0.1,0.0,1.6359,True
1790468788.999,20.95,1.5936,0.2471,0.1107,0.099,-0.02,1.6407,True
1790468789.049,21.0,1.5984,0.2476,0.1107,0.1,0.0,1.6456,True
1790468789.099,21.05,1.6032,0.2481,0.1107,0.1,0.0,1.6505,True
1790468789.149,21.1,1.608,0.2487,0.1107,0.1,0.0,1.6553,True
1790468789.199,21.15,1.6128,0.2492,0.1107,0.1,0.0,1.6602,True
1790468789.249,21.2,1.6176,0.2497,0.1107,0.1,0.0,1.6651,True
1790468789.299,21.25,1.6224,0.2503,0.1107,0.099,-0.02,1.6699,True
1790468789.349,21.3,1.6272,0.2508,0.1107,0.1,0.0,1.6748,True
1790468789.399,21.35,1.632,0.2513,0.1107,0.1,0.0,1.6797,True
1790468789.449,21.4,1.6368,0.2519,0.1107,0.1,0.0,1.6845,True
1790468789.499,21.45,1.6416,0.2524,0.1107,0.1,0.0,1.6894,True
1790468789.549,21.5,1.6464,0.2529,0.1107,0.1,0.0,1.6943,True
1790468789.599,21.55,1.6512,0.2535,0.1107,0.099,-0.02,1.6991,True
1790468789.649,21.6,1.656,0.254,0.1107,0.1,0.0,1.704,True
1790468789.699,21.65,1.6608,0.2545,0.1107,0.1,0.0,1.7089,True
1790468789.749,21.7,1.6656,0.2551,0.1107,0.1,0.0,1.7137,True
1790468789.799,21.75,1.6704,0.2556,0.1107,0.1,0.0,1.7186,True
1790468789.849,21.8,1.6752,0.2561,0.1107,0.1,0.0,1.7235,True
1790468789.899,21.85,1.68,0.2567,0.1107,0.1,0.0,1.7283,True
1790468789.949,21.9,1.6848,0.2572,0.1107,0.099,-0.02,1.7332,True
1790468789.999,21.95,1.6896,0.2577,0.1107,0.1,0.0,1.7381,True
1790468790.049,22.0,1.6944,0.2583,0.1107,0.1,0.0,1.7429,True
1790468790.099,22.05,1.6992,0.2588,0.1107,0.1,0.0,1.7478,True
1790468790.149,22.1,1.704,0.2593,0.1107,0.1,0.0,1.7527,True
1790468790.199,22.15,1.7088,0.2599,0.1107,0.1,0.0,1.7575,True
1790468790.249,22.2,1.7136,0.2604,0.1107,0.099,-0.02,1.7624,True
1790468790.299,22.25,1.7184,0.2609,0.1107,0.1,0.0,1.7673,True
1790468790.349,22.3,1.7232,0.2615,0.1107,0.1,0.0,1.7721,True
1790468790.399,22.35,1.728,0.262,0.1107,0.1,0.0,1.777,True
1790468790.449,22.4,1.7328,0.2625,0.1107,0.1,0.0,1.7819,True
1790468790.499,22.45,1.7376,0.2631,0.1107,0.1,0.0,1.7867,True
1790468790.549,22.5,1.7424,0.2636,0.1107,0.1,0.0,1.7916,True
1790468790.599,22.55,1.7472,0.2641,0.1107,0.1,0.0,1.7965,True
1790468790.649,22.6,1.752,0.2647,0.1107,0.1,0.0,1.8013,True
1790468790.699,22.65,1.7568,0.2652,0.1107,0.1,0.0,1.8062,True
1790468790.749,22.7,1.7616,0.2657,0.1107,0.1,0.0,1.8111,True
1790468790.799,22.75,1.7664,0.2663,0.1107,0.1,0.0,1.8159,True
1790468790.849,22.8,1.7712,0.2668,0.1107,0.1,0.0,1.8208,True
1790468790.899,22.85,1.776,0.2673,0.1107,0.1,0.0,1.8257,True
1790468790.949,22.9,1.7808,0.2679,0.1107,0.1,0.0,1.8305,True
1790468790.999,22.95,1.7856,0.2684,0.1107,0.1,0.0,1.8354,True
1790468791.049,23.0,1.7904,0.2689,0.1107,0.1,0.0,1.8403,True
1790468791.099,23.05,1.7952,0.2695,0.1107,0.1,0.0,1.8451,True
1790468791.149,23.1,1.8,0.27,0.1107,0.1,0.0,1.85,True
1790468791.199,23.15,1.8048,0.2705,0.1107,0.1,0.0,1.8549,True
1790468791.249,23.2,1.8096,0.2711,0.1107,0.1,0.0,1.8597,True
1790468791.299,23.25,1.8144,0.2716,0.1107,0.1,0.0,1.8646,True
1790468791.349,23.3,1.8192,0.2721,0.1107,0.1,0.0,1.8695,True
1790468791.399,23.35,1.824,0.2727,0.1107,0.1,0.0,1.8743,True
1790468791.449,23.4,1.8288,0.2732,0.1107,0.1,0.0,1.8792,True
1790468791.499,23.45,1.8336,0.2737,0.1107,0.1,0.0,1.8841,True
1790468791.549,23.5,1.8384,0.2743,0.1107,0.1,0.0,1.8889,True
1790468791.599,23.55,1.8432,0.2748,0.1107,0.1,0.0,1.8938,True
1790468791.649,23.6,1.848,0.2753,0.1107,0.1,0.0,1.8987,True
1790468791.699,23.65,1.8528,0.2759,0.1107,0.1,0.0,1.9035,True
1790468791.749,23.7,1.8576,0.2764,0.1107,0.1,0.0,1.9084,True
1790468791.799,23.75,1.8624,0.2769,0.1107,0.1,0.0,1.9133,True
1790468791.849,23.8,1.8672,0.2775,0.1107,0.1,0.0,1.9181,True
1790468791.899,23.85,1.872,0.278,0.1107,0.1,0.0,1.923,True
1790468791.949,23.9,1.8768,0.2785,0.1107,0.1,0.0,1.9279,True
1790468791.999,23.95,1.8816,0.2791,0.1107,0.1,0.0,1.9327,True
1790468792.049,24.0,1.8864,0.2796,0.1107,0.1,0.0,1.9376,True
1790468792.099,24.05,1.8912,0.2801,0.1107,0.1,0.0,1.9425,True
1790468792.149,24.1,1.896,0.2807,0.1107,0.1,0.0,1.9473,True
1790468792.199,24.15,1.9008,0.2812,0.1107,0.1,0.0,1.9522,True
1790468792.249,24.2,1.9056,0.2817,0.1107,0.1,0.0,1.9571,True
1790468792.299,24.25,1.9104,0.2823,0.1107,0.1,0.0,1.9619,True
1790468792.349,24.3,1.9152,0.2828,0.1107,0.1,0.0,1.9668,True
1790468792.399,24.35,1.92,0.2833,0.1107,0.1,0.0,1.9717,True
1790468792.449,24.4,1.9248,0.2839,0.1107,0.1,0.0,1.9765,True
1790468792.499,24.45,1.9296,0.2844,0.1107,0.099,-0.02,1.9814,True
1790468792.549,24.5,1.9344,0.2849,0.1107,0.1,0.0,1.9863,True
1790468792.599,24.55,1.9392,0.2855,0.1107,0.1,0.0,1.9911,True
1790468792.649,24.6,1.944,0.286,0.1107,0.1,0.0,1.996,True
1790468792.699,24.65,1.9488,0.2865,0.1107,0.1,0.0,2.0009,True
1790468792.749,24.7,1.9536,0.2871,0.1107,0.1,0.0,2.0057,True
1790468792.799,24.75,1.9584,0.2876,0.1107,0.1,0.0,2.0106,True
1790468792.849,24.8,1.9632,0.2881,0.1107,0.099,-0.02,2.0155,True
1790468792.899,24.85,1.968,0.2887,0.1107,0.1,0.0,2.0203,True
1790468792.949,24.9,1.9728,0.2892,0.1107,0.1,0.0,2.0252,True
1790468792.999,24.95,1.9776,0.2897,0.1107,0.1,0.0,2.0301,True
1790468793.049,25.0,1.9824,0.2903,0.1107,0.1,0.0,2.0349,True
1790468793.099,25.05,1.9872,0.2908,0.1107,0.1,0.0,2.0398,True
1790468793.149,25.1,1.992,0.2913,0.1107,0.1,0.0,2.0447,True
1790468793.199,25.15,1.9968,0.2919,0.1107,0.1,0.0,2.0495,True
1790468793.249,25.2,2.0016,0.2924,0.1107,0.1,0.0,2.0544,True
1790468793.299,25.25,2.0064,0.2929,0.1107,0.1,0.0,2.0593,True
1790468793.349,25.3,2.0112,0.2935,0.1107,0.1,0.0,2.0641,True
1790468793.399,25.35,2.016,0.294,0.1107,0.1,0.0,2.069,True
1790468793.449,25.4,2.0208,0.2945,0.1107,0.1,0.0,2.0739,True
1790468793.499,25.45,2.0256,0.2951,0.1107,0.1,0.0,2.0787,True
1790468793.549,25.5,2.0304,0.2956,0.1107,0.1,0.0,2.0836,True
1790468793.599,25.55,2.0352,0.2961,0.1107,0.1,0.0,2.0885,True
1790468793.649,25.6,2.04,0.2967,0.1107,0.1,0.0,2.0933,True
1790468793.699,25.65,2.0448,0.2972,0.1107,0.1,0.0,2.0982,True
1790468793.749,25.7,2.0496,0.2977,0.1107,0.1,0.0,2.1031,True
1790468793.799,25.75,2.0544,0.2983,0.1107,0.099,-0.02,2.1079,True
1790468793.849,25.8,2.0592,0.2988,0.1107,0.1,0.0,2.1128,True
1790468793.899,25.85,2.064,0.2993,0.1107,0.1,0.0,2.1177,True
1790468793.949,25.9,2.0688,0.2999,0.1107,0.1,0.0,2.1225,True
1790468793.999,25.95,2.0736,0.3004,0.1107,0.1,0.0,2.1274,True
1790468794.049,26.0,2.0784,0.3009,0.1107,0.1,0.0,2.1323,True
1790468794.099,26.05,2.0832,0.3015,0.1107,0.099,-0.02,2.1371,True
1790468794.149,26.1,2.088,0.302,0.1107,0.1,0.0,2.142,True
1790468794.199,26.15,2.0928,0.3025,0.1107,0.1,0.0,2.1469,True
1790468794.249,26.2,2.0976,0.3031,0.1107,0.1,0.0,2.1517,True
1790468794.299,26.25,2.1024,0.3036,0.1107,0.1,0.0,2.1566,True
1790468794.349,26.3,2.1072,0.3041,0.1107,0.1,0.0,2.1615,True
1790468794.399,26.35,2.112,0.3047,0.1107,0.1,0.0,2.1663,True
1790468794.449,26.4,2.1168,0.3052,0.1107,0.1,0.0,2.1712,True
1790468794.499,26.45,2.1216,0.3057,0.1107,0.1,0.0,2.1761,True
1790468794.549,26.5,2.1264,0.3063,0.1107,0.1,0.0,2.1809,True
1790468794.599,26.55,2.1312,0.3068,0.1107,0.1,0.0,2.1858,True
1790468794.649,26.6,2.136,0.3073,0.1107,0.1,0.0,2.1907,True
1790468794.699,26.65,2.1408,0.3079,0.1107,0.1,0.0,2.1955,True
1790468794.749,26.7,2.1456,0.3084,0.1107,0.1,0.0,2.2004,True
1790468794.799,26.75,2.1504,0.3089,0.1107,0.1,0.0,2.2053,True
1790468794.849,26.8,2.1552,0.3095,0.1107,0.1,0.0,2.2101,True
1790468794.899,26.85,2.16,0.31,0.1107,0.1,0.0,2.215,True
1790468794.949,26.9,2.1648,0.3105,0.1107,0.1,0.0,2.2199,True
1790468794.999,26.95,2.1696,0.3111,0.1107,0.1,0.0,2.2247,True
1790468795.049,27.0,2.1744,0.3116,0.1107,0.1,0.0,2.2296,True
1790468795.099,27.05,2.1792,0.3121,0.1107,0.1,0.0,2.2345,True
1790468795.149,27.1,2.184,0.3127,0.1107,0.1,0.0,2.2393,True
1790468795.199,27.15,2.1888,0.3132,0.1107,0.1,0.0,2.2442,True
1790468795.249,27.2,2.1936,0.3137,0.1107,0.1,0.0,2.2491,True
1790468795.299,27.25,2.1984,0.3143,0.1107,0.1,0.0,2.2539,True
1790468795.349,27.3,2.2032,0.3148,0.1107,0.1,0.0,2.2588,True
1790468795.399,27.35,2.208,0.3153,0.1107,0.1,0.0,2.2637,True
1790468795.449,27.4,2.2128,0.3159,0.1107,0.1,0.0,2.2685,True
1790468795.499,27.45,2.2176,0.3164,0.1107,0.1,0.0,2.2734,True
1790468795.549,27.5,2.2224,0.3169,0.1107,0.1,0.0,2.2783,True
1790468795.599,27.55,2.2272,0.3175,0.1107,0.1,0.0,2.2831,True
1790468795.649,27.6,2.232,0.318,0.1107,0.1,0.0,2.288,True
1790468795.699,27.65,2.2368,0.3185,0.1107,0.1,0.0,2.2929,True
1790468795.749,27.7,2.2416,0.3191,0.1107,0.1,0.0,2.2977,True
1790468795.799,27.75,2.2464,0.3196,0.1107,0.1,0.0,2.3026,True
1790468795.849,27.8,2.2512,0.3201,0.1107,0.1,0.0,2.3075,True
1790468795.899,27.85,2.256,0.3207,0.1107,0.1,0.0,2.3123,True
1790468795.949,27.9,2.2608,0.3212,0.1107,0.1,0.0,2.3172,True
1790468795.999,27.95,2.2656,0.3217,0.1107,0.1,0.0,2.3221,True
1790468796.049,28.0,2.2704,0.3223,0.1107,0.099,-0.01,2.3269,True
1790468796.099,28.05,2.2752,0.3228,0.1107,0.1,0.0,2.3318,True
1790468796.149,28.1,2.28,0.3233,0.1107,0.1,0.0,2.3367,True
1790468796.199,28.15,2.2848,0.3239,0.1107,0.1,0.0,2.3415,True
1790468796.249,28.2,2.2896,0.3244,0.1107,0.1,0.0,2.3464,True
1790468796.299,28.25,2.2944,0.3249,0.1107,0.1,0.0,2.3513,True
1790468796.349,28.3,2.2992,0.3255,0.1107,0.1,0.0,2.3561,True
1790468796.399,28.35,2.304,0.326,0.1107,0.099,-0.01,2.361,True
1790468796.449,28.4,2.3088,0.3265,0.1107,0.1,0.0,2.3659,True
1790468796.499,28.45,2.3136,0.3271,0.1107,0.1,0.0,2.3707,True
1790468796.549,28.5,2.3184,0.3276,0.1107,0.1,0.0,2.3756,True
1790468796.599,28.55,2.3232,0.3281,0.1107,0.1,0.0,2.3805,True
1790468796.649,28.6,2.328,0.3287,0.1107,0.1,0.0,2.3853,True
1790468796.699,28.65,2.3328,0.3292,0.1107,0.1,0.0,2.3902,True
1790468796.749,28.7,2.3376,0.3297,0.1107,0.1,0.0,2.3951,True
1790468796.799,28.75,2.3424,0.3303,0.1107,0.1,0.0,2.3999,True
1790468796.849,28.8,2.3472,0.3308,0.1107,0.1,0.0,2.4048,True
1790468796.899,28.85,2.352,0.3313,0.1107,0.1,0.0,2.4097,True
1790468796.949,28.9,2.3568,0.3319,0.1107,0.1,0.0,2.4145,True
1790468796.999,28.95,2.3616,0.3324,0.1107,0.1,0.0,2.4194,True
1790468797.049,29.0,2.3664,0.3329,0.1107,0.1,0.0,2.4243,True
1790468797.099,29.05,2.3712,0.3335,0.1107,0.1,0.0,2.4291,True
1790468797.149,29.1,2.376,0.334,0.1107,0.1,0.0,2.434,True
1790468797.199,29.15,2.3808,0.3345,0.1107,0.1,0.0,2.4389,True
1790468797.249,29.2,2.3856,0.3351,0.1107,0.1,0.0,2.4437,True
1790468797.299,29.25,2.3904,0.3356,0.1107,0.1,0.0,2.4486,True
1790468797.349,29.3,2.3952,0.3361,0.1107,0.1,0.0,2.4535,True
1790468797.399,29.35,2.4,0.3367,0.1107,0.1,0.0,2.4583,True
1790468797.449,29.4,2.4048,0.3372,0.1107,0.1,0.0,2.4632,True
1790468797.499,29.45,2.4096,0.3377,0.1107,0.1,0.0,2.4681,True
1790468797.549,29.5,2.4144,0.3383,0.1107,0.1,0.0,2.4729,True
1790468797.599,29.55,2.4192,0.3388,0.1107,0.1,0.0,2.4778,True
1790468797.649,29.6,2.424,0.3393,0.1107,0.1,0.0,2.4827,True
1790468797.699,29.65,2.4288,0.3399,0.1107,0.1,0.0,2.4875,True
1790468797.749,29.7,2.4336,0.3404,0.1107,0.1,-0.01,2.4924,True
1790468797.799,29.75,2.4384,0.3409,0.1107,0.1,0.0,2.4973,True
1790468797.849,29.8,2.4432,0.3415,0.1107,0.1,0.0,2.5021,True
1790468797.899,29.85,2.448,0.342,0.1107,0.1,0.0,2.507,True
1790468797.949,29.9,2.4528,0.3425,0.1107,0.1,0.0,2.5119,True
1790468797.999,29.95,2.4576,0.3431,0.1107,0.1,0.0,2.5167,True
1790468798.049,30.0,2.4624,0.3436,0.1107,0.1,0.0,2.5216,True
1790468798.099,30.05,2.4672,0.3441,0.1107,0.1,-0.01,2.5265,True
1790468798.149,30.1,2.472,0.3447,0.1107,0.1,0.0,2.5313,True
1790468798.199,30.15,2.4768,0.3452,0.1107,0.1,0.0,2.5362,True
1790468798.249,30.2,2.4816,0.3457,0.1107,0.1,0.0,2.5411,True
1790468798.299,30.25,2.4864,0.3463,0.1107,0.1,0.0,2.5459,True
1790468798.349,30.3,2.4912,0.3468,0.1107,0.1,0.0,2.5508,True
1790468798.399,30.35,2.496,0.3473,0.1107,0.1,-0.01,2.5557,True
1790468798.449,30.4,2.5008,0.3479,0.1107,0.1,0.0,2.5605,True
1790468798.499,30.45,2.5056,0.3484,0.1107,0.1,0.0,2.5654,True
1790468798.549,30.5,2.5104,0.3489,0.1107,0.1,0.0,2.5703,True
1790468798.599,30.55,2.5152,0.3495,0.1107,0.1,0.0,2.5751,True
1790468798.649,30.6,2.52,0.35,0.1107,0.1,0.0,2.58,True
1790468798.699,30.65,2.5255,0.3499,-0.0244,0.1,0.0,2.5855,True
1790468798.749,30.7,2.531,0.3497,-0.0244,0.1,0.0,2.591,True
1790468798.799,30.75,2.5365,0.3496,-0.0244,0.1,0.0,2.5965,True
1790468798.849,30.8,2.542,0.3495,-0.0244,0.1,0.0,2.602,True
1790468798.899,30.85,2.5475,0.3493,-0.0244,0.1,0.0,2.6075,True
1790468798.949,30.9,2.553,0.3492,-0.0244,0.1,0.0,2.613,True
1790468798.999,30.95,2.5585,0.3491,-0.0244,0.1,0.0,2.6185,True
1790468799.049,31.0,2.564,0.3489,-0.0244,0.1,-0.0,2.624,True
1790468799.099,31.05,2.5695,0.3488,-0.0244,0.1,0.0,2.6295,True
1790468799.149,31.1,2.575,0.3487,-0.0244,0.1,0.0,2.635,True
1790468799.199,31.15,2.5805,0.3485,-0.0244,0.1,0.0,2.6405,True
1790468799.249,31.2,2.586,0.3484,-0.0244,0.1,0.0,2.646,True
1790468799.299,31.25,2.5915,0.3483,-0.0244,0.1,0.0,2.6515,True
1790468799.349,31.3,2.597,0.3481,-0.0244,0.1,0.0,2.657,True
1790468799.399,31.35,2.6026,0.348,-0.0244,0.1,0.0,2.6626,True
1790468799.449,31.4,2.6081,0.3479,-0.0244,0.1,0.0,2.6681,True
1790468799.499,31.45,2.6136,0.3477,-0.0244,0.1,0.0,2.6736,True
1790468799.549,31.5,2.6191,0.3476,-0.0244,0.1,0.0,2.6791,True
1790468799.599,31.55,2.6246,0.3474,-0.0244,0.1,0.0,2.6846,True
1790468799.649,31.6,2.6301,0.3473,-0.0244,0.1,0.0,2.6901,True
1790468799.699,31.65,2.6356,0.3472,-0.0244,0.1,0.0,2.6956,True
1790468799.749,31.7,2.6411,0.347,-0.0244,0.1,0.0,2.7011,True
1790468799.799,31.75,2.6466,0.3469,-0.0244,0.1,0.0,2.7066,True
1790468799.849,31.8,2.6521,0.3468,-0.0244,0.1,0.0,2.7121,True
1790468799.899,31.85,2.6576,0.3466,-0.0244,0.1,0.0,2.7176,True
1790468799.949,31.9,2.6631,0.3465,-0.0244,0.1,0.0,2.7231,True
1790468799.999,31.95,2.6686,0.3464,-0.0244,0.1,0.0,2.7286,True
1790468800.049,32.0,2.6741,0.3462,-0.0244,0.1,0.0,2.7341,True
1790468800.099,32.05,2.6796,0.3461,-0.0244,0.1,0.0,2.7396,True
1790468800.149,32.1,2.6851,0.346,-0.0244,0.1,0.0,2.7451,True
1790468800.199,32.15,2.6906,0.3458,-0.0244,0.1,0.0,2.7506,True
1790468800.249,32.2,2.6961,0.3457,-0.0244,0.1,0.0,2.7561,True
1790468800.299,32.25,2.7016,0.3456,-0.0244,0.1,0.0,2.7616,True
1790468800.349,32.3,2.7071,0.3454,-0.0244,0.1,0.0,2.7671,True
1790468800.399,32.35,2.7126,0.3453,-0.0244,0.1,0.0,2.7726,True
1790468800.449,32.4,2.7181,0.3452,-0.0244,0.1,0.0,2.7781,True
1790468800.499,32.45,2.7236,0.345,-0.0244,0.1,0.0,2.7836,True
1790468800.549,32.5,2.7291,0.3449,-0.0244,0.1,0.0,2.7891,True
1790468800.599,32.55,2.7346,0.3448,-0.0244,0.1,0.0,2.7946,True
1790468800.649,32.6,2.7401,0.3446,-0.0244,0.1,0.0,2.8001,True
1790468800.699,32.65,2.7456,0.3445,-0.0244,0.1,0.0,2.8056,True
1790468800.749,32.7,2.7511,0.3444,-0.0244,0.1,0.0,2.8111,True
1790468800.799,32.75,2.7566,0.3442,-0.0244,0.1,0.0,2.8166,True
1790468800.849,32.8,2.7621,0.3441,-0.0244,0.1,0.0,2.8221,True
1790468800.899,32.85,2.7677,0.344,-0.0244,0.1,0.0,2.8277,True
1790468800.949,32.9,2.7732,0.3438,-0.0244,0.1,0.0,2.8332,True
1790468800.999,32.95,2.7787,0.3437,-0.0244,0.1,0.0,2.8387,True
1790468801.049,33.0,2.7842,0.3436,-0.0244,0.1,0.0,2.8442,True
1790468801.099,33.05,2.7897,0.3434,-0.0244,0.1,0.0,2.8497,True
1790468801.149,33.1,2.7952,0.3433,-0.0244,0.1,0.0,2.8552,True
1790468801.199,33.15,2.8007,0.3432,-0.0244,0.1,0.0,2.8607,True
1790468801.249,33.2,2.8062,0.343,-0.0244,0.1,0.0,2.8662,True
1790468801.299,33.25,2.8117,0.3429,-0.0244,0.1,0.0,2.8717,True
1790468801.349,33.3,2.8172,0.3428,-0.0244,0.1,0.0,2.8772,True
1790468801.399,33.35,2.8227,0.3426,-0.0244,0.1,0.0,2.8827,True
1790468801.449,33.4,2.8282,0.3425,-0.0244,0.1,0.0,2.8882,True
1790468801.499,33.45,2.8337,0.3423,-0.0244,0.1,0.0,2.8937,True
1790468801.549,33.5,2.8392,0.3422,-0.0244,0.1,0.0,2.8992,True
1790468801.599,33.55,2.8447,0.3421,-0.0244,0.1,0.0,2.9047,True
1790468801.649,33.6,2.8502,0.3419,-0.0244,0.1,0.0,2.9102,True
1790468801.699,33.65,2.8557,0.3418,-0.0244,0.1,0.0,2.9157,True
1790468801.749,33.7,2.8612,0.3417,-0.0244,0.1,0.0,2.9212,True
1790468801.799,33.75,2.8667,0.3415,-0.0244,0.1,0.0,2.9267,True
1790468801.849,33.8,2.8722,0.3414,-0.0244,0.1,0.0,2.9322,True
1790468801.899,33.85,2.8777,0.3413,-0.0244,0.1,0.0,2.9377,True
1790468801.949,33.9,2.8832,0.3411,-0.0244,0.1,0.0,2.9432,True
1790468801.999,33.95,2.8887,0.341,-0.0244,0.1,0.0,2.9487,True
1790468802.049,34.0,2.8942,0.3409,-0.0244,0.1,0.0,2.9542,True
1790468802.099,34.05,2.8997,0.3407,-0.0244,0.1,0.0,2.9597,True
1790468802.149,34.1,2.9052,0.3406,-0.0244,0.1,0.0,2.9652,True
1790468802.199,34.15,2.9107,0.3405,-0.0244,0.1,0.0,2.9707,True
1790468802.249,34.2,2.9162,0.3403,-0.0244,0.1,0.0,2.9762,True
1790468802.299,34.25,2.9217,0.3402,-0.0244,0.1,0.0,2.9817,True
1790468802.349,34.3,2.9272,0.3401,-0.0244,0.1,0.0,2.9872,True
1790468802.399,34.35,2.9328,0.3399,-0.0244,0.1,0.0,2.9928,True
1790468802.449,34.4,2.9383,0.3398,-0.0244,0.1,0.0,2.9983,True
1790468802.499,34.45,2.9438,0.3397,-0.0244,0.1,0.0,3.0038,True
1790468802.549,34.5,2.9493,0.3395,-0.0244,0.1,0.0,3.0093,True
1790468802.599,34.55,2.9548,0.3394,-0.0244,0.1,0.0,3.0148,True
1790468802.649,34.6,2.9603,0.3393,-0.0244,0.1,0.0,3.0203,True
1790468802.699,34.65,2.9658,0.3391,-0.0244,0.1,0.0,3.0258,True
1790468802.749,34.7,2.9713,0.339,-0.0244,0.1,0.0,3.0313,True
1790468802.799,34.75,2.9768,0.3389,-0.0244,0.1,0.0,3.0368,True
1790468802.849,34.8,2.9823,0.3387,-0.0244,0.1,0.0,3.0423,True
1790468802.899,34.85,2.9878,0.3386,-0.0244,0.1,0.0,3.0478,True
1790468802.949,34.9,2.9933,0.3385,-0.0244,0.2,-0.0,3.0533,True
1790468802.999,34.95,2.9988,0.3383,-0.0244,0.1,0.0,3.0588,True
1790468803.049,35.0,3.0043,0.3382,-0.0244,0.1,0.0,3.0643,True
1790468803.099,35.05,3.0098,0.3381,-0.0244,0.1,0.0,3.0698,True
1790468803.149,35.1,3.0153,0.3379,-0.0244,0.1,0.0,3.0753,True
1790468803.199,35.15,3.0208,0.3378,-0.0244,0.1,0.0,3.0808,True
1790468803.249,35.2,3.0263,0.3377,-0.0244,0.1,0.0,3.0863,True
1790468803.299,35.25,3.0318,0.3375,-0.0244,0.1,0.0,3.0918,True
1790468803.349,35.3,3.0373,0.3374,-0.0244,0.1,0.0,3.0973,True
1790468803.399,35.35,3.0428,0.3372,-0.0244,0.1,0.0,3.1028,True
1790468803.449,35.4,3.0483,0.3371,-0.0244,0.1,0.0,3.1083,True
1790468803.499,35.45,3.0538,0.337,-0.0244,0.1,0.0,3.1138,True
1790468803.549,35.5,3.0593,0.3368,-0.0244,0.1,0.0,3.1193,True
1790468803.599,35.55,3.0648,0.3367,-0.0244,0.1,0.0,3.1248,True
1790468803.649,35.6,3.0703,0.3366,-0.0244,0.1,0.0,3.1303,True
1790468803.699,35.65,3.0758,0.3364,-0.0244,0.1,0.0,3.1358,True
1790468803.749,35.7,3.0813,0.3363,-0.0244,0.028,-0.0,3.1413,True
1790468803.799,35.75,3.0868,0.3362,-0.0244,0.1,0.0,3.1468,True
1790468803.849,35.8,3.0923,0.336,-0.0244,0.1,0.0,3.1523,True
1790468803.899,35.85,3.0979,0.3359,-0.0244,0.1,0.0,3.1579,True
1790468803.949,35.9,3.1034,0.3358,-0.0244,0.2,-0.03,3.1634,True
1790468803.999,35.95,3.1089,0.3356,-0.0244,0.1,0.0,3.1689,True
1790468804.049,36.0,3.1144,0.3355,-0.0244,0.1,0.0,3.1744,True
1790468804.099,36.05,3.1199,0.3354,-0.0244,0.1,0.0,3.1799,True
1790468804.149,36.1,3.1254,0.3352,-0.0244,0.1,0.0,3.1854,True
1790468804.199,36.15,3.1309,0.3351,-0.0244,0.1,0.0,3.1909,True
1790468804.249,36.2,3.1364,0.335,-0.0244,0.1,0.0,3.1964,True
1790468804.299,36.25,3.1419,0.3348,-0.0244,0.1,0.0,3.2019,True
1790468804.349,36.3,3.1474,0.3347,-0.0244,0.1,0.0,3.2074,True
1790468804.399,36.35,3.1529,0.3346,-0.0244,0.1,0.0,3.2129,True
1790468804.449,36.4,3.1584,0.3344,-0.0244,0.1,0.0,3.2184,True
1790468804.499,36.45,3.1639,0.3343,-0.0244,0.1,0.0,3.2239,True
1790468804.549,36.5,3.1694,0.3342,-0.0244,0.1,0.0,3.2294,True
1790468804.599,36.55,3.1749,0.334,-0.0244,0.1,0.0,3.2349,True
1790468804.649,36.6,3.1804,0.3339,-0.0244,0.1,0.0,3.2404,True
1790468804.699,36.65,3.1859,0.3338,-0.0244,0.1,0.0,3.2459,True
1790468804.749,36.7,3.1914,0.3336,-0.0244,0.1,0.0,3.2514,True
1790468804.799,36.75,3.1969,0.3335,-0.0244,0.1,0.0,3.2569,True
1790468804.849,36.8,3.2024,0.3334,-0.0244,0.1,0.0,3.2624,True
1790468804.899,36.85,3.2079,0.3332,-0.0244,0.1,0.0,3.2679,True
1790468804.949,36.9,3.2134,0.3331,-0.0244,0.1,0.0,3.2734,True
1790468804.999,36.95,3.2189,0.333,-0.0244,0.1,0.0,3.2789,True
1790468805.049,37.0,3.2244,0.3328,-0.0244,0.1,0.0,3.2844,True
1790468805.099,37.05,3.2299,0.3327,-0.0244,0.1,0.0,3.2899,True
1790468805.149,37.1,3.2354,0.3326,-0.0244,0.1,0.0,3.2954,True
1790468805.199,37.15,3.2409,0.3324,-0.0244,0.1,0.0,3.3009,True
1790468805.249,37.2,3.2464,0.3323,-0.0244,0.1,0.0,3.3064,True
1790468805.299,37.25,3.2519,0.3321,-0.0244,0.1,0.0,3.3119,True
1790468805.349,37.3,3.2574,0.332,-0.0244,0.099,-0.01,3.3174,True
1790468805.399,37.35,3.263,0.3319,-0.0244,0.1,0.0,3.323,True
1790468805.449,37.4,3.2685,0.3317,-0.0244,0.1,0.0,3.3285,True
1790468805.499,37.45,3.274,0.3316,-0.0244,0.1,0.0,3.334,True
1790468805.549,37.5,3.2795,0.3315,-0.0244,0.1,0.0,3.3395,True
1790468805.599,37.55,3.285,0.3313,-0.0244,0.1,0.0,3.345,True
1790468805.649,37.6,3.2905,0.3312,-0.0244,0.1,-0.01,3.3505,True
1790468805.699,37.65,3.296,0.3311,-0.0244,0.1,0.0,3.356,True
1790468805.749,37.7,3.3015,0.3309,-0.0244,0.1,0.0,3.3615,True
1790468805.799,37.75,3.307,0.3308,-0.0244,0.1,0.0,3.367,True
1790468805.849,37.8,3.3125,0.3307,-0.0244,0.1,0.0,3.3725,True
1790468805.899,37.85,3.318,0.3305,-0.0244,0.1,0.0,3.378,True
1790468805.949,37.9,3.3235,0.3304,-0.0244,0.1,-0.0,3.3835,True
1790468805.999,37.95,3.329,0.3303,-0.0244,0.1,0.0,3.389,True
1790468806.049,38.0,3.3345,0.3301,-0.0244,0.1,0.0,3.3945,True
1790468806.099,38.05,3.34,0.33,-0.0244,0.1,0.0,3.4,True
1790468806.149,38.1,3.3455,0.3299,-0.0244,0.1,0.0,3.4055,True
1790468806.199,38.15,3.351,0.3297,-0.0244,0.1,0.0,3.411,True
1790468806.249,38.2,3.3565,0.3296,-0.0244,0.1,0.0,3.4165,True
1790468806.299,38.25,3.362,0.3295,-0.0244,0.1,0.0,3.422,True
1790468806.349,38.3,3.3675,0.3293,-0.0244,0.1,0.0,3.4275,True
1790468806.399,38.35,3.373,0.3292,-0.0244,0.1,0.0,3.433,True
1790468806.449,38.4,3.3785,0.3291,-0.0244,0.1,0.0,3.4385,True
1790468806.499,38.45,3.384,0.3289,-0.0244,0.1,0.0,3.444,True
1790468806.549,38.5,3.3895,0.3288,-0.0244,0.1,0.0,3.4495,True
1790468806.599,38.55,3.395,0.3287,-0.0244,0.1,0.0,3.455,True
1790468806.649,38.6,3.4005,0.3285,-0.0244,0.1,0.0,3.4605,True
1790468806.699,38.65,3.406,0.3284,-0.0244,0.1,0.0,3.466,True
1790468806.749,38.7,3.4115,0.3283,-0.0244,0.1,0.0,3.4715,True
1790468806.799,38.75,3.417,0.3281,-0.0244,0.1,0.0,3.477,True
1790468806.849,38.8,3.4226,0.328,-0.0244,0.1,0.0,3.4826,True
1790468806.899,38.85,3.4281,0.3279,-0.0244,0.028,-0.0,3.4881,True
1790468806.949,38.9,3.4336,0.3277,-0.0244,0.1,0.0,3.4936,True
1790468806.999,38.95,3.4391,0.3276,-0.0244,0.1,0.0,3.4991,True
1790468807.049,39.0,3.4446,0.3274,-0.0244,0.1,0.0,3.5046,True
1790468807.099,39.05,3.4501,0.3273,-0.0244,0.1,0.0,3.5101,True
1790468807.149,39.1,3.4556,0.3272,-0.0244,0.1,0.0,3.5156,True
1790468807.199,39.15,3.4611,0.327,-0.0244,0.1,0.0,3.5211,True
1790468807.249,39.2,3.4666,0.3269,-0.0244,0.1,0.0,3.5266,True
1790468807.299,39.25,3.4721,0.3268,-0.0244,0.1,0.0,3.5321,True
1790468807.349,39.3,3.4776,0.3266,-0.0244,0.1,0.0,3.5376,True
1790468807.399,39.35,3.4831,0.3265,-0.0244,0.1,0.0,3.5431,True
1790468807.449,39.4,3.4886,0.3264,-0.0244,0.1,0.0,3.5486,True
1790468807.499,39.45,3.4941,0.3262,-0.0244,0.1,0.0,3.5541,True
1790468807.549,39.5,3.4996,0.3261,-0.0244,0.1,0.0,3.5596,True
1790468807.599,39.55,3.5051,0.326,-0.0244,0.1,0.0,3.5651,True
1790468807.649,39.6,3.5106,0.3258,-0.0244,0.1,0.0,3.5706,True
1790468807.699,39.65,3.5161,0.3257,-0.0244,0.1,0.0,3.5761,True
1790468807.749,39.7,3.5216,0.3256,-0.0244,0.1,0.0,3.5816,True
1790468807.799,39.75,3.5271,0.3254,-0.0244,0.1,0.0,3.5871,True
1790468807.849,39.8,3.5326,0.3253,-0.0244,0.1,0.0,3.5926,True
1790468807.899,39.85,3.5381,0.3252,-0.0244,0.1,0.0,3.5981,True
1790468807.949,39.9,3.5436,0.325,-0.0244,0.1,0.0,3.6036,True
1790468807.999,39.95,3.5491,0.3249,-0.0244,0.1,0.0,3.6091,True
1790468808.049,40.0,3.5546,0.3248,-0.0244,0.1,0.0,3.6146,True
1790468808.099,40.05,3.5601,0.3246,-0.0244,0.1,0.0,3.6201,True
1790468808.149,40.1,3.5656,0.3245,-0.0244,0.1,0.0,3.6256,True
1790468808.199,40.15,3.5711,0.3244,-0.0244,0.1,0.0,3.6311,True
1790468808.249,40.2,3.5766,0.3242,-0.0244,0.1,0.0,3.6366,True
1790468808.299,40.25,3.5821,0.3241,-0.0244,0.1,0.0,3.6421,True
1790468808.349,40.3,3.5877,0.324,-0.0244,0.1,0.0,3.6477,True
1790468808.399,40.35,3.5932,0.3238,-0.0244,0.1,0.0,3.6532,True
1790468808.449,40.4,3.5987,0.3237,-0.0244,0.1,0.0,3.6587,True
1790468808.499,40.45,3.6042,0.3236,-0.0244,0.1,0.0,3.6642,True
1790468808.549,40.5,3.6097,0.3234,-0.0244,0.1,0.0,3.6697,True
1790468808.599,40.55,3.6152,0.3233,-0.0244,0.1,0.0,3.6752,True
1790468808.649,40.6,3.6207,0.3232,-0.0244,0.1,0.0,3.6807,True
1790468808.699,40.65,3.6262,0.323,-0.0244,0.1,0.0,3.6862,True
1790468808.749,40.7,3.6317,0.3229,-0.0244,0.1,0.0,3.6917,True
1790468808.799,40.75,3.6372,0.3228,-0.0244,0.1,0.0,3.6972,True
1790468808.849,40.8,3.6427,0.3226,-0.0244,0.1,0.0,3.7027,True
1790468808.899,40.85,3.6482,0.3225,-0.0244,0.1,0.0,3.7082,True
1790468808.949,40.9,3.6537,0.3223,-0.0244,0.1,0.0,3.7137,True
1790468808.999,40.95,3.6592,0.3222,-0.0244,0.1,0.0,3.7192,True
1790468809.049,41.0,3.6647,0.3221,-0.0244,0.1,0.0,3.7247,True
1790468809.099,41.05,3.6702,0.3219,-0.0244,0.1,0.0,3.7302,True
1790468809.149,41.1,3.6757,0.3218,-0.0244,0.1,0.0,3.7357,True
1790468809.199,41.15,3.6812,0.3217,-0.0244,0.1,0.0,3.7412,True
1790468809.249,41.2,3.6867,0.3215,-0.0244,0.1,0.0,3.7467,True
1790468809.299,41.25,3.6922,0.3214,-0.0244,0.1,0.0,3.7522,True
1790468809.349,41.3,3.6977,0.3213,-0.0244,0.1,0.0,3.7577,True
1790468809.399,41.35,3.7032,0.3211,-0.0244,0.1,0.0,3.7632,True
1790468809.449,41.4,3.7087,0.321,-0.0244,0.1,0.0,3.7687,True
1790468809.499,41.45,3.7142,0.3209,-0.0244,0.1,0.0,3.7742,True
1790468809.549,41.5,3.7197,0.3207,-0.0244,0.1,0.0,3.7797,True
1790468809.599,41.55,3.7252,0.3206,-0.0244,0.1,0.0,3.7852,True
1790468809.649,41.6,3.7307,0.3205,-0.0244,0.1,0.0,3.7907,True
1790468809.699,41.65,3.7362,0.3203,-0.0244,0.1,0.0,3.7962,True
1790468809.749,41.7,3.7417,0.3202,-0.0244,0.1,0.0,3.8017,True
1790468809.799,41.75,3.7472,0.3201,-0.0244,0.1,0.0,3.8072,True
1790468809.849,41.8,3.7528,0.3199,-0.0244,0.1,0.0,3.8128,True
1790468809.899,41.85,3.7583,0.3198,-0.0244,0.1,0.0,3.8183,True
1790468809.949,41.9,3.7638,0.3197,-0.0244,0.1,0.0,3.8238,True
1790468809.999,41.95,3.7693,0.3195,-0.0244,0.1,0.0,3.8293,True
1790468810.049,42.0,3.7748,0.3194,-0.0244,0.1,0.0,3.8348,True
1790468810.099,42.05,3.7803,0.3193,-0.0244,0.1,0.0,3.8403,True
1790468810.149,42.1,3.7858,0.3191,-0.0244,0.1,0.0,3.8458,True
1790468810.199,42.15,3.7913,0.319,-0.0244,0.1,0.0,3.8513,True
1790468810.249,42.2,3.7968,0.3189,-0.0244,0.1,0.0,3.8568,True
1790468810.299,42.25,3.8023,0.3187,-0.0244,0.1,0.0,3.8623,True
1790468810.349,42.3,3.8078,0.3186,-0.0244,0.1,0.0,3.8678,True
1790468810.399,42.35,3.8133,0.3185,-0.0244,0.1,0.0,3.8733,True
1790468810.449,42.4,3.8188,0.3183,-0.0244,0.1,0.0,3.8788,True
1790468810.499,42.45,3.8243,0.3182,-0.0244,0.1,0.0,3.8843,True
1790468810.549,42.5,3.8298,0.3181,-0.0244,0.1,0.0,3.8898,True
1790468810.599,42.55,3.8353,0.3179,-0.0244,0.1,0.0,3.8953,True
1790468810.649,42.6,3.8408,0.3178,-0.0244,0.1,0.0,3.9008,True
1790468810.699,42.65,3.8463,0.3177,-0.0244,0.1,0.0,3.9063,True
1790468810.749,42.7,3.8518,0.3175,-0.0244,0.1,0.0,3.9118,True
1790468810.799,42.75,3.8573,0.3174,-0.0244,0.1,0.0,3.9173,True
1790468810.849,42.8,3.8628,0.3172,-0.0244,0.1,0.0,3.9228,True
1790468810.899,42.85,3.8683,0.3171,-0.0244,0.1,0.0,3.9283,True
1790468810.949,42.9,3.8738,0.317,-0.0244,0.1,0.0,3.9338,True
1790468810.999,42.95,3.8793,0.3168,-0.0244,0.1,0.0,3.9393,True
1790468811.049,43.0,3.8848,0.3167,-0.0244,0.1,0.0,3.9448,True
1790468811.099,43.05,3.8903,0.3166,-0.0244,0.1,0.0,3.9503,True
1790468811.149,43.1,3.8958,0.3164,-0.0244,0.1,0.0,3.9558,True
1790468811.199,43.15,3.9013,0.3163,-0.0244,0.1,0.0,3.9613,True
1790468811.249,43.2,3.9068,0.3162,-0.0244,0.1,0.0,3.9668,True
1790468811.299,43.25,3.9123,0.316,-0.0244,0.1,0.0,3.9723,True
1790468811.349,43.3,3.9179,0.3159,-0.0244,0.1,0.0,3.9779,True
1790468811.399,43.35,3.9234,0.3158,-0.0244,0.1,0.0,3.9834,True
1790468811.449,43.4,3.9289,0.3156,-0.0244,0.1,0.0,3.9889,True
1790468811.499,43.45,3.9344,0.3155,-0.0244,0.1,0.0,3.9944,True
1790468811.549,43.5,3.9399,0.3154,-0.0244,0.1,0.0,3.9999,True
1790468811.599,43.55,3.9454,0.3152,-0.0244,0.1,0.0,4.0054,True
1790468811.649,43.6,3.9509,0.3151,-0.0244,0.1,0.0,4.0109,True
1790468811.699,43.65,3.9564,0.315,-0.0244,0.1,0.0,4.0164,True
1790468811.749,43.7,3.9619,0.3148,-0.0244,0.1,0.0,4.0219,True
1790468811.799,43.75,3.9674,0.3147,-0.0244,0.1,0.0,4.0274,True
1790468811.849,43.8,3.9729,0.3146,-0.0244,0.1,0.0,4.0329,True
1790468811.899,43.85,3.9784,0.3144,-0.0244,0.1,0.0,4.0384,True
1790468811.949,43.9,3.9839,0.3143,-0.0244,0.1,0.0,4.0439,True
1790468811.999,43.95,3.9894,0.3142,-0.0244,0.1,0.0,4.0494,True
1790468812.049,44.0,3.9949,0.314,-0.0244,0.1,0.0,4.0549,True
1790468812.099,44.05,4.0004,0.3139,-0.0244,0.1,0.0,4.0604,True
1790468812.149,44.1,4.0059,0.3138,-0.0244,0.1,0.0,4.0659,True
1790468812.199,44.15,4.0114,0.3136,-0.0244,0.1,0.0,4.0714,True
1790468812.249,44.2,4.0169,0.3135,-0.0244,0.1,0.0,4.0769,True
1790468812.299,44.25,4.0224,0.3134,-0.0244,0.1,0.0,4.0824,True
1790468812.349,44.3,4.0279,0.3132,-0.0244,0.1,0.0,4.0879,True
1790468812.399,44.35,4.0334,0.3131,-0.0244,0.1,0.0,4.0934,True
1790468812.449,44.4,4.0389,0.313,-0.0244,0.1,0.0,4.0989,True
1790468812.499,44.45,4.0444,0.3128,-0.0244,0.1,0.0,4.1044,True
1790468812.549,44.5,4.0499,0.3127,-0.0244,0.1,0.0,4.1099,True
1790468812.599,44.55,4.0554,0.3126,-0.0244,0.1,0.0,4.1154,True
1790468812.649,44.6,4.0609,0.3124,-0.0244,0.1,0.0,4.1209,True
1790468812.699,44.65,4.0664,0.3123,-0.0244,0.1,0.0,4.1264,True
1790468812.749,44.7,4.0719,0.3121,-0.0244,0.1,0.0,4.1319,True
1790468812.799,44.75,4.0774,0.312,-0.0244,0.1,0.0,4.1374,True
1790468812.849,44.8,4.083,0.3119,-0.0244,0.1,0.0,4.143,True
1790468812.899,44.85,4.0885,0.3117,-0.0244,0.1,0.0,4.1485,True
1790468812.949,44.9,4.094,0.3116,-0.0244,0.1,0.0,4.154,True
1790468812.999,44.95,4.0995,0.3115,-0.0244,0.1,0.0,4.1595,True
1790468813.049,45.0,4.105,0.3113,-0.0244,0.1,0.0,4.165,True
1790468813.099,45.05,4.1105,0.3112,-0.0244,0.1,0.0,4.1705,True
1790468813.149,45.1,4.116,0.3111,-0.0244,0.1,0.0,4.176,True
1790468813.199,45.15,4.1215,0.3109,-0.0244,0.1,0.0,4.1815,True
1790468813.249,45.2,4.127,0.3108,-0.0244,0.1,0.0,4.187,True
1790468813.299,45.25,4.1325,0.3107,-0.0244,0.1,0.0,4.1925,True
1790468813.349,45.3,4.138,0.3105,-0.0244,0.1,0.0,4.198,True
1790468813.399,45.35,4.1435,0.3104,-0.0244,0.1,0.0,4.2035,True
1790468813.449,45.4,4.149,0.3103,-0.0244,0.1,0.0,4.209,True
1790468813.499,45.45,4.1545,0.3101,-0.0244,0.1,0.0,4.2145,True
1790468813.549,45.5,4.16,0.31,-0.0244,0.1,0.0,4.22,True
1790468813.599,45.55,4.1658,0.3099,-0.0114,0.1,0.0,4.2258,True
1790468813.649,45.6,4.1717,0.3099,-0.0114,0.1,0.0,4.2317,True
1790468813.699,45.65,4.1775,0.3098,-0.0114,0.1,0.0,4.2375,True
1790468813.749,45.7,4.1833,0.3097,-0.0114,0.1,0.0,4.2433,True
1790468813.799,45.75,4.1892,0.3097,-0.0114,0.1,0.0,4.2492,True
1790468813.849,45.8,4.195,0.3096,-0.0114,0.1,0.0,4.255,True
1790468813.899,45.85,4.2008,0.3095,-0.0114,0.1,0.0,4.2608,True
1790468813.949,45.9,4.2067,0.3095,-0.0114,0.1,0.0,4.2667,True
1790468813.999,45.95,4.2125,0.3094,-0.0114,0.1,0.0,4.2725,True
1790468814.049,46.0,4.2183,0.3093,-0.0114,0.1,0.0,4.2783,True
1790468814.099,46.05,4.2242,0.3093,-0.0114,0.1,0.0,4.2842,True
1790468814.149,46.1,4.23,0.3092,-0.0114,0.1,0.0,4.29,True
1790468814.199,46.15,4.2358,0.3091,-0.0114,0.1,0.0,4.2958,True
1790468814.249,46.2,4.2417,0.3091,-0.0114,0.1,0.0,4.3017,True
1790468814.299,46.25,4.2475,0.309,-0.0114,0.1,0.0,4.3075,True
1790468814.349,46.3,4.2533,0.3089,-0.0114,0.1,0.0,4.3133,True
1790468814.399,46.35,4.2592,0.3089,-0.0114,0.1,0.0,4.3192,True
1790468814.449,46.4,4.265,0.3088,-0.0114,0.1,0.0,4.325,True
1790468814.499,46.45,4.2708,0.3087,-0.0114,0.1,0.0,4.3308,True
1790468814.549,46.5,4.2767,0.3087,-0.0114,0.1,0.0,4.3367,True
1790468814.599,46.55,4.2825,0.3086,-0.0114,0.1,0.0,4.3425,True
1790468814.649,46.6,4.2883,0.3085,-0.0114,0.1,0.0,4.3483,True
1790468814.699,46.65,4.2942,0.3085,-0.0114,0.1,0.0,4.3542,True
1790468814.749,46.7,4.3,0.3084,-0.0114,0.1,0.0,4.36,True
1790468814.799,46.75,4.3058,0.3083,-0.0114,0.1,0.0,4.3658,True
1790468814.849,46.8,4.3117,0.3083,-0.0114,0.1,0.0,4.3717,True
1790468814.899,46.85,4.3175,0.3082,-0.0114,0.1,0.0,4.3775,True
1790468814.949,46.9,4.3233,0.3081,-0.0114,0.1,0.0,4.3833,True
1790468814.999,46.95,4.3292,0.3081,-0.0114,0.1,0.0,4.3892,True
1790468815.049,47.0,4.335,0.308,-0.0114,0.1,0.0,4.395,True
1790468815.099,47.05,4.3408,0.3079,-0.0114,0.1,0.0,4.4008,True
1790468815.149,47.1,4.3467,0.3079,-0.0114,0.1,0.0,4.4067,True
1790468815.199,47.15,4.3525,0.3078,-0.0114,0.1,0.0,4.4125,True
1790468815.249,47.2,4.3583,0.3077,-0.0114,0.1,0.0,4.4183,True
1790468815.299,47.25,4.3642,0.3077,-0.0114,0.1,0.0,4.4242,True
1790468815.349,47.3,4.37,0.3076,-0.0114,0.1,0.0,4.43,True
1790468815.399,47.35,4.3758,0.3075,-0.0114,0.1,0.0,4.4358,True
1790468815.449,47.4,4.3817,0.3075,-0.0114,0.1,0.0,4.4417,True
1790468815.499,47.45,4.3875,0.3074,-0.0114,0.1,0.0,4.4475,True
1790468815.549,47.5,4.3933,0.3073,-0.0114,0.1,0.0,4.4533,True
1790468815.599,47.55,4.3992,0.3073,-0.0114,0.1,0.0,4.4592,True
1790468815.649,47.6,4.405,0.3072,-0.0114,0.1,0.0,4.465,True
1790468815.699,47.65,4.4108,0.3071,-0.0114,0.1,0.0,4.4708,True
1790468815.749,47.7,4.4167,0.3071,-0.0114,0.1,0.0,4.4767,True
1790468815.799,47.75,4.4225,0.307,-0.0114,0.1,0.0,4.4825,True
1790468815.849,47.8,4.4283,0.3069,-0.0114,0.1,0.0,4.4883,True
1790468815.899,47.85,4.4342,0.3069,-0.0114,0.1,0.0,4.4942,True
1790468815.949,47.9,4.44,0.3068,-0.0114,0.1,0.0,4.5,True
1790468815.999,47.95,4.4458,0.3067,-0.0114,0.1,0.0,4.5058,True
1790468816.049,48.0,4.4517,0.3067,-0.0114,0.1,0.0,4.5117,True
1790468816.099,48.05,4.4575,0.3066,-0.0114,0.1,0.0,4.5175,True
1790468816.149,48.1,4.4633,0.3065,-0.0114,0.1,0.0,4.5233,True
1790468816.199,48.15,4.4692,0.3065,-0.0114,0.1,0.0,4.5292,True
1790468816.249,48.2,4.475,0.3064,-0.0114,0.1,0.0,4.535,True
1790468816.299,48.25,4.4808,0.3063,-0.0114,0.1,0.0,4.5408,True
1790468816.349,48.3,4.4867,0.3063,-0.0114,0.1,0.0,4.5467,True
1790468816.399,48.35,4.4925,0.3062,-0.0114,0.1,0.0,4.5525,True
1790468816.449,48.4,4.4983,0.3061,-0.0114,0.1,0.0,4.5583,True
1790468816.499,48.45,4.5042,0.3061,-0.0114,0.1,0.0,4.5642,True
1790468816.549,48.5,4.51,0.306,-0.0114,0.1,0.0,4.57,True
1790468816.599,48.55,4.5158,0.3059,-0.0114,0.1,0.0,4.5758,True
1790468816.649,48.6,4.5217,0.3059,-0.0114,0.1,0.0,4.5817,True
1790468816.699,48.65,4.5275,0.3058,-0.0114,0.1,0.0,4.5875,True
1790468816.749,48.7,4.5333,0.3057,-0.0114,0.1,0.0,4.5933,True
1790468816.799,48.75,4.5392,0.3057,-0.0114,0.1,0.0,4.5992,True
1790468816.849,48.8,4.545,0.3056,-0.0114,0.1,0.0,4.605,True
1790468816.899,48.85,4.5508,0.3055,-0.0114,0.1,0.0,4.6108,True
1790468816.949,48.9,4.5567,0.3055,-0.0114,0.1,0.0,4.6167,True
1790468816.999,48.95,4.5625,0.3054,-0.0114,0.1,0.0,4.6225,True
1790468817.049,49.0,4.5683,0.3053,-0.0114,0.1,0.0,4.6283,True
1790468817.099,49.05,4.5742,0.3053,-0.0114,0.1,0.0,4.6342,True
1790468817.149,49.1,4.58,0.3052,-0.0114,0.1,0.0,4.64,True
1790468817.199,49.15,4.5858,0.3051,-0.0114,0.1,0.0,4.6458,True
1790468817.249,49.2,4.5917,0.3051,-0.0114,0.1,0.0,4.6517,True
1790468817.299,49.25,4.5975,0.305,-0.0114,0.1,0.0,4.6575,True
1790468817.349,49.3,4.6033,0.3049,-0.0114,0.1,0.0,4.6633,True
1790468817.399,49.35,4.6092,0.3049,-0.0114,0.1,0.0,4.6692,True
1790468817.449,49.4,4.615,0.3048,-0.0114,0.1,0.0,4.675,True
1790468817.499,49.45,4.6208,0.3047,-0.0114,0.1,0.0,4.6808,True
1790468817.549,49.5,4.6267,0.3047,-0.0114,0.1,0.0,4.6867,True
1790468817.599,49.55,4.6325,0.3046,-0.0114,0.1,0.0,4.6925,True
1790468817.649,49.6,4.6383,0.3045,-0.0114,0.1,0.0,4.6983,True
1790468817.699,49.65,4.6442,0.3045,-0.0114,0.1,0.0,4.7042,True
1790468817.749,49.7,4.65,0.3044,-0.0114,0.1,0.0,4.71,True
1790468817.799,49.75,4.6558,0.3043,-0.0114,0.1,0.0,4.7158,True
1790468817.849,49.8,4.6617,0.3043,-0.0114,0.1,0.0,4.7217,True
1790468817.899,49.85,4.6675,0.3042,-0.0114,0.1,0.0,4.7275,True
1790468817.949,49.9,4.6733,0.3041,-0.0114,0.1,0.0,4.7333,True
1790468817.999,49.95,4.6792,0.3041,-0.0114,0.1,0.0,4.7392,True
1790468818.049,50.0,4.685,0.304,-0.0114,0.1,0.0,4.745,True
1790468818.099,50.05,4.6908,0.3039,-0.0114,0.1,0.0,4.7508,True
1790468818.149,50.1,4.6967,0.3039,-0.0114,0.1,0.0,4.7567,True
1790468818.199,50.15,4.7025,0.3038,-0.0114,0.1,0.0,4.7625,True
1790468818.249,50.2,4.7083,0.3037,-0.0114,0.1,0.0,4.7683,True
1790468818.299,50.25,4.7142,0.3037,-0.0114,0.1,0.0,4.7742,True
1790468818.349,50.3,4.72,0.3036,-0.0114,0.1,0.0,4.78,True
1790468818.399,50.35,4.7258,0.3035,-0.0114,0.1,0.0,4.7858,True
1790468818.449,50.4,4.7317,0.3035,-0.0114,0.1,0.0,4.7917,True
1790468818.499,50.45,4.7375,0.3034,-0.0114,0.1,0.0,4.7975,True
1790468818.549,50.5,4.7433,0.3033,-0.0114,0.1,0.0,4.8033,True
1790468818.599,50.55,4.7492,0.3033,-0.0114,0.1,0.0,4.8092,True
1790468818.649,50.6,4.755,0.3032,-0.0114,0.1,0.0,4.815,True
1790468818.699,50.65,4.7608,0.3031,-0.0114,0.1,0.0,4.8208,True
1790468818.749,50.7,4.7667,0.3031,-0.0114,0.1,0.0,4.8267,True
1790468818.799,50.75,4.7725,0.303,-0.0114,0.1,0.0,4.8325,True
1790468818.849,50.8,4.7783,0.3029,-0.0114,0.1,0.0,4.8383,True
1790468818.899,50.85,4.7842,0.3029,-0.0114,0.1,0.0,4.8442,True
1790468818.949,50.9,4.79,0.3028,-0.0114,0.1,0.0,4.85,True
1790468818.999,50.95,4.7958,0.3027,-0.0114,0.1,0.0,4.8558,True
1790468819.049,51.0,4.8017,0.3027,-0.0114,0.1,0.0,4.8617,True
1790468819.099,51.05,4.8075,0.3026,-0.0114,0.1,0.0,4.8675,True
1790468819.149,51.1,4.8133,0.3025,-0.0114,0.1,0.0,4.8733,True
1790468819.199,51.15,4.8192,0.3025,-0.0114,0.1,0.0,4.8792,True
1790468819.249,51.2,4.825,0.3024,-0.0114,0.1,0.0,4.885,True
1790468819.299,51.25,4.8308,0.3023,-0.0114,0.1,0.0,4.8908,True
1790468819.349,51.3,4.8367,0.3023,-0.0114,0.1,0.0,4.8967,True
1790468819.399,51.35,4.8425,0.3022,-0.0114,0.1,0.0,4.9025,True
1790468819.449,51.4,4.8483,0.3021,-0.0114,0.1,0.0,4.9083,True
1790468819.499,51.45,4.8542,0.3021,-0.0114,0.1,0.0,4.9142,True
1790468819.549,51.5,4.86,0.302,-0.0114,0.1,0.0,4.92,True
1790468819.599,51.55,4.8658,0.3019,-0.0114,0.1,0.0,4.9258,True
1790468819.649,51.6,4.8717,0.3019,-0.0114,0.1,0.0,4.9317,True
1790468819.699,51.65,4.8775,0.3018,-0.0114,0.1,0.0,4.9375,True
1790468819.749,51.7,4.8833,0.3017,-0.0114,0.1,0.0,4.9433,True
1790468819.799,51.75,4.8892,0.3017,-0.0114,0.1,0.0,4.9492,True
1790468819.849,51.8,4.895,0.3016,-0.0114,0.1,0.0,4.955,True
1790468819.899,51.85,4.9008,0.3015,-0.0114,0.1,0.0,4.9608,True
1790468819.949,51.9,4.9067,0.3015,-0.0114,0.1,0.0,4.9667,True
1790468819.999,51.95,4.9125,0.3014,-0.0114,0.1,0.0,4.9725,True
1790468820.049,52.0,4.9183,0.3013,-0.0114,0.1,0.0,4.9783,True
1790468820.099,52.05,4.9242,0.3013,-0.0114,0.1,0.0,4.9842,True
1790468820.149,52.1,4.93,0.3012,-0.0114,0.1,0.0,4.99,True
1790468820.199,52.15,4.9358,0.3011,-0.0114,0.1,0.0,4.9958,True
1790468820.249,52.2,4.9417,0.3011,-0.0114,0.1,0.0,5.0017,True
1790468820.299,52.25,4.9475,0.301,-0.0114,0.1,0.0,5.0075,True
1790468820.349,52.3,4.9533,0.3009,-0.0114,0.1,0.0,5.0133,True
1790468820.399,52.35,4.9592,0.3009,-0.0114,0.1,0.0,5.0192,True
1790468820.449,52.4,4.965,0.3008,-0.0114,0.1,0.0,5.025,True
1790468820.499,52.45,4.9708,0.3007,-0.0114,0.1,0.0,5.0308,True
1790468820.549,52.5,4.9767,0.3007,-0.0114,0.1,0.0,5.0367,True
1790468820.599,52.55,4.9825,0.3006,-0.0114,0.1,0.0,5.0425,True
1790468820.649,52.6,4.9883,0.3005,-0.0114,0.1,0.0,5.0483,True
1790468820.699,52.65,4.9942,0.3005,-0.0114,0.1,0.0,5.0542,True
1790468820.749,52.7,5.0,0.3004,-0.0114,0.1,0.0,5.06,True
1790468820.799,52.75,5.0058,0.3003,-0.0114,0.1,0.0,5.0658,True
1790468820.849,52.8,5.0117,0.3003,-0.0114,0.1,0.0,5.0717,True
1790468820.899,52.85,5.0175,0.3002,-0.0114,0.1,0.0,5.0775,True
1790468820.949,52.9,5.0233,0.3001,-0.0114,0.1,0.0,5.0833,True
1790468820.999,52.95,5.0292,0.3001,-0.0114,0.1,0.0,5.0892,True
1790468821.049,53.0,5.035,0.3,-0.0114,0.1,0.0,5.095,True
1790468821.099,53.05,5.0408,0.2999,-0.0114,0.1,0.0,5.1008,True
1790468821.149,53.1,5.0467,0.2999,-0.0114,0.1,0.0,5.1067,True
1790468821.199,53.15,5.0525,0.2998,-0.0114,0.1,0.0,5.1125,True
1790468821.249,53.2,5.0583,0.2997,-0.0114,0.1,0.0,5.1183,True
1790468821.299,53.25,5.0642,0.2997,-0.0114,0.1,0.0,5.1242,True
1790468821.349,53.3,5.07,0.2996,-0.0114,0.1,0.0,5.13,True
1790468821.399,53.35,5.0758,0.2995,-0.0114,0.1,0.0,5.1358,True
1790468821.449,53.4,5.0817,0.2995,-0.0114,0.1,0.0,5.1417,True
1790468821.499,53.45,5.0875,0.2994,-0.0114,0.1,0.0,5.1475,True
1790468821.549,53.5,5.0933,0.2993,-0.0114,0.1,0.0,5.1533,True
1790468821.599,53.55,5.0992,0.2993,-0.0114,0.1,0.0,5.1592,True
1790468821.649,53.6,5.105,0.2992,-0.0114,0.1,0.0,5.165,True
1790468821.699,53.65,5.1108,0.2991,-0.0114,0.1,0.0,5.1708,True
1790468821.749,53.7,5.1167,0.2991,-0.0114,0.1,0.0,5.1767,True
1790468821.799,53.75,5.1225,0.299,-0.0114,0.1,0.0,5.1825,True
1790468821.849,53.8,5.1283,0.2989,-0.0114,0.1,0.0,5.1883,True
1790468821.899,53.85,5.1342,0.2989,-0.0114,0.1,0.0,5.1942,True
1790468821.949,53.9,5.14,0.2988,-0.0114,0.1,0.0,5.2,True
1790468821.999,53.95,5.1458,0.2987,-0.0114,0.1,0.0,5.2058,True
1790468822.049,54.0,5.1517,0.2987,-0.0114,0.1,0.0,5.2117,True
1790468822.099,54.05,5.1575,0.2986,-0.0114,0.1,0.0,5.2175,True
1790468822.149,54.1,5.1633,0.2985,-0.0114,0.1,0.0,5.2233,True
1790468822.199,54.15,5.1692,0.2985,-0.0114,0.1,0.0,5.2292,True
1790468822.249,54.2,5.175,0.2984,-0.0114,0.1,0.0,5.235,True
1790468822.299,54.25,5.1808,0.2983,-0.0114,0.1,0.0,5.2408,True
1790468822.349,54.3,5.1867,0.2983,-0.0114,0.1,0.0,5.2467,True
1790468822.399,54.35,5.1925,0.2982,-0.0114,0.1,0.0,5.2525,True
1790468822.449,54.4,5.1983,0.2981,-0.0114,0.1,0.0,5.2583,True
1790468822.499,54.45,5.2042,0.2981,-0.0114,0.1,0.0,5.2642,True
1790468822.549,54.5,5.21,0.298,-0.0114,0.1,0.0,5.27,True
1790468822.599,54.55,5.2158,0.2979,-0.0114,0.1,0.0,5.2758,True
1790468822.649,54.6,5.2217,0.2979,-0.0114,0.1,0.0,5.2817,True
1790468822.699,54.65,5.2275,0.2978,-0.0114,0.1,0.0,5.2875,True
1790468822.749,54.7,5.2333,0.2977,-0.0114,0.1,0.0,5.2933,True
1790468822.799,54.75,5.2392,0.2977,-0.0114,0.1,0.0,5.2992,True
1790468822.849,54.8,5.245,0.2976,-0.0114,0.1,0.0,5.305,True
1790468822.899,54.85,5.2508,0.2975,-0.0114,0.1,0.0,5.3108,True
1790468822.949,54.9,5.2567,0.2975,-0.0114,0.1,0.0,5.3167,True
1790468822.999,54.95,5.2625,0.2974,-0.0114,0.1,0.0,5.3225,True
1790468823.049,55.0,5.2683,0.2973,-0.0114,0.1,0.0,5.3283,True
1790468823.099,55.05,5.2742,0.2973,-0.0114,0.1,0.0,5.3342,True
1790468823.149,55.1,5.28,0.2972,-0.0114,0.1,0.0,5.34,True
1790468823.199,55.15,5.2858,0.2971,-0.0114,0.1,0.0,5.3458,True
1790468823.249,55.2,5.2917,0.2971,-0.0114,0.1,0.0,5.3517,True
1790468823.299,55.25,5.2975,0.297,-0.0114,0.1,0.0,5.3575,True
1790468823.349,55.3,5.3033,0.2969,-0.0114,0.1,0.0,5.3633,True
1790468823.399,55.35,5.3092,0.2969,-0.0114,0.1,0.0,5.3692,True
1790468823.449,55.4,5.315,0.2968,-0.0114,0.1,0.0,5.375,True
1790468823.499,55.45,5.3208,0.2967,-0.0114,0.1,0.0,5.3808,True
1790468823.549,55.5,5.3267,0.2967,-0.0114,0.1,0.0,5.3867,True
1790468823.599,55.55,5.3325,0.2966,-0.0114,0.1,0.0,5.3925,True
1790468823.649,55.6,5.3383,0.2965,-0.0114,0.1,0.0,5.3983,True
1790468823.699,55.65,5.3442,0.2965,-0.0114,0.1,0.0,5.4042,True
1790468823.749,55.7,5.35,0.2964,-0.0114,0.1,0.0,5.41,True
1790468823.799,55.75,5.3558,0.2963,-0.0114,0.1,0.0,5.4158,True
1790468823.849,55.8,5.3617,0.2963,-0.0114,0.1,0.0,5.4217,True
1790468823.899,55.85,5.3675,0.2962,-0.0114,0.1,0.0,5.4275,True
1790468823.949,55.9,5.3733,0.2961,-0.0114,0.1,0.0,5.4333,True
1790468823.999,55.95,5.3792,0.2961,-0.0114,0.1,0.0,5.4392,True
1790468824.049,56.0,5.385,0.296,-0.0114,0.1,0.0,5.445,True
1790468824.099,56.05,5.3908,0.2959,-0.0114,0.1,0.0,5.4508,True
1790468824.149,56.1,5.3967,0.2959,-0.0114,0.1,0.0,5.4567,True
1790468824.199,56.15,5.4025,0.2958,-0.0114,0.1,0.0,5.4625,True
1790468824.249,56.2,5.4083,0.2957,-0.0114,0.1,0.0,5.4683,True
1790468824.299,56.25,5.4142,0.2957,-0.0114,0.25,-0.01,5.4742,True
1790468824.349,56.3,5.42,0.2956,-0.0114,0.1,0.0,5.48,True
1790468824.399,56.35,5.4258,0.2955,-0.0114,0.1,0.0,5.4858,True
1790468824.449,56.4,5.4317,0.2955,-0.0114,0.1,0.0,5.4917,True
1790468824.499,56.45,5.4375,0.2954,-0.0114,0.1,0.0,5.4975,True
1790468824.549,56.5,5.4433,0.2953,-0.0114,0.1,0.0,5.5033,True
1790468824.599,56.55,5.4492,0.2953,-0.0114,0.1,0.0,5.5092,True
1790468824.649,56.6,5.455,0.2952,-0.0114,0.25,-0.02,5.515,True
1790468824.699,56.65,5.4608,0.2951,-0.0114,0.1,0.0,5.5208,True
1790468824.749,56.7,5.4667,0.2951,-0.0114,0.1,0.0,5.5267,True
1790468824.799,56.75,5.4725,0.295,-0.0114,0.1,0.0,5.5325,True
1790468824.849,56.8,5.4783,0.2949,-0.0114,0.1,0.0,5.5383,True
1790468824.899,56.85,5.4842,0.2949,-0.0114,0.1,0.0,5.5442,True
1790468824.949,56.9,5.49,0.2948,-0.0114,0.1,0.0,5.55,True
1790468824.999,56.95,5.4958,0.2947,-0.0114,0.1,0.0,5.5558,True
1790468825.049,57.0,5.5017,0.2947,-0.0114,0.1,0.0,5.5617,True
1790468825.099,57.05,5.5075,0.2946,-0.0114,0.1,0.0,5.5675,True
1790468825.149,57.1,5.5133,0.2945,-0.0114,0.1,0.0,5.5733,True
1790468825.199,57.15,5.5192,0.2945,-0.0114,0.1,0.0,5.5792,True
1790468825.249,57.2,5.525,0.2944,-0.0114,0.1,0.0,5.585,True
1790468825.299,57.25,5.5308,0.2943,-0.0114,0.1,-0.01,5.5908,True
1790468825.349,57.3,5.5367,0.2943,-0.0114,0.1,0.0,5.5967,True
1790468825.399,57.35,5.5425,0.2942,-0.0114,0.1,0.0,5.6025,True
1790468825.449,57.4,5.5483,0.2941,-0.0114,0.1,0.0,5.6083,True
1790468825.499,57.45,5.5542,0.2941,-0.0114,0.1,0.0,5.6142,True
1790468825.549,57.5,5.56,0.294,-0.0114,0.1,0.0,5.62,True
1790468825.599,57.55,5.5658,0.2939,-0.0114,0.1,0.0,5.6258,True
1790468825.649,57.6,5.5717,0.2939,-0.0114,0.1,0.0,5.6317,True
1790468825.699,57.65,5.5775,0.2938,-0.0114,0.1,0.0,5.6375,True
1790468825.749,57.7,5.5833,0.2937,-0.0114,0.1,0.0,5.6433,True
1790468825.799,57.75,5.5892,0.2937,-0.0114,0.1,0.0,5.6492,True
1790468825.849,57.8,5.595,0.2936,-0.0114,0.1,0.0,5.655,True
1790468825.899,57.85,5.6008,0.2935,-0.0114,0.1,0.0,5.6608,True
1790468825.949,57.9,5.6067,0.2935,-0.0114,0.1,0.0,5.6667,True
1790468825.999,57.95,5.6125,0.2934,-0.0114,0.1,0.0,5.6725,True
1790468826.049,58.0,5.6183,0.2933,-0.0114,0.1,0.0,5.6783,True
1790468826.099,58.05,5.6242,0.2933,-0.0114,0.1,0.0,5.6842,True
1790468826.149,58.1,5.63,0.2932,-0.0114,0.1,0.0,5.69,True
1790468826.199,58.15,5.6358,0.2931,-0.0114,0.1,0.0,5.6958,True
1790468826.249,58.2,5.6417,0.2931,-0.0114,0.1,0.0,5.7017,True
1790468826.299,58.25,5.6475,0.293,-0.0114,0.1,0.0,5.7075,True
1790468826.349,58.3,5.6533,0.2929,-0.0114,0.1,0.0,5.7133,True
1790468826.399,58.35,5.6592,0.2929,-0.0114,0.1,0.0,5.7192,True
1790468826.449,58.4,5.665,0.2928,-0.0114,0.1,0.0,5.725,True
1790468826.499,58.45,5.6708,0.2927,-0.0114,0.1,0.0,5.7308,True
1790468826.549,58.5,5.6767,0.2927,-0.0114,0.1,0.0,5.7367,True
1790468826.599,58.55,5.6825,0.2926,-0.0114,0.1,0.0,5.7425,True
1790468826.649,58.6,5.6883,0.2925,-0.0114,0.1,0.0,5.7483,True
1790468826.699,58.65,5.6942,0.2925,-0.0114,0.1,0.0,5.7542,True
1790468826.749,58.7,5.7,0.2924,-0.0114,0.1,0.0,5.76,True
1790468826.799,58.75,5.7058,0.2923,-0.0114,0.1,0.0,5.7658,True
1790468826.849,58.8,5.7117,0.2923,-0.0114,0.1,0.0,5.7717,True
1790468826.899,58.85,5.7175,0.2922,-0.0114,0.1,0.0,5.7775,True
1790468826.949,58.9,5.7233,0.2921,-0.0114,0.1,0.0,5.7833,True
1790468826.999,58.95,5.7292,0.2921,-0.0114,0.1,0.0,5.7892,True
1790468827.049,59.0,5.735,0.292,-0.0114,0.1,0.0,5.795,True
1790468827.099,59.05,5.7408,0.2919,-0.0114,0.1,0.0,5.8008,True
1790468827.149,59.1,5.7467,0.2919,-0.0114,0.1,0.0,5.8067,True
1790468827.199,59.15,5.7525,0.2918,-0.0114,0.1,0.0,5.8125,True
1790468827.249,59.2,5.7583,0.2917,-0.0114,0.1,0.0,5.8183,True
1790468827.299,59.25,5.7642,0.2917,-0.0114,0.1,0.0,5.8242,True
1790468827.349,59.3,5.77,0.2916,-0.0114,0.1,0.0,5.83,True
1790468827.399,59.35,5.7758,0.2915,-0.0114,0.1,0.0,5.8358,True
1790468827.449,59.4,5.7817,0.2915,-0.0114,0.1,0.0,5.8417,True
1790468827.499,59.45,5.7875,0.2914,-0.0114,0.1,0.0,5.8475,True
1790468827.549,59.5,5.7933,0.2913,-0.0114,0.1,0.0,5.8533,True
1790468827.599,59.55,5.7992,0.2913,-0.0114,0.1,0.0,5.8592,True
1790468827.649,59.6,5.805,0.2912,-0.0114,0.1,0.0,5.865,True
1790468827.699,59.65,5.8108,0.2911,-0.0114,0.1,0.0,5.8708,True
1790468827.749,59.7,5.8167,0.2911,-0.0114,0.1,0.0,5.8767,True
1790468827.799,59.75,5.8225,0.291,-0.0114,0.1,0.0,5.8825,True
1790468827.849,59.8,5.8283,0.2909,-0.0114,0.1,0.0,5.8883,True
1790468827.899,59.85,5.8342,0.2909,-0.0114,0.1,0.0,5.8942,True
1790468827.949,59.9,5.84,0.2908,-0.0114,0.1,0.0,5.9,True
1790468827.999,59.95,5.8458,0.2907,-0.0114,0.1,0.0,5.9058,True
1790468828.049,60.0,5.8517,0.2907,-0.0114,0.1,0.0,5.9117,True
1790468828.099,60.05,5.8575,0.2906,-0.0114,0.1,0.0,5.9175,True
1790468828.149,60.1,5.8633,0.2905,-0.0114,0.1,0.0,5.9233,True
1790468828.199,60.15,5.8692,0.2905,-0.0114,0.1,0.0,5.9292,True
1790468828.249,60.2,5.875,0.2904,-0.0114,0.1,0.0,5.935,True
1790468828.299,60.25,5.8808,0.2903,-0.0114,0.1,0.0,5.9408,True
1790468828.349,60.3,5.8867,0.2903,-0.0114,0.1,0.0,5.9467,True
1790468828.399,60.35,5.8925,0.2902,-0.0114,0.1,0.0,5.9525,True
1790468828.449,60.4,5.8983,0.2901,-0.0114,0.1,0.0,5.9583,True
1790468828.499,60.45,5.9042,0.2901,-0.0114,0.1,0.0,5.9642,True
1790468828.549,60.5,5.91,0.29,-0.0114,0.1,0.0,5.97,True
1790468828.599,60.55,5.9135,0.2901,0.0194,0.1,0.0,5.9735,True
1790468828.649,60.6,5.9169,0.2901,0.0194,0.1,0.0,5.9769,True
1790468828.699,60.65,5.9204,0.2902,0.0194,0.1,0.0,5.9804,True
1790468828.749,60.7,5.9238,0.2903,0.0194,0.1,0.0,5.9838,True
1790468828.799,60.75,5.9273,0.2903,0.0194,0.1,0.0,5.9873,True
1790468828.849,60.8,5.9307,0.2904,0.0194,0.1,0.0,5.9907,True
1790468828.899,60.85,5.9342,0.2905,0.0194,0.1,0.0,5.9942,True
1790468828.949,60.9,5.9377,0.2905,0.0194,0.06,-0.0,5.9977,True
1790468828.999,60.95,5.9411,0.2906,0.0194,0.1,0.0,6.0011,True
1790468829.049,61.0,5.9446,0.2907,0.0194,0.1,0.0,6.0046,True
1790468829.099,61.05,5.948,0.2907,0.0194,0.1,0.0,6.008,True
1790468829.149,61.1,5.9515,0.2908,0.0194,0.1,0.0,6.0115,True
1790468829.199,61.15,5.9549,0.2909,0.0194,0.1,0.0,6.0149,True
1790468829.249,61.2,5.9584,0.2909,0.0194,0.06,-0.0,6.0184,True
1790468829.299,61.25,5.9618,0.291,0.0194,0.1,0.0,6.0218,True
1790468829.349,61.3,5.9653,0.2911,0.0194,0.1,0.0,6.0253,True
1790468829.399,61.35,5.9688,0.2911,0.0194,0.1,0.0,6.0288,True
1790468829.449,61.4,5.9722,0.2912,0.0194,0.1,0.0,6.0322,True
1790468829.499,61.45,5.9757,0.2913,0.0194,0.1,0.0,6.0357,True
1790468829.549,61.5,5.9791,0.2913,0.0194,0.1,0.0,6.0391,True
1790468829.599,61.55,5.9826,0.2914,0.0194,0.1,0.0,6.0426,True
1790468829.649,61.6,5.986,0.2915,0.0194,0.1,0.0,6.046,True
1790468829.699,61.65,5.9895,0.2915,0.0194,0.1,0.0,6.0495,True
1790468829.749,61.7,5.993,0.2916,0.0194,0.1,0.0,6.053,True
1790468829.799,61.75,5.9964,0.2917,0.0194,0.1,0.0,6.0564,True
1790468829.849,61.8,5.9999,0.2917,0.0194,0.1,0.0,6.0599,True
1790468829.899,61.85,6.0033,0.2918,0.0194,0.1,0.0,6.0633,True
1790468829.949,61.9,6.0068,0.2919,0.0194,0.1,0.0,6.0668,True
1790468829.999,61.95,6.0102,0.2919,0.0194,0.1,0.0,6.0702,True
1790468830.049,62.0,6.0137,0.292,0.0194,0.1,0.0,6.0737,True
1790468830.099,62.05,6.0171,0.2921,0.0194,0.1,0.0,6.0771,True
1790468830.149,62.1,6.0206,0.2921,0.0194,0.1,0.0,6.0806,True
1790468830.199,62.15,6.0241,0.2922,0.0194,0.1,0.0,6.0841,True
1790468830.249,62.2,6.0275,0.2923,0.0194,0.1,0.0,6.0875,True
1790468830.299,62.25,6.031,0.2923,0.0194,0.1,0.0,6.091,True
1790468830.349,62.3,6.0344,0.2924,0.0194,0.1,0.0,6.0944,True
1790468830.399,62.35,6.0379,0.2925,0.0194,0.1,0.0,6.0979,True
1790468830.449,62.4,6.0413,0.2926,0.0194,0.1,0.0,6.1013,True
1790468830.499,62.45,6.0448,0.2926,0.0194,0.1,0.0,6.1048,True
1790468830.549,62.5,6.0483,0.2927,0.0194,0.1,0.0,6.1083,True
1790468830.599,62.55,6.0517,0.2928,0.0194,0.1,0.0,6.1117,True
1790468830.649,62.6,6.0552,0.2928,0.0194,0.1,0.0,6.1152,True
1790468830.699,62.65,6.0586,0.2929,0.0194,0.1,0.0,6.1186,True
1790468830.749,62.7,6.0621,0.293,0.0194,0.1,0.0,6.1221,True
1790468830.799,62.75,6.0655,0.293,0.0194,0.1,0.0,6.1255,True
1790468830.849,62.8,6.069,0.2931,0.0194,0.1,0.0,6.129,True
1790468830.899,62.85,6.0724,0.2932,0.0194,0.1,0.0,6.1324,True
1790468830.949,62.9,6.0759,0.2932,0.0194,0.1,0.0,6.1359,True
1790468830.999,62.95,6.0794,0.2933,0.0194,0.1,0.0,6.1394,True
1790468831.049,63.0,6.0828,0.2934,0.0194,0.1,0.0,6.1428,True
1790468831.099,63.05,6.0863,0.2934,0.0194,0.1,0.0,6.1463,True
1790468831.149,63.1,6.0897,0.2935,0.0194,0.1,0.0,6.1497,True
1790468831.199,63.15,6.0932,0.2936,0.0194,0.1,0.0,6.1532,True
1790468831.249,63.2,6.0966,0.2936,0.0194,0.1,0.0,6.1566,True
1790468831.299,63.25,6.1001,0.2937,0.0194,0.1,0.0,6.1601,True
1790468831.349,63.3,6.1036,0.2938,0.0194,0.1,0.0,6.1636,True
1790468831.399,63.35,6.107,0.2938,0.0194,0.1,0.0,6.167,True
1790468831.449,63.4,6.1105,0.2939,0.0194,0.1,0.0,6.1705,True
1790468831.499,63.45,6.1139,0.294,0.0194,0.1,0.0,6.1739,True
1790468831.549,63.5,6.1174,0.294,0.0194,0.1,0.0,6.1774,True
1790468831.599,63.55,6.1208,0.2941,0.0194,0.1,0.0,6.1808,True
1790468831.649,63.6,6.1243,0.2942,0.0194,0.1,0.0,6.1843,True
1790468831.699,63.65,6.1278,0.2942,0.0194,0.1,0.0,6.1878,True
1790468831.749,63.7,6.1312,0.2943,0.0194,0.1,0.0,6.1912,True
1790468831.799,63.75,6.1347,0.2944,0.0194,0.1,0.0,6.1947,True
1790468831.849,63.8,6.1381,0.2944,0.0194,0.1,0.0,6.1981,True
1790468831.899,63.85,6.1416,0.2945,0.0194,0.1,0.0,6.2016,True
1790468831.949,63.9,6.145,0.2946,0.0194,0.1,0.0,6.205,True
1790468831.999,63.95,6.1485,0.2946,0.0194,0.1,0.0,6.2085,True
1790468832.049,64.0,6.1519,0.2947,0.0194,0.1,0.0,6.2119,True
1790468832.099,64.05,6.1554,0.2948,0.0194,0.1,0.0,6.2154,True
1790468832.149,64.1,6.1589,0.2948,0.0194,0.1,0.0,6.2189,True
1790468832.199,64.15,6.1623,0.2949,0.0194,0.1,0.0,6.2223,True
1790468832.249,64.2,6.1658,0.295,0.0194,0.1,0.0,6.2258,True
1790468832.299,64.25,6.1692,0.295,0.0194,0.1,0.0,6.2292,True
1790468832.349,64.3,6.1727,0.2951,0.0194,0.1,0.0,6.2327,True
1790468832.399,64.35,6.1761,0.2952,0.0194,0.1,0.0,6.2361,True
1790468832.449,64.4,6.1796,0.2952,0.0194,0.1,0.0,6.2396,True
1790468832.499,64.45,6.1831,0.2953,0.0194,0.1,0.0,6.2431,True
1790468832.549,64.5,6.1865,0.2954,0.0194,0.1,0.0,6.2465,True
1790468832.599,64.55,6.19,0.2954,0.0194,0.1,0.0,6.25,True
1790468832.649,64.6,6.1934,0.2955,0.0194,0.1,0.0,6.2534,True
1790468832.699,64.65,6.1969,0.2956,0.0194,0.1,0.0,6.2569,True
1790468832.749,64.7,6.2003,0.2956,0.0194,0.1,0.0,6.2603,True
1790468832.799,64.75,6.2038,0.2957,0.0194,0.1,0.0,6.2638,True
1790468832.849,64.8,6.2072,0.2958,0.0194,0.1,0.0,6.2672,True
1790468832.899,64.85,6.2107,0.2958,0.0194,0.1,0.0,6.2707,True
1790468832.949,64.9,6.2142,0.2959,0.0194,0.1,0.0,6.2742,True
1790468832.999,64.95,6.2176,0.296,0.0194,0.1,0.0,6.2776,True
1790468833.049,65.0,6.2211,0.296,0.0194,0.1,0.0,6.2811,True
1790468833.099,65.05,6.2245,0.2961,0.0194,0.1,0.0,6.2845,True
1790468833.149,65.1,6.228,0.2962,0.0194,0.1,0.0,6.288,True
1790468833.199,65.15,6.2314,0.2962,0.0194,0.1,0.0,6.2914,True
1790468833.249,65.2,6.2349,0.2963,0.0194,0.1,0.0,6.2949,True
1790468833.299,65.25,6.2384,0.2964,0.0194,0.1,0.0,6.2984,True
1790468833.349,65.3,6.2418,0.2964,0.0194,0.1,0.0,6.3018,True
1790468833.399,65.35,6.2453,0.2965,0.0194,0.1,0.0,6.3053,True
1790468833.449,65.4,6.2487,0.2966,0.0194,0.1,0.0,6.3087,True
1790468833.499,65.45,6.2522,0.2966,0.0194,0.1,0.0,6.3122,True
1790468833.549,65.5,6.2556,0.2967,0.0194,0.1,0.0,6.3156,True
1790468833.599,65.55,6.2591,0.2968,0.0194,0.1,0.0,6.3191,True
1790468833.649,65.6,6.2626,0.2968,0.0194,0.1,0.0,6.3226,True
1790468833.699,65.65,6.266,0.2969,0.0194,0.1,0.0,6.326,True
1790468833.749,65.7,6.2695,0.297,0.0194,0.1,0.0,6.3295,True
1790468833.799,65.75,6.2729,0.297,0.0194,0.1,0.0,6.3329,True
1790468833.849,65.8,6.2764,0.2971,0.0194,0.1,0.0,6.3364,True
1790468833.899,65.85,6.2798,0.2972,0.0194,0.1,0.0,6.3398,True
1790468833.949,65.9,6.2833,0.2972,0.0194,0.1,0.0,6.3433,True
1790468833.999,65.95,6.2867,0.2973,0.0194,0.1,0.0,6.3467,True
1790468834.049,66.0,6.2902,0.2974,0.0194,0.1,0.0,6.3502,True
1790468834.099,66.05,6.2937,0.2974,0.0194,0.1,0.0,6.3537,True
1790468834.149,66.1,6.2971,0.2975,0.0194,0.1,0.0,6.3571,True
1790468834.199,66.15,6.3006,0.2976,0.0194,0.1,0.0,6.3606,True
1790468834.249,66.2,6.304,0.2977,0.0194,0.1,0.0,6.364,True
1790468834.299,66.25,6.3075,0.2977,0.0194,0.1,0.0,6.3675,True
1790468834.349,66.3,6.3109,0.2978,0.0194,0.1,0.0,6.3709,True
1790468834.399,66.35,6.3144,0.2979,0.0194,0.1,0.0,6.3744,True
1790468834.449,66.4,6.3179,0.2979,0.0194,0.1,0.0,6.3779,True
1790468834.499,66.45,6.3213,0.298,0.0194,0.1,0.0,6.3813,True
1790468834.549,66.5,6.3248,0.2981,0.0194,0.1,0.0,6.3848,True
1790468834.599,66.55,6.3282,0.2981,0.0194,0.1,0.0,6.3882,True
1790468834.649,66.6,6.3317,0.2982,0.0194,0.1,0.0,6.3917,True
1790468834.699,66.65,6.3351,0.2983,0.0194,0.1,0.0,6.3951,True
1790468834.749,66.7,6.3386,0.2983,0.0194,0.1,0.0,6.3986,True
1790468834.799,66.75,6.342,0.2984,0.0194,0.1,0.0,6.402,True
1790468834.849,66.8,6.3455,0.2985,0.0194,0.1,0.0,6.4055,True
1790468834.899,66.85,6.349,0.2985,0.0194,0.1,0.0,6.409,True
1790468834.949,66.9,6.3524,0.2986,0.0194,0.1,0.0,6.4124,True
1790468834.999,66.95,6.3559,0.2987,0.0194,0.1,0.0,6.4159,True
1790468835.049,67.0,6.3593,0.2987,0.0194,0.1,0.0,6.4193,True
1790468835.099,67.05,6.3628,0.2988,0.0194,0.1,0.0,6.4228,True
1790468835.149,67.1,6.3662,0.2989,0.0194,0.1,0.0,6.4262,True
1790468835.199,67.15,6.3697,0.2989,0.0194,0.1,0.0,6.4297,True
1790468835.249,67.2,6.3732,0.299,0.0194,0.1,0.0,6.4332,True
1790468835.299,67.25,6.3766,0.2991,0.0194,0.1,0.0,6.4366,True
1790468835.349,67.3,6.3801,0.2991,0.0194,0.1,0.0,6.4401,True
1790468835.399,67.35,6.3835,0.2992,0.0194,0.1,0.0,6.4435,True
1790468835.449,67.4,6.387,0.2993,0.0194,0.1,0.0,6.447,True
1790468835.499,67.45,6.3904,0.2993,0.0194,0.1,0.0,6.4504,True
1790468835.549,67.5,6.3939,0.2994,0.0194,0.1,0.0,6.4539,True
1790468835.599,67.55,6.3973,0.2995,0.0194,0.1,0.0,6.4573,True
1790468835.649,67.6,6.4008,0.2995,0.0194,0.1,0.0,6.4608,True
1790468835.699,67.65,6.4043,0.2996,0.0194,0.1,0.0,6.4643,True
1790468835.749,67.7,6.4077,0.2997,0.0194,0.1,0.0,6.4677,True
1790468835.799,67.75,6.4112,0.2997,0.0194,0.1,0.0,6.4712,True
1790468835.849,67.8,6.4146,0.2998,0.0194,0.1,0.0,6.4746,True
1790468835.899,67.85,6.4181,0.2999,0.0194,0.1,0.0,6.4781,True
1790468835.949,67.9,6.4215,0.2999,0.0194,0.1,0.0,6.4815,True
1790468835.999,67.95,6.425,0.3,0.0194,0.1,0.0,6.485,True
1790468836.049,68.0,6.4285,0.3001,0.0194,0.1,0.0,6.4885,True
1790468836.099,68.05,6.4319,0.3001,0.0194,0.1,0.0,6.4919,True
1790468836.149,68.1,6.4354,0.3002,0.0194,0.1,0.0,6.4954,True
1790468836.199,68.15,6.4388,0.3003,0.0194,0.1,0.0,6.4988,True
1790468836.249,68.2,6.4423,0.3003,0.0194,0.1,0.0,6.5023,True
1790468836.299,68.25,6.4457,0.3004,0.0194,0.1,0.0,6.5057,True
1790468836.349,68.3,6.4492,0.3005,0.0194,0.1,0.0,6.5092,True
1790468836.399,68.35,6.4527,0.3005,0.0194,0.1,0.0,6.5127,True
1790468836.449,68.4,6.4561,0.3006,0.0194,0.1,-0.0,6.5161,True
1790468836.499,68.45,6.4596,0.3007,0.0194,0.1,0.0,6.5196,True
1790468836.549,68.5,6.463,0.3007,0.0194,0.1,0.0,6.523,True
1790468836.599,68.55,6.4665,0.3008,0.0194,0.1,0.0,6.5265,True
1790468836.649,68.6,6.4699,0.3009,0.0194,0.1,0.0,6.5299,True
1790468836.699,68.65,6.4734,0.3009,0.0194,0.1,0.0,6.5334,True
1790468836.749,68.7,6.4768,0.301,0.0194,0.1,0.0,6.5368,True
1790468836.799,68.75,6.4803,0.3011,0.0194,0.099,-0.02,6.5403,True
1790468836.849,68.8,6.4838,0.3011,0.0194,0.1,0.0,6.5438,True
1790468836.899,68.85,6.4872,0.3012,0.0194,0.1,0.0,6.5472,True
1790468836.949,68.9,6.4907,0.3013,0.0194,0.1,0.0,6.5507,True
1790468836.999,68.95,6.4941,0.3013,0.0194,0.1,0.0,6.5541,True
1790468837.049,69.0,6.4976,0.3014,0.0194,0.1,0.0,6.5576,True
1790468837.099,69.05,6.501,0.3015,0.0194,0.098,-0.03,6.561,True
1790468837.149,69.1,6.5045,0.3015,0.0194,0.1,0.0,6.5645,True
1790468837.199,69.15,6.508,0.3016,0.0194,0.1,0.0,6.568,True
1790468837.249,69.2,6.5114,0.3017,0.0194,0.1,0.0,6.5714,True
1790468837.299,69.25,6.5149,0.3017,0.0194,0.1,0.0,6.5749,True
1790468837.349,69.3,6.5183,0.3018,0.0194,0.1,0.0,6.5783,True
1790468837.399,69.35,6.5218,0.3019,0.0194,0.1,0.0,6.5818,True
1790468837.449,69.4,6.5252,0.3019,0.0194,0.097,-0.04,6.5852,True
1790468837.499,69.45,6.5287,0.302,0.0194,0.1,0.0,6.5887,True
1790468837.549,69.5,6.5321,0.3021,0.0194,0.1,0.0,6.5921,True
1790468837.599,69.55,6.5356,0.3021,0.0194,0.1,0.0,6.5956,True
1790468837.649,69.6,6.5391,0.3022,0.0194,0.1,0.0,6.5991,True
1790468837.699,69.65,6.5425,0.3023,0.0194,0.1,0.0,6.6025,True
1790468837.749,69.7,6.546,0.3023,0.0194,0.097,-0.05,6.606,True
1790468837.799,69.75,6.5494,0.3024,0.0194,0.1,0.0,6.6094,True
1790468837.849,69.8,6.5529,0.3025,0.0194,0.1,0.0,6.6129,True
1790468837.899,69.85,6.5563,0.3026,0.0194,0.1,0.0,6.6163,True
1790468837.949,69.9,6.5598,0.3026,0.0194,0.1,0.0,6.6198,True
1790468837.999,69.95,6.5633,0.3027,0.0194,0.1,0.0,6.6233,True
1790468838.049,70.0,6.5667,0.3028,0.0194,0.1,0.0,6.6267,True
1790468838.099,70.05,6.5702,0.3028,0.0194,0.097,-0.05,6.6302,True
1790468838.149,70.1,6.5736,0.3029,0.0194,0.1,0.0,6.6336,True
1790468838.199,70.15,6.5771,0.303,0.0194,0.1,0.0,6.6371,True
1790468838.249,70.2,6.5805,0.303,0.0194,0.1,0.0,6.6405,True
1790468838.299,70.25,6.584,0.3031,0.0194,0.1,0.0,6.644,True
1790468838.349,70.3,6.5874,0.3032,0.0194,0.1,0.0,6.6474,True
1790468838.399,70.35,6.5909,0.3032,0.0194,0.098,-0.03,6.6509,True
1790468838.449,70.4,6.5944,0.3033,0.0194,0.1,0.0,6.6544,True
1790468838.499,70.45,6.5978,0.3034,0.0194,0.1,0.0,6.6578,True
1790468838.549,70.5,6.6013,0.3034,0.0194,0.1,0.0,6.6613,True
1790468838.599,70.55,6.6047,0.3035,0.0194,0.1,0.0,6.6647,True
1790468838.649,70.6,6.6082,0.3036,0.0194,0.1,0.0,6.6682,True
1790468838.699,70.65,6.6116,0.3036,0.0194,0.1,0.0,6.6716,True
1790468838.749,70.7,6.6151,0.3037,0.0194,0.099,-0.02,6.6751,True
1790468838.799,70.75,6.6186,0.3038,0.0194,0.1,0.0,6.6786,True
1790468838.849,70.8,6.622,0.3038,0.0194,0.1,0.0,6.682,True
1790468838.899,70.85,6.6255,0.3039,0.0194,0.1,0.0,6.6855,True
1790468838.949,70.9,6.6289,0.304,0.0194,0.1,0.0,6.6889,True
1790468838.999,70.95,6.6324,0.304,0.0194,0.1,0.0,6.6924,True
1790468839.049,71.0,6.6358,0.3041,0.0194,0.099,-0.01,6.6958,True
1790468839.099,71.05,6.6393,0.3042,0.0194,0.1,0.0,6.6993,True
1790468839.149,71.1,6.6428,0.3042,0.0194,0.1,0.0,6.7028,True
1790468839.199,71.15,6.6462,0.3043,0.0194,0.1,0.0,6.7062,True
1790468839.249,71.2,6.6497,0.3044,0.0194,0.1,0.0,6.7097,True
1790468839.299,71.25,6.6531,0.3044,0.0194,0.1,0.0,6.7131,True
1790468839.349,71.3,6.6566,0.3045,0.0194,0.1,0.0,6.7166,True
1790468839.399,71.35,6.66,0.3046,0.0194,0.1,-0.0,6.72,True
1790468839.449,71.4,6.6635,0.3046,0.0194,0.1,0.0,6.7235,True
1790468839.499,71.45,6.6669,0.3047,0.0194,0.1,0.0,6.7269,True
1790468839.549,71.5,6.6704,0.3048,0.0194,0.1,0.0,6.7304,True
1790468839.599,71.55,6.6739,0.3048,0.0194,0.1,0.0,6.7339,True
1790468839.649,71.6,6.6773,0.3049,0.0194,0.1,0.0,6.7373,True
1790468839.699,71.65,6.6808,0.305,0.0194,0.1,0.0,6.7408,True
1790468839.749,71.7,6.6842,0.305,0.0194,0.1,0.0,6.7442,True
1790468839.799,71.75,6.6877,0.3051,0.0194,0.1,0.0,6.7477,True
1790468839.849,71.8,6.6911,0.3052,0.0194,0.1,0.0,6.7511,True
1790468839.899,71.85,6.6946,0.3052,0.0194,0.1,0.0,6.7546,True
1790468839.949,71.9,6.6981,0.3053,0.0194,0.1,0.0,6.7581,True
1790468839.999,71.95,6.7015,0.3054,0.0194,0.1,0.0,6.7615,True
1790468840.049,72.0,6.705,0.3054,0.0194,0.1,0.0,6.765,True
1790468840.099,72.05,6.7084,0.3055,0.0194,0.1,0.0,6.7684,True
1790468840.149,72.1,6.7119,0.3056,0.0194,0.1,0.0,6.7719,True
1790468840.199,72.15,6.7153,0.3056,0.0194,0.1,0.0,6.7753,True
1790468840.249,72.2,6.7188,0.3057,0.0194,0.1,0.0,6.7788,True
1790468840.299,72.25,6.7222,0.3058,0.0194,0.1,0.0,6.7822,True
1790468840.349,72.3,6.7257,0.3058,0.0194,0.1,0.0,6.7857,True
1790468840.399,72.35,6.7292,0.3059,0.0194,0.1,0.0,6.7892,True
1790468840.449,72.4,6.7326,0.306,0.0194,0.1,0.0,6.7926,True
1790468840.499,72.45,6.7361,0.306,0.0194,0.1,0.0,6.7961,True
1790468840.549,72.5,6.7395,0.3061,0.0194,0.1,0.0,6.7995,True
1790468840.599,72.55,6.743,0.3062,0.0194,0.1,0.0,6.803,True
1790468840.649,72.6,6.7464,0.3062,0.0194,0.1,0.0,6.8064,True
1790468840.699,72.65,6.7499,0.3063,0.0194,0.1,0.0,6.8099,True
1790468840.749,72.7,6.7534,0.3064,0.0194,0.1,0.0,6.8134,True
1790468840.799,72.75,6.7568,0.3064,0.0194,0.1,0.0,6.8168,True
1790468840.849,72.8,6.7603,0.3065,0.0194,0.1,0.0,6.8203,True
1790468840.899,72.85,6.7637,0.3066,0.0194,0.1,0.0,6.8237,True
1790468840.949,72.9,6.7672,0.3066,0.0194,0.1,0.0,6.8272,True
1790468840.999,72.95,6.7706,0.3067,0.0194,0.1,0.0,6.8306,True
1790468841.049,73.0,6.7741,0.3068,0.0194,0.1,0.0,6.8341,True
1790468841.099,73.05,6.7776,0.3068,0.0194,0.1,0.0,6.8376,True
1790468841.149,73.1,6.781,0.3069,0.0194,0.1,0.0,6.841,True
1790468841.199,73.15,6.7845,0.307,0.0194,0.1,0.0,6.8445,True
1790468841.249,73.2,6.7879,0.307,0.0194,0.1,0.0,6.8479,True
1790468841.299,73.25,6.7914,0.3071,0.0194,0.1,0.0,6.8514,True
1790468841.349,73.3,6.7948,0.3072,0.0194,0.1,0.0,6.8548,True
1790468841.399,73.35,6.7983,0.3072,0.0194,0.1,0.0,6.8583,True
1790468841.449,73.4,6.8017,0.3073,0.0194,0.1,0.0,6.8617,True
1790468841.499,73.45,6.8052,0.3074,0.0194,0.1,0.0,6.8652,True
1790468841.549,73.5,6.8087,0.3074,0.0194,0.1,0.0,6.8687,True
1790468841.599,73.55,6.8121,0.3075,0.0194,0.1,0.0,6.8721,True
1790468841.649,73.6,6.8156,0.3076,0.0194,0.1,0.0,6.8756,True
1790468841.699,73.65,6.819,0.3077,0.0194,0.1,0.0,6.879,True
1790468841.749,73.7,6.8225,0.3077,0.0194,0.1,0.0,6.8825,True
1790468841.799,73.75,6.8259,0.3078,0.0194,0.1,0.0,6.8859,True
1790468841.849,73.8,6.8294,0.3079,0.0194,0.1,0.0,6.8894,True
1790468841.899,73.85,6.8329,0.3079,0.0194,0.1,0.0,6.8929,True
1790468841.949,73.9,6.8363,0.308,0.0194,0.1,0.0,6.8963,True
1790468841.999,73.95,6.8398,0.3081,0.0194,0.1,0.0,6.8998,True
1790468842.049,74.0,6.8432,0.3081,0.0194,0.1,0.0,6.9032,True
1790468842.099,74.05,6.8467,0.3082,0.0194,0.1,0.0,6.9067,True
1790468842.149,74.1,6.8501,0.3083,0.0194,0.1,0.0,6.9101,True
1790468842.199,74.15,6.8536,0.3083,0.0194,0.1,0.0,6.9136,True
1790468842.249,74.2,6.857,0.3084,0.0194,0.1,0.0,6.917,True
1790468842.299,74.25,6.8605,0.3085,0.0194,0.1,0.0,6.9205,True
1790468842.349,74.3,6.864,0.3085,0.0194,0.1,0.0,6.924,True
1790468842.399,74.35,6.8674,0.3086,0.0194,0.1,0.0,6.9274,True
1790468842.449,74.4,6.8709,0.3087,0.0194,0.1,0.0,6.9309,True
1790468842.499,74.45,6.8743,0.3087,0.0194,0.1,0.0,6.9343,True
1790468842.549,74.5,6.8778,0.3088,0.0194,0.1,0.0,6.9378,True
1790468842.599,74.55,6.8812,0.3089,0.0194,0.1,0.0,6.9412,True
1790468842.649,74.6,6.8847,0.3089,0.0194,0.1,0.0,6.9447,True
1790468842.699,74.65,6.8882,0.309,0.0194,0.1,0.0,6.9482,True
1790468842.749,74.7,6.8916,0.3091,0.0194,0.1,0.0,6.9516,True
1790468842.799,74.75,6.8951,0.3091,0.0194,0.1,0.0,6.9551,True
1790468842.849,74.8,6.8985,0.3092,0.0194,0.1,0.0,6.9585,True
1790468842.899,74.85,6.902,0.3093,0.0194,0.1,0.0,6.962,True
1790468842.949,74.9,6.9054,0.3093,0.0194,0.1,0.0,6.9654,True
1790468842.999,74.95,6.9089,0.3094,0.0194,0.1,0.0,6.9689,True
1790468843.049,75.0,6.9123,0.3095,0.0194,0.1,0.0,6.9723,True
1790468843.099,75.05,6.9158,0.3095,0.0194,0.1,0.0,6.9758,True
1790468843.149,75.1,6.9193,0.3096,0.0194,0.1,0.0,6.9793,True
1790468843.199,75.15,6.9227,0.3097,0.0194,0.1,0.0,6.9827,True
1790468843.249,75.2,6.9262,0.3097,0.0194,0.1,0.0,6.9862,True
1790468843.299,75.25,6.9296,0.3098,0.0194,0.1,0.0,6.9896,True
1790468843.349,75.3,6.9331,0.3099,0.0194,0.1,0.0,6.9931,True
1790468843.399,75.35,6.9365,0.3099,0.0194,0.1,0.0,6.9965,True
1790468843.449,75.4,6.94,0.31,0.0194,0.1,0.0,7.0,True
1790468843.499,75.45,6.9426,0.3098,-0.064,0.1,0.0,7.0026,True
1790468843.549,75.5,6.9452,0.3097,-0.064,0.1,0.0,7.0052,True
1790468843.599,75.55,6.9478,0.3095,-0.064,0.1,0.0,7.0078,True
1790468843.649,75.6,6.9504,0.3093,-0.064,0.1,0.0,7.0104,True
1790468843.699,75.65,6.953,0.3092,-0.064,0.1,0.0,7.013,True
1790468843.749,75.7,6.9556,0.309,-0.064,0.06,-0.04,7.0156,True
1790468843.799,75.75,6.9582,0.3088,-0.064,0.1,0.0,7.0182,True
1790468843.849,75.8,6.9608,0.3087,-0.064,0.1,0.0,7.0208,True
1790468843.899,75.85,6.9634,0.3085,-0.064,0.1,0.0,7.0234,True
1790468843.949,75.9,6.966,0.3083,-0.064,0.1,0.0,7.026,True
1790468843.999,75.95,6.9686,0.3082,-0.064,0.1,0.0,7.0286,True
1790468844.049,76.0,6.9712,0.308,-0.064,0.1,0.0,7.0312,True
1790468844.099,76.05,6.9738,0.3078,-0.064,0.06,-0.05,7.0338,True
1790468844.149,76.1,6.9764,0.3077,-0.064,0.1,0.0,7.0364,True
1790468844.199,76.15,6.979,0.3075,-0.064,0.1,0.0,7.039,True
1790468844.249,76.2,6.9816,0.3073,-0.064,0.1,0.0,7.0416,True
1790468844.299,76.25,6.9842,0.3072,-0.064,0.1,0.0,7.0442,True
1790468844.349,76.3,6.9868,0.307,-0.064,0.1,0.0,7.0468,True
1790468844.399,76.35,6.9894,0.3068,-0.064,0.1,0.0,7.0494,True
1790468844.449,76.4,6.992,0.3067,-0.064,0.06,-0.05,7.052,True
1790468844.499,76.45,6.9946,0.3065,-0.064,0.1,0.0,7.0546,True
1790468844.549,76.5,6.9972,0.3063,-0.064,0.1,0.0,7.0572,True
1790468844.599,76.55,6.9998,0.3062,-0.064,0.1,0.0,7.0598,True
1790468844.649,76.6,7.0024,0.306,-0.064,0.1,0.0,7.0624,True
1790468844.699,76.65,7.005,0.3058,-0.064,0.1,0.0,7.065,True
1790468844.749,76.7,7.0076,0.3057,-0.064,0.06,-0.04,7.0676,True
1790468844.799,76.75,7.0102,0.3055,-0.064,0.1,0.0,7.0702,True
1790468844.849,76.8,7.0128,0.3053,-0.064,0.1,0.0,7.0728,True
1790468844.899,76.85,7.0154,0.3052,-0.064,0.1,0.0,7.0754,True
1790468844.949,76.9,7.018,0.305,-0.064,0.1,0.0,7.078,True
1790468844.999,76.95,7.0206,0.3048,-0.064,0.1,0.0,7.0806,True
1790468845.049,77.0,7.0232,0.3047,-0.064,0.06,-0.03,7.0832,True
1790468845.099,77.05,7.0258,0.3045,-0.064,0.1,0.0,7.0858,True
1790468845.149,77.1,7.0284,0.3043,-0.064,0.1,0.0,7.0884,True
1790468845.199,77.15,7.031,0.3042,-0.064,0.1,0.0,7.091,True
1790468845.249,77.2,7.0336,0.304,-0.064,0.1,0.0,7.0936,True
1790468845.299,77.25,7.0362,0.3038,-0.064,0.1,0.0,7.0962,True
1790468845.349,77.3,7.0388,0.3037,-0.064,0.1,0.0,7.0988,True
1790468845.399,77.35,7.0414,0.3035,-0.064,0.06,-0.02,7.1014,True
1790468845.449,77.4,7.044,0.3033,-0.064,0.1,0.0,7.104,True
1790468845.499,77.45,7.0466,0.3032,-0.064,0.1,0.0,7.1066,True
1790468845.549,77.5,7.0492,0.303,-0.064,0.1,0.0,7.1092,True
1790468845.599,77.55,7.0518,0.3028,-0.064,0.1,0.0,7.1118,True
1790468845.649,77.6,7.0544,0.3027,-0.064,0.1,0.0,7.1144,True
1790468845.699,77.65,7.057,0.3025,-0.064,0.1,0.0,7.117,True
1790468845.749,77.7,7.0596,0.3023,-0.064,0.1,0.0,7.1196,True
1790468845.799,77.75,7.0622,0.3022,-0.064,0.1,0.0,7.1222,True
1790468845.849,77.8,7.0648,0.302,-0.064,0.1,0.0,7.1248,True
1790468845.899,77.85,7.0674,0.3018,-0.064,0.1,0.0,7.1274,True
1790468845.949,77.9,7.07,0.3017,-0.064,0.1,0.0,7.13,True
1790468845.999,77.95,7.0726,0.3015,-0.064,0.1,0.0,7.1326,True
1790468846.049,78.0,7.0752,0.3013,-0.064,0.1,0.0,7.1352,True
1790468846.099,78.05,7.0778,0.3012,-0.064,0.1,0.0,7.1378,True
1790468846.149,78.1,7.0804,0.301,-0.064,0.1,0.0,7.1404,True
1790468846.199,78.15,7.083,0.3008,-0.064,0.1,0.0,7.143,True
1790468846.249,78.2,7.0856,0.3007,-0.064,0.1,0.0,7.1456,True
1790468846.299,78.25,7.0882,0.3005,-0.064,0.1,0.0,7.1482,True
1790468846.349,78.3,7.0908,0.3003,-0.064,0.1,0.0,7.1508,True
1790468846.399,78.35,7.0934,0.3002,-0.064,0.1,0.0,7.1534,True
1790468846.449,78.4,7.096,0.3,-0.064,0.1,0.0,7.156,True
1790468846.499,78.45,7.0986,0.2998,-0.064,0.06,-0.01,7.1586,True
1790468846.549,78.5,7.1012,0.2997,-0.064,0.1,0.0,7.1612,True
1790468846.599,78.55,7.1038,0.2995,-0.064,0.1,0.0,7.1638,True
1790468846.649,78.6,7.1064,0.2993,-0.064,0.1,0.0,7.1664,True
1790468846.699,78.65,7.109,0.2992,-0.064,0.1,0.0,7.169,True
1790468846.749,78.7,7.1116,0.299,-0.064,0.1,0.0,7.1716,True
1790468846.799,78.75,7.1142,0.2988,-0.064,0.1,0.0,7.1742,True
1790468846.849,78.8,7.1168,0.2987,-0.064,0.1,0.0,7.1768,True
1790468846.899,78.85,7.1194,0.2985,-0.064,0.1,0.0,7.1794,True
1790468846.949,78.9,7.122,0.2983,-0.064,0.1,0.0,7.182,True
1790468846.999,78.95,7.1246,0.2982,-0.064,0.1,0.0,7.1846,True
1790468847.049,79.0,7.1272,0.298,-0.064,0.1,0.0,7.1872,True
1790468847.099,79.05,7.1298,0.2978,-0.064,0.1,0.0,7.1898,True
1790468847.149,79.1,7.1324,0.2977,-0.064,0.1,0.0,7.1924,True
1790468847.199,79.15,7.135,0.2975,-0.064,0.1,0.0,7.195,True
1790468847.249,79.2,7.1376,0.2973,-0.064,0.1,0.0,7.1976,True
1790468847.299,79.25,7.1402,0.2972,-0.064,0.1,0.0,7.2002,True
1790468847.349,79.3,7.1428,0.297,-0.064,0.1,0.0,7.2028,True
1790468847.399,79.35,7.1454,0.2968,-0.064,0.1,0.0,7.2054,True
1790468847.449,79.4,7.148,0.2967,-0.064,0.1,0.0,7.208,True
1790468847.499,79.45,7.1506,0.2965,-0.064,0.1,0.0,7.2106,True
1790468847.549,79.5,7.1532,0.2963,-0.064,0.1,0.0,7.2132,True
1790468847.599,79.55,7.1558,0.2962,-0.064,0.1,0.0,7.2158,True
1790468847.649,79.6,7.1584,0.296,-0.064,0.1,0.0,7.2184,True
1790468847.699,79.65,7.161,0.2958,-0.064,0.1,0.0,7.221,True
1790468847.749,79.7,7.1636,0.2957,-0.064,0.1,0.0,7.2236,True
1790468847.799,79.75,7.1662,0.2955,-0.064,0.06,-0.0,7.2262,True
1790468847.849,79.8,7.1688,0.2953,-0.064,0.1,0.0,7.2288,True
1790468847.899,79.85,7.1714,0.2952,-0.064,0.1,0.0,7.2314,True
1790468847.949,79.9,7.174,0.295,-0.064,0.1,0.0,7.234,True
1790468847.999,79.95,7.1766,0.2948,-0.064,0.1,0.0,7.2366,True
1790468848.049,80.0,7.1792,0.2947,-0.064,0.1,0.0,7.2392,True
1790468848.099,80.05,7.1818,0.2945,-0.064,0.1,0.0,7.2418,True
1790468848.149,80.1,7.1844,0.2943,-0.064,0.1,0.0,7.2444,True
1790468848.199,80.15,7.187,0.2942,-0.064,0.1,0.0,7.247,True
1790468848.249,80.2,7.1896,0.294,-0.064,0.1,0.0,7.2496,True
1790468848.299,80.25,7.1922,0.2938,-0.064,0.1,0.0,7.2522,True
1790468848.349,80.3,7.1948,0.2937,-0.064,0.1,0.0,7.2548,True
1790468848.399,80.35,7.1974,0.2935,-0.064,0.1,0.0,7.2574,True
1790468848.449,80.4,7.2,0.2933,-0.064,0.1,0.0,7.26,True
1790468848.499,80.45,7.2026,0.2932,-0.064,0.1,0.0,7.2626,True
1790468848.549,80.5,7.2052,0.293,-0.064,0.1,0.0,7.2652,True
1790468848.599,80.55,7.2078,0.2928,-0.064,0.1,0.0,7.2678,True
1790468848.649,80.6,7.2104,0.2927,-0.064,0.1,0.0,7.2704,True
1790468848.699,80.65,7.213,0.2925,-0.064,0.1,0.0,7.273,True
1790468848.749,80.7,7.2156,0.2923,-0.064,0.1,0.0,7.2756,True
1790468848.799,80.75,7.2182,0.2922,-0.064,0.1,0.0,7.2782,True
1790468848.849,80.8,7.2208,0.292,-0.064,0.1,0.0,7.2808,True
1790468848.899,80.85,7.2234,0.2918,-0.064,0.1,0.0,7.2834,True
1790468848.949,80.9,7.226,0.2917,-0.064,0.1,0.0,7.286,True
1790468848.999,80.95,7.2286,0.2915,-0.064,0.1,0.0,7.2886,True
1790468849.049,81.0,7.2312,0.2913,-0.064,0.1,0.0,7.2912,True
1790468849.099,81.05,7.2338,0.2912,-0.064,0.1,0.0,7.2938,True
1790468849.149,81.1,7.2364,0.291,-0.064,0.1,0.0,7.2964,True
1790468849.199,81.15,7.239,0.2908,-0.064,0.1,0.0,7.299,True
1790468849.249,81.2,7.2416,0.2907,-0.064,0.1,0.0,7.3016,True
1790468849.299,81.25,7.2442,0.2905,-0.064,0.1,0.0,7.3042,True
1790468849.349,81.3,7.2468,0.2903,-0.064,0.1,0.0,7.3068,True
1790468849.399,81.35,7.2494,0.2902,-0.064,0.1,0.0,7.3094,True
1790468849.449,81.4,7.252,0.29,-0.064,0.1,0.0,7.312,True
1790468849.499,81.45,7.2546,0.2898,-0.064,0.1,0.0,7.3146,True
1790468849.549,81.5,7.2572,0.2897,-0.064,0.1,0.0,7.3172,True
1790468849.599,81.55,7.2598,0.2895,-0.064,0.1,0.0,7.3198,True
1790468849.649,81.6,7.2624,0.2893,-0.064,0.1,0.0,7.3224,True
1790468849.699,81.65,7.265,0.2892,-0.064,0.1,0.0,7.325,True
1790468849.749,81.7,7.2676,0.289,-0.064,0.1,0.0,7.3276,True
1790468849.799,81.75,7.2702,0.2888,-0.064,0.1,0.0,7.3302,True
1790468849.849,81.8,7.2728,0.2887,-0.064,0.1,0.0,7.3328,True
1790468849.899,81.85,7.2754,0.2885,-0.064,0.1,0.0,7.3354,True
1790468849.949,81.9,7.278,0.2883,-0.064,0.1,0.0,7.338,True
1790468849.999,81.95,7.2806,0.2882,-0.064,0.1,0.0,7.3406,True
1790468850.049,82.0,7.2832,0.288,-0.064,0.1,0.0,7.3432,True
1790468850.099,82.05,7.2858,0.2878,-0.064,0.1,0.0,7.3458,True
1790468850.149,82.1,7.2884,0.2877,-0.064,0.1,0.0,7.3484,True
1790468850.199,82.15,7.291,0.2875,-0.064,0.1,0.0,7.351,True
1790468850.249,82.2,7.2936,0.2873,-0.064,0.1,0.0,7.3536,True
1790468850.299,82.25,7.2962,0.2872,-0.064,0.1,0.0,7.3562,True
1790468850.349,82.3,7.2988,0.287,-0.064,0.1,0.0,7.3588,True
1790468850.399,82.35,7.3014,0.2868,-0.064,0.1,0.0,7.3614,True
1790468850.449,82.4,7.304,0.2867,-0.064,0.1,0.0,7.364,True
1790468850.499,82.45,7.3066,0.2865,-0.064,0.1,0.0,7.3666,True
1790468850.549,82.5,7.3092,0.2863,-0.064,0.1,0.0,7.3692,True
1790468850.599,82.55,7.3118,0.2862,-0.064,0.1,0.0,7.3718,True
1790468850.649,82.6,7.3144,0.286,-0.064,0.1,0.0,7.3744,True
1790468850.699,82.65,7.317,0.2858,-0.064,0.1,0.0,7.377,True
1790468850.749,82.7,7.3196,0.2857,-0.064,0.1,0.0,7.3796,True
1790468850.799,82.75,7.3222,0.2855,-0.064,0.1,0.0,7.3822,True
1790468850.849,82.8,7.3248,0.2853,-0.064,0.1,0.0,7.3848,True
1790468850.899,82.85,7.3274,0.2852,-0.064,0.1,0.0,7.3874,True
1790468850.949,82.9,7.33,0.285,-0.064,0.1,0.0,7.39,True
1790468850.999,82.95,7.3326,0.2848,-0.064,0.1,0.0,7.3926,True
1790468851.049,83.0,7.3352,0.2847,-0.064,0.1,0.0,7.3952,True
1790468851.099,83.05,7.3378,0.2845,-0.064,0.1,0.0,7.3978,True
1790468851.149,83.1,7.3404,0.2843,-0.064,0.1,0.0,7.4004,True
1790468851.199,83.15,7.343,0.2842,-0.064,0.1,0.0,7.403,True
1790468851.249,83.2,7.3456,0.284,-0.064,0.1,0.0,7.4056,True
1790468851.299,83.25,7.3482,0.2838,-0.064,0.06,-0.0,7.4082,True
1790468851.349,83.3,7.3508,0.2837,-0.064,0.1,0.0,7.4108,True
1790468851.399,83.35,7.3534,0.2835,-0.064,0.1,0.0,7.4134,True
1790468851.449,83.4,7.356,0.2833,-0.064,0.1,0.0,7.416,True
1790468851.499,83.45,7.3586,0.2832,-0.064,0.1,0.0,7.4186,True
1790468851.549,83.5,7.3612,0.283,-0.064,0.1,0.0,7.4212,True
1790468851.599,83.55,7.3638,0.2828,-0.064,0.1,0.0,7.4238,True
1790468851.649,83.6,7.3664,0.2827,-0.064,0.1,0.0,7.4264,True
1790468851.699,83.65,7.369,0.2825,-0.064,0.1,0.0,7.429,True
1790468851.749,83.7,7.3716,0.2823,-0.064,0.1,0.0,7.4316,True
1790468851.799,83.75,7.3742,0.2822,-0.064,0.1,0.0,7.4342,True
1790468851.849,83.8,7.3768,0.282,-0.064,0.1,0.0,7.4368,True
1790468851.899,83.85,7.3794,0.2818,-0.064,0.1,0.0,7.4394,True
1790468851.949,83.9,7.382,0.2817,-0.064,0.1,0.0,7.442,True
1790468851.999,83.95,7.3846,0.2815,-0.064,0.06,-0.0,7.4446,True
1790468852.049,84.0,7.3872,0.2813,-0.064,0.1,0.0,7.4472,True
1790468852.099,84.05,7.3898,0.2812,-0.064,0.1,0.0,7.4498,True
1790468852.149,84.1,7.3924,0.281,-0.064,0.1,0.0,7.4524,True
1790468852.199,84.15,7.395,0.2808,-0.064,0.1,0.0,7.455,True
1790468852.249,84.2,7.3976,0.2807,-0.064,0.1,0.0,7.4576,True
1790468852.299,84.25,7.4002,0.2805,-0.064,0.1,0.0,7.4602,True
1790468852.349,84.3,7.4028,0.2803,-0.064,0.1,0.0,7.4628,True
1790468852.399,84.35,7.4054,0.2802,-0.064,0.1,0.0,7.4654,True
1790468852.449,84.4,7.408,0.28,-0.064,0.1,0.0,7.468,True
1790468852.499,84.45,7.4106,0.2798,-0.064,0.1,0.0,7.4706,True
1790468852.549,84.5,7.4132,0.2797,-0.064,0.1,0.0,7.4732,True
1790468852.599,84.55,7.4158,0.2795,-0.064,0.1,0.0,7.4758,True
1790468852.649,84.6,7.4184,0.2793,-0.064,0.1,0.0,7.4784,True
1790468852.699,84.65,7.421,0.2792,-0.064,0.1,0.0,7.481,True
1790468852.749,84.7,7.4236,0.279,-0.064,0.1,0.0,7.4836,True
1790468852.799,84.75,7.4262,0.2788,-0.064,0.1,0.0,7.4862,True
1790468852.849,84.8,7.4288,0.2787,-0.064,0.1,0.0,7.4888,True
1790468852.899,84.85,7.4314,0.2785,-0.064,0.1,0.0,7.4914,True
1790468852.949,84.9,7.434,0.2783,-0.064,0.1,0.0,7.494,True
1790468852.999,84.95,7.4366,0.2782,-0.064,0.1,0.0,7.4966,True
1790468853.049,85.0,7.4392,0.278,-0.064,0.1,0.0,7.4992,True
1790468853.099,85.05,7.4418,0.2778,-0.064,0.1,0.0,7.5018,True
1790468853.149,85.1,7.4444,0.2777,-0.064,0.1,0.0,7.5044,True
1790468853.199,85.15,7.447,0.2775,-0.064,0.1,0.0,7.507,True
1790468853.249,85.2,7.4496,0.2773,-0.064,0.1,0.0,7.5096,True
1790468853.299,85.25,7.4522,0.2772,-0.064,0.1,0.0,7.5122,True
1790468853.349,85.3,7.4548,0.277,-0.064,0.1,0.0,7.5148,True
1790468853.399,85.35,7.4574,0.2768,-0.064,0.1,0.0,7.5174,True
1790468853.449,85.4,7.46,0.2767,-0.064,0.1,0.0,7.52,True
1790468853.499,85.45,7.4626,0.2765,-0.064,0.1,0.0,7.5226,True
1790468853.549,85.5,7.4652,0.2763,-0.064,0.1,0.0,7.5252,True
1790468853.599,85.55,7.4678,0.2762,-0.064,0.1,0.0,7.5278,True
1790468853.649,85.6,7.4704,0.276,-0.064,0.1,0.0,7.5304,True
1790468853.699,85.65,7.473,0.2758,-0.064,0.1,0.0,7.533,True
1790468853.749,85.7,7.4756,0.2757,-0.064,0.1,0.0,7.5356,True
1790468853.799,85.75,7.4782,0.2755,-0.064,0.1,0.0,7.5382,True
1790468853.849,85.8,7.4808,0.2753,-0.064,0.1,0.0,7.5408,True
1790468853.899,85.85,7.4834,0.2752,-0.064,0.1,0.0,7.5434,True
1790468853.949,85.9,7.486,0.275,-0.064,0.1,0.0,7.546,True
1790468853.999,85.95,7.4886,0.2748,-0.064,0.1,0.0,7.5486,True
1790468854.049,86.0,7.4912,0.2747,-0.064,0.1,0.0,7.5512,True
1790468854.099,86.05,7.4938,0.2745,-0.064,0.1,0.0,7.5538,True
1790468854.149,86.1,7.4964,0.2743,-0.064,0.1,0.0,7.5564,True
1790468854.199,86.15,7.499,0.2742,-0.064,0.1,0.0,7.559,True
1790468854.249,86.2,7.5016,0.274,-0.064,0.1,0.0,7.5616,True
1790468854.299,86.25,7.5042,0.2738,-0.064,0.1,0.0,7.5642,True
1790468854.349,86.3,7.5068,0.2737,-0.064,0.1,0.0,7.5668,True
1790468854.399,86.35,7.5094,0.2735,-0.064,0.1,0.0,7.5694,True
1790468854.449,86.4,7.512,0.2733,-0.064,0.1,0.0,7.572,True
1790468854.499,86.45,7.5146,0.2732,-0.064,0.1,0.0,7.5746,True
1790468854.549,86.5,7.5172,0.273,-0.064,0.1,0.0,7.5772,True
1790468854.599,86.55,7.5198,0.2728,-0.064,0.1,0.0,7.5798,True
1790468854.649,86.6,7.5224,0.2727,-0.064,0.1,0.0,7.5824,True
1790468854.699,86.65,7.525,0.2725,-0.064,0.1,0.0,7.585,True
1790468854.749,86.7,7.5276,0.2723,-0.064,0.1,0.0,7.5876,True
1790468854.799,86.75,7.5302,0.2722,-0.064,0.1,0.0,7.5902,True
1790468854.849,86.8,7.5328,0.272,-0.064,0.1,0.0,7.5928,True
1790468854.899,86.85,7.5354,0.2718,-0.064,0.1,0.0,7.5954,True
1790468854.949,86.9,7.538,0.2717,-0.064,0.1,0.0,7.598,True
1790468854.999,86.95,7.5406,0.2715,-0.064,0.1,0.0,7.6006,True
1790468855.049,87.0,7.5432,0.2713,-0.064,0.1,0.0,7.6032,True
1790468855.099,87.05,7.5458,0.2712,-0.064,0.1,0.0,7.6058,True
1790468855.149,87.1,7.5484,0.271,-0.064,0.1,0.0,7.6084,True
1790468855.199,87.15,7.551,0.2708,-0.064,0.1,0.0,7.611,True
1790468855.249,87.2,7.5536,0.2707,-0.064,0.1,0.0,7.6136,True
1790468855.299,87.25,7.5562,0.2705,-0.064,0.1,0.0,7.6162,True
1790468855.349,87.3,7.5588,0.2703,-0.064,0.1,0.0,7.6188,True
1790468855.399,87.35,7.5614,0.2702,-0.064,0.1,0.0,7.6214,True
1790468855.449,87.4,7.564,0.27,-0.064,0.1,0.0,7.624,True
1790468855.499,87.45,7.5666,0.2698,-0.064,0.1,0.0,7.6266,True
1790468855.549,87.5,7.5692,0.2697,-0.064,0.1,0.0,7.6292,True
1790468855.599,87.55,7.5718,0.2695,-0.064,0.1,0.0,7.6318,True
1790468855.649,87.6,7.5744,0.2693,-0.064,0.1,0.0,7.6344,True
1790468855.699,87.65,7.577,0.2692,-0.064,0.1,0.0,7.637,True
1790468855.749,87.7,7.5796,0.269,-0.064,0.1,0.0,7.6396,True
1790468855.799,87.75,7.5822,0.2688,-0.064,0.1,0.0,7.6422,True
1790468855.849,87.8,7.5848,0.2687,-0.064,0.1,0.0,7.6448,True
1790468855.899,87.85,7.5874,0.2685,-0.064,0.1,0.0,7.6474,True
1790468855.949,87.9,7.59,0.2683,-0.064,0.1,0.0,7.65,True
1790468855.999,87.95,7.5926,0.2682,-0.064,0.1,0.0,7.6526,True
1790468856.049,88.0,7.5952,0.268,-0.064,0.1,0.0,7.6552,True
1790468856.099,88.05,7.5978,0.2678,-0.064,0.1,0.0,7.6578,True
1790468856.149,88.1,7.6004,0.2677,-0.064,0.1,0.0,7.6604,True
1790468856.199,88.15,7.603,0.2675,-0.064,0.1,0.0,7.663,True
1790468856.249,88.2,7.6056,0.2673,-0.064,0.1,0.0,7.6656,True
1790468856.299,88.25,7.6082,0.2672,-0.064,0.1,0.0,7.6682,True
1790468856.349,88.3,7.6108,0.267,-0.064,0.1,0.0,7.6708,True
1790468856.399,88.35,7.6134,0.2668,-0.064,0.1,0.0,7.6734,True
1790468856.449,88.4,7.616,0.2667,-0.064,0.1,0.0,7.676,True
1790468856.499,88.45,7.6186,0.2665,-0.064,0.1,0.0,7.6786,True
1790468856.549,88.5,7.6212,0.2663,-0.064,0.1,0.0,7.6812,True
1790468856.599,88.55,7.6238,0.2662,-0.064,0.1,0.0,7.6838,True
1790468856.649,88.6,7.6264,0.266,-0.064,0.1,0.0,7.6864,True
1790468856.699,88.65,7.629,0.2658,-0.064,0.1,0.0,7.689,True
1790468856.749,88.7,7.6316,0.2657,-0.064,0.1,0.0,7.6916,True
1790468856.799,88.75,7.6342,0.2655,-0.064,0.1,0.0,7.6942,True
1790468856.849,88.8,7.6368,0.2653,-0.064,0.06,-0.0,7.6968,True
1790468856.899,88.85,7.6394,0.2652,-0.064,0.1,0.0,7.6994,True
1790468856.949,88.9,7.642,0.265,-0.064,0.1,0.0,7.702,True
1790468856.999,88.95,7.6446,0.2648,-0.064,0.1,0.0,7.7046,True
1790468857.049,89.0,7.6472,0.2647,-0.064,0.1,0.0,7.7072,True
1790468857.099,89.05,7.6498,0.2645,-0.064,0.1,0.0,7.7098,True
1790468857.149,89.1,7.6524,0.2643,-0.064,0.1,0.0,7.7124,True
1790468857.199,89.15,7.655,0.2642,-0.064,0.1,0.0,7.715,True
1790468857.249,89.2,7.6576,0.264,-0.064,0.1,0.0,7.7176,True
1790468857.299,89.25,7.6602,0.2638,-0.064,0.1,0.0,7.7202,True
1790468857.349,89.3,7.6628,0.2637,-0.064,0.1,0.0,7.7228,True
1790468857.399,89.35,7.6654,0.2635,-0.064,0.1,0.0,7.7254,True
1790468857.449,89.4,7.668,0.2633,-0.064,0.1,0.0,7.728,True
1790468857.499,89.45,7.6706,0.2632,-0.064,0.1,0.0,7.7306,True
1790468857.549,89.5,7.6732,0.263,-0.064,0.1,0.0,7.7332,True
1790468857.599,89.55,7.6758,0.2628,-0.064,0.1,0.0,7.7358,True
1790468857.649,89.6,7.6784,0.2627,-0.064,0.1,0.0,7.7384,True
1790468857.699,89.65,7.681,0.2625,-0.064,0.1,0.0,7.741,True
1790468857.749,89.7,7.6836,0.2623,-0.064,0.1,0.0,7.7436,True
1790468857.799,89.75,7.6862,0.2622,-0.064,0.1,0.0,7.7462,True
1790468857.849,89.8,7.6888,0.262,-0.064,0.1,0.0,7.7488,True
1790468857.899,89.85,7.6914,0.2618,-0.064,0.1,0.0,7.7514,True
1790468857.949,89.9,7.694,0.2617,-0.064,0.1,0.0,7.754,True
1790468857.999,89.95,7.6966,0.2615,-0.064,0.1,0.0,7.7566,True
1790468858.049,90.0,7.6992,0.2613,-0.064,0.1,0.0,7.7592,True
1790468858.099,90.05,7.7018,0.2612,-0.064,0.1,0.0,7.7618,True
1790468858.149,90.1,7.7044,0.261,-0.064,0.1,0.0,7.7644,True
1790468858.199,90.15,7.707,0.2608,-0.064,0.1,0.0,7.767,True
1790468858.249,90.2,7.7096,0.2607,-0.064,0.1,0.0,7.7696,True
1790468858.299,90.25,7.7122,0.2605,-0.064,0.1,0.0,7.7722,True
1790468858.349,90.3,7.7148,0.2603,-0.064,0.1,0.0,7.7748,True
1790468858.399,90.35,7.7174,0.2602,-0.064,0.1,0.0,7.7774,True
1790468858.449,90.4,7.72,0.26,-0.064,0.1,0.0,7.78,True
1790468858.499,90.45,7.7227,0.2625,0.7563,0.1,0.0,7.7846,True
1790468858.549,90.5,7.7253,0.265,0.7563,0.1,0.0,7.7892,True
1790468858.599,90.55,7.728,0.2676,0.7563,0.1,0.0,7.7938,True
1790468858.649,90.6,7.7307,0.2701,0.7563,0.1,0.0,7.7984,True
1790468858.699,90.65,7.7333,0.2726,0.7563,0.1,0.0,7.803,True
1790468858.749,90.7,7.736,0.2751,0.7563,0.1,0.0,7.8076,True
1790468858.799,90.75,7.7387,0.2776,0.7563,0.1,0.0,7.8122,True
1790468858.849,90.8,7.7413,0.2801,0.7563,0.1,0.0,7.8168,True
1790468858.899,90.85,7.744,0.2827,0.7563,0.1,0.0,7.8214,True
1790468858.949,90.9,7.7467,0.2852,0.7563,0.1,0.0,7.826,True
1790468858.999,90.95,7.7493,0.2877,0.7563,0.1,0.0,7.8306,True
1790468859.049,91.0,7.752,0.2902,0.7563,0.1,0.0,7.8352,True
1790468859.099,91.05,7.7547,0.2927,0.7563,0.1,0.0,7.8398,True
1790468859.149,91.1,7.7573,0.2952,0.7563,0.1,0.0,7.8444,True
1790468859.199,91.15,7.76,0.2978,0.7563,0.1,0.0,7.849,True
1790468859.249,91.2,7.7627,0.3003,0.7563,0.1,0.0,7.8536,True
1790468859.299,91.25,7.7654,0.3028,0.7563,0.1,0.0,7.8582,True
1790468859.349,91.3,7.768,0.3053,0.7563,0.1,0.0,7.8628,True
1790468859.399,91.35,7.7707,0.3078,0.7563,0.1,0.0,7.8673,True
1790468859.449,91.4,7.7734,0.3103,0.7563,0.1,0.0,7.8719,True
1790468859.499,91.45,7.776,0.3129,0.7563,0.1,0.0,7.8765,True
1790468859.549,91.5,7.7787,0.3154,0.7563,0.1,0.0,7.8811,True
1790468859.599,91.55,7.7814,0.3179,0.7563,0.1,0.0,7.8857,True
1790468859.649,91.6,7.784,0.3204,0.7563,0.1,0.0,7.8903,True
1790468859.699,91.65,7.7867,0.3229,0.7563,0.1,0.0,7.8949,True
1790468859.749,91.7,7.7894,0.3254,0.7563,0.1,0.0,7.8995,True
1790468859.799,91.75,7.792,0.328,0.7563,0.1,0.0,7.9041,True
1790468859.849,91.8,7.7947,0.3305,0.7563,0.1,0.0,7.9087,True
1790468859.899,91.85,7.7974,0.333,0.7563,0.1,0.0,7.9133,True
1790468859.949,91.9,7.8,0.3355,0.7563,0.1,0.0,7.9179,True
1790468859.999,91.95,7.8027,0.338,0.7563,0.1,0.0,7.9225,True
1790468860.049,92.0,7.8054,0.3405,0.7563,0.1,0.0,7.9271,True
1790468860.099,92.05,7.808,0.3431,0.7563,0.1,0.0,7.9317,True
1790468860.149,92.1,7.8107,0.3456,0.7563,0.1,0.0,7.9363,True
1790468860.199,92.15,7.8134,0.3481,0.7563,0.1,0.0,7.9409,True
1790468860.249,92.2,7.816,0.3506,0.7563,0.1,0.0,7.9455,True
1790468860.299,92.25,7.8187,0.3531,0.7563,0.1,0.0,7.9501,True
1790468860.349,92.3,7.8214,0.3556,0.7563,0.1,0.0,7.9547,True
1790468860.399,92.35,7.824,0.3582,0.7563,0.1,0.0,7.9593,True
1790468860.449,92.4,7.8267,0.3607,0.7563,0.1,0.0,7.9639,True
1790468860.499,92.45,7.8294,0.3632,0.7563,0.1,0.0,7.9685,True
1790468860.549,92.5,7.832,0.3657,0.7563,0.1,0.0,7.9731,True
1790468860.599,92.55,7.8347,0.3682,0.7563,0.1,0.0,7.9777,True
1790468860.649,92.6,7.8374,0.3707,0.7563,0.1,0.0,7.9823,True
1790468860.699,92.65,7.8401,0.3733,0.7563,0.1,0.0,7.9869,True
1790468860.749,92.7,7.8427,0.3758,0.7563,0.1,0.0,7.9915,True
1790468860.799,92.75,7.8454,0.3783,0.7563,0.1,0.0,7.9961,True
1790468860.849,92.8,7.8481,0.3808,0.7563,0.1,0.0,8.0007,True
1790468860.899,92.85,7.8507,0.3833,0.7563,0.1,0.0,8.0053,True
1790468860.949,92.9,7.8534,0.3858,0.7563,0.1,0.0,8.0099,True
1790468860.999,92.95,7.8561,0.3884,0.7563,0.1,0.0,8.0145,True
1790468861.049,93.0,7.8587,0.3909,0.7563,0.1,0.0,8.0191,True
1790468861.099,93.05,7.8614,0.3934,0.7563,0.1,0.0,8.0237,True
1790468861.149,93.1,7.8641,0.3959,0.7563,0.1,0.0,8.0283,True
1790468861.199,93.15,7.8667,0.3984,0.7563,0.1,0.0,8.0329,True
1790468861.249,93.2,7.8694,0.4009,0.7563,0.1,0.0,8.0374,True
1790468861.299,93.25,7.8721,0.4035,0.7563,0.1,0.0,8.042,True
1790468861.349,93.3,7.8747,0.406,0.7563,0.1,0.0,8.0466,True
1790468861.399,93.35,7.8774,0.4085,0.7563,0.1,0.0,8.0512,True
1790468861.449,93.4,7.8801,0.411,0.7563,0.1,0.0,8.0558,True
1790468861.499,93.45,7.8827,0.4135,0.7563,0.1,0.0,8.0604,True
1790468861.549,93.5,7.8854,0.416,0.7563,0.1,0.0,8.065,True
1790468861.599,93.55,7.8881,0.4186,0.7563,0.1,0.0,8.0696,True
1790468861.649,93.6,7.8907,0.4211,0.7563,0.1,0.0,8.0742,True
1790468861.699,93.65,7.8934,0.4236,0.7563,0.1,0.0,8.0788,True
1790468861.749,93.7,7.8961,0.4261,0.7563,0.1,0.0,8.0834,True
1790468861.799,93.75,7.8987,0.4286,0.7563,0.1,0.0,8.088,True
1790468861.849,93.8,7.9014,0.4311,0.7563,0.1,0.0,8.0926,True
1790468861.899,93.85,7.9041,0.4337,0.7563,0.1,0.0,8.0972,True
1790468861.949,93.9,7.9067,0.4362,0.7563,0.1,0.0,8.1018,True
1790468861.999,93.95,7.9094,0.4387,0.7563,0.1,0.0,8.1064,True
1790468862.049,94.0,7.9121,0.4412,0.7563,0.1,0.0,8.111,True
1790468862.099,94.05,7.9147,0.4437,0.7563,0.1,0.0,8.1156,True
1790468862.149,94.1,7.9174,0.4462,0.7563,0.1,0.0,8.1202,True
1790468862.199,94.15,7.9201,0.4488,0.7563,0.1,0.0,8.1248,True
1790468862.249,94.2,7.9228,0.4513,0.7563,0.1,0.0,8.1294,True
1790468862.299,94.25,7.9254,0.4538,0.7563,0.1,0.0,8.134,True
1790468862.349,94.3,7.9281,0.4563,0.7563,0.1,0.0,8.1386,True
1790468862.399,94.35,7.9308,0.4588,0.7563,0.1,0.0,8.1432,True
1790468862.449,94.4,7.9334,0.4613,0.7563,0.1,0.0,8.1478,True
1790468862.499,94.45,7.9361,0.4639,0.7563,0.1,0.0,8.1524,True
1790468862.549,94.5,7.9388,0.4664,0.7563,0.1,0.0,8.157,True
1790468862.599,94.55,7.9414,0.4689,0.7563,0.1,0.0,8.1616,True
1790468862.649,94.6,7.9441,0.4714,0.7563,0.1,0.0,8.1662,True
1790468862.699,94.65,7.9468,0.4739,0.7563,0.1,0.0,8.1708,True
1790468862.749,94.7,7.9494,0.4764,0.7563,0.1,0.0,8.1754,True
1790468862.799,94.75,7.9521,0.479,0.7563,0.1,0.0,8.18,True
1790468862.849,94.8,7.9548,0.4815,0.7563,0.1,0.0,8.1846,True
1790468862.899,94.85,7.9574,0.484,0.7563,0.1,0.0,8.1892,True
1790468862.949,94.9,7.9601,0.4865,0.7563,0.1,0.0,8.1938,True
1790468862.999,94.95,7.9628,0.489,0.7563,0.1,0.0,8.1984,True
1790468863.049,95.0,7.9654,0.4915,0.7563,0.1,0.0,8.203,True
1790468863.099,95.05,7.9681,0.4941,0.7563,0.1,0.0,8.2076,True
1790468863.149,95.1,7.9708,0.4966,0.7563,0.1,0.0,8.2121,True
1790468863.199,95.15,7.9734,0.4991,0.7563,0.1,0.0,8.2167,True
1790468863.249,95.2,7.9761,0.5016,0.7563,0.1,0.0,8.2213,True
1790468863.299,95.25,7.9788,0.5041,0.7563,0.1,0.0,8.2259,True
1790468863.349,95.3,7.9814,0.5066,0.7563,0.1,0.0,8.2305,True
1790468863.399,95.35,7.9841,0.5092,0.7563,0.1,0.0,8.2351,True
1790468863.449,95.4,7.9868,0.5117,0.7563,0.1,0.0,8.2397,True
1790468863.499,95.45,7.9894,0.5142,0.7563,0.1,0.0,8.2443,True
1790468863.549,95.5,7.9921,0.5167,0.7563,0.1,0.0,8.2489,True
1790468863.599,95.55,7.9948,0.5192,0.7563,0.1,0.0,8.2535,True
1790468863.649,95.6,7.9974,0.5217,0.7563,0.1,0.0,8.2581,True
1790468863.699,95.65,8.0001,0.5243,0.7563,0.1,0.0,8.2627,True
1790468863.749,95.7,8.0028,0.5268,0.7563,0.1,-0.01,8.2673,True
1790468863.799,95.75,8.0055,0.5293,0.7563,0.1,0.0,8.2719,True
1790468863.849,95.8,8.0081,0.5318,0.7563,0.1,0.0,8.2765,True
1790468863.899,95.85,8.0108,0.5343,0.7563,0.1,0.0,8.2811,True
1790468863.949,95.9,8.0135,0.5368,0.7563,0.1,0.0,8.2857,True
1790468863.999,95.95,8.0161,0.5394,0.7563,0.1,0.0,8.2903,True
1790468864.049,96.0,8.0188,0.5419,0.7563,0.1,-0.0,8.2949,True
1790468864.099,96.05,8.0215,0.5444,0.7563,0.1,0.0,8.2995,True
1790468864.149,96.1,8.0241,0.5469,0.7563,0.1,0.0,8.3041,True
1790468864.199,96.15,8.0268,0.5494,0.7563,0.1,0.0,8.3087,True
1790468864.249,96.2,8.0295,0.5519,0.7563,0.1,0.0,8.3133,True
1790468864.299,96.25,8.0321,0.5545,0.7563,0.1,0.0,8.3179,True
1790468864.349,96.3,8.0348,0.557,0.7563,0.1,0.0,8.3225,True
1790468864.399,96.35,8.0375,0.5595,0.7563,0.1,0.0,8.3271,True
1790468864.449,96.4,8.0401,0.562,0.7563,0.1,0.0,8.3317,True
1790468864.499,96.45,8.0428,0.5645,0.7563,0.1,0.0,8.3363,True
1790468864.549,96.5,8.0455,0.567,0.7563,0.1,0.0,8.3409,True
1790468864.599,96.55,8.0481,0.5696,0.7563,0.1,0.0,8.3455,True
1790468864.649,96.6,8.0508,0.5721,0.7563,0.1,0.0,8.3501,True
1790468864.699,96.65,8.0535,0.5746,0.7563,0.1,0.0,8.3547,True
1790468864.749,96.7,8.0561,0.5771,0.7563,0.1,0.0,8.3593,True
1790468864.799,96.75,8.0588,0.5796,0.7563,0.1,0.0,8.3639,True
1790468864.849,96.8,8.0615,0.5821,0.7563,0.1,0.0,8.3685,True
1790468864.899,96.85,8.0641,0.5847,0.7563,0.1,0.0,8.3731,True
1790468864.949,96.9,8.0668,0.5872,0.7563,0.1,0.0,8.3777,True
1790468864.999,96.95,8.0695,0.5897,0.7563,0.1,0.0,8.3822,True
1790468865.049,97.0,8.0721,0.5922,0.7563,0.1,0.0,8.3868,True
1790468865.099,97.05,8.0748,0.5947,0.7563,0.1,0.0,8.3914,True
1790468865.149,97.1,8.0775,0.5972,0.7563,0.1,0.0,8.396,True
1790468865.199,97.15,8.0802,0.5998,0.7563,0.1,0.0,8.4006,True
1790468865.249,97.2,8.0828,0.6023,0.7563,0.1,0.0,8.4052,True
1790468865.299,97.25,8.0855,0.6048,0.7563,0.1,0.0,8.4098,True
1790468865.349,97.3,8.0882,0.6073,0.7563,0.1,0.0,8.4144,True
1790468865.399,97.35,8.0908,0.6098,0.7563,0.1,0.0,8.419,True
1790468865.449,97.4,8.0935,0.6123,0.7563,0.1,0.0,8.4236,True
1790468865.499,97.45,8.0962,0.6149,0.7563,0.1,0.0,8.4282,True
1790468865.549,97.5,8.0988,0.6174,0.7563,0.1,0.0,8.4328,True
1790468865.599,97.55,8.1015,0.6199,0.7563,0.1,0.0,8.4374,True
1790468865.649,97.6,8.1042,0.6224,0.7563,0.1,0.0,8.442,True
1790468865.699,97.65,8.1068,0.6249,0.7563,0.1,0.0,8.4466,True
1790468865.749,97.7,8.1095,0.6274,0.7563,0.1,0.0,8.4512,True
1790468865.799,97.75,8.1122,0.63,0.7563,0.1,0.0,8.4558,True
1790468865.849,97.8,8.1148,0.6325,0.7563,0.1,0.0,8.4604,True
1790468865.899,97.85,8.1175,0.635,0.7563,0.1,0.0,8.465,True
1790468865.949,97.9,8.1202,0.6375,0.7563,0.1,0.0,8.4696,True
1790468865.999,97.95,8.1228,0.64,0.7563,0.1,0.0,8.4742,True
1790468866.049,98.0,8.1255,0.6426,0.7563,0.1,0.0,8.4788,True
1790468866.099,98.05,8.1282,0.6451,0.7563,0.1,0.0,8.4834,True
1790468866.149,98.1,8.1308,0.6476,0.7563,0.1,0.0,8.488,True
1790468866.199,98.15,8.1335,0.6501,0.7563,0.1,0.0,8.4926,True
1790468866.249,98.2,8.1362,0.6526,0.7563,0.1,0.0,8.4972,True
1790468866.299,98.25,8.1388,0.6551,0.7563,0.1,0.0,8.5018,True
1790468866.349,98.3,8.1415,0.6577,0.7563,0.1,0.0,8.5064,True
1790468866.399,98.35,8.1442,0.6602,0.7563,0.1,0.0,8.511,True
1790468866.449,98.4,8.1468,0.6627,0.7563,0.1,0.0,8.5156,True
1790468866.499,98.45,8.1495,0.6652,0.7563,0.1,0.0,8.5202,True
1790468866.549,98.5,8.1522,0.6677,0.7563,0.1,0.0,8.5248,True
1790468866.599,98.55,8.1548,0.6702,0.7563,0.1,0.0,8.5294,True
1790468866.649,98.6,8.1575,0.6728,0.7563,0.1,0.0,8.534,True
1790468866.699,98.65,8.1602,0.6753,0.7563,0.1,0.0,8.5386,True
1790468866.749,98.7,8.1629,0.6778,0.7563,0.1,0.0,8.5432,True
1790468866.799,98.75,8.1655,0.6803,0.7563,0.1,0.0,8.5478,True
1790468866.849,98.8,8.1682,0.6828,0.7563,0.1,0.0,8.5523,True
1790468866.899,98.85,8.1709,0.6853,0.7563,0.1,0.0,8.5569,True
1790468866.949,98.9,8.1735,0.6879,0.7563,0.1,0.0,8.5615,True
1790468866.999,98.95,8.1762,0.6904,0.7563,0.1,0.0,8.5661,True
1790468867.049,99.0,8.1789,0.6929,0.7563,0.1,0.0,8.5707,True
1790468867.099,99.05,8.1815,0.6954,0.7563,0.1,0.0,8.5753,True
1790468867.149,99.1,8.1842,0.6979,0.7563,0.1,0.0,8.5799,True
1790468867.199,99.15,8.1869,0.7004,0.7563,0.1,0.0,8.5845,True
1790468867.249,99.2,8.1895,0.703,0.7563,0.1,0.0,8.5891,True
1790468867.299,99.25,8.1922,0.7055,0.7563,0.1,0.0,8.5937,True
1790468867.349,99.3,8.1949,0.708,0.7563,0.1,0.0,8.5983,True
1790468867.399,99.35,8.1975,0.7105,0.7563,0.1,0.0,8.6029,True
1790468867.449,99.4,8.2002,0.713,0.7563,0.1,0.0,8.6075,True
1790468867.499,99.45,8.2029,0.7155,0.7563,0.1,0.0,8.6121,True
1790468867.549,99.5,8.2055,0.7181,0.7563,0.028,-0.01,8.6167,True
1790468867.599,99.55,8.2082,0.7206,0.7563,0.1,0.0,8.6213,True
1790468867.649,99.6,8.2109,0.7231,0.7563,0.1,0.0,8.6259,True
1790468867.699,99.65,8.2135,0.7256,0.7563,0.1,0.0,8.6305,True
1790468867.749,99.7,8.2162,0.7281,0.7563,0.1,0.0,8.6351,True
1790468867.799,99.75,8.2189,0.7306,0.7563,0.1,0.0,8.6397,True
1790468867.849,99.8,8.2215,0.7332,0.7563,0.1,0.0,8.6443,True
1790468867.899,99.85,8.2242,0.7357,0.7563,0.1,0.0,8.6489,True
1790468867.949,99.9,8.2269,0.7382,0.7563,0.1,0.0,8.6535,True
1790468867.999,99.95,8.2295,0.7407,0.7563,0.1,0.0,8.6581,True
1790468868.049,100.0,8.2322,0.7432,0.7563,0.1,0.0,8.6627,True
1790468868.099,100.05,8.2349,0.7457,0.7563,0.1,0.0,8.6673,True
1790468868.149,100.1,8.2376,0.7483,0.7563,0.1,0.0,8.6719,True
1790468868.199,100.15,8.2402,0.7508,0.7563,0.1,0.0,8.6765,True
1790468868.249,100.2,8.2429,0.7533,0.7563,0.1,0.0,8.6811,True
1790468868.299,100.25,8.2456,0.7558,0.7563,0.1,0.0,8.6857,True
1790468868.349,100.3,8.2482,0.7583,0.7563,0.1,0.0,8.6903,True
1790468868.399,100.35,8.2509,0.7608,0.7563,0.1,0.0,8.6949,True
1790468868.449,100.4,8.2536,0.7634,0.7563,0.1,0.0,8.6995,True
1790468868.499,100.45,8.2562,0.7659,0.7563,0.1,0.0,8.7041,True
1790468868.549,100.5,8.2589,0.7684,0.7563,0.1,0.0,8.7087,True
1790468868.599,100.55,8.2616,0.7709,0.7563,0.1,0.0,8.7133,True
1790468868.649,100.6,8.2642,0.7734,0.7563,0.1,0.0,8.7179,True
1790468868.699,100.65,8.2669,0.7759,0.7563,0.1,0.0,8.7224,True
1790468868.749,100.7,8.2696,0.7785,0.7563,0.1,0.0,8.727,True
1790468868.799,100.75,8.2722,0.781,0.7563,0.1,0.0,8.7316,True
1790468868.849,100.8,8.2749,0.7835,0.7563,0.1,0.0,8.7362,True
1790468868.899,100.85,8.2776,0.786,0.7563,0.1,0.0,8.7408,True
1790468868.949,100.9,8.2802,0.7885,0.7563,0.1,0.0,8.7454,True
1790468868.999,100.95,8.2829,0.791,0.7563,0.1,0.0,8.75,True
1790468869.049,101.0,8.2856,0.7936,0.7563,0.1,0.0,8.7546,True
1790468869.099,101.05,8.2882,0.7961,0.7563,0.028,-0.01,8.7592,True
1790468869.149,101.1,8.2909,0.7986,0.7563,0.1,0.0,8.7638,True
1790468869.199,101.15,8.2936,0.8011,0.7563,0.1,0.0,8.7684,True
1790468869.249,101.2,8.2962,0.8036,0.7563,0.1,0.0,8.773,True
1790468869.299,101.25,8.2989,0.8061,0.7563,0.1,0.0,8.7776,True
1790468869.349,101.3,8.3016,0.8087,0.7563,0.1,0.0,8.7822,True
1790468869.399,101.35,8.3042,0.8112,0.7563,0.1,0.0,8.7868,True
1790468869.449,101.4,8.3069,0.8137,0.7563,0.1,0.0,8.7914,True
1790468869.499,101.45,8.3096,0.8162,0.7563,0.1,0.0,8.796,True
1790468869.549,101.5,8.3122,0.8187,0.7563,0.1,0.0,8.8006,True
1790468869.599,101.55,8.3149,0.8212,0.7563,0.1,0.0,8.8052,True
1790468869.649,101.6,8.3176,0.8238,0.7563,0.1,0.0,8.8098,True
1790468869.699,101.65,8.3203,0.8263,0.7563,0.1,0.0,8.8144,True
1790468869.749,101.7,8.3229,0.8288,0.7563,0.1,0.0,8.819,True
1790468869.799,101.75,8.3256,0.8313,0.7563,0.1,0.0,8.8236,True
1790468869.849,101.8,8.3283,0.8338,0.7563,0.1,0.0,8.8282,True
1790468869.899,101.85,8.3309,0.8363,0.7563,0.1,0.0,8.8328,True
1790468869.949,101.9,8.3336,0.8389,0.7563,0.1,0.0,8.8374,True
1790468869.999,101.95,8.3363,0.8414,0.7563,0.1,0.0,8.842,True
1790468870.049,102.0,8.3389,0.8439,0.7563,0.1,0.0,8.8466,True
1790468870.099,102.05,8.3416,0.8464,0.7563,0.1,0.0,8.8512,True
1790468870.149,102.1,8.3443,0.8489,0.7563,0.1,0.0,8.8558,True
1790468870.199,102.15,8.3469,0.8514,0.7563,0.1,0.0,8.8604,True
1790468870.249,102.2,8.3496,0.854,0.7563,0.1,0.0,8.865,True
1790468870.299,102.25,8.3523,0.8565,0.7563,0.1,0.0,8.8696,True
1790468870.349,102.3,8.3549,0.859,0.7563,0.1,0.0,8.8742,True
1790468870.399,102.35,8.3576,0.8615,0.7563,0.1,0.0,8.8788,True
1790468870.449,102.4,8.3603,0.864,0.7563,0.1,0.0,8.8834,True
1790468870.499,102.45,8.3629,0.8665,0.7563,0.1,0.0,8.888,True
1790468870.549,102.5,8.3656,0.8691,0.7563,0.1,0.0,8.8926,True
1790468870.599,102.55,8.3683,0.8716,0.7563,0.1,0.0,8.8971,True
1790468870.649,102.6,8.3709,0.8741,0.7563,0.1,0.0,8.9017,True
1790468870.699,102.65,8.3736,0.8766,0.7563,0.1,0.0,8.9063,True
1790468870.749,102.7,8.3763,0.8791,0.7563,0.1,0.0,8.9109,True
1790468870.799,102.75,8.3789,0.8816,0.7563,0.1,0.0,8.9155,True
1790468870.849,102.8,8.3816,0.8842,0.7563,0.1,0.0,8.9201,True
1790468870.899,102.85,8.3843,0.8867,0.7563,0.1,0.0,8.9247,True
1790468870.949,102.9,8.3869,0.8892,0.7563,0.1,0.0,8.9293,True
1790468870.999,102.95,8.3896,0.8917,0.7563,0.1,0.0,8.9339,True
1790468871.049,103.0,8.3923,0.8942,0.7563,0.1,0.0,8.9385,True
1790468871.099,103.05,8.3949,0.8967,0.7563,0.1,0.0,8.9431,True
1790468871.149,103.1,8.3976,0.8993,0.7563,0.028,-0.01,8.9477,True
1790468871.199,103.15,8.4003,0.9018,0.7563,0.1,0.0,8.9523,True
1790468871.249,103.2,8.403,0.9043,0.7563,0.1,0.0,8.9569,True
1790468871.299,103.25,8.4056,0.9068,0.7563,0.1,0.0,8.9615,True
1790468871.349,103.3,8.4083,0.9093,0.7563,0.1,0.0,8.9661,True
1790468871.399,103.35,8.411,0.9118,0.7563,0.1,0.0,8.9707,True
1790468871.449,103.4,8.4136,0.9144,0.7563,0.1,0.0,8.9753,True
1790468871.499,103.45,8.4163,0.9169,0.7563,0.1,0.0,8.9799,True
1790468871.549,103.5,8.419,0.9194,0.7563,0.1,0.0,8.9845,True
1790468871.599,103.55,8.4216,0.9219,0.7563,0.1,0.0,8.9891,True
1790468871.649,103.6,8.4243,0.9244,0.7563,0.1,0.0,8.9937,True
1790468871.699,103.65,8.427,0.9269,0.7563,0.1,0.0,8.9983,True
1790468871.749,103.7,8.4296,0.9295,0.7563,0.1,0.0,9.0029,True
1790468871.799,103.75,8.4323,0.932,0.7563,0.1,0.0,9.0075,True
1790468871.849,103.8,8.435,0.9345,0.7563,0.1,0.0,9.0121,True
1790468871.899,103.85,8.4376,0.937,0.7563,0.1,0.0,9.0167,True
1790468871.949,103.9,8.4403,0.9395,0.7563,0.1,0.0,9.0213,True
1790468871.999,103.95,8.443,0.942,0.7563,0.1,0.0,9.0259,True
1790468872.049,104.0,8.4456,0.9446,0.7563,0.1,0.0,9.0305,True
1790468872.099,104.05,8.4483,0.9471,0.7563,0.1,0.0,9.0351,True
1790468872.149,104.1,8.451,0.9496,0.7563,0.1,0.0,9.0397,True
1790468872.199,104.15,8.4536,0.9521,0.7563,0.1,0.0,9.0443,True
1790468872.249,104.2,8.4563,0.9546,0.7563,0.1,0.0,9.0489,True
1790468872.299,104.25,8.459,0.9571,0.7563,0.1,0.0,9.0535,True
1790468872.349,104.3,8.4616,0.9597,0.7563,0.1,0.0,9.0581,True
1790468872.399,104.35,8.4643,0.9622,0.7563,0.1,0.0,9.0627,True
1790468872.449,104.4,8.467,0.9647,0.7563,0.1,0.0,9.0672,True
1790468872.499,104.45,8.4696,0.9672,0.7563,0.1,0.0,9.0718,True
1790468872.549,104.5,8.4723,0.9697,0.7563,0.1,0.0,9.0764,True
1790468872.599,104.55,8.475,0.9722,0.7563,0.1,0.0,9.081,True
1790468872.649,104.6,8.4777,0.9748,0.7563,0.1,0.0,9.0856,True
1790468872.699,104.65,8.4803,0.9773,0.7563,0.1,0.0,9.0902,True
1790468872.749,104.7,8.483,0.9798,0.7563,0.1,0.0,9.0948,True
1790468872.799,104.75,8.4857,0.9823,0.7563,0.1,0.0,9.0994,True
1790468872.849,104.8,8.4883,0.9848,0.7563,0.1,0.0,9.104,True
1790468872.899,104.85,8.491,0.9873,0.7563,0.1,0.0,9.1086,True
1790468872.949,104.9,8.4937,0.9899,0.7563,0.1,0.0,9.1132,True
1790468872.999,104.95,8.4963,0.9924,0.7563,0.1,0.0,9.1178,True
1790468873.049,105.0,8.499,0.9949,0.7563,0.1,0.0,9.1224,True
1790468873.099,105.05,8.5017,0.9974,0.7563,0.1,0.0,9.127,True
1790468873.149,105.1,8.5043,0.9999,0.7563,0.1,0.0,9.1316,True
1790468873.199,105.15,8.507,1.0024,0.7563,0.1,0.0,9.1362,True
1790468873.249,105.2,8.5097,1.005,0.7563,0.1,0.0,9.1408,True
1790468873.299,105.25,8.5123,1.0075,0.7563,0.1,0.0,9.1454,True
1790468873.349,105.3,8.515,1.01,0.7563,0.1,0.0,9.15,True
1790468873.399,105.35,8.5177,1.0125,0.7563,0.1,0.0,9.1546,True
1790468873.449,105.4,8.5203,1.015,0.7563,0.1,0.0,9.1592,True
1790468873.499,105.45,8.523,1.0176,0.7563,0.1,0.0,9.1638,True
1790468873.549,105.5,8.5257,1.0201,0.7563,0.1,0.0,9.1684,True
1790468873.599,105.55,8.5283,1.0226,0.7563,0.1,0.0,9.173,True
1790468873.649,105.6,8.531,1.0251,0.7563,0.1,0.0,9.1776,True
1790468873.699,105.65,8.5337,1.0276,0.7563,0.1,0.0,9.1822,True
1790468873.749,105.7,8.5363,1.0301,0.7563,0.1,0.0,9.1868,True
1790468873.799,105.75,8.539,1.0327,0.7563,0.1,0.0,9.1914,True
1790468873.849,105.8,8.5417,1.0352,0.7563,0.1,0.0,9.196,True
1790468873.899,105.85,8.5443,1.0377,0.7563,0.1,0.0,9.2006,True
1790468873.949,105.9,8.547,1.0402,0.7563,0.1,0.0,9.2052,True
1790468873.999,105.95,8.5497,1.0427,0.7563,0.1,0.0,9.2098,True
1790468874.049,106.0,8.5523,1.0452,0.7563,0.1,0.0,9.2144,True
1790468874.099,106.05,8.555,1.0478,0.7563,0.1,0.0,9.219,True
1790468874.149,106.1,8.5577,1.0503,0.7563,0.1,0.0,9.2236,True
1790468874.199,106.15,8.5604,1.0528,0.7563,0.1,0.0,9.2282,True
1790468874.249,106.2,8.563,1.0553,0.7563,0.1,0.0,9.2328,True
1790468874.299,106.25,8.5657,1.0578,0.7563,0.1,0.0,9.2373,True
1790468874.349,106.3,8.5684,1.0603,0.7563,0.1,0.0,9.2419,True
1790468874.399,106.35,8.571,1.0629,0.7563,0.1,0.0,9.2465,True
1790468874.449,106.4,8.5737,1.0654,0.7563,0.1,0.0,9.2511,True
1790468874.499,106.45,8.5764,1.0679,0.7563,0.1,0.0,9.2557,True
1790468874.549,106.5,8.579,1.0704,0.7563,0.1,0.0,9.2603,True
1790468874.599,106.55,8.5817,1.0729,0.7563,0.1,0.0,9.2649,True
1790468874.649,106.6,8.5844,1.0754,0.7563,0.1,0.0,9.2695,True
1790468874.699,106.65,8.587,1.078,0.7563,0.1,0.0,9.2741,True
1790468874.749,106.7,8.5897,1.0805,0.7563,0.1,0.0,9.2787,True
1790468874.799,106.75,8.5924,1.083,0.7563,0.1,0.0,9.2833,True
1790468874.849,106.8,8.595,1.0855,0.7563,0.1,0.0,9.2879,True
1790468874.899,106.85,8.5977,1.088,0.7563,0.1,0.0,9.2925,True
1790468874.949,106.9,8.6004,1.0905,0.7563,0.1,0.0,9.2971,True
1790468874.999,106.95,8.603,1.0931,0.7563,0.1,0.0,9.3017,True
1790468875.049,107.0,8.6057,1.0956,0.7563,0.1,0.0,9.3063,True
1790468875.099,107.05,8.6084,1.0981,0.7563,0.1,0.0,9.3109,True
1790468875.149,107.1,8.611,1.1006,0.7563,0.1,0.0,9.3155,True
1790468875.199,107.15,8.6137,1.1031,0.7563,0.1,0.0,9.3201,True
1790468875.249,107.2,8.6164,1.1056,0.7563,0.1,0.0,9.3247,True
1790468875.299,107.25,8.619,1.1082,0.7563,0.1,0.0,9.3293,True
1790468875.349,107.3,8.6217,1.1107,0.7563,0.1,0.0,9.3339,True
1790468875.399,107.35,8.6244,1.1132,0.7563,0.1,0.0,9.3385,True
1790468875.449,107.4,8.627,1.1157,0.7563,0.1,0.0,9.3431,True
1790468875.499,107.45,8.6297,1.1182,0.7563,0.1,0.0,9.3477,True
1790468875.549,107.5,8.6324,1.1207,0.7563,0.1,0.0,9.3523,True
1790468875.599,107.55,8.6351,1.1233,0.7563,0.1,0.0,9.3569,True
1790468875.649,107.6,8.6377,1.1258,0.7563,0.1,0.0,9.3615,True
1790468875.699,107.65,8.6404,1.1283,0.7563,0.1,0.0,9.3661,True
1790468875.749,107.7,8.6431,1.1308,0.7563,0.1,0.0,9.3707,True
1790468875.799,107.75,8.6457,1.1333,0.7563,0.1,0.0,9.3753,True
1790468875.849,107.8,8.6484,1.1358,0.7563,0.1,0.0,9.3799,True
1790468875.899,107.85,8.6511,1.1384,0.7563,0.1,0.0,9.3845,True
1790468875.949,107.9,8.6537,1.1409,0.7563,0.1,0.0,9.3891,True
1790468875.999,107.95,8.6564,1.1434,0.7563,0.1,0.0,9.3937,True
1790468876.049,108.0,8.6591,1.1459,0.7563,0.1,0.0,9.3983,True
1790468876.099,108.05,8.6617,1.1484,0.7563,0.1,0.0,9.4029,True
1790468876.149,108.1,8.6644,1.1509,0.7563,0.1,0.0,9.4074,True
1790468876.199,108.15,8.6671,1.1535,0.7563,0.1,0.0,9.412,True
1790468876.249,108.2,8.6697,1.156,0.7563,0.1,0.0,9.4166,True
1790468876.299,108.25,8.6724,1.1585,0.7563,0.1,0.0,9.4212,True
1790468876.349,108.3,8.6751,1.161,0.7563,0.1,0.0,9.4258,True
1790468876.399,108.35,8.6777,1.1635,0.7563,0.1,0.0,9.4304,True
1790468876.449,108.4,8.6804,1.166,0.7563,0.1,0.0,9.435,True
1790468876.499,108.45,8.6831,1.1686,0.7563,0.1,0.0,9.4396,True
1790468876.549,108.5,8.6857,1.1711,0.7563,0.1,0.0,9.4442,True
1790468876.599,108.55,8.6884,1.1736,0.7563,0.028,-0.01,9.4488,True
1790468876.649,108.6,8.6911,1.1761,0.7563,0.1,0.0,9.4534,True
1790468876.699,108.65,8.6937,1.1786,0.7563,0.1,0.0,9.458,True
1790468876.749,108.7,8.6964,1.1811,0.7563,0.1,0.0,9.4626,True
1790468876.799,108.75,8.6991,1.1837,0.7563,0.1,0.0,9.4672,True
1790468876.849,108.8,8.7017,1.1862,0.7563,0.028,-0.0,9.4718,True
1790468876.899,108.85,8.7044,1.1887,0.7563,0.1,0.0,9.4764,True
1790468876.949,108.9,8.7071,1.1912,0.7563,0.1,0.0,9.481,True
1790468876.999,108.95,8.7097,1.1937,0.7563,0.1,0.0,9.4856,True
1790468877.049,109.0,8.7124,1.1962,0.7563,0.1,0.0,9.4902,True
1790468877.099,109.05,8.7151,1.1988,0.7563,0.1,0.0,9.4948,True
1790468877.149,109.1,8.7178,1.2013,0.7563,0.1,0.0,9.4994,True
1790468877.199,109.15,8.7204,1.2038,0.7563,0.1,0.0,9.504,True
1790468877.249,109.2,8.7231,1.2063,0.7563,0.1,0.0,9.5086,True
1790468877.299,109.25,8.7258,1.2088,0.7563,0.1,0.0,9.5132,True
1790468877.349,109.3,8.7284,1.2113,0.7563,0.1,0.0,9.5178,True
1790468877.399,109.35,8.7311,1.2139,0.7563,0.1,0.0,9.5224,True
1790468877.449,109.4,8.7338,1.2164,0.7563,0.1,0.0,9.527,True
1790468877.499,109.45,8.7364,1.2189,0.7563,0.1,0.0,9.5316,True
1790468877.549,109.5,8.7391,1.2214,0.7563,0.1,0.0,9.5362,True
1790468877.599,109.55,8.7418,1.2239,0.7563,0.1,0.0,9.5408,True
1790468877.649,109.6,8.7444,1.2264,0.7563,0.1,0.0,9.5454,True
1790468877.699,109.65,8.7471,1.229,0.7563,0.1,0.0,9.55,True
1790468877.749,109.7,8.7498,1.2315,0.7563,0.1,0.0,9.5546,True
1790468877.799,109.75,8.7524,1.234,0.7563,0.1,0.0,9.5592,True
1790468877.849,109.8,8.7551,1.2365,0.7563,0.1,0.0,9.5638,True
1790468877.899,109.85,8.7578,1.239,0.7563,0.1,0.0,9.5684,True
1790468877.949,109.9,8.7604,1.2415,0.7563,0.1,0.0,9.573,True
1790468877.999,109.95,8.7631,1.2441,0.7563,0.1,0.0,9.5776,True
1790468878.049,110.0,8.7658,1.2466,0.7563,0.1,0.0,9.5821,True
1790468878.099,110.05,8.7684,1.2491,0.7563,0.1,0.0,9.5867,True
1790468878.149,110.1,8.7711,1.2516,0.7563,0.1,0.0,9.5913,True
1790468878.199,110.15,8.7738,1.2541,0.7563,0.1,0.0,9.5959,True
1790468878.249,110.2,8.7764,1.2566,0.7563,0.1,0.0,9.6005,True
1790468878.299,110.25,8.7791,1.2592,0.7563,0.1,0.0,9.6051,True
1790468878.349,110.3,8.7818,1.2617,0.7563,0.1,0.0,9.6097,True
1790468878.399,110.35,8.7844,1.2642,0.7563,0.1,0.0,9.6143,True
1790468878.449,110.4,8.7871,1.2667,0.7563,0.1,0.0,9.6189,True
1790468878.499,110.45,8.7898,1.2692,0.7563,0.1,0.0,9.6235,True
1790468878.549,110.5,8.7924,1.2717,0.7563,0.1,0.0,9.6281,True
1790468878.599,110.55,8.7951,1.2743,0.7563,0.1,0.0,9.6327,True
1790468878.649,110.6,8.7978,1.2768,0.7563,0.1,0.0,9.6373,True
1790468878.699,110.65,8.8005,1.2793,0.7563,0.1,0.0,9.6419,True
1790468878.749,110.7,8.8031,1.2818,0.7563,0.1,0.0,9.6465,True
1790468878.799,110.75,8.8058,1.2843,0.7563,0.1,0.0,9.6511,True
1790468878.849,110.8,8.8085,1.2868,0.7563,0.1,0.0,9.6557,True
1790468878.899,110.85,8.8111,1.2894,0.7563,0.1,0.0,9.6603,True
1790468878.949,110.9,8.8138,1.2919,0.7563,0.1,0.0,9.6649,True
1790468878.999,110.95,8.8165,1.2944,0.7563,0.1,0.0,9.6695,True
1790468879.049,111.0,8.8191,1.2969,0.7563,0.1,0.0,9.6741,True
1790468879.099,111.05,8.8218,1.2994,0.7563,0.1,0.0,9.6787,True
1790468879.149,111.1,8.8245,1.3019,0.7563,0.1,0.0,9.6833,True
1790468879.199,111.15,8.8271,1.3045,0.7563,0.1,0.0,9.6879,True
1790468879.249,111.2,8.8298,1.307,0.7563,0.1,0.0,9.6925,True
1790468879.299,111.25,8.8325,1.3095,0.7563,0.1,0.0,9.6971,True
1790468879.349,111.3,8.8351,1.312,0.7563,0.1,0.0,9.7017,True
1790468879.399,111.35,8.8378,1.3145,0.7563,0.1,0.0,9.7063,True
1790468879.449,111.4,8.8405,1.317,0.7563,0.1,0.0,9.7109,True
1790468879.499,111.45,8.8431,1.3196,0.7563,0.1,0.0,9.7155,True
1790468879.549,111.5,8.8458,1.3221,0.7563,0.1,0.0,9.7201,True
1790468879.599,111.55,8.8485,1.3246,0.7563,0.1,0.0,9.7247,True
1790468879.649,111.6,8.8511,1.3271,0.7563,0.1,0.0,9.7293,True
1790468879.699,111.65,8.8538,1.3296,0.7563,0.1,0.0,9.7339,True
1790468879.749,111.7,8.8565,1.3321,0.7563,0.1,0.0,9.7385,True
1790468879.799,111.75,8.8591,1.3347,0.7563,0.1,0.0,9.7431,True
1790468879.849,111.8,8.8618,1.3372,0.7563,0.1,0.0,9.7477,True
1790468879.899,111.85,8.8645,1.3397,0.7563,0.1,0.0,9.7522,True
1790468879.949,111.9,8.8671,1.3422,0.7563,0.1,0.0,9.7568,True
1790468879.999,111.95,8.8698,1.3447,0.7563,0.1,0.0,9.7614,True
1790468880.049,112.0,8.8725,1.3472,0.7563,0.1,0.0,9.766,True
1790468880.099,112.05,8.8752,1.3498,0.7563,0.1,0.0,9.7706,True
1790468880.149,112.1,8.8778,1.3523,0.7563,0.1,0.0,9.7752,True
1790468880.199,112.15,8.8805,1.3548,0.7563,0.1,0.0,9.7798,True
1790468880.249,112.2,8.8832,1.3573,0.7563,0.1,0.0,9.7844,True
1790468880.299,112.25,8.8858,1.3598,0.7563,0.1,0.0,9.789,True
1790468880.349,112.3,8.8885,1.3623,0.7563,0.1,0.0,9.7936,True
1790468880.399,112.35,8.8912,1.3649,0.7563,0.1,0.0,9.7982,True
1790468880.449,112.4,8.8938,1.3674,0.7563,0.1,0.0,9.8028,True
1790468880.499,112.45,8.8965,1.3699,0.7563,0.1,0.0,9.8074,True
1790468880.549,112.5,8.8992,1.3724,0.7563,0.1,0.0,9.812,True
1790468880.599,112.55,8.9018,1.3749,0.7563,0.1,0.0,9.8166,True
1790468880.649,112.6,8.9045,1.3774,0.7563,0.1,0.0,9.8212,True
1790468880.699,112.65,8.9072,1.38,0.7563,0.1,0.0,9.8258,True
1790468880.749,112.7,8.9098,1.3825,0.7563,0.1,0.0,9.8304,True
1790468880.799,112.75,8.9125,1.385,0.7563,0.1,0.0,9.835,True
1790468880.849,112.8,8.9152,1.3875,0.7563,0.1,0.0,9.8396,True
1790468880.899,112.85,8.9178,1.39,0.7563,0.1,0.0,9.8442,True
1790468880.949,112.9,8.9205,1.3926,0.7563,0.1,0.0,9.8488,True
1790468880.999,112.95,8.9232,1.3951,0.7563,0.1,0.0,9.8534,True
1790468881.049,113.0,8.9258,1.3976,0.7563,0.1,0.0,9.858,True
1790468881.099,113.05,8.9285,1.4001,0.7563,0.1,0.0,9.8626,True
1790468881.149,113.1,8.9312,1.4026,0.7563,0.1,0.0,9.8672,True
1790468881.199,113.15,8.9338,1.4051,0.7563,0.1,0.0,9.8718,True
1790468881.249,113.2,8.9365,1.4077,0.7563,0.1,0.0,9.8764,True
1790468881.299,113.25,8.9392,1.4102,0.7563,0.1,0.0,9.881,True
1790468881.349,113.3,8.9418,1.4127,0.7563,0.1,0.0,9.8856,True
1790468881.399,113.35,8.9445,1.4152,0.7563,0.1,0.0,9.8902,True
1790468881.449,113.4,8.9472,1.4177,0.7563,0.1,0.0,9.8948,True
1790468881.499,113.45,8.9498,1.4202,0.7563,0.1,0.0,9.8994,True
1790468881.549,113.5,8.9525,1.4228,0.7563,0.1,0.0,9.904,True
1790468881.599,113.55,8.9552,1.4253,0.7563,0.1,0.0,9.9086,True
1790468881.649,113.6,8.9579,1.4278,0.7563,0.1,0.0,9.9132,True
1790468881.699,113.65,8.9605,1.4303,0.7563,0.1,0.0,9.9178,True
1790468881.749,113.7,8.9632,1.4328,0.7563,0.1,0.0,9.9223,True
1790468881.799,113.75,8.9659,1.4353,0.7563,0.1,0.0,9.9269,True
1790468881.849,113.8,8.9685,1.4379,0.7563,0.1,0.0,9.9315,True
1790468881.899,113.85,8.9712,1.4404,0.7563,0.1,0.0,9.9361,True
1790468881.949,113.9,8.9739,1.4429,0.7563,0.1,0.0,9.9407,True
1790468881.999,113.95,8.9765,1.4454,0.7563,0.1,0.0,9.9453,True
1790468882.049,114.0,8.9792,1.4479,0.7563,0.1,0.0,9.9499,True
1790468882.099,114.05,8.9819,1.4504,0.7563,0.1,0.0,9.9545,True
1790468882.149,114.1,8.9845,1.453,0.7563,0.1,0.0,9.9591,True
1790468882.199,114.15,8.9872,1.4555,0.7563,0.1,0.0,9.9637,True
1790468882.249,114.2,8.9899,1.458,0.7563,0.1,0.0,9.9683,True
1790468882.299,114.25,8.9925,1.4605,0.7563,0.1,0.0,9.9729,True
1790468882.349,114.3,8.9952,1.463,0.7563,0.1,0.0,9.9775,True
1790468882.399,114.35,8.9979,1.4655,0.7563,0.1,0.0,9.9821,True
1790468882.449,114.4,9.0005,1.4681,0.7563,0.1,0.0,9.9867,True
1790468882.499,114.45,9.0032,1.4706,0.7563,0.1,0.0,9.9913,True
1790468882.549,114.5,9.0059,1.4731,0.7563,0.1,0.0,9.9959,True
1790468882.599,114.55,9.0085,1.4756,0.7563,0.1,0.0,10.0005,True
1790468882.649,114.6,9.0112,1.4781,0.7563,0.1,0.0,10.0051,True
1790468882.699,114.65,9.0139,1.4806,0.7563,0.1,0.0,10.0097,True
1790468882.749,114.7,9.0165,1.4832,0.7563,0.1,0.0,10.0143,True
1790468882.799,114.75,9.0192,1.4857,0.7563,0.1,0.0,10.0189,True
1790468882.849,114.8,9.0219,1.4882,0.7563,0.1,0.0,10.0235,True
1790468882.899,114.85,9.0245,1.4907,0.7563,0.1,0.0,10.0281,True
1790468882.949,114.9,9.0272,1.4932,0.7563,0.1,0.0,10.0327,True
1790468882.999,114.95,9.0299,1.4957,0.7563,0.1,0.0,10.0373,True
1790468883.049,115.0,9.0326,1.4983,0.7563,0.1,0.0,10.0419,True
1790468883.099,115.05,9.0352,1.5008,0.7563,0.1,0.0,10.0465,True
1790468883.149,115.1,9.0379,1.5033,0.7563,0.1,0.0,10.0511,True
1790468883.199,115.15,9.0406,1.5058,0.7563,0.1,0.0,10.0557,True
1790468883.249,115.2,9.0432,1.5083,0.7563,0.1,0.0,10.0603,True
1790468883.299,115.25,9.0459,1.5108,0.7563,0.1,0.0,10.0649,True
1790468883.349,115.3,9.0486,1.5134,0.7563,0.1,0.0,10.0695,True
1790468883.399,115.35,9.0512,1.5159,0.7563,0.1,0.0,10.0741,True
1790468883.449,115.4,9.0539,1.5184,0.7563,0.1,0.0,10.0787,True
1790468883.499,115.45,9.0566,1.5209,0.7563,0.1,0.0,10.0833,True
1790468883.549,115.5,9.0592,1.5234,0.7563,0.1,0.0,10.0879,True
1790468883.599,115.55,9.0619,1.5259,0.7563,0.1,0.0,10.0924,True
1790468883.649,115.6,9.0646,1.5285,0.7563,0.1,0.0,10.097,True
1790468883.699,115.65,9.0672,1.531,0.7563,0.1,0.0,10.1016,True
1790468883.749,115.7,9.0699,1.5335,0.7563,0.1,0.0,10.1062,True
1790468883.799,115.75,9.0726,1.536,0.7563,0.1,0.0,10.1108,True
1790468883.849,115.8,9.0752,1.5385,0.7563,0.1,0.0,10.1154,True
1790468883.899,115.85,9.0779,1.541,0.7563,0.1,0.0,10.12,True
1790468883.949,115.9,9.0806,1.5436,0.7563,0.1,0.0,10.1246,True
1790468883.999,115.95,9.0832,1.5461,0.7563,0.1,0.0,10.1292,True
1790468884.049,116.0,9.0859,1.5486,0.7563,0.1,0.0,10.1338,True
1790468884.099,116.05,9.0886,1.5511,0.7563,0.1,0.0,10.1384,True
1790468884.149,116.1,9.0912,1.5536,0.7563,0.1,0.0,10.143,True
1790468884.199,116.15,9.0939,1.5561,0.7563,0.1,0.0,10.1476,True
1790468884.249,116.2,9.0966,1.5587,0.7563,0.1,0.0,10.1522,True
1790468884.299,116.25,9.0992,1.5612,0.7563,0.1,0.0,10.1568,True
1790468884.349,116.3,9.1019,1.5637,0.7563,0.1,0.0,10.1614,True
1790468884.399,116.35,9.1046,1.5662,0.7563,0.1,0.0,10.166,True
1790468884.449,116.4,9.1072,1.5687,0.7563,0.1,0.0,10.1706,True
1790468884.499,116.45,9.1099,1.5712,0.7563,0.1,0.0,10.1752,True
1790468884.549,116.5,9.1126,1.5738,0.7563,0.1,0.0,10.1798,True
1790468884.599,116.55,9.1153,1.5763,0.7563,0.1,0.0,10.1844,True
1790468884.649,116.6,9.1179,1.5788,0.7563,0.1,0.0,10.189,True
1790468884.699,116.65,9.1206,1.5813,0.7563,0.1,0.0,10.1936,True
1790468884.749,116.7,9.1233,1.5838,0.7563,0.1,0.0,10.1982,True
1790468884.799,116.75,9.1259,1.5863,0.7563,0.1,0.0,10.2028,True
1790468884.849,116.8,9.1286,1.5889,0.7563,0.1,0.0,10.2074,True
1790468884.899,116.85,9.1313,1.5914,0.7563,0.1,0.0,10.212,True
1790468884.949,116.9,9.1339,1.5939,0.7563,0.1,0.0,10.2166,True
1790468884.999,116.95,9.1366,1.5964,0.7563,0.1,0.0,10.2212,True
1790468885.049,117.0,9.1393,1.5989,0.7563,0.1,0.0,10.2258,True
1790468885.099,117.05,9.1419,1.6014,0.7563,0.1,0.0,10.2304,True
1790468885.149,117.1,9.1446,1.604,0.7563,0.1,0.0,10.235,True
1790468885.199,117.15,9.1473,1.6065,0.7563,0.1,0.0,10.2396,True
1790468885.249,117.2,9.1499,1.609,0.7563,0.1,0.0,10.2442,True
1790468885.299,117.25,9.1526,1.6115,0.7563,0.1,0.0,10.2488,True
1790468885.349,117.3,9.1553,1.614,0.7563,0.1,0.0,10.2534,True
1790468885.399,117.35,9.1579,1.6165,0.7563,0.1,0.0,10.258,True
1790468885.449,117.4,9.1606,1.6191,0.7563,0.1,0.0,10.2626,True
1790468885.499,117.45,9.1633,1.6216,0.7563,0.1,0.0,10.2671,True
1790468885.549,117.5,9.1659,1.6241,0.7563,0.1,0.0,10.2717,True
1790468885.599,117.55,9.1686,1.6266,0.7563,0.1,0.0,10.2763,True
1790468885.649,117.6,9.1713,1.6291,0.7563,0.1,0.0,10.2809,True
1790468885.699,117.65,9.1739,1.6316,0.7563,0.1,0.0,10.2855,True
1790468885.749,117.7,9.1766,1.6342,0.7563,0.1,0.0,10.2901,True
1790468885.799,117.75,9.1793,1.6367,0.7563,0.1,0.0,10.2947,True
1790468885.849,117.8,9.1819,1.6392,0.7563,0.1,0.0,10.2993,True
1790468885.899,117.85,9.1846,1.6417,0.7563,0.1,0.0,10.3039,True
1790468885.949,117.9,9.1873,1.6442,0.7563,0.1,0.0,10.3085,True
1790468885.999,117.95,9.1899,1.6467,0.7563,0.1,0.0,10.3131,True
1790468886.049,118.0,9.1926,1.6493,0.7563,0.1,0.0,10.3177,True
1790468886.099,118.05,9.1953,1.6518,0.7563,0.1,0.0,10.3223,True
1790468886.149,118.1,9.198,1.6543,0.7563,0.1,0.0,10.3269,True
1790468886.199,118.15,9.2006,1.6568,0.7563,0.1,0.0,10.3315,True
1790468886.249,118.2,9.2033,1.6593,0.7563,0.1,0.0,10.3361,True
1790468886.299,118.25,9.206,1.6618,0.7563,0.1,0.0,10.3407,True
1790468886.349,118.3,9.2086,1.6644,0.7563,0.1,0.0,10.3453,True
1790468886.399,118.35,9.2113,1.6669,0.7563,0.1,0.0,10.3499,True
1790468886.449,118.4,9.214,1.6694,0.7563,0.1,0.0,10.3545,True
1790468886.499,118.45,9.2166,1.6719,0.7563,0.1,0.0,10.3591,True
1790468886.549,118.5,9.2193,1.6744,0.7563,0.1,0.0,10.3637,True
1790468886.599,118.55,9.222,1.6769,0.7563,0.1,0.0,10.3683,True
1790468886.649,118.6,9.2246,1.6795,0.7563,0.1,0.0,10.3729,True
1790468886.699,118.65,9.2273,1.682,0.7563,0.1,0.0,10.3775,True
1790468886.749,118.7,9.23,1.6845,0.7563,0.1,0.0,10.3821,True
1790468886.799,118.75,9.2326,1.687,0.7563,0.1,0.0,10.3867,True
1790468886.849,118.8,9.2353,1.6895,0.7563,0.1,0.0,10.3913,True
1790468886.899,118.85,9.238,1.692,0.7563,0.1,0.0,10.3959,True
1790468886.949,118.9,9.2406,1.6946,0.7563,0.1,0.0,10.4005,True
1790468886.999,118.95,9.2433,1.6971,0.7563,0.1,0.0,10.4051,True
1790468887.049,119.0,9.246,1.6996,0.7563,0.1,0.0,10.4097,True
1790468887.099,119.05,9.2486,1.7021,0.7563,0.1,0.0,10.4143,True
1790468887.149,119.1,9.2513,1.7046,0.7563,0.1,0.0,10.4189,True
1790468887.199,119.15,9.254,1.7071,0.7563,0.1,0.0,10.4235,True
1790468887.249,119.2,9.2566,1.7097,0.7563,0.1,0.0,10.4281,True
1790468887.299,119.25,9.2593,1.7122,0.7563,0.1,0.0,10.4327,True
1790468887.349,119.3,9.262,1.7147,0.7563,0.1,0.0,10.4372,True
1790468887.399,119.35,9.2646,1.7172,0.7563,0.1,0.0,10.4418,True
1790468887.449,119.4,9.2673,1.7197,0.7563,0.1,0.0,10.4464,True
1790468887.499,119.45,9.27,1.7222,0.7563,0.1,0.0,10.451,True
1790468887.549,119.5,9.2727,1.7248,0.7563,0.1,0.0,10.4556,True
1790468887.599,119.55,9.2753,1.7273,0.7563,0.1,0.0,10.4602,True
1790468887.649,119.6,9.278,1.7298,0.7563,0.1,0.0,10.4648,True
1790468887.699,119.65,9.2807,1.7323,0.7563,0.1,0.0,10.4694,True
1790468887.749,119.7,9.2833,1.7348,0.7563,0.1,0.0,10.474,True
1790468887.799,119.75,9.286,1.7373,0.7563,0.1,0.0,10.4786,True
1790468887.849,119.8,9.2887,1.7399,0.7563,0.1,0.0,10.4832,True
1790468887.899,119.85,9.2913,1.7424,0.7563,0.1,0.0,10.4878,True
1790468887.949,119.9,9.294,1.7449,0.7563,0.1,0.0,10.4924,True
1790468887.999,119.95,9.2967,1.7474,0.7563,0.1,0.0,10.497,True
1790468888.049,120.0,9.2993,1.7499,0.7563,0.1,0.0,10.5016,True
1790468888.099,120.05,9.302,1.7524,0.7563,0.1,0.0,10.5062,True
1790468888.149,120.1,9.3047,1.755,0.7563,0.1,0.0,10.5108,True
1790468888.199,120.15,9.3073,1.7575,0.7563,0.1,0.0,10.5154,True
1790468888.249,120.2,9.31,1.76,0.7563,0.1,0.0,10.52,True
1790468888.299,120.25,9.31,1.7644,1.5708,0.1,0.0,10.525,True
1790468888.349,120.3,9.31,1.7688,1.5708,0.1,0.0,10.53,True
1790468888.399,120.35,9.31,1.7731,1.5708,0.1,0.0,10.535,True
1790468888.449,120.4,9.31,1.7775,1.5708,0.1,0.0,10.54,True
1790468888.499,120.45,9.31,1.7819,1.5708,0.1,0.0,10.545,True
1790468888.549,120.5,9.31,1.7862,1.5708,0.1,0.0,10.55,True
1790468888.599,120.55,9.31,1.7906,1.5708,0.1,0.0,10.555,True
1790468888.649,120.6,9.31,1.795,1.5708,0.1,0.0,10.56,True
1790468888.699,120.65,9.31,1.7994,1.5708,0.1,0.0,10.565,True
1790468888.749,120.7,9.31,1.8038,1.5708,0.1,0.0,10.57,True
1790468888.799,120.75,9.31,1.8081,1.5708,0.1,0.0,10.575,True
1790468888.849,120.8,9.31,1.8125,1.5708,0.1,0.0,10.58,True
1790468888.899,120.85,9.31,1.8169,1.5708,0.1,0.0,10.585,True
1790468888.949,120.9,9.31,1.8213,1.5708,0.1,0.0,10.59,True
1790468888.999,120.95,9.31,1.8256,1.5708,0.1,0.0,10.595,True
1790468889.049,121.0,9.31,1.83,1.5708,0.1,0.0,10.6,True
1790468889.099,121.05,9.31,1.8326,1.5571,0.1,0.0,10.6025,True
1790468889.149,121.1,9.3101,1.8351,1.5571,0.1,0.0,10.6051,True
1790468889.199,121.15,9.3101,1.8377,1.5571,0.1,0.0,10.6076,True
1790468889.249,121.2,9.3101,1.8403,1.5571,0.1,0.0,10.6101,True
1790468889.299,121.25,9.3102,1.8429,1.5571,0.1,0.0,10.6127,True
1790468889.349,121.3,9.3102,1.8454,1.5571,0.1,0.0,10.6152,True
1790468889.399,121.35,9.3102,1.848,1.5571,0.1,0.0,10.6177,True
1790468889.449,121.4,9.3103,1.8506,1.5571,0.1,0.0,10.6203,True
1790468889.499,121.45,9.3103,1.8531,1.5571,0.1,0.0,10.6228,True
1790468889.549,121.5,9.3104,1.8557,1.5571,0.1,0.0,10.6254,True
1790468889.599,121.55,9.3104,1.8583,1.5571,0.1,0.0,10.6279,True
1790468889.649,121.6,9.3104,1.8608,1.5571,0.1,0.0,10.6304,True
1790468889.699,121.65,9.3105,1.8634,1.5571,0.1,0.0,10.633,True
1790468889.749,121.7,9.3105,1.866,1.5571,0.1,0.0,10.6355,True
1790468889.799,121.75,9.3105,1.8686,1.5571,0.1,0.0,10.638,True
1790468889.849,121.8,9.3106,1.8711,1.5571,0.1,0.0,10.6406,True
1790468889.899,121.85,9.3106,1.8737,1.5571,0.1,0.0,10.6431,True
1790468889.949,121.9,9.3106,1.8763,1.5571,0.1,0.0,10.6456,True
1790468889.999,121.95,9.3107,1.8788,1.5571,0.1,0.0,10.6482,True
1790468890.049,122.0,9.3107,1.8814,1.5571,0.1,0.0,10.6507,True
1790468890.099,122.05,9.3107,1.884,1.5571,0.1,0.0,10.6532,True
1790468890.149,122.1,9.3108,1.8865,1.5571,0.1,0.0,10.6558,True
1790468890.199,122.15,9.3108,1.8891,1.5571,0.1,0.0,10.6583,True
1790468890.249,122.2,9.3108,1.8917,1.5571,0.1,0.0,10.6608,True
1790468890.299,122.25,9.3109,1.8943,1.5571,0.1,0.0,10.6634,True
1790468890.349,122.3,9.3109,1.8968,1.5571,0.1,0.0,10.6659,True
1790468890.399,122.35,9.311,1.8994,1.5571,0.1,0.0,10.6685,True
1790468890.449,122.4,9.311,1.902,1.5571,0.1,0.0,10.671,True
1790468890.499,122.45,9.311,1.9045,1.5571,0.1,0.0,10.6735,True
1790468890.549,122.5,9.3111,1.9071,1.5571,0.1,0.0,10.6761,True
1790468890.599,122.55,9.3111,1.9097,1.5571,0.1,0.0,10.6786,True
1790468890.649,122.6,9.3111,1.9123,1.5571,0.1,0.0,10.6811,True
1790468890.699,122.65,9.3112,1.9148,1.5571,0.1,0.0,10.6837,True
1790468890.749,122.7,9.3112,1.9174,1.5571,0.1,0.0,10.6862,True
1790468890.799,122.75,9.3112,1.92,1.5571,0.1,0.0,10.6887,True
1790468890.849,122.8,9.3113,1.9225,1.5571,0.1,0.0,10.6913,True
1790468890.899,122.85,9.3113,1.9251,1.5571,0.1,0.0,10.6938,True
1790468890.949,122.9,9.3113,1.9277,1.5571,0.1,0.0,10.6963,True
1790468890.999,122.95,9.3114,1.9302,1.5571,0.1,0.0,10.6989,True
1790468891.049,123.0,9.3114,1.9328,1.5571,0.1,0.0,10.7014,True
1790468891.099,123.05,9.3114,1.9354,1.5571,0.1,0.0,10.7039,True
1790468891.149,123.1,9.3115,1.938,1.5571,0.1,0.0,10.7065,True
1790468891.199,123.15,9.3115,1.9405,1.5571,0.1,0.0,10.709,True
1790468891.249,123.2,9.3115,1.9431,1.5571,0.1,0.0,10.7115,True
1790468891.299,123.25,9.3116,1.9457,1.5571,0.1,0.0,10.7141,True
1790468891.349,123.3,9.3116,1.9482,1.5571,0.1,0.0,10.7166,True
1790468891.399,123.35,9.3117,1.9508,1.5571,0.1,0.0,10.7192,True
1790468891.449,123.4,9.3117,1.9534,1.5571,0.1,0.0,10.7217,True
1790468891.499,123.45,9.3117,1.956,1.5571,0.1,0.0,10.7242,True
1790468891.549,123.5,9.3118,1.9585,1.5571,0.1,0.0,10.7268,True
1790468891.599,123.55,9.3118,1.9611,1.5571,0.1,0.0,10.7293,True
1790468891.649,123.6,9.3118,1.9637,1.5571,0.1,0.0,10.7318,True
1790468891.699,123.65,9.3119,1.9662,1.5571,0.1,0.0,10.7344,True
1790468891.749,123.7,9.3119,1.9688,1.5571,0.1,0.0,10.7369,True
1790468891.799,123.75,9.3119,1.9714,1.5571,0.1,0.0,10.7394,True
1790468891.849,123.8,9.312,1.9739,1.5571,0.1,0.0,10.742,True
1790468891.899,123.85,9.312,1.9765,1.5571,0.1,0.0,10.7445,True
1790468891.949,123.9,9.312,1.9791,1.5571,0.1,0.0,10.747,True
1790468891.999,123.95,9.3121,1.9817,1.5571,0.1,0.0,10.7496,True
1790468892.049,124.0,9.3121,1.9842,1.5571,0.1,0.0,10.7521,True
1790468892.099,124.05,9.3121,1.9868,1.5571,0.1,0.0,10.7546,True
1790468892.149,124.1,9.3122,1.9894,1.5571,0.1,0.0,10.7572,True
1790468892.199,124.15,9.3122,1.9919,1.5571,0.1,0.0,10.7597,True
1790468892.249,124.2,9.3123,1.9945,1.5571,0.1,0.0,10.7623,True
1790468892.299,124.25,9.3123,1.9971,1.5571,0.1,0.0,10.7648,True
1790468892.349,124.3,9.3123,1.9996,1.5571,0.1,0.0,10.7673,True
1790468892.399,124.35,9.3124,2.0022,1.5571,0.1,0.0,10.7699,True
1790468892.449,124.4,9.3124,2.0048,1.5571,0.1,0.0,10.7724,True
1790468892.499,124.45,9.3124,2.0074,1.5571,0.1,0.0,10.7749,True
1790468892.549,124.5,9.3125,2.0099,1.5571,0.1,0.0,10.7775,True
1790468892.599,124.55,9.3125,2.0125,1.5571,0.1,0.0,10.78,True
1790468892.649,124.6,9.3125,2.0151,1.5571,0.1,0.0,10.7825,True
1790468892.699,124.65,9.3126,2.0176,1.5571,0.1,0.0,10.7851,True
1790468892.749,124.7,9.3126,2.0202,1.5571,0.1,0.0,10.7876,True
1790468892.799,124.75,9.3126,2.0228,1.5571,0.1,0.0,10.7901,True
1790468892.849,124.8,9.3127,2.0254,1.5571,0.1,0.0,10.7927,True
1790468892.899,124.85,9.3127,2.0279,1.5571,0.1,0.0,10.7952,True
1790468892.949,124.9,9.3127,2.0305,1.5571,0.1,0.0,10.7977,True
1790468892.999,124.95,9.3128,2.0331,1.5571,0.1,0.0,10.8003,True
1790468893.049,125.0,9.3128,2.0356,1.5571,0.1,0.0,10.8028,True
1790468893.099,125.05,9.3129,2.0382,1.5571,0.1,0.0,10.8054,True
1790468893.149,125.1,9.3129,2.0408,1.5571,0.1,0.0,10.8079,True
1790468893.199,125.15,9.3129,2.0433,1.5571,0.1,0.0,10.8104,True
1790468893.249,125.2,9.313,2.0459,1.5571,0.1,0.0,10.813,True
1790468893.299,125.25,9.313,2.0485,1.5571,0.1,0.0,10.8155,True
1790468893.349,125.3,9.313,2.0511,1.5571,0.1,0.0,10.818,True
1790468893.399,125.35,9.3131,2.0536,1.5571,0.1,0.0,10.8206,True
1790468893.449,125.4,9.3131,2.0562,1.5571,0.1,0.0,10.8231,True
1790468893.499,125.45,9.3131,2.0588,1.5571,0.1,0.0,10.8256,True
1790468893.549,125.5,9.3132,2.0613,1.5571,0.1,0.0,10.8282,True
1790468893.599,125.55,9.3132,2.0639,1.5571,0.1,0.0,10.8307,True
1790468893.649,125.6,9.3132,2.0665,1.5571,0.1,0.0,10.8332,True
1790468893.699,125.65,9.3133,2.069,1.5571,0.1,0.0,10.8358,True
1790468893.749,125.7,9.3133,2.0716,1.5571,0.1,0.0,10.8383,True
1790468893.799,125.75,9.3133,2.0742,1.5571,0.1,0.0,10.8408,True
1790468893.849,125.8,9.3134,2.0768,1.5571,0.1,0.0,10.8434,True
1790468893.899,125.85,9.3134,2.0793,1.5571,0.1,0.0,10.8459,True
1790468893.949,125.9,9.3135,2.0819,1.5571,0.1,0.0,10.8485,True
1790468893.999,125.95,9.3135,2.0845,1.5571,0.1,0.0,10.851,True
1790468894.049,126.0,9.3135,2.087,1.5571,0.1,0.0,10.8535,True
1790468894.099,126.05,9.3136,2.0896,1.5571,0.1,0.0,10.8561,True
1790468894.149,126.1,9.3136,2.0922,1.5571,0.1,0.0,10.8586,True
1790468894.199,126.15,9.3136,2.0948,1.5571,0.1,0.0,10.8611,True
1790468894.249,126.2,9.3137,2.0973,1.5571,0.1,0.0,10.8637,True
1790468894.299,126.25,9.3137,2.0999,1.5571,0.1,0.0,10.8662,True
1790468894.349,126.3,9.3137,2.1025,1.5571,0.1,0.0,10.8687,True
1790468894.399,126.35,9.3138,2.105,1.5571,0.1,0.0,10.8713,True
1790468894.449,126.4,9.3138,2.1076,1.5571,0.1,0.0,10.8738,True
1790468894.499,126.45,9.3138,2.1102,1.5571,0.1,0.0,10.8763,True
1790468894.549,126.5,9.3139,2.1127,1.5571,0.1,0.0,10.8789,True
1790468894.599,126.55,9.3139,2.1153,1.5571,0.1,0.0,10.8814,True
1790468894.649,126.6,9.3139,2.1179,1.5571,0.1,0.0,10.8839,True
1790468894.699,126.65,9.314,2.1205,1.5571,0.1,0.0,10.8865,True
1790468894.749,126.7,9.314,2.123,1.5571,0.1,0.0,10.889,True
1790468894.799,126.75,9.314,2.1256,1.5571,0.1,0.0,10.8915,True
1790468894.849,126.8,9.3141,2.1282,1.5571,0.1,0.0,10.8941,True
1790468894.899,126.85,9.3141,2.1307,1.5571,0.1,0.0,10.8966,True
1790468894.949,126.9,9.3142,2.1333,1.5571,0.1,0.0,10.8992,True
1790468894.999,126.95,9.3142,2.1359,1.5571,0.1,0.0,10.9017,True
1790468895.049,127.0,9.3142,2.1385,1.5571,0.1,0.0,10.9042,True
1790468895.099,127.05,9.3143,2.141,1.5571,0.1,0.0,10.9068,True
1790468895.149,127.1,9.3143,2.1436,1.5571,0.1,0.0,10.9093,True
1790468895.199,127.15,9.3143,2.1462,1.5571,0.1,0.0,10.9118,True
1790468895.249,127.2,9.3144,2.1487,1.5571,0.1,0.0,10.9144,True
1790468895.299,127.25,9.3144,2.1513,1.5571,0.1,0.0,10.9169,True
1790468895.349,127.3,9.3144,2.1539,1.5571,0.1,0.0,10.9194,True
1790468895.399,127.35,9.3145,2.1564,1.5571,0.1,0.0,10.922,True
1790468895.449,127.4,9.3145,2.159,1.5571,0.1,0.0,10.9245,True
1790468895.499,127.45,9.3145,2.1616,1.5571,0.1,0.0,10.927,True
1790468895.549,127.5,9.3146,2.1642,1.5571,0.1,0.0,10.9296,True
1790468895.599,127.55,9.3146,2.1667,1.5571,0.1,0.0,10.9321,True
1790468895.649,127.6,9.3146,2.1693,1.5571,0.1,0.0,10.9346,True
1790468895.699,127.65,9.3147,2.1719,1.5571,0.1,0.0,10.9372,True
1790468895.749,127.7,9.3147,2.1744,1.5571,0.1,0.0,10.9397,True
1790468895.799,127.75,9.3148,2.177,1.5571,0.1,0.0,10.9423,True
1790468895.849,127.8,9.3148,2.1796,1.5571,0.1,0.0,10.9448,True
1790468895.899,127.85,9.3148,2.1821,1.5571,0.1,0.0,10.9473,True
1790468895.949,127.9,9.3149,2.1847,1.5571,0.1,0.0,10.9499,True
1790468895.999,127.95,9.3149,2.1873,1.5571,0.1,0.0,10.9524,True
1790468896.049,128.0,9.3149,2.1899,1.5571,0.1,0.0,10.9549,True
1790468896.099,128.05,9.315,2.1924,1.5571,0.1,0.0,10.9575,True
1790468896.149,128.1,9.315,2.195,1.5571,0.1,0.0,10.96,True
1790468896.199,128.15,9.315,2.1976,1.5571,0.1,0.0,10.9625,True
1790468896.249,128.2,9.3151,2.2001,1.5571,0.1,0.0,10.9651,True
1790468896.299,128.25,9.3151,2.2027,1.5571,0.1,0.0,10.9676,True
1790468896.349,128.3,9.3151,2.2053,1.5571,0.1,0.0,10.9701,True
1790468896.399,128.35,9.3152,2.2079,1.5571,0.1,0.0,10.9727,True
1790468896.449,128.4,9.3152,2.2104,1.5571,0.1,0.0,10.9752,True
1790468896.499,128.45,9.3152,2.213,1.5571,0.1,0.0,10.9777,True
1790468896.549,128.5,9.3153,2.2156,1.5571,0.1,0.0,10.9803,True
1790468896.599,128.55,9.3153,2.2181,1.5571,0.1,0.0,10.9828,True
1790468896.649,128.6,9.3154,2.2207,1.5571,0.1,0.0,10.9854,True
1790468896.699,128.65,9.3154,2.2233,1.5571,0.1,0.0,10.9879,True
1790468896.749,128.7,9.3154,2.2258,1.5571,0.1,0.0,10.9904,True
1790468896.799,128.75,9.3155,2.2284,1.5571,0.1,0.0,10.993,True
1790468896.849,128.8,9.3155,2.231,1.5571,0.1,0.0,10.9955,True
1790468896.899,128.85,9.3155,2.2336,1.5571,0.1,0.0,10.998,True
1790468896.949,128.9,9.3156,2.2361,1.5571,0.1,0.0,11.0006,True
1790468896.999,128.95,9.3156,2.2387,1.5571,0.1,0.0,11.0031,True
1790468897.049,129.0,9.3156,2.2413,1.5571,0.1,0.0,11.0056,True
1790468897.099,129.05,9.3157,2.2438,1.5571,0.1,0.0,11.0082,True
1790468897.149,129.1,9.3157,2.2464,1.5571,0.1,0.0,11.0107,True
1790468897.199,129.15,9.3157,2.249,1.5571,0.1,0.0,11.0132,True
1790468897.249,129.2,9.3158,2.2515,1.5571,0.1,0.0,11.0158,True
1790468897.299,129.25,9.3158,2.2541,1.5571,0.1,0.0,11.0183,True
1790468897.349,129.3,9.3158,2.2567,1.5571,0.1,0.0,11.0208,True
1790468897.399,129.35,9.3159,2.2593,1.5571,0.1,0.0,11.0234,True
1790468897.449,129.4,9.3159,2.2618,1.5571,0.1,0.0,11.0259,True
1790468897.499,129.45,9.316,2.2644,1.5571,0.1,0.0,11.0285,True
1790468897.549,129.5,9.316,2.267,1.5571,0.1,0.0,11.031,True
1790468897.599,129.55,9.316,2.2695,1.5571,0.1,0.0,11.0335,True
1790468897.649,129.6,9.3161,2.2721,1.5571,0.1,0.0,11.0361,True
1790468897.699,129.65,9.3161,2.2747,1.5571,0.1,0.0,11.0386,True
1790468897.749,129.7,9.3161,2.2773,1.5571,0.1,0.0,11.0411,True
1790468897.799,129.75,9.3162,2.2798,1.5571,0.1,0.0,11.0437,True
1790468897.849,129.8,9.3162,2.2824,1.5571,0.1,0.0,11.0462,True
1790468897.899,129.85,9.3162,2.285,1.5571,0.1,0.0,11.0487,True
1790468897.949,129.9,9.3163,2.2875,1.5571,0.1,0.0,11.0513,True
1790468897.999,129.95,9.3163,2.2901,1.5571,0.1,0.0,11.0538,True
1790468898.049,130.0,9.3163,2.2927,1.5571,0.1,0.0,11.0563,True
1790468898.099,130.05,9.3164,2.2952,1.5571,0.1,0.0,11.0589,True
1790468898.149,130.1,9.3164,2.2978,1.5571,0.1,0.0,11.0614,True
1790468898.199,130.15,9.3164,2.3004,1.5571,0.1,0.0,11.0639,True
1790468898.249,130.2,9.3165,2.303,1.5571,0.1,0.0,11.0665,True
1790468898.299,130.25,9.3165,2.3055,1.5571,0.1,0.0,11.069,True
1790468898.349,130.3,9.3165,2.3081,1.5571,0.1,0.0,11.0715,True
1790468898.399,130.35,9.3166,2.3107,1.5571,0.1,0.0,11.0741,True
1790468898.449,130.4,9.3166,2.3132,1.5571,0.1,0.0,11.0766,True
1790468898.499,130.45,9.3167,2.3158,1.5571,0.1,0.0,11.0792,True
1790468898.549,130.5,9.3167,2.3184,1.5571,0.1,0.0,11.0817,True
1790468898.599,130.55,9.3167,2.321,1.5571,0.1,0.0,11.0842,True
1790468898.649,130.6,9.3168,2.3235,1.5571,0.1,0.0,11.0868,True
1790468898.699,130.65,9.3168,2.3261,1.5571,0.1,0.0,11.0893,True
1790468898.749,130.7,9.3168,2.3287,1.5571,0.1,0.0,11.0918,True
1790468898.799,130.75,9.3169,2.3312,1.5571,0.1,0.0,11.0944,True
1790468898.849,130.8,9.3169,2.3338,1.5571,0.1,0.0,11.0969,True
1790468898.899,130.85,9.3169,2.3364,1.5571,0.1,0.0,11.0994,True
1790468898.949,130.9,9.317,2.3389,1.5571,0.1,0.0,11.102,True
1790468898.999,130.95,9.317,2.3415,1.5571,0.1,0.0,11.1045,True
1790468899.049,131.0,9.317,2.3441,1.5571,0.1,0.0,11.107,True
1790468899.099,131.05,9.3171,2.3467,1.5571,0.1,0.0,11.1096,True
1790468899.149,131.1,9.3171,2.3492,1.5571,0.1,0.0,11.1121,True
1790468899.199,131.15,9.3171,2.3518,1.5571,0.1,0.0,11.1146,True
1790468899.249,131.2,9.3172,2.3544,1.5571,0.1,0.0,11.1172,True
1790468899.299,131.25,9.3172,2.3569,1.5571,0.1,0.0,11.1197,True
1790468899.349,131.3,9.3173,2.3595,1.5571,0.1,0.0,11.1223,True
1790468899.399,131.35,9.3173,2.3621,1.5571,0.1,0.0,11.1248,True
1790468899.449,131.4,9.3173,2.3646,1.5571,0.1,0.0,11.1273,True
1790468899.499,131.45,9.3174,2.3672,1.5571,0.1,0.0,11.1299,True
1790468899.549,131.5,9.3174,2.3698,1.5571,0.1,0.0,11.1324,True
1790468899.599,131.55,9.3174,2.3724,1.5571,0.1,0.0,11.1349,True
1790468899.649,131.6,9.3175,2.3749,1.5571,0.1,0.0,11.1375,True
1790468899.699,131.65,9.3175,2.3775,1.5571,0.1,0.0,11.14,True
1790468899.749,131.7,9.3175,2.3801,1.5571,0.1,0.0,11.1425,True
1790468899.799,131.75,9.3176,2.3826,1.5571,0.1,0.0,11.1451,True
1790468899.849,131.8,9.3176,2.3852,1.5571,0.1,0.0,11.1476,True
1790468899.899,131.85,9.3176,2.3878,1.5571,0.1,0.0,11.1501,True
1790468899.949,131.9,9.3177,2.3904,1.5571,0.1,0.0,11.1527,True
1790468899.999,131.95,9.3177,2.3929,1.5571,0.1,0.0,11.1552,True
1790468900.049,132.0,9.3177,2.3955,1.5571,0.1,0.0,11.1577,True
1790468900.099,132.05,9.3178,2.3981,1.5571,0.1,0.0,11.1603,True
1790468900.149,132.1,9.3178,2.4006,1.5571,0.1,0.0,11.1628,True
1790468900.199,132.15,9.3179,2.4032,1.5571,0.1,0.0,11.1654,True
1790468900.249,132.2,9.3179,2.4058,1.5571,0.1,0.0,11.1679,True
1790468900.299,132.25,9.3179,2.4083,1.5571,0.1,0.0,11.1704,True
1790468900.349,132.3,9.318,2.4109,1.5571,0.1,0.0,11.173,True
1790468900.399,132.35,9.318,2.4135,1.5571,0.1,0.0,11.1755,True
1790468900.449,132.4,9.318,2.4161,1.5571,0.1,0.0,11.178,True
1790468900.499,132.45,9.3181,2.4186,1.5571,0.1,0.0,11.1806,True
1790468900.549,132.5,9.3181,2.4212,1.5571,0.1,0.0,11.1831,True
1790468900.599,132.55,9.3181,2.4238,1.5571,0.1,0.0,11.1856,True
1790468900.649,132.6,9.3182,2.4263,1.5571,0.1,0.0,11.1882,True
1790468900.699,132.65,9.3182,2.4289,1.5571,0.1,0.0,11.1907,True
1790468900.749,132.7,9.3182,2.4315,1.5571,0.1,0.0,11.1932,True
1790468900.799,132.75,9.3183,2.434,1.5571,0.1,0.0,11.1958,True
1790468900.849,132.8,9.3183,2.4366,1.5571,0.1,0.0,11.1983,True
1790468900.899,132.85,9.3183,2.4392,1.5571,0.1,0.0,11.2008,True
1790468900.949,132.9,9.3184,2.4418,1.5571,0.1,0.0,11.2034,True
1790468900.999,132.95,9.3184,2.4443,1.5571,0.1,0.0,11.2059,True
1790468901.049,133.0,9.3185,2.4469,1.5571,0.1,0.0,11.2085,True
1790468901.099,133.05,9.3185,2.4495,1.5571,0.1,0.0,11.211,True
1790468901.149,133.1,9.3185,2.452,1.5571,0.1,0.0,11.2135,True
1790468901.199,133.15,9.3186,2.4546,1.5571,0.028,-0.0,11.2161,True
1790468901.249,133.2,9.3186,2.4572,1.5571,0.1,0.0,11.2186,True
1790468901.299,133.25,9.3186,2.4598,1.5571,0.1,0.0,11.2211,True
1790468901.349,133.3,9.3187,2.4623,1.5571,0.1,0.0,11.2237,True
1790468901.399,133.35,9.3187,2.4649,1.5571,0.1,0.0,11.2262,True
1790468901.449,133.4,9.3187,2.4675,1.5571,0.1,0.0,11.2287,True
1790468901.499,133.45,9.3188,2.47,1.5571,0.1,0.0,11.2313,True
1790468901.549,133.5,9.3188,2.4726,1.5571,0.028,-0.0,11.2338,True
1790468901.599,133.55,9.3188,2.4752,1.5571,0.1,0.0,11.2363,True
1790468901.649,133.6,9.3189,2.4777,1.5571,0.1,0.0,11.2389,True
1790468901.699,133.65,9.3189,2.4803,1.5571,0.1,0.0,11.2414,True
1790468901.749,133.7,9.3189,2.4829,1.5571,0.1,0.0,11.2439,True
1790468901.799,133.75,9.319,2.4855,1.5571,0.1,0.0,11.2465,True
1790468901.849,133.8,9.319,2.488,1.5571,0.1,0.0,11.249,True
1790468901.899,133.85,9.319,2.4906,1.5571,0.1,0.0,11.2515,True
1790468901.949,133.9,9.3191,2.4932,1.5571,0.1,0.0,11.2541,True
1790468901.999,133.95,9.3191,2.4957,1.5571,0.1,0.0,11.2566,True
1790468902.049,134.0,9.3192,2.4983,1.5571,0.1,0.0,11.2592,True
1790468902.099,134.05,9.3192,2.5009,1.5571,0.1,0.0,11.2617,True
1790468902.149,134.1,9.3192,2.5035,1.5571,0.1,0.0,11.2642,True
1790468902.199,134.15,9.3193,2.506,1.5571,0.1,0.0,11.2668,True
1790468902.249,134.2,9.3193,2.5086,1.5571,0.1,0.0,11.2693,True
1790468902.299,134.25,9.3193,2.5112,1.5571,0.1,0.0,11.2718,True
1790468902.349,134.3,9.3194,2.5137,1.5571,0.1,0.0,11.2744,True
1790468902.399,134.35,9.3194,2.5163,1.5571,0.1,0.0,11.2769,True
1790468902.449,134.4,9.3194,2.5189,1.5571,0.1,0.0,11.2794,True
1790468902.499,134.45,9.3195,2.5214,1.5571,0.1,0.0,11.282,True
1790468902.549,134.5,9.3195,2.524,1.5571,0.1,0.0,11.2845,True
1790468902.599,134.55,9.3195,2.5266,1.5571,0.1,0.0,11.287,True
1790468902.649,134.6,9.3196,2.5292,1.5571,0.1,0.0,11.2896,True
1790468902.699,134.65,9.3196,2.5317,1.5571,0.1,0.0,11.2921,True
1790468902.749,134.7,9.3196,2.5343,1.5571,0.1,0.0,11.2946,True
1790468902.799,134.75,9.3197,2.5369,1.5571,0.1,0.0,11.2972,True
1790468902.849,134.8,9.3197,2.5394,1.5571,0.1,0.0,11.2997,True
1790468902.899,134.85,9.3198,2.542,1.5571,0.1,0.0,11.3023,True
1790468902.949,134.9,9.3198,2.5446,1.5571,0.1,0.0,11.3048,True
1790468902.999,134.95,9.3198,2.5471,1.5571,0.1,-0.01,11.3073,True
1790468903.049,135.0,9.3199,2.5497,1.5571,0.1,0.0,11.3099,True
1790468903.099,135.05,9.3199,2.5523,1.5571,0.1,0.0,11.3124,True
1790468903.149,135.1,9.3199,2.5549,1.5571,0.1,0.0,11.3149,True
1790468903.199,135.15,9.32,2.5574,1.5571,0.1,0.0,11.3175,True
1790468903.249,135.2,9.32,2.56,1.5571,0.1,0.0,11.32,True
1790468903.299,135.25,9.32,2.5644,1.5708,0.099,-0.01,11.3244,True
1790468903.349,135.3,9.32,2.5688,1.5708,0.1,0.0,11.3288,True
1790468903.399,135.35,9.32,2.5731,1.5708,0.1,0.0,11.3331,True
1790468903.449,135.4,9.32,2.5775,1.5708,0.1,0.0,11.3375,True
1790468903.499,135.45,9.32,2.5819,1.5708,0.1,0.0,11.3419,True
1790468903.549,135.5,9.32,2.5863,1.5708,0.1,0.0,11.3463,True
1790468903.599,135.55,9.32,2.5906,1.5708,0.1,-0.01,11.3506,True
1790468903.649,135.6,9.32,2.595,1.5708,0.1,0.0,11.355,True
1790468903.699,135.65,9.32,2.5994,1.5708,0.1,0.0,11.3594,True
1790468903.749,135.7,9.32,2.6038,1.5708,0.1,0.0,11.3638,True
1790468903.799,135.75,9.32,2.6081,1.5708,0.1,0.0,11.3681,True
1790468903.849,135.8,9.32,2.6125,1.5708,0.1,0.0,11.3725,True
1790468903.899,135.85,9.32,2.6169,1.5708,0.1,0.0,11.3769,True
1790468903.949,135.9,9.32,2.6213,1.5708,0.1,0.0,11.3813,True
1790468903.999,135.95,9.32,2.6256,1.5708,0.1,0.0,11.3856,True
1790468904.049,136.0,9.32,2.63,1.5708,0.1,0.0,11.39,True
1790468904.099,136.05,9.3178,2.6333,2.1563,0.1,0.0,11.3944,True
1790468904.149,136.1,9.3157,2.6365,2.1563,0.1,0.0,11.3987,True
1790468904.199,136.15,9.3135,2.6398,2.1563,0.1,0.0,11.4031,True
1790468904.249,136.2,9.3113,2.643,2.1563,0.1,0.0,11.4074,True
1790468904.299,136.25,9.3092,2.6463,2.1563,0.1,0.0,11.4118,True
1790468904.349,136.3,9.307,2.6496,2.1563,0.1,0.0,11.4162,True
1790468904.399,136.35,9.3049,2.6528,2.1563,0.1,0.0,11.4205,True
1790468904.449,136.4,9.3027,2.6561,2.1563,0.1,0.0,11.4249,True
1790468904.499,136.45,9.3005,2.6594,2.1563,0.1,0.0,11.4293,True
1790468904.549,136.5,9.2984,2.6626,2.1563,0.1,0.0,11.4336,True
1790468904.599,136.55,9.2962,2.6659,2.1563,0.1,0.0,11.438,True
1790468904.649,136.6,9.294,2.6691,2.1563,0.1,0.0,11.4423,True
1790468904.699,136.65,9.2919,2.6724,2.1563,0.1,0.0,11.4467,True
1790468904.749,136.7,9.2897,2.6757,2.1563,0.1,0.0,11.4511,True
1790468904.799,136.75,9.2876,2.6789,2.1563,0.1,0.0,11.4554,True
1790468904.849,136.8,9.2854,2.6822,2.1563,0.1,0.0,11.4598,True
1790468904.899,136.85,9.2832,2.6855,2.1563,0.1,0.0,11.4641,True
1790468904.949,136.9,9.2811,2.6887,2.1563,0.1,0.0,11.4685,True
1790468904.999,136.95,9.2789,2.692,2.1563,0.1,0.0,11.4729,True
1790468905.049,137.0,9.2767,2.6952,2.1563,0.1,0.0,11.4772,True
1790468905.099,137.05,9.2746,2.6985,2.1563,0.1,0.0,11.4816,True
1790468905.149,137.1,9.2724,2.7018,2.1563,0.1,0.0,11.486,True
1790468905.199,137.15,9.2702,2.705,2.1563,0.1,0.0,11.4903,True
1790468905.249,137.2,9.2681,2.7083,2.1563,0.1,0.0,11.4947,True
1790468905.299,137.25,9.2659,2.7116,2.1563,0.1,0.0,11.499,True
1790468905.349,137.3,9.2638,2.7148,2.1563,0.1,0.0,11.5034,True
1790468905.399,137.35,9.2616,2.7181,2.1563,0.1,0.0,11.5078,True
1790468905.449,137.4,9.2594,2.7213,2.1563,0.1,0.0,11.5121,True
1790468905.499,137.45,9.2573,2.7246,2.1563,0.1,0.0,11.5165,True
1790468905.549,137.5,9.2551,2.7279,2.1563,0.1,0.0,11.5209,True
1790468905.599,137.55,9.2529,2.7311,2.1563,0.1,0.0,11.5252,True
1790468905.649,137.6,9.2508,2.7344,2.1563,0.1,0.0,11.5296,True
1790468905.699,137.65,9.2486,2.7377,2.1563,0.1,0.0,11.5339,True
1790468905.749,137.7,9.2465,2.7409,2.1563,0.1,0.0,11.5383,True
1790468905.799,137.75,9.2443,2.7442,2.1563,0.1,0.0,11.5427,True
1790468905.849,137.8,9.2421,2.7474,2.1563,0.1,0.0,11.547,True
1790468905.899,137.85,9.24,2.7507,2.1563,0.1,0.0,11.5514,True
1790468905.949,137.9,9.2378,2.754,2.1563,0.1,0.0,11.5557,True
1790468905.999,137.95,9.2356,2.7572,2.1563,0.1,0.0,11.5601,True
1790468906.049,138.0,9.2335,2.7605,2.1563,0.1,0.0,11.5645,True
1790468906.099,138.05,9.2313,2.7638,2.1563,0.1,0.0,11.5688,True
1790468906.149,138.1,9.2291,2.767,2.1563,0.1,0.0,11.5732,True
1790468906.199,138.15,9.227,2.7703,2.1563,0.1,0.0,11.5776,True
1790468906.249,138.2,9.2248,2.7735,2.1563,0.1,0.0,11.5819,True
1790468906.299,138.25,9.2227,2.7768,2.1563,0.1,0.0,11.5863,True
1790468906.349,138.3,9.2205,2.7801,2.1563,0.1,0.0,11.5906,True
1790468906.399,138.35,9.2183,2.7833,2.1563,0.1,0.0,11.595,True
1790468906.449,138.4,9.2162,2.7866,2.1563,0.1,0.0,11.5994,True
1790468906.499,138.45,9.214,2.7899,2.1563,0.1,0.0,11.6037,True
1790468906.549,138.5,9.2118,2.7931,2.1563,0.1,0.0,11.6081,True
1790468906.599,138.55,9.2097,2.7964,2.1563,0.1,0.0,11.6124,True
1790468906.649,138.6,9.2075,2.7996,2.1563,0.1,0.0,11.6168,True
1790468906.699,138.65,9.2054,2.8029,2.1563,0.1,0.0,11.6212,True
1790468906.749,138.7,9.2032,2.8062,2.1563,0.1,0.0,11.6255,True
1790468906.799,138.75,9.201,2.8094,2.1563,0.1,0.0,11.6299,True
1790468906.849,138.8,9.1989,2.8127,2.1563,0.1,0.0,11.6343,True
1790468906.899,138.85,9.1967,2.816,2.1563,0.1,0.0,11.6386,True
1790468906.949,138.9,9.1945,2.8192,2.1563,0.1,0.0,11.643,True
1790468906.999,138.95,9.1924,2.8225,2.1563,0.1,0.0,11.6473,True
1790468907.049,139.0,9.1902,2.8257,2.1563,0.1,0.0,11.6517,True
1790468907.099,139.05,9.188,2.829,2.1563,0.1,0.0,11.6561,True
1790468907.149,139.1,9.1859,2.8323,2.1563,0.1,0.0,11.6604,True
1790468907.199,139.15,9.1837,2.8355,2.1563,0.1,0.0,11.6648,True
1790468907.249,139.2,9.1816,2.8388,2.1563,0.1,0.0,11.6691,True
1790468907.299,139.25,9.1794,2.8421,2.1563,0.1,0.0,11.6735,True
1790468907.349,139.3,9.1772,2.8453,2.1563,0.1,0.0,11.6779,True
1790468907.399,139.35,9.1751,2.8486,2.1563,0.1,0.0,11.6822,True
1790468907.449,139.4,9.1729,2.8518,2.1563,0.1,0.0,11.6866,True
1790468907.499,139.45,9.1707,2.8551,2.1563,0.1,0.0,11.691,True
1790468907.549,139.5,9.1686,2.8584,2.1563,0.1,0.0,11.6953,True
1790468907.599,139.55,9.1664,2.8616,2.1563,0.1,0.0,11.6997,True
1790468907.649,139.6,9.1643,2.8649,2.1563,0.1,0.0,11.704,True
1790468907.699,139.65,9.1621,2.8682,2.1563,0.1,0.0,11.7084,True
1790468907.749,139.7,9.1599,2.8714,2.1563,0.1,0.0,11.7128,True
1790468907.799,139.75,9.1578,2.8747,2.1563,0.1,0.0,11.7171,True
1790468907.849,139.8,9.1556,2.8779,2.1563,0.1,0.0,11.7215,True
1790468907.899,139.85,9.1534,2.8812,2.1563,0.1,0.0,11.7259,True
1790468907.949,139.9,9.1513,2.8845,2.1563,0.1,0.0,11.7302,True
1790468907.999,139.95,9.1491,2.8877,2.1563,0.1,0.0,11.7346,True
1790468908.049,140.0,9.147,2.891,2.1563,0.1,0.0,11.7389,True
1790468908.099,140.05,9.1448,2.8943,2.1563,0.1,0.0,11.7433,True
1790468908.149,140.1,9.1426,2.8975,2.1563,0.1,0.0,11.7477,True
1790468908.199,140.15,9.1405,2.9008,2.1563,0.1,0.0,11.752,True
1790468908.249,140.2,9.1383,2.904,2.1563,0.1,0.0,11.7564,True
1790468908.299,140.25,9.1361,2.9073,2.1563,0.1,0.0,11.7607,True
1790468908.349,140.3,9.134,2.9106,2.1563,0.1,0.0,11.7651,True
1790468908.399,140.35,9.1318,2.9138,2.1563,0.1,0.0,11.7695,True
1790468908.449,140.4,9.1296,2.9171,2.1563,0.1,0.0,11.7738,True
1790468908.499,140.45,9.1275,2.9204,2.1563,0.1,0.0,11.7782,True
1790468908.549,140.5,9.1253,2.9236,2.1563,0.1,0.0,11.7826,True
1790468908.599,140.55,9.1232,2.9269,2.1563,0.1,0.0,11.7869,True
1790468908.649,140.6,9.121,2.9301,2.1563,0.1,0.0,11.7913,True
1790468908.699,140.65,9.1188,2.9334,2.1563,0.1,0.0,11.7956,True
1790468908.749,140.7,9.1167,2.9367,2.1563,0.1,0.0,11.8,True
1790468908.799,140.75,9.1145,2.9399,2.1563,0.1,0.0,11.8044,True
1790468908.849,140.8,9.1123,2.9432,2.1563,0.1,0.0,11.8087,True
1790468908.899,140.85,9.1102,2.9465,2.1563,0.1,0.0,11.8131,True
1790468908.949,140.9,9.108,2.9497,2.1563,0.1,0.0,11.8174,True
1790468908.999,140.95,9.1059,2.953,2.1563,0.1,0.0,11.8218,True
1790468909.049,141.0,9.1037,2.9562,2.1563,0.1,0.0,11.8262,True
1790468909.099,141.05,9.1015,2.9595,2.1563,0.1,0.0,11.8305,True
1790468909.149,141.1,9.0994,2.9628,2.1563,0.1,0.0,11.8349,True
1790468909.199,141.15,9.0972,2.966,2.1563,0.1,0.0,11.8393,True
1790468909.249,141.2,9.095,2.9693,2.1563,0.1,0.0,11.8436,True
1790468909.299,141.25,9.0929,2.9726,2.1563,0.1,0.0,11.848,True
1790468909.349,141.3,9.0907,2.9758,2.1563,0.1,0.0,11.8523,True
1790468909.399,141.35,9.0885,2.9791,2.1563,0.1,0.0,11.8567,True
1790468909.449,141.4,9.0864,2.9823,2.1563,0.1,0.0,11.8611,True
1790468909.499,141.45,9.0842,2.9856,2.1563,0.1,0.0,11.8654,True
1790468909.549,141.5,9.0821,2.9889,2.1563,0.1,0.0,11.8698,True
1790468909.599,141.55,9.0799,2.9921,2.1563,0.1,0.0,11.8741,True
1790468909.649,141.6,9.0777,2.9954,2.1563,0.1,0.0,11.8785,True
1790468909.699,141.65,9.0756,2.9987,2.1563,0.1,0.0,11.8829,True
1790468909.749,141.7,9.0734,3.0019,2.1563,0.1,0.0,11.8872,True
1790468909.799,141.75,9.0712,3.0052,2.1563,0.1,0.0,11.8916,True
1790468909.849,141.8,9.0691,3.0084,2.1563,0.1,0.0,11.896,True
1790468909.899,141.85,9.0669,3.0117,2.1563,0.1,0.0,11.9003,True
1790468909.949,141.9,9.0648,3.015,2.1563,0.1,0.0,11.9047,True
1790468909.999,141.95,9.0626,3.0182,2.1563,0.1,0.0,11.909,True
1790468910.049,142.0,9.0604,3.0215,2.1563,0.1,0.0,11.9134,True
1790468910.099,142.05,9.0583,3.0248,2.1563,0.1,0.0,11.9178,True
1790468910.149,142.1,9.0561,3.028,2.1563,0.1,0.0,11.9221,True
1790468910.199,142.15,9.0539,3.0313,2.1563,0.1,0.0,11.9265,True
1790468910.249,142.2,9.0518,3.0345,2.1563,0.1,0.0,11.9309,True
1790468910.299,142.25,9.0496,3.0378,2.1563,0.1,0.0,11.9352,True
1790468910.349,142.3,9.0474,3.0411,2.1563,0.1,0.0,11.9396,True
1790468910.399,142.35,9.0453,3.0443,2.1563,0.1,0.0,11.9439,True
1790468910.449,142.4,9.0431,3.0476,2.1563,0.1,0.0,11.9483,True
1790468910.499,142.45,9.041,3.0509,2.1563,0.1,0.0,11.9527,True
1790468910.549,142.5,9.0388,3.0541,2.1563,0.1,0.0,11.957,True
1790468910.599,142.55,9.0366,3.0574,2.1563,0.1,0.0,11.9614,True
1790468910.649,142.6,9.0345,3.0606,2.1563,0.1,0.0,11.9657,True
1790468910.699,142.65,9.0323,3.0639,2.1563,0.1,0.0,11.9701,True
1790468910.749,142.7,9.0301,3.0672,2.1563,0.1,0.0,11.9745,True
1790468910.799,142.75,9.028,3.0704,2.1563,0.1,0.0,11.9788,True
1790468910.849,142.8,9.0258,3.0737,2.1563,0.1,0.0,11.9832,True
1790468910.899,142.85,9.0237,3.077,2.1563,0.1,0.0,11.9876,True
1790468910.949,142.9,9.0215,3.0802,2.1563,0.1,0.0,11.9919,True
1790468910.999,142.95,9.0193,3.0835,2.1563,0.1,0.0,11.9963,True
1790468911.049,143.0,9.0172,3.0867,2.1563,0.1,0.0,12.0006,True
1790468911.099,143.05,9.015,3.09,2.1563,0.1,0.0,12.005,True
1790468911.149,143.1,9.0128,3.0933,2.1563,0.1,0.0,12.0094,True
1790468911.199,143.15,9.0107,3.0965,2.1563,0.1,0.0,12.0137,True
1790468911.249,143.2,9.0085,3.0998,2.1563,0.1,0.0,12.0181,True
1790468911.299,143.25,9.0063,3.103,2.1563,0.1,0.0,12.0224,True
1790468911.349,143.3,9.0042,3.1063,2.1563,0.1,0.0,12.0268,True
1790468911.399,143.35,9.002,3.1096,2.1563,0.1,0.0,12.0312,True
1790468911.449,143.4,8.9999,3.1128,2.1563,0.1,0.0,12.0355,True
1790468911.499,143.45,8.9977,3.1161,2.1563,0.1,0.0,12.0399,True
1790468911.549,143.5,8.9955,3.1194,2.1563,0.1,0.0,12.0443,True
1790468911.599,143.55,8.9934,3.1226,2.1563,0.1,0.0,12.0486,True
1790468911.649,143.6,8.9912,3.1259,2.1563,0.1,0.0,12.053,True
1790468911.699,143.65,8.989,3.1291,2.1563,0.1,0.0,12.0573,True
1790468911.749,143.7,8.9869,3.1324,2.1563,0.1,0.0,12.0617,True
1790468911.799,143.75,8.9847,3.1357,2.1563,0.1,0.0,12.0661,True
1790468911.849,143.8,8.9826,3.1389,2.1563,0.1,0.0,12.0704,True
1790468911.899,143.85,8.9804,3.1422,2.1563,0.1,0.0,12.0748,True
1790468911.949,143.9,8.9782,3.1455,2.1563,0.1,0.0,12.0791,True
1790468911.999,143.95,8.9761,3.1487,2.1563,0.1,0.0,12.0835,True
1790468912.049,144.0,8.9739,3.152,2.1563,0.1,0.0,12.0879,True
1790468912.099,144.05,8.9717,3.1552,2.1563,0.1,0.0,12.0922,True
1790468912.149,144.1,8.9696,3.1585,2.1563,0.1,0.0,12.0966,True
1790468912.199,144.15,8.9674,3.1618,2.1563,0.1,0.0,12.101,True
1790468912.249,144.2,8.9652,3.165,2.1563,0.1,0.0,12.1053,True
1790468912.299,144.25,8.9631,3.1683,2.1563,0.1,0.0,12.1097,True
1790468912.349,144.3,8.9609,3.1716,2.1563,0.1,0.0,12.114,True
1790468912.399,144.35,8.9588,3.1748,2.1563,0.1,0.0,12.1184,True
1790468912.449,144.4,8.9566,3.1781,2.1563,0.1,0.0,12.1228,True
1790468912.499,144.45,8.9544,3.1813,2.1563,0.1,0.0,12.1271,True
1790468912.549,144.5,8.9523,3.1846,2.1563,0.1,0.0,12.1315,True
1790468912.599,144.55,8.9501,3.1879,2.1563,0.1,0.0,12.1359,True
1790468912.649,144.6,8.9479,3.1911,2.1563,0.1,0.0,12.1402,True
1790468912.699,144.65,8.9458,3.1944,2.1563,0.1,0.0,12.1446,True
1790468912.749,144.7,8.9436,3.1977,2.1563,0.1,0.0,12.1489,True
1790468912.799,144.75,8.9415,3.2009,2.1563,0.1,0.0,12.1533,True
1790468912.849,144.8,8.9393,3.2042,2.1563,0.1,0.0,12.1577,True
1790468912.899,144.85,8.9371,3.2074,2.1563,0.1,0.0,12.162,True
1790468912.949,144.9,8.935,3.2107,2.1563,0.1,0.0,12.1664,True
1790468912.999,144.95,8.9328,3.214,2.1563,0.1,0.0,12.1707,True
1790468913.049,145.0,8.9306,3.2172,2.1563,0.1,0.0,12.1751,True
1790468913.099,145.05,8.9285,3.2205,2.1563,0.1,0.0,12.1795,True
1790468913.149,145.1,8.9263,3.2238,2.1563,0.1,0.0,12.1838,True
1790468913.199,145.15,8.9241,3.227,2.1563,0.1,0.0,12.1882,True
1790468913.249,145.2,8.922,3.2303,2.1563,0.1,0.0,12.1926,True
1790468913.299,145.25,8.9198,3.2335,2.1563,0.1,0.0,12.1969,True
1790468913.349,145.3,8.9177,3.2368,2.1563,0.1,0.0,12.2013,True
1790468913.399,145.35,8.9155,3.2401,2.1563,0.1,0.0,12.2056,True
1790468913.449,145.4,8.9133,3.2433,2.1563,0.1,0.0,12.21,True
1790468913.499,145.45,8.9112,3.2466,2.1563,0.1,0.0,12.2144,True
1790468913.549,145.5,8.909,3.2499,2.1563,0.1,0.0,12.2187,True
1790468913.599,145.55,8.9068,3.2531,2.1563,0.1,0.0,12.2231,True
1790468913.649,145.6,8.9047,3.2564,2.1563,0.1,0.0,12.2274,True
1790468913.699,145.65,8.9025,3.2596,2.1563,0.1,0.0,12.2318,True
1790468913.749,145.7,8.9004,3.2629,2.1563,0.1,0.0,12.2362,True
1790468913.799,145.75,8.8982,3.2662,2.1563,0.1,0.0,12.2405,True
1790468913.849,145.8,8.896,3.2694,2.1563,0.1,0.0,12.2449,True
1790468913.899,145.85,8.8939,3.2727,2.1563,0.1,0.0,12.2493,True
1790468913.949,145.9,8.8917,3.276,2.1563,0.1,0.0,12.2536,True
1790468913.999,145.95,8.8895,3.2792,2.1563,0.1,0.0,12.258,True
1790468914.049,146.0,8.8874,3.2825,2.1563,0.1,0.0,12.2623,True
1790468914.099,146.05,8.8852,3.2857,2.1563,0.1,0.0,12.2667,True
1790468914.149,146.1,8.883,3.289,2.1563,0.1,0.0,12.2711,True
1790468914.199,146.15,8.8809,3.2923,2.1563,0.1,0.0,12.2754,True
1790468914.249,146.2,8.8787,3.2955,2.1563,0.1,0.0,12.2798,True
1790468914.299,146.25,8.8766,3.2988,2.1563,0.1,0.0,12.2841,True
1790468914.349,146.3,8.8744,3.3021,2.1563,0.1,0.0,12.2885,True
1790468914.399,146.35,8.8722,3.3053,2.1563,0.1,0.0,12.2929,True
1790468914.449,146.4,8.8701,3.3086,2.1563,0.1,0.0,12.2972,True
1790468914.499,146.45,8.8679,3.3118,2.1563,0.1,0.0,12.3016,True
1790468914.549,146.5,8.8657,3.3151,2.1563,0.1,0.0,12.306,True
1790468914.599,146.55,8.8636,3.3184,2.1563,0.1,0.0,12.3103,True
1790468914.649,146.6,8.8614,3.3216,2.1563,0.1,0.0,12.3147,True
1790468914.699,146.65,8.8593,3.3249,2.1563,0.1,0.0,12.319,True
1790468914.749,146.7,8.8571,3.3282,2.1563,0.1,0.0,12.3234,True
1790468914.799,146.75,8.8549,3.3314,2.1563,0.1,0.0,12.3278,True
1790468914.849,146.8,8.8528,3.3347,2.1563,0.1,0.0,12.3321,True
1790468914.899,146.85,8.8506,3.3379,2.1563,0.1,0.0,12.3365,True
1790468914.949,146.9,8.8484,3.3412,2.1563,0.1,0.0,12.3409,True
1790468914.999,146.95,8.8463,3.3445,2.1563,0.1,0.0,12.3452,True
1790468915.049,147.0,8.8441,3.3477,2.1563,0.028,-0.01,12.3496,True
1790468915.099,147.05,8.842,3.351,2.1563,0.1,0.0,12.3539,True
1790468915.149,147.1,8.8398,3.3543,2.1563,0.1,0.0,12.3583,True
1790468915.199,147.15,8.8376,3.3575,2.1563,0.1,0.0,12.3627,True
1790468915.249,147.2,8.8355,3.3608,2.1563,0.1,0.0,12.367,True
1790468915.299,147.25,8.8333,3.364,2.1563,0.1,0.0,12.3714,True
1790468915.349,147.3,8.8311,3.3673,2.1563,0.1,0.0,12.3757,True
1790468915.399,147.35,8.829,3.3706,2.1563,0.1,0.0,12.3801,True
1790468915.449,147.4,8.8268,3.3738,2.1563,0.1,0.0,12.3845,True
1790468915.499,147.45,8.8246,3.3771,2.1563,0.1,0.0,12.3888,True
1790468915.549,147.5,8.8225,3.3804,2.1563,0.1,0.0,12.3932,True
1790468915.599,147.55,8.8203,3.3836,2.1563,0.1,0.0,12.3976,True
1790468915.649,147.6,8.8182,3.3869,2.1563,0.1,0.0,12.4019,True
1790468915.699,147.65,8.816,3.3901,2.1563,0.1,0.0,12.4063,True
1790468915.749,147.7,8.8138,3.3934,2.1563,0.1,0.0,12.4106,True
1790468915.799,147.75,8.8117,3.3967,2.1563,0.1,0.0,12.415,True
1790468915.849,147.8,8.8095,3.3999,2.1563,0.1,0.0,12.4194,True
1790468915.899,147.85,8.8073,3.4032,2.1563,0.1,0.0,12.4237,True
1790468915.949,147.9,8.8052,3.4065,2.1563,0.1,0.0,12.4281,True
1790468915.999,147.95,8.803,3.4097,2.1563,0.1,0.0,12.4324,True
1790468916.049,148.0,8.8009,3.413,2.1563,0.1,0.0,12.4368,True
1790468916.099,148.05,8.7987,3.4162,2.1563,0.1,0.0,12.4412,True
1790468916.149,148.1,8.7965,3.4195,2.1563,0.1,0.0,12.4455,True
1790468916.199,148.15,8.7944,3.4228,2.1563,0.1,0.0,12.4499,True
1790468916.249,148.2,8.7922,3.426,2.1563,0.1,0.0,12.4543,True
1790468916.299,148.25,8.79,3.4293,2.1563,0.1,0.0,12.4586,True
1790468916.349,148.3,8.7879,3.4326,2.1563,0.1,0.0,12.463,True
1790468916.399,148.35,8.7857,3.4358,2.1563,0.1,0.0,12.4673,True
1790468916.449,148.4,8.7835,3.4391,2.1563,0.1,0.0,12.4717,True
1790468916.499,148.45,8.7814,3.4423,2.1563,0.1,0.0,12.4761,True
1790468916.549,148.5,8.7792,3.4456,2.1563,0.1,0.0,12.4804,True
1790468916.599,148.55,8.7771,3.4489,2.1563,0.1,0.0,12.4848,True
1790468916.649,148.6,8.7749,3.4521,2.1563,0.1,0.0,12.4891,True
1790468916.699,148.65,8.7727,3.4554,2.1563,0.1,0.0,12.4935,True
1790468916.749,148.7,8.7706,3.4587,2.1563,0.1,0.0,12.4979,True
1790468916.799,148.75,8.7684,3.4619,2.1563,0.1,0.0,12.5022,True
1790468916.849,148.8,8.7662,3.4652,2.1563,0.1,0.0,12.5066,True
1790468916.899,148.85,8.7641,3.4684,2.1563,0.1,0.0,12.511,True
1790468916.949,148.9,8.7619,3.4717,2.1563,0.1,0.0,12.5153,True
1790468916.999,148.95,8.7598,3.475,2.1563,0.1,0.0,12.5197,True
1790468917.049,149.0,8.7576,3.4782,2.1563,0.1,0.0,12.524,True
1790468917.099,149.05,8.7554,3.4815,2.1563,0.1,0.0,12.5284,True
1790468917.149,149.1,8.7533,3.4848,2.1563,0.1,0.0,12.5328,True
1790468917.199,149.15,8.7511,3.488,2.1563,0.1,0.0,12.5371,True
1790468917.249,149.2,8.7489,3.4913,2.1563,0.1,0.0,12.5415,True
1790468917.299,149.25,8.7468,3.4945,2.1563,0.1,0.0,12.5459,True
1790468917.349,149.3,8.7446,3.4978,2.1563,0.1,0.0,12.5502,True
1790468917.399,149.35,8.7424,3.5011,2.1563,0.1,0.0,12.5546,True
1790468917.449,149.4,8.7403,3.5043,2.1563,0.1,0.0,12.5589,True
1790468917.499,149.45,8.7381,3.5076,2.1563,0.1,0.0,12.5633,True
1790468917.549,149.5,8.736,3.5109,2.1563,0.1,0.0,12.5677,True
1790468917.599,149.55,8.7338,3.5141,2.1563,0.1,0.0,12.572,True
1790468917.649,149.6,8.7316,3.5174,2.1563,0.1,0.0,12.5764,True
1790468917.699,149.65,8.7295,3.5206,2.1563,0.1,0.0,12.5807,True
1790468917.749,149.7,8.7273,3.5239,2.1563,0.1,0.0,12.5851,True
1790468917.799,149.75,8.7251,3.5272,2.1563,0.1,0.0,12.5895,True
1790468917.849,149.8,8.723,3.5304,2.1563,0.1,0.0,12.5938,True
1790468917.899,149.85,8.7208,3.5337,2.1563,0.1,0.0,12.5982,True
1790468917.949,149.9,8.7187,3.537,2.1563,0.1,0.0,12.6026,True
1790468917.999,149.95,8.7165,3.5402,2.1563,0.1,0.0,12.6069,True
1790468918.049,150.0,8.7143,3.5435,2.1563,0.1,0.0,12.6113,True
1790468918.099,150.05,8.7122,3.5467,2.1563,0.1,0.0,12.6156,True
1790468918.149,150.1,8.71,3.55,2.1563,0.1,0.0,12.62,True
1790468918.199,150.15,8.7063,3.55,3.1416,0.1,0.0,12.6244,True
1790468918.249,150.2,8.7025,3.55,3.1416,0.1,0.0,12.6288,True
1790468918.299,150.25,8.6988,3.55,3.1416,0.1,0.0,12.6331,True
1790468918.349,150.3,8.695,3.55,3.1416,0.1,0.0,12.6375,True
1790468918.399,150.35,8.6913,3.55,3.1416,0.1,0.0,12.6419,True
1790468918.449,150.4,8.6875,3.55,3.1416,0.1,0.0,12.6463,True
1790468918.499,150.45,8.6837,3.55,3.1416,0.1,0.0,12.6506,True
1790468918.549,150.5,8.68,3.55,3.1416,0.1,0.0,12.655,True
1790468918.599,150.55,8.6762,3.55,3.1416,0.1,0.0,12.6594,True
1790468918.649,150.6,8.6725,3.55,3.1416,0.1,0.0,12.6637,True
1790468918.699,150.65,8.6688,3.55,3.1416,0.1,0.0,12.6681,True
1790468918.749,150.7,8.665,3.55,3.1416,0.1,0.0,12.6725,True
1790468918.799,150.75,8.6613,3.55,3.1416,0.1,0.0,12.6769,True
1790468918.849,150.8,8.6575,3.55,3.1416,0.1,0.0,12.6813,True
1790468918.899,150.85,8.6538,3.55,3.1416,0.1,0.0,12.6856,True
1790468918.949,150.9,8.65,3.55,3.1416,0.1,0.0,12.69,True
1790468918.999,150.95,8.6477,3.5479,-2.4121,0.1,0.0,12.6934,True
1790468919.049,151.0,8.6454,3.5458,-2.4121,0.1,0.0,12.6968,True
1790468919.099,151.05,8.643,3.5438,-2.4121,0.1,0.0,12.7001,True
1790468919.149,151.1,8.6407,3.5417,-2.4121,0.1,0.0,12.7035,True
1790468919.199,151.15,8.6384,3.5396,-2.4121,0.1,0.0,12.7069,True
1790468919.249,151.2,8.6361,3.5375,-2.4121,0.1,0.0,12.7103,True
1790468919.299,151.25,8.6337,3.5355,-2.4121,0.1,0.0,12.7137,True
1790468919.349,151.3,8.6314,3.5334,-2.4121,0.1,0.0,12.717,True
1790468919.399,151.35,8.6291,3.5313,-2.4121,0.1,0.0,12.7204,True
1790468919.449,151.4,8.6268,3.5292,-2.4121,0.1,0.0,12.7238,True
1790468919.499,151.45,8.6244,3.5271,-2.4121,0.1,0.0,12.7272,True
1790468919.549,151.5,8.6221,3.5251,-2.4121,0.1,0.0,12.7306,True
1790468919.599,151.55,8.6198,3.523,-2.4121,0.1,0.0,12.7339,True
1790468919.649,151.6,8.6175,3.5209,-2.4121,0.1,0.0,12.7373,True
1790468919.699,151.65,8.6151,3.5188,-2.4121,0.1,0.0,12.7407,True
1790468919.749,151.7,8.6128,3.5168,-2.4121,0.1,0.0,12.7441,True
1790468919.799,151.75,8.6105,3.5147,-2.4121,0.1,0.0,12.7475,True
1790468919.849,151.8,8.6082,3.5126,-2.4121,0.1,0.0,12.7508,True
1790468919.899,151.85,8.6058,3.5105,-2.4121,0.1,0.0,12.7542,True
1790468919.949,151.9,8.6035,3.5085,-2.4121,0.1,0.0,12.7576,True
1790468919.999,151.95,8.6012,3.5064,-2.4121,0.1,0.0,12.761,True
1790468920.049,152.0,8.5989,3.5043,-2.4121,0.1,0.0,12.7644,True
1790468920.099,152.05,8.5965,3.5022,-2.4121,0.1,0.0,12.7677,True
1790468920.149,152.1,8.5942,3.5001,-2.4121,0.1,0.0,12.7711,True
1790468920.199,152.15,8.5919,3.4981,-2.4121,0.1,0.0,12.7745,True
1790468920.249,152.2,8.5896,3.496,-2.4121,0.1,0.0,12.7779,True
1790468920.299,152.25,8.5873,3.4939,-2.4121,0.1,0.0,12.7813,True
1790468920.349,152.3,8.5849,3.4918,-2.4121,0.1,0.0,12.7846,True
1790468920.399,152.35,8.5826,3.4898,-2.4121,0.1,0.0,12.788,True
1790468920.449,152.4,8.5803,3.4877,-2.4121,0.1,0.0,12.7914,True
1790468920.499,152.45,8.578,3.4856,-2.4121,0.1,0.0,12.7948,True
1790468920.549,152.5,8.5756,3.4835,-2.4121,0.1,0.0,12.7982,True
1790468920.599,152.55,8.5733,3.4814,-2.4121,0.1,0.0,12.8015,True
1790468920.649,152.6,8.571,3.4794,-2.4121,0.1,0.0,12.8049,True
1790468920.699,152.65,8.5687,3.4773,-2.4121,0.1,0.0,12.8083,True
1790468920.749,152.7,8.5663,3.4752,-2.4121,0.1,0.0,12.8117,True
1790468920.799,152.75,8.564,3.4731,-2.4121,0.1,0.0,12.8151,True
1790468920.849,152.8,8.5617,3.4711,-2.4121,0.1,0.0,12.8185,True
1790468920.899,152.85,8.5594,3.469,-2.4121,0.1,0.0,12.8218,True
1790468920.949,152.9,8.557,3.4669,-2.4121,0.1,0.0,12.8252,True
1790468920.999,152.95,8.5547,3.4648,-2.4121,0.1,0.0,12.8286,True
1790468921.049,153.0,8.5524,3.4627,-2.4121,0.1,0.0,12.832,True
1790468921.099,153.05,8.5501,3.4607,-2.4121,0.1,0.0,12.8354,True
1790468921.149,153.1,8.5477,3.4586,-2.4121,0.1,0.0,12.8387,True
1790468921.199,153.15,8.5454,3.4565,-2.4121,0.1,0.0,12.8421,True
1790468921.249,153.2,8.5431,3.4544,-2.4121,0.1,0.0,12.8455,True
1790468921.299,153.25,8.5408,3.4524,-2.4121,0.1,0.0,12.8489,True
1790468921.349,153.3,8.5385,3.4503,-2.4121,0.1,0.0,12.8523,True
1790468921.399,153.35,8.5361,3.4482,-2.4121,0.1,0.0,12.8556,True
1790468921.449,153.4,8.5338,3.4461,-2.4121,0.1,0.0,12.859,True
1790468921.499,153.45,8.5315,3.444,-2.4121,0.1,0.0,12.8624,True
1790468921.549,153.5,8.5292,3.442,-2.4121,0.1,0.0,12.8658,True
1790468921.599,153.55,8.5268,3.4399,-2.4121,0.1,0.0,12.8692,True
1790468921.649,153.6,8.5245,3.4378,-2.4121,0.1,0.0,12.8725,True
1790468921.699,153.65,8.5222,3.4357,-2.4121,0.1,0.0,12.8759,True
1790468921.749,153.7,8.5199,3.4337,-2.4121,0.1,0.0,12.8793,True
1790468921.799,153.75,8.5175,3.4316,-2.4121,0.1,0.0,12.8827,True
1790468921.849,153.8,8.5152,3.4295,-2.4121,0.1,0.0,12.8861,True
1790468921.899,153.85,8.5129,3.4274,-2.4121,0.1,0.0,12.8894,True
1790468921.949,153.9,8.5106,3.4254,-2.4121,0.1,0.0,12.8928,True
1790468921.999,153.95,8.5082,3.4233,-2.4121,0.1,0.0,12.8962,True
1790468922.049,154.0,8.5059,3.4212,-2.4121,0.1,0.0,12.8996,True
1790468922.099,154.05,8.5036,3.4191,-2.4121,0.1,0.0,12.903,True
1790468922.149,154.1,8.5013,3.417,-2.4121,0.1,0.0,12.9063,True
1790468922.199,154.15,8.4989,3.415,-2.4121,0.1,0.0,12.9097,True
1790468922.249,154.2,8.4966,3.4129,-2.4121,0.1,0.0,12.9131,True
1790468922.299,154.25,8.4943,3.4108,-2.4121,0.1,0.0,12.9165,True
1790468922.349,154.3,8.492,3.4087,-2.4121,0.1,0.0,12.9199,True
1790468922.399,154.35,8.4896,3.4067,-2.4121,0.1,0.0,12.9232,True
1790468922.449,154.4,8.4873,3.4046,-2.4121,0.1,0.0,12.9266,True
1790468922.499,154.45,8.485,3.4025,-2.4121,0.1,0.0,12.93,True
1790468922.549,154.5,8.4827,3.4004,-2.4121,0.1,0.0,12.9334,True
1790468922.599,154.55,8.4804,3.3983,-2.4121,0.1,0.0,12.9368,True
1790468922.649,154.6,8.478,3.3963,-2.4121,0.1,0.0,12.9401,True
1790468922.699,154.65,8.4757,3.3942,-2.4121,0.1,0.0,12.9435,True
1790468922.749,154.7,8.4734,3.3921,-2.4121,0.1,0.0,12.9469,True
1790468922.799,154.75,8.4711,3.39,-2.4121,0.1,0.0,12.9503,True
1790468922.849,154.8,8.4687,3.388,-2.4121,0.1,0.0,12.9537,True
1790468922.899,154.85,8.4664,3.3859,-2.4121,0.1,0.0,12.957,True
1790468922.949,154.9,8.4641,3.3838,-2.4121,0.1,0.0,12.9604,True
1790468922.999,154.95,8.4618,3.3817,-2.4121,0.1,0.0,12.9638,True
1790468923.049,155.0,8.4594,3.3796,-2.4121,0.1,0.0,12.9672,True
1790468923.099,155.05,8.4571,3.3776,-2.4121,0.1,0.0,12.9706,True
1790468923.149,155.1,8.4548,3.3755,-2.4121,0.1,0.0,12.9739,True
1790468923.199,155.15,8.4525,3.3734,-2.4121,0.1,0.0,12.9773,True
1790468923.249,155.2,8.4501,3.3713,-2.4121,0.1,0.0,12.9807,True
1790468923.299,155.25,8.4478,3.3693,-2.4121,0.1,0.0,12.9841,True
1790468923.349,155.3,8.4455,3.3672,-2.4121,0.1,0.0,12.9875,True
1790468923.399,155.35,8.4432,3.3651,-2.4121,0.1,0.0,12.9908,True
1790468923.449,155.4,8.4408,3.363,-2.4121,0.1,0.0,12.9942,True
1790468923.499,155.45,8.4385,3.361,-2.4121,0.1,0.0,12.9976,True
1790468923.549,155.5,8.4362,3.3589,-2.4121,0.1,0.0,13.001,True
1790468923.599,155.55,8.4339,3.3568,-2.4121,0.1,0.0,13.0044,True
1790468923.649,155.6,8.4315,3.3547,-2.4121,0.1,0.0,13.0077,True
1790468923.699,155.65,8.4292,3.3526,-2.4121,0.1,0.0,13.0111,True
1790468923.749,155.7,8.4269,3.3506,-2.4121,0.1,0.0,13.0145,True
1790468923.799,155.75,8.4246,3.3485,-2.4121,0.1,0.0,13.0179,True
1790468923.849,155.8,8.4223,3.3464,-2.4121,0.1,0.0,13.0213,True
1790468923.899,155.85,8.4199,3.3443,-2.4121,0.1,0.0,13.0246,True
1790468923.949,155.9,8.4176,3.3423,-2.4121,0.1,0.0,13.028,True
1790468923.999,155.95,8.4153,3.3402,-2.4121,0.1,0.0,13.0314,True
1790468924.049,156.0,8.413,3.3381,-2.4121,0.1,0.0,13.0348,True
1790468924.099,156.05,8.4106,3.336,-2.4121,0.1,0.0,13.0382,True
1790468924.149,156.1,8.4083,3.3339,-2.4121,0.1,0.0,13.0415,True
1790468924.199,156.15,8.406,3.3319,-2.4121,0.1,0.0,13.0449,True
1790468924.249,156.2,8.4037,3.3298,-2.4121,0.1,0.0,13.0483,True
1790468924.299,156.25,8.4013,3.3277,-2.4121,0.1,0.0,13.0517,True
1790468924.349,156.3,8.399,3.3256,-2.4121,0.1,0.0,13.0551,True
1790468924.399,156.35,8.3967,3.3236,-2.4121,0.1,0.0,13.0585,True
1790468924.449,156.4,8.3944,3.3215,-2.4121,0.1,0.0,13.0618,True
1790468924.499,156.45,8.392,3.3194,-2.4121,0.1,0.0,13.0652,True
1790468924.549,156.5,8.3897,3.3173,-2.4121,0.1,0.0,13.0686,True
1790468924.599,156.55,8.3874,3.3152,-2.4121,0.1,0.0,13.072,True
1790468924.649,156.6,8.3851,3.3132,-2.4121,0.1,0.0,13.0754,True
1790468924.699,156.65,8.3827,3.3111,-2.4121,0.1,0.0,13.0787,True
1790468924.749,156.7,8.3804,3.309,-2.4121,0.1,0.0,13.0821,True
1790468924.799,156.75,8.3781,3.3069,-2.4121,0.1,0.0,13.0855,True
1790468924.849,156.8,8.3758,3.3049,-2.4121,0.1,0.0,13.0889,True
1790468924.899,156.85,8.3735,3.3028,-2.4121,0.1,0.0,13.0923,True
1790468924.949,156.9,8.3711,3.3007,-2.4121,0.1,0.0,13.0956,True
1790468924.999,156.95,8.3688,3.2986,-2.4121,0.1,0.0,13.099,True
1790468925.049,157.0,8.3665,3.2965,-2.4121,0.1,0.0,13.1024,True
1790468925.099,157.05,8.3642,3.2945,-2.4121,0.1,0.0,13.1058,True
1790468925.149,157.1,8.3618,3.2924,-2.4121,0.1,0.0,13.1092,True
1790468925.199,157.15,8.3595,3.2903,-2.4121,0.1,0.0,13.1125,True
1790468925.249,157.2,8.3572,3.2882,-2.4121,0.1,0.0,13.1159,True
1790468925.299,157.25,8.3549,3.2862,-2.4121,0.1,0.0,13.1193,True
1790468925.349,157.3,8.3525,3.2841,-2.4121,0.1,0.0,13.1227,True
1790468925.399,157.35,8.3502,3.282,-2.4121,0.1,0.0,13.1261,True
1790468925.449,157.4,8.3479,3.2799,-2.4121,0.1,0.0,13.1294,True
1790468925.499,157.45,8.3456,3.2779,-2.4121,0.1,0.0,13.1328,True
1790468925.549,157.5,8.3432,3.2758,-2.4121,0.1,0.0,13.1362,True
1790468925.599,157.55,8.3409,3.2737,-2.4121,0.1,0.0,13.1396,True
1790468925.649,157.6,8.3386,3.2716,-2.4121,0.1,0.0,13.143,True
1790468925.699,157.65,8.3363,3.2695,-2.4121,0.1,0.0,13.1463,True
1790468925.749,157.7,8.3339,3.2675,-2.4121,0.1,0.0,13.1497,True
1790468925.799,157.75,8.3316,3.2654,-2.4121,0.1,0.0,13.1531,True
1790468925.849,157.8,8.3293,3.2633,-2.4121,0.1,0.0,13.1565,True
1790468925.899,157.85,8.327,3.2612,-2.4121,0.1,0.0,13.1599,True
1790468925.949,157.9,8.3246,3.2592,-2.4121,0.1,0.0,13.1632,True
1790468925.999,157.95,8.3223,3.2571,-2.4121,0.1,0.0,13.1666,True
1790468926.049,158.0,8.32,3.255,-2.4121,0.1,0.0,13.17,True
1790468926.099,158.05,8.3177,3.2529,-2.4121,0.1,0.0,13.1734,True
1790468926.149,158.1,8.3154,3.2508,-2.4121,0.1,0.0,13.1768,True
1790468926.199,158.15,8.313,3.2488,-2.4121,0.1,0.0,13.1801,True
1790468926.249,158.2,8.3107,3.2467,-2.4121,0.1,0.0,13.1835,True
1790468926.299,158.25,8.3084,3.2446,-2.4121,0.1,0.0,13.1869,True
1790468926.349,158.3,8.3061,3.2425,-2.4121,0.1,0.0,13.1903,True
1790468926.399,158.35,8.3037,3.2405,-2.4121,0.1,0.0,13.1937,True
1790468926.449,158.4,8.3014,3.2384,-2.4121,0.1,0.0,13.197,True
1790468926.499,158.45,8.2991,3.2363,-2.4121,0.1,0.0,13.2004,True
1790468926.549,158.5,8.2968,3.2342,-2.4121,0.1,0.0,13.2038,True
1790468926.599,158.55,8.2944,3.2321,-2.4121,0.1,0.0,13.2072,True
1790468926.649,158.6,8.2921,3.2301,-2.4121,0.1,0.0,13.2106,True
1790468926.699,158.65,8.2898,3.228,-2.4121,0.1,0.0,13.2139,True
1790468926.749,158.7,8.2875,3.2259,-2.4121,0.1,0.0,13.2173,True
1790468926.799,158.75,8.2851,3.2238,-2.4121,0.1,0.0,13.2207,True
1790468926.849,158.8,8.2828,3.2218,-2.4121,0.1,0.0,13.2241,True
1790468926.899,158.85,8.2805,3.2197,-2.4121,0.1,0.0,13.2275,True
1790468926.949,158.9,8.2782,3.2176,-2.4121,0.1,0.0,13.2308,True
1790468926.999,158.95,8.2758,3.2155,-2.4121,0.1,0.0,13.2342,True
1790468927.049,159.0,8.2735,3.2135,-2.4121,0.1,0.0,13.2376,True
1790468927.099,159.05,8.2712,3.2114,-2.4121,0.1,0.0,13.241,True
1790468927.149,159.1,8.2689,3.2093,-2.4121,0.1,0.0,13.2444,True
1790468927.199,159.15,8.2665,3.2072,-2.4121,0.1,0.0,13.2477,True
1790468927.249,159.2,8.2642,3.2051,-2.4121,0.1,0.0,13.2511,True
1790468927.299,159.25,8.2619,3.2031,-2.4121,0.1,0.0,13.2545,True
1790468927.349,159.3,8.2596,3.201,-2.4121,0.1,0.0,13.2579,True
1790468927.399,159.35,8.2573,3.1989,-2.4121,0.1,0.0,13.2613,True
1790468927.449,159.4,8.2549,3.1968,-2.4121,0.1,0.0,13.2646,True
1790468927.499,159.45,8.2526,3.1948,-2.4121,0.1,0.0,13.268,True
1790468927.549,159.5,8.2503,3.1927,-2.4121,0.1,0.0,13.2714,True
1790468927.599,159.55,8.248,3.1906,-2.4121,0.1,0.0,13.2748,True
1790468927.649,159.6,8.2456,3.1885,-2.4121,0.1,0.0,13.2782,True
1790468927.699,159.65,8.2433,3.1864,-2.4121,0.1,0.0,13.2815,True
1790468927.749,159.7,8.241,3.1844,-2.4121,0.1,0.0,13.2849,True
1790468927.799,159.75,8.2387,3.1823,-2.4121,0.1,0.0,13.2883,True
1790468927.849,159.8,8.2363,3.1802,-2.4121,0.1,0.0,13.2917,True
1790468927.899,159.85,8.234,3.1781,-2.4121,0.1,0.0,13.2951,True
1790468927.949,159.9,8.2317,3.1761,-2.4121,0.1,0.0,13.2985,True
1790468927.999,159.95,8.2294,3.174,-2.4121,0.1,0.0,13.3018,True
1790468928.049,160.0,8.227,3.1719,-2.4121,0.1,0.0,13.3052,True
1790468928.099,160.05,8.2247,3.1698,-2.4121,0.1,0.0,13.3086,True
1790468928.149,160.1,8.2224,3.1677,-2.4121,0.1,0.0,13.312,True
1790468928.199,160.15,8.2201,3.1657,-2.4121,0.1,0.0,13.3154,True
1790468928.249,160.2,8.2177,3.1636,-2.4121,0.1,0.0,13.3187,True
1790468928.299,160.25,8.2154,3.1615,-2.4121,0.1,0.0,13.3221,True
1790468928.349,160.3,8.2131,3.1594,-2.4121,0.1,0.0,13.3255,True
1790468928.399,160.35,8.2108,3.1574,-2.4121,0.1,0.0,13.3289,True
1790468928.449,160.4,8.2085,3.1553,-2.4121,0.1,0.0,13.3323,True
1790468928.499,160.45,8.2061,3.1532,-2.4121,0.1,0.0,13.3356,True
1790468928.549,160.5,8.2038,3.1511,-2.4121,0.1,0.0,13.339,True
1790468928.599,160.55,8.2015,3.149,-2.4121,0.1,0.0,13.3424,True
1790468928.649,160.6,8.1992,3.147,-2.4121,0.1,0.0,13.3458,True
1790468928.699,160.65,8.1968,3.1449,-2.4121,0.1,0.0,13.3492,True
1790468928.749,160.7,8.1945,3.1428,-2.4121,0.1,0.0,13.3525,True
1790468928.799,160.75,8.1922,3.1407,-2.4121,0.1,0.0,13.3559,True
1790468928.849,160.8,8.1899,3.1387,-2.4121,0.1,0.0,13.3593,True
1790468928.899,160.85,8.1875,3.1366,-2.4121,0.1,0.0,13.3627,True
1790468928.949,160.9,8.1852,3.1345,-2.4121,0.1,0.0,13.3661,True
1790468928.999,160.95,8.1829,3.1324,-2.4121,0.1,0.0,13.3694,True
1790468929.049,161.0,8.1806,3.1304,-2.4121,0.1,0.0,13.3728,True
1790468929.099,161.05,8.1782,3.1283,-2.4121,0.1,0.0,13.3762,True
1790468929.149,161.1,8.1759,3.1262,-2.4121,0.1,0.0,13.3796,True
1790468929.199,161.15,8.1736,3.1241,-2.4121,0.1,0.0,13.383,True
1790468929.249,161.2,8.1713,3.122,-2.4121,0.1,0.0,13.3863,True
1790468929.299,161.25,8.1689,3.12,-2.4121,0.1,0.0,13.3897,True
1790468929.349,161.3,8.1666,3.1179,-2.4121,0.1,0.0,13.3931,True
1790468929.399,161.35,8.1643,3.1158,-2.4121,0.1,0.0,13.3965,True
1790468929.449,161.4,8.162,3.1137,-2.4121,0.1,0.0,13.3999,True
1790468929.499,161.45,8.1596,3.1117,-2.4121,0.1,0.0,13.4032,True
1790468929.549,161.5,8.1573,3.1096,-2.4121,0.1,0.0,13.4066,True
1790468929.599,161.55,8.155,3.1075,-2.4121,0.1,0.0,13.41,True
1790468929.649,161.6,8.1527,3.1054,-2.4121,0.1,0.0,13.4134,True
1790468929.699,161.65,8.1504,3.1033,-2.4121,0.1,0.0,13.4168,True
1790468929.749,161.7,8.148,3.1013,-2.4121,0.1,0.0,13.4201,True
1790468929.799,161.75,8.1457,3.0992,-2.4121,0.1,0.0,13.4235,True
1790468929.849,161.8,8.1434,3.0971,-2.4121,0.1,0.0,13.4269,True
1790468929.899,161.85,8.1411,3.095,-2.4121,0.1,0.0,13.4303,True
1790468929.949,161.9,8.1387,3.093,-2.4121,0.1,0.0,13.4337,True
1790468929.999,161.95,8.1364,3.0909,-2.4121,0.1,0.0,13.437,True
1790468930.049,162.0,8.1341,3.0888,-2.4121,0.1,0.0,13.4404,True
1790468930.099,162.05,8.1318,3.0867,-2.4121,0.1,0.0,13.4438,True
1790468930.149,162.1,8.1294,3.0846,-2.4121,0.1,0.0,13.4472,True
1790468930.199,162.15,8.1271,3.0826,-2.4121,0.1,0.0,13.4506,True
1790468930.249,162.2,8.1248,3.0805,-2.4121,0.1,0.0,13.4539,True
1790468930.299,162.25,8.1225,3.0784,-2.4121,0.1,0.0,13.4573,True
1790468930.349,162.3,8.1201,3.0763,-2.4121,0.028,-0.0,13.4607,True
1790468930.399,162.35,8.1178,3.0743,-2.4121,0.1,0.0,13.4641,True
1790468930.449,162.4,8.1155,3.0722,-2.4121,0.1,0.0,13.4675,True
1790468930.499,162.45,8.1132,3.0701,-2.4121,0.1,0.0,13.4708,True
1790468930.549,162.5,8.1108,3.068,-2.4121,0.1,0.0,13.4742,True
1790468930.599,162.55,8.1085,3.066,-2.4121,0.1,0.0,13.4776,True
1790468930.649,162.6,8.1062,3.0639,-2.4121,0.1,0.0,13.481,True
1790468930.699,162.65,8.1039,3.0618,-2.4121,0.1,0.0,13.4844,True
1790468930.749,162.7,8.1015,3.0597,-2.4121,0.1,0.0,13.4877,True
1790468930.799,162.75,8.0992,3.0576,-2.4121,0.1,0.0,13.4911,True
1790468930.849,162.8,8.0969,3.0556,-2.4121,0.1,0.0,13.4945,True
1790468930.899,162.85,8.0946,3.0535,-2.4121,0.028,-0.0,13.4979,True
1790468930.949,162.9,8.0923,3.0514,-2.4121,0.1,0.0,13.5013,True
1790468930.999,162.95,8.0899,3.0493,-2.4121,0.1,0.0,13.5046,True
1790468931.049,163.0,8.0876,3.0473,-2.4121,0.1,0.0,13.508,True
1790468931.099,163.05,8.0853,3.0452,-2.4121,0.1,0.0,13.5114,True
1790468931.149,163.1,8.083,3.0431,-2.4121,0.1,0.0,13.5148,True
1790468931.199,163.15,8.0806,3.041,-2.4121,0.1,0.0,13.5182,True
1790468931.249,163.2,8.0783,3.0389,-2.4121,0.1,0.0,13.5215,True
1790468931.299,163.25,8.076,3.0369,-2.4121,0.1,0.0,13.5249,True
1790468931.349,163.3,8.0737,3.0348,-2.4121,0.1,0.0,13.5283,True
1790468931.399,163.35,8.0713,3.0327,-2.4121,0.1,0.0,13.5317,True
1790468931.449,163.4,8.069,3.0306,-2.4121,0.028,-0.0,13.5351,True
1790468931.499,163.45,8.0667,3.0286,-2.4121,0.1,0.0,13.5385,True
1790468931.549,163.5,8.0644,3.0265,-2.4121,0.1,0.0,13.5418,True
1790468931.599,163.55,8.062,3.0244,-2.4121,0.1,0.0,13.5452,True
1790468931.649,163.6,8.0597,3.0223,-2.4121,0.1,0.0,13.5486,True
1790468931.699,163.65,8.0574,3.0202,-2.4121,0.1,0.0,13.552,True
1790468931.749,163.7,8.0551,3.0182,-2.4121,0.1,0.0,13.5554,True
1790468931.799,163.75,8.0527,3.0161,-2.4121,0.1,0.0,13.5587,True
1790468931.849,163.8,8.0504,3.014,-2.4121,0.1,0.0,13.5621,True
1790468931.899,163.85,8.0481,3.0119,-2.4121,0.1,0.0,13.5655,True
1790468931.949,163.9,8.0458,3.0099,-2.4121,0.1,0.0,13.5689,True
1790468931.999,163.95,8.0435,3.0078,-2.4121,0.1,0.0,13.5723,True
1790468932.049,164.0,8.0411,3.0057,-2.4121,0.1,0.0,13.5756,True
1790468932.099,164.05,8.0388,3.0036,-2.4121,0.1,0.0,13.579,True
1790468932.149,164.1,8.0365,3.0015,-2.4121,0.1,0.0,13.5824,True
1790468932.199,164.15,8.0342,2.9995,-2.4121,0.1,0.0,13.5858,True
1790468932.249,164.2,8.0318,2.9974,-2.4121,0.1,0.0,13.5892,True
1790468932.299,164.25,8.0295,2.9953,-2.4121,0.1,0.0,13.5925,True
1790468932.349,164.3,8.0272,2.9932,-2.4121,0.1,0.0,13.5959,True
1790468932.399,164.35,8.0249,2.9912,-2.4121,0.1,0.0,13.5993,True
1790468932.449,164.4,8.0225,2.9891,-2.4121,0.1,0.0,13.6027,True
1790468932.499,164.45,8.0202,2.987,-2.4121,0.1,0.0,13.6061,True
1790468932.549,164.5,8.0179,2.9849,-2.4121,0.1,0.0,13.6094,True
1790468932.599,164.55,8.0156,2.9829,-2.4121,0.1,0.0,13.6128,True
1790468932.649,164.6,8.0132,2.9808,-2.4121,0.1,0.0,13.6162,True
1790468932.699,164.65,8.0109,2.9787,-2.4121,0.1,0.0,13.6196,True
1790468932.749,164.7,8.0086,2.9766,-2.4121,0.1,0.0,13.623,True
1790468932.799,164.75,8.0063,2.9745,-2.4121,0.1,0.0,13.6263,True
1790468932.849,164.8,8.0039,2.9725,-2.4121,0.1,0.0,13.6297,True
1790468932.899,164.85,8.0016,2.9704,-2.4121,0.1,0.0,13.6331,True
1790468932.949,164.9,7.9993,2.9683,-2.4121,0.1,0.0,13.6365,True
1790468932.999,164.95,7.997,2.9662,-2.4121,0.1,0.0,13.6399,True
1790468933.049,165.0,7.9946,2.9642,-2.4121,0.1,0.0,13.6432,True
1790468933.099,165.05,7.9923,2.9621,-2.4121,0.1,0.0,13.6466,True
1790468933.149,165.1,7.99,2.96,-2.4121,0.1,0.0,13.65,True
1790468933.199,165.15,7.9894,2.9594,-2.3562,0.1,0.0,13.6506,True
1790468933.249,165.2,7.9887,2.9587,-2.3562,0.1,0.0,13.6513,True
1790468933.299,165.25,7.9881,2.9581,-2.3562,0.1,0.0,13.6519,True
1790468933.349,165.3,7.9875,2.9575,-2.3562,0.1,0.0,13.6525,True
1790468933.399,165.35,7.9869,2.9569,-2.3562,0.1,0.0,13.6531,True
1790468933.449,165.4,7.9863,2.9562,-2.3562,0.1,0.0,13.6538,True
1790468933.499,165.45,7.9856,2.9556,-2.3562,0.1,0.0,13.6544,True
1790468933.549,165.5,7.985,2.955,-2.3562,0.1,0.0,13.655,True
1790468933.599,165.55,7.9844,2.9544,-2.3562,0.1,0.0,13.6556,True
1790468933.649,165.6,7.9837,2.9537,-2.3562,0.1,0.0,13.6562,True
1790468933.699,165.65,7.9831,2.9531,-2.3562,0.1,0.0,13.6569,True
1790468933.749,165.7,7.9825,2.9525,-2.3562,0.1,0.0,13.6575,True
1790468933.799,165.75,7.9819,2.9519,-2.3562,0.1,0.0,13.6581,True
1790468933.849,165.8,7.9813,2.9512,-2.3562,0.1,0.0,13.6587,True
1790468933.899,165.85,7.9806,2.9506,-2.3562,0.1,0.0,13.6594,True
1790468933.949,165.9,7.98,2.95,-2.3562,0.1,0.0,13.66,True
1790468933.999,165.95,7.9799,2.9486,-1.6208,0.1,0.0,13.6614,True
1790468934.049,166.0,7.9799,2.9473,-1.6208,0.1,0.0,13.6627,True
1790468934.099,166.05,7.9798,2.9459,-1.6208,0.1,0.0,13.6641,True
1790468934.149,166.1,7.9797,2.9446,-1.6208,0.1,0.0,13.6654,True
1790468934.199,166.15,7.9797,2.9432,-1.6208,0.1,0.0,13.6668,True
1790468934.249,166.2,7.9796,2.9419,-1.6208,0.1,0.0,13.6681,True
1790468934.299,166.25,7.9795,2.9405,-1.6208,0.1,0.0,13.6695,True
1790468934.349,166.3,7.9795,2.9392,-1.6208,0.1,0.0,13.6708,True
1790468934.399,166.35,7.9794,2.9378,-1.6208,0.1,0.0,13.6722,True
1790468934.449,166.4,7.9793,2.9365,-1.6208,0.1,0.0,13.6735,True
1790468934.499,166.45,7.9793,2.9351,-1.6208,0.1,0.0,13.6749,True
1790468934.549,166.5,7.9792,2.9338,-1.6208,0.1,0.0,13.6762,True
1790468934.599,166.55,7.9791,2.9324,-1.6208,0.1,0.0,13.6776,True
1790468934.649,166.6,7.9791,2.9311,-1.6208,0.1,0.0,13.6789,True
1790468934.699,166.65,7.979,2.9297,-1.6208,0.1,0.0,13.6803,True
1790468934.749,166.7,7.9789,2.9284,-1.6208,0.1,0.0,13.6816,True
1790468934.799,166.75,7.9789,2.927,-1.6208,0.1,0.0,13.683,True
1790468934.849,166.8,7.9788,2.9257,-1.6208,0.1,0.0,13.6843,True
1790468934.899,166.85,7.9787,2.9243,-1.6208,0.1,0.0,13.6857,True
1790468934.949,166.9,7.9786,2.923,-1.6208,0.1,0.0,13.687,True
1790468934.999,166.95,7.9786,2.9216,-1.6208,0.1,0.0,13.6884,True
1790468935.049,167.0,7.9785,2.9203,-1.6208,0.1,0.0,13.6897,True
1790468935.099,167.05,7.9784,2.9189,-1.6208,0.1,0.0,13.6911,True
1790468935.149,167.1,7.9784,2.9176,-1.6208,0.1,0.0,13.6924,True
1790468935.199,167.15,7.9783,2.9162,-1.6208,0.1,0.0,13.6938,True
1790468935.249,167.2,7.9782,2.9149,-1.6208,0.1,0.0,13.6951,True
1790468935.299,167.25,7.9782,2.9135,-1.6208,0.1,0.0,13.6965,True
1790468935.349,167.3,7.9781,2.9122,-1.6208,0.1,0.0,13.6978,True
1790468935.399,167.35,7.978,2.9108,-1.6208,0.1,0.0,13.6992,True
1790468935.449,167.4,7.978,2.9095,-1.6208,0.1,0.0,13.7005,True
1790468935.499,167.45,7.9779,2.9081,-1.6208,0.1,0.0,13.7019,True
1790468935.549,167.5,7.9778,2.9068,-1.6208,0.1,0.0,13.7032,True
1790468935.599,167.55,7.9778,2.9054,-1.6208,0.1,0.0,13.7046,True
1790468935.649,167.6,7.9777,2.9041,-1.6208,0.1,0.0,13.7059,True
1790468935.699,167.65,7.9776,2.9027,-1.6208,0.1,0.0,13.7073,True
1790468935.749,167.7,7.9776,2.9014,-1.6208,0.1,0.0,13.7086,True
1790468935.799,167.75,7.9775,2.9,-1.6208,0.1,0.0,13.71,True
1790468935.849,167.8,7.9774,2.8986,-1.6208,0.1,0.0,13.7114,True
1790468935.899,167.85,7.9774,2.8973,-1.6208,0.1,0.0,13.7127,True
1790468935.949,167.9,7.9773,2.8959,-1.6208,0.1,0.0,13.7141,True
1790468935.999,167.95,7.9772,2.8946,-1.6208,0.1,0.0,13.7154,True
1790468936.049,168.0,7.9772,2.8932,-1.6208,0.1,0.0,13.7168,True
1790468936.099,168.05,7.9771,2.8919,-1.6208,0.1,0.0,13.7181,True
1790468936.149,168.1,7.977,2.8905,-1.6208,0.1,0.0,13.7195,True
1790468936.199,168.15,7.977,2.8892,-1.6208,0.1,0.0,13.7208,True
1790468936.249,168.2,7.9769,2.8878,-1.6208,0.1,0.0,13.7222,True
1790468936.299,168.25,7.9768,2.8865,-1.6208,0.1,0.0,13.7235,True
1790468936.349,168.3,7.9768,2.8851,-1.6208,0.1,0.0,13.7249,True
1790468936.399,168.35,7.9767,2.8838,-1.6208,0.1,0.0,13.7262,True
1790468936.449,168.4,7.9766,2.8824,-1.6208,0.1,0.0,13.7276,True
1790468936.499,168.45,7.9766,2.8811,-1.6208,0.1,0.0,13.7289,True
1790468936.549,168.5,7.9765,2.8797,-1.6208,0.1,0.0,13.7303,True
1790468936.599,168.55,7.9764,2.8784,-1.6208,0.1,0.0,13.7316,True
1790468936.649,168.6,7.9764,2.877,-1.6208,0.1,0.0,13.733,True
1790468936.699,168.65,7.9763,2.8757,-1.6208,0.1,0.0,13.7343,True
1790468936.749,168.7,7.9762,2.8743,-1.6208,0.1,0.0,13.7357,True
1790468936.799,168.75,7.9761,2.873,-1.6208,0.1,0.0,13.737,True
1790468936.849,168.8,7.9761,2.8716,-1.6208,0.1,0.0,13.7384,True
1790468936.899,168.85,7.976,2.8703,-1.6208,0.1,0.0,13.7397,True
1790468936.949,168.9,7.9759,2.8689,-1.6208,0.1,0.0,13.7411,True
1790468936.999,168.95,7.9759,2.8676,-1.6208,0.1,0.0,13.7424,True
1790468937.049,169.0,7.9758,2.8662,-1.6208,0.1,0.0,13.7438,True
1790468937.099,169.05,7.9757,2.8649,-1.6208,0.1,0.0,13.7451,True
1790468937.149,169.1,7.9757,2.8635,-1.6208,0.1,0.0,13.7465,True
1790468937.199,169.15,7.9756,2.8622,-1.6208,0.1,0.0,13.7478,True
1790468937.249,169.2,7.9755,2.8608,-1.6208,0.1,0.0,13.7492,True
1790468937.299,169.25,7.9755,2.8595,-1.6208,0.1,0.0,13.7505,True
1790468937.349,169.3,7.9754,2.8581,-1.6208,0.1,0.0,13.7519,True
1790468937.399,169.35,7.9753,2.8568,-1.6208,0.1,0.0,13.7532,True
1790468937.449,169.4,7.9753,2.8554,-1.6208,0.1,0.0,13.7546,True
1790468937.499,169.45,7.9752,2.8541,-1.6208,0.1,0.0,13.7559,True
1790468937.549,169.5,7.9751,2.8527,-1.6208,0.1,0.0,13.7573,True
1790468937.599,169.55,7.9751,2.8514,-1.6208,0.1,0.0,13.7586,True
1790468937.649,169.6,7.975,2.85,-1.6208,0.1,0.0,13.76,True
1790468937.699,169.65,7.9749,2.8486,-1.6208,0.1,0.0,13.7614,True
1790468937.749,169.7,7.9749,2.8473,-1.6208,0.1,0.0,13.7627,True
1790468937.799,169.75,7.9748,2.8459,-1.6208,0.1,0.0,13.7641,True
1790468937.849,169.8,7.9747,2.8446,-1.6208,0.1,0.0,13.7654,True
1790468937.899,169.85,7.9747,2.8432,-1.6208,0.1,0.0,13.7668,True
1790468937.949,169.9,7.9746,2.8419,-1.6208,0.1,0.0,13.7681,True
1790468937.999,169.95,7.9745,2.8405,-1.6208,0.1,0.0,13.7695,True
1790468938.049,170.0,7.9745,2.8392,-1.6208,0.1,0.0,13.7708,True
1790468938.099,170.05,7.9744,2.8378,-1.6208,0.1,0.0,13.7722,True
1790468938.149,170.1,7.9743,2.8365,-1.6208,0.1,0.0,13.7735,True
1790468938.199,170.15,7.9743,2.8351,-1.6208,0.1,0.0,13.7749,True
1790468938.249,170.2,7.9742,2.8338,-1.6208,0.1,0.0,13.7762,True
1790468938.299,170.25,7.9741,2.8324,-1.6208,0.1,0.0,13.7776,True
1790468938.349,170.3,7.9741,2.8311,-1.6208,0.1,0.0,13.7789,True
1790468938.399,170.35,7.974,2.8297,-1.6208,0.1,0.0,13.7803,True
1790468938.449,170.4,7.9739,2.8284,-1.6208,0.1,0.0,13.7816,True
1790468938.499,170.45,7.9739,2.827,-1.6208,0.1,0.0,13.783,True
1790468938.549,170.5,7.9738,2.8257,-1.6208,0.1,0.0,13.7843,True
1790468938.599,170.55,7.9737,2.8243,-1.6208,0.1,0.0,13.7857,True
1790468938.649,170.6,7.9736,2.823,-1.6208,0.1,0.0,13.787,True
1790468938.699,170.65,7.9736,2.8216,-1.6208,0.1,0.0,13.7884,True
1790468938.749,170.7,7.9735,2.8203,-1.6208,0.1,0.0,13.7897,True
1790468938.799,170.75,7.9734,2.8189,-1.6208,0.1,0.0,13.7911,True
1790468938.849,170.8,7.9734,2.8176,-1.6208,0.1,0.0,13.7924,True
1790468938.899,170.85,7.9733,2.8162,-1.6208,0.1,0.0,13.7938,True
1790468938.949,170.9,7.9732,2.8149,-1.6208,0.1,0.0,13.7951,True
1790468938.999,170.95,7.9732,2.8135,-1.6208,0.1,0.0,13.7965,True
1790468939.049,171.0,7.9731,2.8122,-1.6208,0.1,0.0,13.7978,True
1790468939.099,171.05,7.973,2.8108,-1.6208,0.1,0.0,13.7992,True
1790468939.149,171.1,7.973,2.8095,-1.6208,0.1,0.0,13.8005,True
1790468939.199,171.15,7.9729,2.8081,-1.6208,0.1,0.0,13.8019,True
1790468939.249,171.2,7.9728,2.8068,-1.6208,0.1,0.0,13.8032,True
1790468939.299,171.25,7.9728,2.8054,-1.6208,0.1,0.0,13.8046,True
1790468939.349,171.3,7.9727,2.8041,-1.6208,0.1,0.0,13.8059,True
1790468939.399,171.35,7.9726,2.8027,-1.6208,0.1,0.0,13.8073,True
1790468939.449,171.4,7.9726,2.8014,-1.6208,0.1,0.0,13.8086,True
1790468939.499,171.45,7.9725,2.8,-1.6208,0.1,0.0,13.81,True
1790468939.549,171.5,7.9724,2.7986,-1.6208,0.1,0.0,13.8114,True
1790468939.599,171.55,7.9724,2.7973,-1.6208,0.1,0.0,13.8127,True
1790468939.649,171.6,7.9723,2.7959,-1.6208,0.1,0.0,13.8141,True
1790468939.699,171.65,7.9722,2.7946,-1.6208,0.1,0.0,13.8154,True
1790468939.749,171.7,7.9722,2.7932,-1.6208,0.1,0.0,13.8168,True
1790468939.799,171.75,7.9721,2.7919,-1.6208,0.1,0.0,13.8181,True
1790468939.849,171.8,7.972,2.7905,-1.6208,0.1,0.0,13.8195,True
1790468939.899,171.85,7.972,2.7892,-1.6208,0.1,0.0,13.8208,True
1790468939.949,171.9,7.9719,2.7878,-1.6208,0.1,0.0,13.8222,True
1790468939.999,171.95,7.9718,2.7865,-1.6208,0.1,0.0,13.8235,True
1790468940.049,172.0,7.9718,2.7851,-1.6208,0.1,0.0,13.8249,True
1790468940.099,172.05,7.9717,2.7838,-1.6208,0.1,0.0,13.8262,True
1790468940.149,172.1,7.9716,2.7824,-1.6208,0.1,0.0,13.8276,True
1790468940.199,172.15,7.9716,2.7811,-1.6208,0.1,0.0,13.8289,True
1790468940.249,172.2,7.9715,2.7797,-1.6208,0.1,0.0,13.8303,True
1790468940.299,172.25,7.9714,2.7784,-1.6208,0.1,0.0,13.8316,True
1790468940.349,172.3,7.9714,2.777,-1.6208,0.1,0.0,13.833,True
1790468940.399,172.35,7.9713,2.7757,-1.6208,0.1,0.0,13.8343,True
1790468940.449,172.4,7.9712,2.7743,-1.6208,0.1,0.0,13.8357,True
1790468940.499,172.45,7.9711,2.773,-1.6208,0.1,0.0,13.837,True
1790468940.549,172.5,7.9711,2.7716,-1.6208,0.1,0.0,13.8384,True
1790468940.599,172.55,7.971,2.7703,-1.6208,0.1,0.0,13.8397,True
1790468940.649,172.6,7.9709,2.7689,-1.6208,0.1,0.0,13.8411,True
1790468940.699,172.65,7.9709,2.7676,-1.6208,0.1,0.0,13.8424,True
1790468940.749,172.7,7.9708,2.7662,-1.6208,0.1,0.0,13.8438,True
1790468940.799,172.75,7.9707,2.7649,-1.6208,0.1,0.0,13.8451,True
1790468940.849,172.8,7.9707,2.7635,-1.6208,0.1,0.0,13.8465,True
1790468940.899,172.85,7.9706,2.7622,-1.6208,0.1,0.0,13.8478,True
1790468940.949,172.9,7.9705,2.7608,-1.6208,0.1,0.0,13.8492,True
1790468940.999,172.95,7.9705,2.7595,-1.6208,0.1,0.0,13.8505,True
1790468941.049,173.0,7.9704,2.7581,-1.6208,0.1,0.0,13.8519,True
1790468941.099,173.05,7.9703,2.7568,-1.6208,0.1,0.0,13.8532,True
1790468941.149,173.1,7.9703,2.7554,-1.6208,0.1,0.0,13.8546,True
1790468941.199,173.15,7.9702,2.7541,-1.6208,0.1,0.0,13.8559,True
1790468941.249,173.2,7.9701,2.7527,-1.6208,0.1,0.0,13.8573,True
1790468941.299,173.25,7.9701,2.7514,-1.6208,0.1,0.0,13.8586,True
1790468941.349,173.3,7.97,2.75,-1.6208,0.1,0.0,13.86,True
1790468941.399,173.35,7.9699,2.7486,-1.6208,0.1,0.0,13.8614,True
1790468941.449,173.4,7.9699,2.7473,-1.6208,0.1,0.0,13.8627,True
1790468941.499,173.45,7.9698,2.7459,-1.6208,0.1,0.0,13.8641,True
1790468941.549,173.5,7.9697,2.7446,-1.6208,0.1,0.0,13.8654,True
1790468941.599,173.55,7.9697,2.7432,-1.6208,0.1,0.0,13.8668,True
1790468941.649,173.6,7.9696,2.7419,-1.6208,0.1,0.0,13.8681,True
1790468941.699,173.65,7.9695,2.7405,-1.6208,0.1,0.0,13.8695,True
1790468941.749,173.7,7.9695,2.7392,-1.6208,0.1,0.0,13.8708,True
1790468941.799,173.75,7.9694,2.7378,-1.6208,0.1,0.0,13.8722,True
1790468941.849,173.8,7.9693,2.7365,-1.6208,0.1,0.0,13.8735,True
1790468941.899,173.85,7.9693,2.7351,-1.6208,0.1,0.0,13.8749,True
1790468941.949,173.9,7.9692,2.7338,-1.6208,0.1,0.0,13.8762,True
1790468941.999,173.95,7.9691,2.7324,-1.6208,0.1,0.0,13.8776,True
1790468942.049,174.0,7.9691,2.7311,-1.6208,0.1,0.0,13.8789,True
1790468942.099,174.05,7.969,2.7297,-1.6208,0.1,0.0,13.8803,True
1790468942.149,174.1,7.9689,2.7284,-1.6208,0.1,0.0,13.8816,True
1790468942.199,174.15,7.9689,2.727,-1.6208,0.1,0.0,13.883,True
1790468942.249,174.2,7.9688,2.7257,-1.6208,0.1,0.0,13.8843,True
1790468942.299,174.25,7.9687,2.7243,-1.6208,0.1,0.0,13.8857,True
1790468942.349,174.3,7.9686,2.723,-1.6208,0.1,0.0,13.887,True
1790468942.399,174.35,7.9686,2.7216,-1.6208,0.1,0.0,13.8884,True
1790468942.449,174.4,7.9685,2.7203,-1.6208,0.1,0.0,13.8897,True
1790468942.499,174.45,7.9684,2.7189,-1.6208,0.1,0.0,13.8911,True
1790468942.549,174.5,7.9684,2.7176,-1.6208,0.1,0.0,13.8924,True
1790468942.599,174.55,7.9683,2.7162,-1.6208,0.1,0.0,13.8938,True
1790468942.649,174.6,7.9682,2.7149,-1.6208,0.1,0.0,13.8951,True
1790468942.699,174.65,7.9682,2.7135,-1.6208,0.1,0.0,13.8965,True
1790468942.749,174.7,7.9681,2.7122,-1.6208,0.1,0.0,13.8978,True
1790468942.799,174.75,7.968,2.7108,-1.6208,0.1,0.0,13.8992,True
1790468942.849,174.8,7.968,2.7095,-1.6208,0.1,0.0,13.9005,True
1790468942.899,174.85,7.9679,2.7081,-1.6208,0.1,0.0,13.9019,True
1790468942.949,174.9,7.9678,2.7068,-1.6208,0.1,0.0,13.9032,True
1790468942.999,174.95,7.9678,2.7054,-1.6208,0.1,0.0,13.9046,True
1790468943.049,175.0,7.9677,2.7041,-1.6208,0.1,0.0,13.9059,True
1790468943.099,175.05,7.9676,2.7027,-1.6208,0.1,0.0,13.9073,True
1790468943.149,175.1,7.9676,2.7014,-1.6208,0.1,0.0,13.9086,True
1790468943.199,175.15,7.9675,2.7,-1.6208,0.1,0.0,13.91,True
1790468943.249,175.2,7.9674,2.6986,-1.6208,0.1,0.0,13.9114,True
1790468943.299,175.25,7.9674,2.6973,-1.6208,0.1,0.0,13.9127,True
1790468943.349,175.3,7.9673,2.6959,-1.6208,0.1,0.0,13.9141,True
1790468943.399,175.35,7.9672,2.6946,-1.6208,0.1,0.0,13.9154,True
1790468943.449,175.4,7.9672,2.6932,-1.6208,0.1,0.0,13.9168,True
1790468943.499,175.45,7.9671,2.6919,-1.6208,0.1,0.0,13.9181,True
1790468943.549,175.5,7.967,2.6905,-1.6208,0.1,0.0,13.9195,True
1790468943.599,175.55,7.967,2.6892,-1.6208,0.1,0.0,13.9208,True
1790468943.649,175.6,7.9669,2.6878,-1.6208,0.1,0.0,13.9222,True
1790468943.699,175.65,7.9668,2.6865,-1.6208,0.1,0.0,13.9235,True
1790468943.749,175.7,7.9668,2.6851,-1.6208,0.1,0.0,13.9249,True
1790468943.799,175.75,7.9667,2.6838,-1.6208,0.1,0.0,13.9262,True
1790468943.849,175.8,7.9666,2.6824,-1.6208,0.1,0.0,13.9276,True
1790468943.899,175.85,7.9666,2.6811,-1.6208,0.1,0.0,13.9289,True
1790468943.949,175.9,7.9665,2.6797,-1.6208,0.1,0.0,13.9303,True
1790468943.999,175.95,7.9664,2.6784,-1.6208,0.1,0.0,13.9316,True
1790468944.049,176.0,7.9664,2.677,-1.6208,0.1,0.0,13.933,True
1790468944.099,176.05,7.9663,2.6757,-1.6208,0.1,0.0,13.9343,True
1790468944.149,176.1,7.9662,2.6743,-1.6208,0.1,0.0,13.9357,True
1790468944.199,176.15,7.9661,2.673,-1.6208,0.1,0.0,13.937,True
1790468944.249,176.2,7.9661,2.6716,-1.6208,0.1,0.0,13.9384,True
1790468944.299,176.25,7.966,2.6703,-1.6208,0.1,0.0,13.9397,True
1790468944.349,176.3,7.9659,2.6689,-1.6208,0.1,0.0,13.9411,True
1790468944.399,176.35,7.9659,2.6676,-1.6208,0.1,0.0,13.9424,True
1790468944.449,176.4,7.9658,2.6662,-1.6208,0.1,0.0,13.9438,True
1790468944.499,176.45,7.9657,2.6649,-1.6208,0.1,0.0,13.9451,True
1790468944.549,176.5,7.9657,2.6635,-1.6208,0.1,0.0,13.9465,True
1790468944.599,176.55,7.9656,2.6622,-1.6208,0.1,0.0,13.9478,True
1790468944.649,176.6,7.9655,2.6608,-1.6208,0.1,0.0,13.9492,True
1790468944.699,176.65,7.9655,2.6595,-1.6208,0.1,0.0,13.9505,True
1790468944.749,176.7,7.9654,2.6581,-1.6208,0.1,0.0,13.9519,True
1790468944.799,176.75,7.9653,2.6568,-1.6208,0.1,0.0,13.9532,True
1790468944.849,176.8,7.9653,2.6554,-1.6208,0.1,0.0,13.9546,True
1790468944.899,176.85,7.9652,2.6541,-1.6208,0.1,0.0,13.9559,True
1790468944.949,176.9,7.9651,2.6527,-1.6208,0.1,0.0,13.9573,True
1790468944.999,176.95,7.9651,2.6514,-1.6208,0.1,0.0,13.9586,True
1790468945.049,177.0,7.965,2.65,-1.6208,0.1,0.0,13.96,True
1790468945.099,177.05,7.9649,2.6486,-1.6208,0.1,0.0,13.9614,True
1790468945.149,177.1,7.9649,2.6473,-1.6208,0.1,0.0,13.9627,True
1790468945.199,177.15,7.9648,2.6459,-1.6208,0.1,0.0,13.9641,True
1790468945.249,177.2,7.9647,2.6446,-1.6208,0.1,0.0,13.9654,True
1790468945.299,177.25,7.9647,2.6432,-1.6208,0.1,0.0,13.9668,True
1790468945.349,177.3,7.9646,2.6419,-1.6208,0.1,0.0,13.9681,True
1790468945.399,177.35,7.9645,2.6405,-1.6208,0.1,0.0,13.9695,True
1790468945.449,177.4,7.9645,2.6392,-1.6208,0.1,0.0,13.9708,True
1790468945.499,177.45,7.9644,2.6378,-1.6208,0.1,0.0,13.9722,True
1790468945.549,177.5,7.9643,2.6365,-1.6208,0.1,0.0,13.9735,True
1790468945.599,177.55,7.9643,2.6351,-1.6208,0.1,0.0,13.9749,True
1790468945.649,177.6,7.9642,2.6338,-1.6208,0.1,0.0,13.9762,True
1790468945.699,177.65,7.9641,2.6324,-1.6208,0.1,0.0,13.9776,True
1790468945.749,177.7,7.9641,2.6311,-1.6208,0.1,0.0,13.9789,True
1790468945.799,177.75,7.964,2.6297,-1.6208,0.1,0.0,13.9803,True
1790468945.849,177.8,7.9639,2.6284,-1.6208,0.1,0.0,13.9816,True
1790468945.899,177.85,7.9639,2.627,-1.6208,0.1,0.0,13.983,True
1790468945.949,177.9,7.9638,2.6257,-1.6208,0.1,0.0,13.9843,True
1790468945.999,177.95,7.9637,2.6243,-1.6208,0.1,0.0,13.9857,True
1790468946.049,178.0,7.9636,2.623,-1.6208,0.1,0.0,13.987,True
1790468946.099,178.05,7.9636,2.6216,-1.6208,0.1,0.0,13.9884,True
1790468946.149,178.1,7.9635,2.6203,-1.6208,0.1,0.0,13.9897,True
1790468946.199,178.15,7.9634,2.6189,-1.6208,0.1,0.0,13.9911,True
1790468946.249,178.2,7.9634,2.6176,-1.6208,0.1,0.0,13.9924,True
1790468946.299,178.25,7.9633,2.6162,-1.6208,0.1,0.0,13.9938,True
1790468946.349,178.3,7.9632,2.6149,-1.6208,0.1,0.0,13.9951,True
1790468946.399,178.35,7.9632,2.6135,-1.6208,0.1,0.0,13.9965,True
1790468946.449,178.4,7.9631,2.6122,-1.6208,0.1,0.0,13.9978,True
1790468946.499,178.45,7.963,2.6108,-1.6208,0.1,0.0,13.9992,True
1790468946.549,178.5,7.963,2.6095,-1.6208,0.1,0.0,14.0005,True
1790468946.599,178.55,7.9629,2.6081,-1.6208,0.1,0.0,14.0019,True
1790468946.649,178.6,7.9628,2.6068,-1.6208,0.1,0.0,14.0032,True
1790468946.699,178.65,7.9628,2.6054,-1.6208,0.1,0.0,14.0046,True
1790468946.749,178.7,7.9627,2.6041,-1.6208,0.1,0.0,14.0059,True
1790468946.799,178.75,7.9626,2.6027,-1.6208,0.1,0.0,14.0073,True
1790468946.849,178.8,7.9626,2.6014,-1.6208,0.1,0.0,14.0086,True
1790468946.899,178.85,7.9625,2.6,-1.6208,0.1,0.0,14.01,True
1790468946.949,178.9,7.9624,2.5986,-1.6208,0.1,0.0,14.0114,True
1790468946.999,178.95,7.9624,2.5973,-1.6208,0.1,0.0,14.0127,True
1790468947.049,179.0,7.9623,2.5959,-1.6208,0.1,0.0,14.0141,True
1790468947.099,179.05,7.9622,2.5946,-1.6208,0.1,0.0,14.0154,True
1790468947.149,179.1,7.9622,2.5932,-1.6208,0.1,0.0,14.0168,True
1790468947.199,179.15,7.9621,2.5919,-1.6208,0.1,0.0,14.0181,True
1790468947.249,179.2,7.962,2.5905,-1.6208,0.1,0.0,14.0195,True
1790468947.299,179.25,7.962,2.5892,-1.6208,0.1,0.0,14.0208,True
1790468947.349,179.3,7.9619,2.5878,-1.6208,0.1,0.0,14.0222,True
1790468947.399,179.35,7.9618,2.5865,-1.6208,0.1,0.0,14.0235,True
1790468947.449,179.4,7.9618,2.5851,-1.6208,0.1,0.0,14.0249,True
1790468947.499,179.45,7.9617,2.5838,-1.6208,0.1,0.0,14.0262,True
1790468947.549,179.5,7.9616,2.5824,-1.6208,0.1,0.0,14.0276,True
1790468947.599,179.55,7.9616,2.5811,-1.6208,0.1,0.0,14.0289,True
1790468947.649,179.6,7.9615,2.5797,-1.6208,0.1,0.0,14.0303,True
1790468947.699,179.65,7.9614,2.5784,-1.6208,0.1,0.0,14.0316,True
1790468947.749,179.7,7.9614,2.577,-1.6208,0.1,0.0,14.033,True
1790468947.799,179.75,7.9613,2.5757,-1.6208,0.1,0.0,14.0343,True
1790468947.849,179.8,7.9612,2.5743,-1.6208,0.1,0.0,14.0357,True
1790468947.899,179.85,7.9611,2.573,-1.6208,0.1,0.0,14.037,True
1790468947.949,179.9,7.9611,2.5716,-1.6208,0.1,0.0,14.0384,True
1790468947.999,179.95,7.961,2.5703,-1.6208,0.1,0.0,14.0397,True
1790468948.049,180.0,7.9609,2.5689,-1.6208,0.1,0.0,14.0411,True
1790468948.099,180.05,7.9609,2.5676,-1.6208,0.1,0.0,14.0424,True
1790468948.149,180.1,7.9608,2.5662,-1.6208,0.1,0.0,14.0438,True
1790468948.199,180.15,7.9607,2.5649,-1.6208,0.1,0.0,14.0451,True
1790468948.249,180.2,7.9607,2.5635,-1.6208,0.1,0.0,14.0465,True
1790468948.299,180.25,7.9606,2.5622,-1.6208,0.1,0.0,14.0478,True
1790468948.349,180.3,7.9605,2.5608,-1.6208,0.1,0.0,14.0492,True
1790468948.399,180.35,7.9605,2.5595,-1.6208,0.1,0.0,14.0505,True
1790468948.449,180.4,7.9604,2.5581,-1.6208,0.1,0.0,14.0519,True
1790468948.499,180.45,7.9603,2.5568,-1.6208,0.1,0.0,14.0532,True
1790468948.549,180.5,7.9603,2.5554,-1.6208,0.1,0.0,14.0546,True
1790468948.599,180.55,7.9602,2.5541,-1.6208,0.1,0.0,14.0559,True
1790468948.649,180.6,7.9601,2.5527,-1.6208,0.1,0.0,14.0573,True
1790468948.699,180.65,7.9601,2.5514,-1.6208,0.1,0.0,14.0586,True
1790468948.749,180.7,7.96,2.55,-1.6208,0.1,0.0,14.06,True
1790468948.799,180.75,7.9601,2.5472,-1.5473,0.1,0.0,14.063,True
1790468948.849,180.8,7.9601,2.5443,-1.5473,0.1,0.0,14.0659,True
1790468948.899,180.85,7.9602,2.5415,-1.5473,0.1,0.0,14.0689,True
1790468948.949,180.9,7.9603,2.5387,-1.5473,0.1,0.0,14.0719,True
1790468948.999,180.95,7.9603,2.5358,-1.5473,0.1,0.0,14.0748,True
1790468949.049,181.0,7.9604,2.533,-1.5473,0.1,0.0,14.0778,True
1790468949.099,181.05,7.9605,2.5302,-1.5473,0.1,0.0,14.0808,True
1790468949.149,181.1,7.9605,2.5273,-1.5473,0.1,0.0,14.0837,True
1790468949.199,181.15,7.9606,2.5245,-1.5473,0.1,0.0,14.0867,True
1790468949.249,181.2,7.9607,2.5217,-1.5473,0.1,0.0,14.0897,True
1790468949.299,181.25,7.9607,2.5188,-1.5473,0.1,0.0,14.0926,True
1790468949.349,181.3,7.9608,2.516,-1.5473,0.1,0.0,14.0956,True
1790468949.399,181.35,7.9609,2.5132,-1.5473,0.1,0.0,14.0986,True
1790468949.449,181.4,7.9609,2.5103,-1.5473,0.1,0.0,14.1015,True
1790468949.499,181.45,7.961,2.5075,-1.5473,0.1,0.0,14.1045,True
1790468949.549,181.5,7.9611,2.5047,-1.5473,0.1,0.0,14.1075,True
1790468949.599,181.55,7.9611,2.5018,-1.5473,0.1,0.0,14.1104,True
1790468949.649,181.6,7.9612,2.499,-1.5473,0.1,0.0,14.1134,True
1790468949.699,181.65,7.9613,2.4962,-1.5473,0.1,0.0,14.1164,True
1790468949.749,181.7,7.9613,2.4933,-1.5473,0.1,0.0,14.1193,True
1790468949.799,181.75,7.9614,2.4905,-1.5473,0.1,0.0,14.1223,True
1790468949.849,181.8,7.9615,2.4877,-1.5473,0.1,0.0,14.1253,True
1790468949.899,181.85,7.9615,2.4848,-1.5473,0.1,0.0,14.1282,True
1790468949.949,181.9,7.9616,2.482,-1.5473,0.1,0.0,14.1312,True
1790468949.999,181.95,7.9617,2.4792,-1.5473,0.1,0.0,14.1342,True
1790468950.049,182.0,7.9617,2.4763,-1.5473,0.1,0.0,14.1371,True
1790468950.099,182.05,7.9618,2.4735,-1.5473,0.1,0.0,14.1401,True
1790468950.149,182.1,7.9619,2.4707,-1.5473,0.1,0.0,14.1431,True
1790468950.199,182.15,7.9619,2.4678,-1.5473,0.1,0.0,14.146,True
1790468950.249,182.2,7.962,2.465,-1.5473,0.1,0.0,14.149,True
1790468950.299,182.25,7.9621,2.4622,-1.5473,0.1,0.0,14.152,True
1790468950.349,182.3,7.9621,2.4593,-1.5473,0.1,0.0,14.1549,True
1790468950.399,182.35,7.9622,2.4565,-1.5473,0.1,0.0,14.1579,True
1790468950.449,182.4,7.9623,2.4537,-1.5473,0.1,0.0,14.1609,True
1790468950.499,182.45,7.9623,2.4508,-1.5473,0.1,0.0,14.1638,True
1790468950.549,182.5,7.9624,2.448,-1.5473,0.1,0.0,14.1668,True
1790468950.599,182.55,7.9625,2.4452,-1.5473,0.1,0.0,14.1698,True
1790468950.649,182.6,7.9625,2.4423,-1.5473,0.1,0.0,14.1727,True
1790468950.699,182.65,7.9626,2.4395,-1.5473,0.1,0.0,14.1757,True
1790468950.749,182.7,7.9627,2.4367,-1.5473,0.1,0.0,14.1787,True
1790468950.799,182.75,7.9627,2.4338,-1.5473,0.1,0.0,14.1816,True
1790468950.849,182.8,7.9628,2.431,-1.5473,0.1,0.0,14.1846,True
1790468950.899,182.85,7.9629,2.4282,-1.5473,0.1,0.0,14.1876,True
1790468950.949,182.9,7.9629,2.4253,-1.5473,0.1,0.0,14.1905,True
1790468950.999,182.95,7.963,2.4225,-1.5473,0.1,0.0,14.1935,True
1790468951.049,183.0,7.9631,2.4197,-1.5473,0.1,0.0,14.1965,True
1790468951.099,183.05,7.9631,2.4168,-1.5473,0.1,0.0,14.1994,True
1790468951.149,183.1,7.9632,2.414,-1.5473,0.1,0.0,14.2024,True
1790468951.199,183.15,7.9633,2.4112,-1.5473,0.1,0.0,14.2054,True
1790468951.249,183.2,7.9633,2.4083,-1.5473,0.1,0.0,14.2083,True
1790468951.299,183.25,7.9634,2.4055,-1.5473,0.1,0.0,14.2113,True
1790468951.349,183.3,7.9635,2.4027,-1.5473,0.1,0.0,14.2143,True
1790468951.399,183.35,7.9635,2.3998,-1.5473,0.1,0.0,14.2172,True
1790468951.449,183.4,7.9636,2.397,-1.5473,0.1,0.0,14.2202,True
1790468951.499,183.45,7.9637,2.3942,-1.5473,0.015,-0.3,14.2232,True
1790468951.549,183.5,7.9637,2.3913,-1.5473,0.1,0.0,14.2261,True
1790468951.599,183.55,7.9638,2.3885,-1.5473,0.1,0.0,14.2291,True
1790468951.649,183.6,7.9639,2.3857,-1.5473,0.1,0.0,14.2321,True
1790468951.699,183.65,7.9639,2.3828,-1.5473,0.1,0.0,14.235,True
1790468951.749,183.7,7.964,2.38,-1.5473,0.1,0.0,14.238,True
1790468951.799,183.75,7.9641,2.3772,-1.5473,0.1,0.0,14.241,True
1790468951.849,183.8,7.9641,2.3743,-1.5473,0.1,0.0,14.2439,True
1790468951.899,183.85,7.9642,2.3715,-1.5473,0.1,0.0,14.2469,True
1790468951.949,183.9,7.9643,2.3687,-1.5473,0.1,0.0,14.2499,True
1790468951.999,183.95,7.9643,2.3658,-1.5473,0.1,0.0,14.2528,True
1790468952.049,184.0,7.9644,2.363,-1.5473,0.1,0.0,14.2558,True
1790468952.099,184.05,7.9645,2.3602,-1.5473,0.1,0.0,14.2588,True
1790468952.149,184.1,7.9645,2.3573,-1.5473,0.1,0.0,14.2617,True
1790468952.199,184.15,7.9646,2.3545,-1.5473,0.1,0.0,14.2647,True
1790468952.249,184.2,7.9647,2.3517,-1.5473,0.1,0.0,14.2677,True
1790468952.299,184.25,7.9647,2.3488,-1.5473,0.1,0.0,14.2706,True
1790468952.349,184.3,7.9648,2.346,-1.5473,0.1,0.0,14.2736,True
1790468952.399,184.35,7.9649,2.3432,-1.5473,0.1,0.0,14.2766,True
1790468952.449,184.4,7.9649,2.3403,-1.5473,0.1,0.0,14.2795,True
1790468952.499,184.45,7.965,2.3375,-1.5473,0.1,0.0,14.2825,True
1790468952.549,184.5,7.9651,2.3347,-1.5473,0.1,0.0,14.2855,True
1790468952.599,184.55,7.9651,2.3318,-1.5473,0.1,0.0,14.2884,True
1790468952.649,184.6,7.9652,2.329,-1.5473,0.1,0.0,14.2914,True
1790468952.699,184.65,7.9653,2.3262,-1.5473,0.1,0.0,14.2944,True
1790468952.749,184.7,7.9653,2.3233,-1.5473,0.1,0.0,14.2973,True
1790468952.799,184.75,7.9654,2.3205,-1.5473,0.1,0.0,14.3003,True
1790468952.849,184.8,7.9655,2.3177,-1.5473,0.1,0.0,14.3033,True
1790468952.899,184.85,7.9655,2.3148,-1.5473,0.1,0.0,14.3062,True
1790468952.949,184.9,7.9656,2.312,-1.5473,0.028,-0.01,14.3092,True
1790468952.999,184.95,7.9657,2.3092,-1.5473,0.1,0.0,14.3122,True
1790468953.049,185.0,7.9657,2.3063,-1.5473,0.1,0.0,14.3151,True
1790468953.099,185.05,7.9658,2.3035,-1.5473,0.1,0.0,14.3181,True
1790468953.149,185.1,7.9659,2.3007,-1.5473,0.1,0.0,14.3211,True
1790468953.199,185.15,7.9659,2.2978,-1.5473,0.1,0.0,14.324,True
1790468953.249,185.2,7.966,2.295,-1.5473,0.028,-0.01,14.327,True
1790468953.299,185.25,7.9661,2.2922,-1.5473,0.1,0.0,14.33,True
1790468953.349,185.3,7.9661,2.2893,-1.5473,0.1,0.0,14.3329,True
1790468953.399,185.35,7.9662,2.2865,-1.5473,0.1,0.0,14.3359,True
1790468953.449,185.4,7.9663,2.2837,-1.5473,0.1,0.0,14.3389,True
1790468953.499,185.45,7.9663,2.2808,-1.5473,0.1,0.0,14.3418,True
1790468953.549,185.5,7.9664,2.278,-1.5473,0.028,-0.01,14.3448,True
1790468953.599,185.55,7.9665,2.2752,-1.5473,0.1,0.0,14.3478,True
1790468953.649,185.6,7.9665,2.2723,-1.5473,0.1,0.0,14.3507,True
1790468953.699,185.65,7.9666,2.2695,-1.5473,0.1,0.0,14.3537,True
1790468953.749,185.7,7.9667,2.2667,-1.5473,0.1,0.0,14.3567,True
1790468953.799,185.75,7.9667,2.2638,-1.5473,0.1,0.0,14.3596,True
1790468953.849,185.8,7.9668,2.261,-1.5473,0.028,-0.0,14.3626,True
1790468953.899,185.85,7.9669,2.2582,-1.5473,0.1,0.0,14.3656,True
1790468953.949,185.9,7.9669,2.2553,-1.5473,0.1,0.0,14.3685,True
1790468953.999,185.95,7.967,2.2525,-1.5473,0.1,0.0,14.3715,True
1790468954.049,186.0,7.9671,2.2497,-1.5473,0.1,0.0,14.3745,True
1790468954.099,186.05,7.9671,2.2468,-1.5473,0.028,-0.0,14.3774,True
1790468954.149,186.1,7.9672,2.244,-1.5473,0.1,0.0,14.3804,True
1790468954.199,186.15,7.9673,2.2412,-1.5473,0.1,0.0,14.3834,True
1790468954.249,186.2,7.9673,2.2383,-1.5473,0.1,0.0,14.3863,True
1790468954.299,186.25,7.9674,2.2355,-1.5473,0.1,0.0,14.3893,True
1790468954.349,186.3,7.9675,2.2327,-1.5473,0.1,0.0,14.3923,True
1790468954.399,186.35,7.9675,2.2298,-1.5473,0.028,-0.0,14.3952,True
1790468954.449,186.4,7.9676,2.227,-1.5473,0.1,0.0,14.3982,True
1790468954.499,186.45,7.9677,2.2242,-1.5473,0.1,0.0,14.4012,True
1790468954.549,186.5,7.9677,2.2213,-1.5473,0.1,0.0,14.4041,True
1790468954.599,186.55,7.9678,2.2185,-1.5473,0.1,0.0,14.4071,True
1790468954.649,186.6,7.9679,2.2157,-1.5473,0.1,0.0,14.4101,True
1790468954.699,186.65,7.9679,2.2128,-1.5473,0.028,-0.0,14.413,True
1790468954.749,186.7,7.968,2.21,-1.5473,0.1,0.0,14.416,True
1790468954.799,186.75,7.9681,2.2072,-1.5473,0.1,0.0,14.419,True
1790468954.849,186.8,7.9681,2.2043,-1.5473,0.1,0.0,14.4219,True
1790468954.899,186.85,7.9682,2.2015,-1.5473,0.1,0.0,14.4249,True
1790468954.949,186.9,7.9683,2.1987,-1.5473,0.028,-0.0,14.4279,True
1790468954.999,186.95,7.9683,2.1958,-1.5473,0.1,0.0,14.4308,True
1790468955.049,187.0,7.9684,2.193,-1.5473,0.1,0.0,14.4338,True
1790468955.099,187.05,7.9685,2.1902,-1.5473,0.1,0.0,14.4368,True
1790468955.149,187.1,7.9685,2.1873,-1.5473,0.1,0.0,14.4397,True
1790468955.199,187.15,7.9686,2.1845,-1.5473,0.1,0.0,14.4427,True
1790468955.249,187.2,7.9687,2.1817,-1.5473,0.028,-0.0,14.4457,True
1790468955.299,187.25,7.9687,2.1788,-1.5473,0.1,0.0,14.4486,True
1790468955.349,187.3,7.9688,2.176,-1.5473,0.1,0.0,14.4516,True
1790468955.399,187.35,7.9689,2.1732,-1.5473,0.1,0.0,14.4546,True
1790468955.449,187.4,7.9689,2.1703,-1.5473,0.1,0.0,14.4575,True
1790468955.499,187.45,7.969,2.1675,-1.5473,0.028,-0.0,14.4605,True
1790468955.549,187.5,7.9691,2.1647,-1.5473,0.1,0.0,14.4635,True
1790468955.599,187.55,7.9691,2.1618,-1.5473,0.1,0.0,14.4664,True
1790468955.649,187.6,7.9692,2.159,-1.5473,0.1,0.0,14.4694,True
1790468955.699,187.65,7.9693,2.1562,-1.5473,0.1,0.0,14.4724,True
1790468955.749,187.7,7.9693,2.1533,-1.5473,0.028,-0.0,14.4753,True
1790468955.799,187.75,7.9694,2.1505,-1.5473,0.1,0.0,14.4783,True
1790468955.849,187.8,7.9695,2.1477,-1.5473,0.1,0.0,14.4813,True
1790468955.899,187.85,7.9695,2.1448,-1.5473,0.1,0.0,14.4842,True
1790468955.949,187.9,7.9696,2.142,-1.5473,0.1,0.0,14.4872,True
1790468955.999,187.95,7.9697,2.1392,-1.5473,0.1,0.0,14.4902,True
1790468956.049,188.0,7.9697,2.1363,-1.5473,0.1,0.0,14.4931,True
1790468956.099,188.05,7.9698,2.1335,-1.5473,0.1,0.0,14.4961,True
1790468956.149,188.1,7.9699,2.1307,-1.5473,0.1,0.0,14.4991,True
1790468956.199,188.15,7.9699,2.1278,-1.5473,0.1,0.0,14.502,True
1790468956.249,188.2,7.97,2.125,-1.5473,0.1,0.0,14.505,True
1790468956.299,188.25,7.9701,2.1222,-1.5473,0.1,0.0,14.508,True
1790468956.349,188.3,7.9701,2.1193,-1.5473,0.1,0.0,14.5109,True
1790468956.399,188.35,7.9702,2.1165,-1.5473,0.1,0.0,14.5139,True
1790468956.449,188.4,7.9703,2.1137,-1.5473,0.1,0.0,14.5169,True
1790468956.499,188.45,7.9703,2.1108,-1.5473,0.1,0.0,14.5198,True
1790468956.549,188.5,7.9704,2.108,-1.5473,0.1,0.0,14.5228,True
1790468956.599,188.55,7.9705,2.1052,-1.5473,0.1,0.0,14.5258,True
1790468956.649,188.6,7.9705,2.1023,-1.5473,0.1,0.0,14.5287,True
1790468956.699,188.65,7.9706,2.0995,-1.5473,0.1,0.0,14.5317,True
1790468956.749,188.7,7.9707,2.0967,-1.5473,0.1,0.0,14.5347,True
1790468956.799,188.75,7.9707,2.0938,-1.5473,0.1,0.0,14.5376,True
1790468956.849,188.8,7.9708,2.091,-1.5473,0.1,0.0,14.5406,True
1790468956.899,188.85,7.9709,2.0882,-1.5473,0.1,0.0,14.5436,True
1790468956.949,188.9,7.9709,2.0853,-1.5473,0.1,0.0,14.5465,True
1790468956.999,188.95,7.971,2.0825,-1.5473,0.1,0.0,14.5495,True
1790468957.049,189.0,7.9711,2.0797,-1.5473,0.1,0.0,14.5525,True
1790468957.099,189.05,7.9711,2.0768,-1.5473,0.1,0.0,14.5554,True
1790468957.149,189.1,7.9712,2.074,-1.5473,0.1,0.0,14.5584,True
1790468957.199,189.15,7.9713,2.0712,-1.5473,0.1,0.0,14.5614,True
1790468957.249,189.2,7.9713,2.0683,-1.5473,0.1,0.0,14.5643,True
1790468957.299,189.25,7.9714,2.0655,-1.5473,0.1,0.0,14.5673,True
1790468957.349,189.3,7.9715,2.0627,-1.5473,0.1,0.0,14.5703,True
1790468957.399,189.35,7.9715,2.0598,-1.5473,0.1,0.0,14.5732,True
1790468957.449,189.4,7.9716,2.057,-1.5473,0.098,-0.02,14.5762,True
1790468957.499,189.45,7.9717,2.0542,-1.5473,0.1,0.0,14.5792,True
1790468957.549,189.5,7.9717,2.0513,-1.5473,0.1,0.0,14.5821,True
1790468957.599,189.55,7.9718,2.0485,-1.5473,0.1,0.0,14.5851,True
1790468957.649,189.6,7.9719,2.0457,-1.5473,0.1,0.0,14.5881,True
1790468957.699,189.65,7.9719,2.0428,-1.5473,0.1,0.0,14.591,True
1790468957.749,189.7,7.972,2.04,-1.5473,0.1,0.0,14.594,True
1790468957.799,189.75,7.9721,2.0372,-1.5473,0.1,0.0,14.597,True
1790468957.849,189.8,7.9721,2.0343,-1.5473,0.1,0.0,14.5999,True
1790468957.899,189.85,7.9722,2.0315,-1.5473,0.1,0.0,14.6029,True
1790468957.949,189.9,7.9723,2.0287,-1.5473,0.1,0.0,14.6059,True
1790468957.999,189.95,7.9723,2.0258,-1.5473,0.1,0.0,14.6088,True
1790468958.049,190.0,7.9724,2.023,-1.5473,0.1,0.0,14.6118,True
1790468958.099,190.05,7.9725,2.0202,-1.5473,0.1,0.0,14.6148,True
1790468958.149,190.1,7.9725,2.0173,-1.5473,0.1,0.0,14.6177,True
1790468958.199,190.15,7.9726,2.0145,-1.5473,0.1,0.0,14.6207,True
1790468958.249,190.2,7.9727,2.0117,-1.5473,0.1,0.0,14.6237,True
1790468958.299,190.25,7.9727,2.0088,-1.5473,0.1,0.0,14.6266,True
1790468958.349,190.3,7.9728,2.006,-1.5473,0.1,0.0,14.6296,True
1790468958.399,190.35,7.9729,2.0032,-1.5473,0.1,0.0,14.6326,True
1790468958.449,190.4,7.9729,2.0003,-1.5473,0.1,0.0,14.6355,True
1790468958.499,190.45,7.973,1.9975,-1.5473,0.1,0.0,14.6385,True
1790468958.549,190.5,7.9731,1.9947,-1.5473,0.1,0.0,14.6415,True
1790468958.599,190.55,7.9731,1.9918,-1.5473,0.1,0.0,14.6444,True
1790468958.649,190.6,7.9732,1.989,-1.5473,0.1,0.0,14.6474,True
1790468958.699,190.65,7.9733,1.9862,-1.5473,0.1,0.0,14.6504,True
1790468958.749,190.7,7.9733,1.9833,-1.5473,0.1,0.0,14.6533,True
1790468958.799,190.75,7.9734,1.9805,-1.5473,0.069,-0.48,14.6563,True
1790468958.849,190.8,7.9735,1.9777,-1.5473,0.1,0.0,14.6593,True
1790468958.899,190.85,7.9735,1.9748,-1.5473,0.1,0.0,14.6622,True
1790468958.949,190.9,7.9736,1.972,-1.5473,0.1,0.0,14.6652,True
1790468958.999,190.95,7.9737,1.9692,-1.5473,0.1,0.0,14.6682,True
1790468959.049,191.0,7.9737,1.9663,-1.5473,0.1,0.0,14.6711,True
1790468959.099,191.05,7.9738,1.9635,-1.5473,0.073,-0.41,14.6741,True
1790468959.149,191.1,7.9739,1.9607,-1.5473,0.1,0.0,14.6771,True
1790468959.199,191.15,7.9739,1.9578,-1.5473,0.1,0.0,14.68,True
1790468959.249,191.2,7.974,1.955,-1.5473,0.1,0.0,14.683,True
1790468959.299,191.25,7.9741,1.9522,-1.5473,0.1,0.0,14.686,True
1790468959.349,191.3,7.9741,1.9493,-1.5473,0.1,0.0,14.6889,True
1790468959.399,191.35,7.9742,1.9465,-1.5473,0.08,-0.31,14.6919,True
1790468959.449,191.4,7.9743,1.9437,-1.5473,0.1,0.0,14.6949,True
1790468959.499,191.45,7.9743,1.9408,-1.5473,0.1,0.0,14.6978,True
1790468959.549,191.5,7.9744,1.938,-1.5473,0.1,0.0,14.7008,True
1790468959.599,191.55,7.9745,1.9352,-1.5473,0.1,0.0,14.7038,True
1790468959.649,191.6,7.9745,1.9323,-1.5473,0.1,0.0,14.7067,True
1790468959.699,191.65,7.9746,1.9295,-1.5473,0.1,0.0,14.7097,True
1790468959.749,191.7,7.9747,1.9267,-1.5473,0.087,-0.2,14.7127,True
1790468959.799,191.75,7.9747,1.9238,-1.5473,0.1,0.0,14.7156,True
1790468959.849,191.8,7.9748,1.921,-1.5473,0.1,0.0,14.7186,True
1790468959.899,191.85,7.9749,1.9182,-1.5473,0.1,0.0,14.7216,True
1790468959.949,191.9,7.9749,1.9153,-1.5473,0.1,0.0,14.7245,True
1790468959.999,191.95,7.975,1.9125,-1.5473,0.1,0.0,14.7275,True
1790468960.049,192.0,7.9751,1.9097,-1.5473,0.1,0.0,14.7305,True
1790468960.099,192.05,7.9751,1.9068,-1.5473,0.09,-0.16,14.7334,True
1790468960.149,192.1,7.9752,1.904,-1.5473,0.1,0.0,14.7364,True
1790468960.199,192.15,7.9753,1.9012,-1.5473,0.1,0.0,14.7394,True
1790468960.249,192.2,7.9753,1.8983,-1.5473,0.1,0.0,14.7423,True
1790468960.299,192.25,7.9754,1.8955,-1.5473,0.1,0.0,14.7453,True
1790468960.349,192.3,7.9755,1.8927,-1.5473,0.1,0.0,14.7483,True
1790468960.399,192.35,7.9755,1.8898,-1.5473,0.09,-0.16,14.7512,True
1790468960.449,192.4,7.9756,1.887,-1.5473,0.1,0.0,14.7542,True
1790468960.499,192.45,7.9757,1.8842,-1.5473,0.1,0.0,14.7572,True
1790468960.549,192.5,7.9757,1.8813,-1.5473,0.1,0.0,14.7601,True
1790468960.599,192.55,7.9758,1.8785,-1.5473,0.1,0.0,14.7631,True
1790468960.649,192.6,7.9759,1.8757,-1.5473,0.1,0.0,14.7661,True
1790468960.699,192.65,7.9759,1.8728,-1.5473,0.09,-0.16,14.769,True
1790468960.749,192.7,7.976,1.87,-1.5473,0.1,0.0,14.772,True
1790468960.799,192.75,7.9761,1.8672,-1.5473,0.1,0.0,14.775,True
1790468960.849,192.8,7.9761,1.8643,-1.5473,0.1,0.0,14.7779,True
1790468960.899,192.85,7.9762,1.8615,-1.5473,0.1,0.0,14.7809,True
1790468960.949,192.9,7.9763,1.8587,-1.5473,0.1,0.0,14.7839,True
1790468960.999,192.95,7.9763,1.8558,-1.5473,0.1,0.0,14.7868,True
1790468961.049,193.0,7.9764,1.853,-1.5473,0.1,0.0,14.7898,True
1790468961.099,193.05,7.9765,1.8502,-1.5473,0.1,0.0,14.7928,True
1790468961.149,193.1,7.9765,1.8473,-1.5473,0.1,0.0,14.7957,True
1790468961.199,193.15,7.9766,1.8445,-1.5473,0.1,0.0,14.7987,True
1790468961.249,193.2,7.9767,1.8417,-1.5473,0.1,0.0,14.8017,True
1790468961.299,193.25,7.9767,1.8388,-1.5473,0.1,0.0,14.8046,True
1790468961.349,193.3,7.9768,1.836,-1.5473,0.1,0.0,14.8076,True
1790468961.399,193.35,7.9769,1.8332,-1.5473,0.1,0.0,14.8106,True
1790468961.449,193.4,7.9769,1.8303,-1.5473,0.1,0.0,14.8135,True
1790468961.499,193.45,7.977,1.8275,-1.5473,0.1,0.0,14.8165,True
1790468961.549,193.5,7.9771,1.8247,-1.5473,0.1,0.0,14.8195,True
1790468961.599,193.55,7.9771,1.8218,-1.5473,0.1,0.0,14.8224,True
1790468961.649,193.6,7.9772,1.819,-1.5473,0.092,-0.13,14.8254,True
1790468961.699,193.65,7.9773,1.8162,-1.5473,0.1,0.0,14.8284,True
1790468961.749,193.7,7.9773,1.8133,-1.5473,0.1,0.0,14.8313,True
1790468961.799,193.75,7.9774,1.8105,-1.5473,0.1,0.0,14.8343,True
1790468961.849,193.8,7.9775,1.8077,-1.5473,0.1,0.0,14.8373,True
1790468961.899,193.85,7.9775,1.8048,-1.5473,0.1,0.0,14.8402,True
1790468961.949,193.9,7.9776,1.802,-1.5473,0.1,0.0,14.8432,True
1790468961.999,193.95,7.9777,1.7992,-1.5473,0.091,-0.14,14.8462,True
1790468962.049,194.0,7.9777,1.7963,-1.5473,0.1,0.0,14.8491,True
1790468962.099,194.05,7.9778,1.7935,-1.5473,0.1,0.0,14.8521,True
1790468962.149,194.1,7.9779,1.7907,-1.5473,0.1,0.0,14.8551,True
1790468962.199,194.15,7.9779,1.7878,-1.5473,0.1,0.0,14.858,True
1790468962.249,194.2,7.978,1.785,-1.5473,0.1,0.0,14.861,True
1790468962.299,194.25,7.9781,1.7822,-1.5473,0.1,0.0,14.864,True
1790468962.349,194.3,7.9781,1.7793,-1.5473,0.1,0.0,14.8669,True
1790468962.399,194.35,7.9782,1.7765,-1.5473,0.1,0.0,14.8699,True
1790468962.449,194.4,7.9783,1.7737,-1.5473,0.1,0.0,14.8729,True
1790468962.499,194.45,7.9783,1.7708,-1.5473,0.1,0.0,14.8758,True
1790468962.549,194.5,7.9784,1.768,-1.5473,0.1,0.0,14.8788,True
1790468962.599,194.55,7.9785,1.7652,-1.5473,0.1,0.0,14.8818,True
1790468962.649,194.6,7.9785,1.7623,-1.5473,0.1,0.0,14.8847,True
1790468962.699,194.65,7.9786,1.7595,-1.5473,0.1,0.0,14.8877,True
1790468962.749,194.7,7.9787,1.7567,-1.5473,0.1,0.0,14.8907,True
1790468962.799,194.75,7.9787,1.7538,-1.5473,0.1,0.0,14.8936,True
1790468962.849,194.8,7.9788,1.751,-1.5473,0.1,0.0,14.8966,True
1790468962.899,194.85,7.9789,1.7482,-1.5473,0.094,-0.09,14.8996,True
1790468962.949,194.9,7.9789,1.7453,-1.5473,0.1,0.0,14.9025,True
1790468962.999,194.95,7.979,1.7425,-1.5473,0.1,0.0,14.9055,True
1790468963.049,195.0,7.9791,1.7397,-1.5473,0.1,0.0,14.9085,True
1790468963.099,195.05,7.9791,1.7368,-1.5473,0.1,0.0,14.9114,True
1790468963.149,195.1,7.9792,1.734,-1.5473,0.1,0.0,14.9144,True
1790468963.199,195.15,7.9793,1.7312,-1.5473,0.08,-0.31,14.9174,True
1790468963.249,195.2,7.9793,1.7283,-1.5473,0.1,0.0,14.9203,True
1790468963.299,195.25,7.9794,1.7255,-1.5473,0.1,0.0,14.9233,True
1790468963.349,195.3,7.9795,1.7227,-1.5473,0.1,0.0,14.9263,True
1790468963.399,195.35,7.9795,1.7198,-1.5473,0.1,0.0,14.9292,True
1790468963.449,195.4,7.9796,1.717,-1.5473,0.1,0.0,14.9322,True
1790468963.499,195.45,7.9797,1.7142,-1.5473,0.1,0.0,14.9352,True
1790468963.549,195.5,7.9797,1.7113,-1.5473,0.08,-0.31,14.9381,True
1790468963.599,195.55,7.9798,1.7085,-1.5473,0.1,0.0,14.9411,True
1790468963.649,195.6,7.9799,1.7057,-1.5473,0.1,0.0,14.9441,True
1790468963.699,195.65,7.9799,1.7028,-1.5473,0.1,0.0,14.947,True
1790468963.749,195.7,7.98,1.7,-1.5473,0.1,0.0,14.95,True
1790468963.799,195.75,7.9758,1.6989,-2.8854,0.1,0.0,14.9545,True
1790468963.849,195.8,7.9715,1.6978,-2.8854,0.1,0.0,14.9589,True
1790468963.899,195.85,7.9673,1.6967,-2.8854,0.084,-0.24,14.9634,True
1790468963.949,195.9,7.9631,1.6956,-2.8854,0.1,0.0,14.9679,True
1790468963.999,195.95,7.9589,1.6945,-2.8854,0.1,0.0,14.9723,True
1790468964.049,196.0,7.9546,1.6934,-2.8854,0.1,0.0,14.9768,True
1790468964.099,196.05,7.9504,1.6922,-2.8854,0.1,0.0,14.9812,True
1790468964.149,196.1,7.9462,1.6911,-2.8854,0.1,0.0,14.9857,True
1790468964.199,196.15,7.9419,1.69,-2.8854,0.086,-0.22,14.9902,True
1790468964.249,196.2,7.9377,1.6889,-2.8854,0.1,0.0,14.9946,True
1790468964.299,196.25,7.9335,1.6878,-2.8854,0.1,0.0,14.9991,True
1790468964.349,196.3,7.9293,1.6867,-2.8854,0.1,0.0,15.0036,True
1790468964.399,196.35,7.925,1.6856,-2.8854,0.1,0.0,15.008,True
1790468964.449,196.4,7.9208,1.6845,-2.8854,0.1,0.0,15.0125,True
1790468964.499,196.45,7.9166,1.6834,-2.8854,0.1,0.0,15.0169,True
1790468964.549,196.5,7.9123,1.6823,-2.8854,0.1,0.0,15.0214,True
1790468964.599,196.55,7.9081,1.6812,-2.8854,0.1,0.0,15.0259,True
1790468964.649,196.6,7.9039,1.6801,-2.8854,0.1,0.0,15.0303,True
1790468964.699,196.65,7.8997,1.679,-2.8854,0.1,0.0,15.0348,True
1790468964.749,196.7,7.8954,1.6779,-2.8854,0.1,0.0,15.0393,True
1790468964.799,196.75,7.8912,1.6767,-2.8854,0.1,0.0,15.0437,True
1790468964.849,196.8,7.887,1.6756,-2.8854,0.1,0.0,15.0482,True
1790468964.899,196.85,7.8828,1.6745,-2.8854,0.1,0.0,15.0527,True
1790468964.949,196.9,7.8785,1.6734,-2.8854,0.1,0.0,15.0571,True
1790468964.999,196.95,7.8743,1.6723,-2.8854,0.1,0.0,15.0616,True
1790468965.049,197.0,7.8701,1.6712,-2.8854,0.1,0.0,15.066,True
1790468965.099,197.05,7.8658,1.6701,-2.8854,0.1,0.0,15.0705,True
1790468965.149,197.1,7.8616,1.669,-2.8854,0.1,0.0,15.075,True
1790468965.199,197.15,7.8574,1.6679,-2.8854,0.1,0.0,15.0794,True
1790468965.249,197.2,7.8532,1.6668,-2.8854,0.1,0.0,15.0839,True
1790468965.299,197.25,7.8489,1.6657,-2.8854,0.1,0.0,15.0884,True
1790468965.349,197.3,7.8447,1.6646,-2.8854,0.1,0.0,15.0928,True
1790468965.399,197.35,7.8405,1.6635,-2.8854,0.1,0.0,15.0973,True
1790468965.449,197.4,7.8362,1.6623,-2.8854,0.1,0.0,15.1017,True
1790468965.499,197.45,7.832,1.6612,-2.8854,0.1,0.0,15.1062,True
1790468965.549,197.5,7.8278,1.6601,-2.8854,0.1,0.0,15.1107,True
1790468965.599,197.55,7.8236,1.659,-2.8854,0.1,0.0,15.1151,True
1790468965.649,197.6,7.8193,1.6579,-2.8854,0.1,0.0,15.1196,True
1790468965.699,197.65,7.8151,1.6568,-2.8854,0.1,0.0,15.1241,True
1790468965.749,197.7,7.8109,1.6557,-2.8854,0.1,0.0,15.1285,True
1790468965.799,197.75,7.8066,1.6546,-2.8854,0.1,0.0,15.133,True
1790468965.849,197.8,7.8024,1.6535,-2.8854,0.1,0.0,15.1374,True
1790468965.899,197.85,7.7982,1.6524,-2.8854,0.1,0.0,15.1419,True
1790468965.949,197.9,7.794,1.6513,-2.8854,0.1,0.0,15.1464,True
1790468965.999,197.95,7.7897,1.6502,-2.8854,0.1,0.0,15.1508,True
1790468966.049,198.0,7.7855,1.6491,-2.8854,0.1,0.0,15.1553,True
1790468966.099,198.05,7.7813,1.648,-2.8854,0.1,0.0,15.1598,True
1790468966.149,198.1,7.777,1.6468,-2.8854,0.1,0.0,15.1642,True
1790468966.199,198.15,7.7728,1.6457,-2.8854,0.1,0.0,15.1687,True
1790468966.249,198.2,7.7686,1.6446,-2.8854,0.1,0.0,15.1732,True
1790468966.299,198.25,7.7644,1.6435,-2.8854,0.1,0.0,15.1776,True
1790468966.349,198.3,7.7601,1.6424,-2.8854,0.1,0.0,15.1821,True
1790468966.399,198.35,7.7559,1.6413,-2.8854,0.1,0.0,15.1865,True
1790468966.449,198.4,7.7517,1.6402,-2.8854,0.1,0.0,15.191,True
1790468966.499,198.45,7.7474,1.6391,-2.8854,0.1,0.0,15.1955,True
1790468966.549,198.5,7.7432,1.638,-2.8854,0.1,0.0,15.1999,True
1790468966.599,198.55,7.739,1.6369,-2.8854,0.1,0.0,15.2044,True
1790468966.649,198.6,7.7348,1.6358,-2.8854,0.1,0.0,15.2089,True
1790468966.699,198.65,7.7305,1.6347,-2.8854,0.1,0.0,15.2133,True
1790468966.749,198.7,7.7263,1.6336,-2.8854,0.1,0.0,15.2178,True
1790468966.799,198.75,7.7221,1.6324,-2.8854,0.1,0.0,15.2222,True
1790468966.849,198.8,7.7179,1.6313,-2.8854,0.1,0.0,15.2267,True
1790468966.899,198.85,7.7136,1.6302,-2.8854,0.1,0.0,15.2312,True
1790468966.949,198.9,7.7094,1.6291,-2.8854,0.1,0.0,15.2356,True
1790468966.999,198.95,7.7052,1.628,-2.8854,0.1,0.0,15.2401,True
1790468967.049,199.0,7.7009,1.6269,-2.8854,0.1,0.0,15.2446,True
1790468967.099,199.05,7.6967,1.6258,-2.8854,0.1,0.0,15.249,True
1790468967.149,199.1,7.6925,1.6247,-2.8854,0.1,0.0,15.2535,True
1790468967.199,199.15,7.6883,1.6236,-2.8854,0.1,0.0,15.258,True
1790468967.249,199.2,7.684,1.6225,-2.8854,0.1,0.0,15.2624,True
1790468967.299,199.25,7.6798,1.6214,-2.8854,0.1,0.0,15.2669,True
1790468967.349,199.3,7.6756,1.6203,-2.8854,0.1,0.0,15.2713,True
1790468967.399,199.35,7.6713,1.6192,-2.8854,0.1,0.0,15.2758,True
1790468967.449,199.4,7.6671,1.6181,-2.8854,0.1,0.0,15.2803,True
1790468967.499,199.45,7.6629,1.6169,-2.8854,0.1,0.0,15.2847,True
1790468967.549,199.5,7.6587,1.6158,-2.8854,0.1,0.0,15.2892,True
1790468967.599,199.55,7.6544,1.6147,-2.8854,0.1,0.0,15.2937,True
1790468967.649,199.6,7.6502,1.6136,-2.8854,0.1,0.0,15.2981,True
1790468967.699,199.65,7.646,1.6125,-2.8854,0.1,0.0,15.3026,True
1790468967.749,199.7,7.6417,1.6114,-2.8854,0.1,0.0,15.307,True
1790468967.799,199.75,7.6375,1.6103,-2.8854,0.1,0.0,15.3115,True
1790468967.849,199.8,7.6333,1.6092,-2.8854,0.1,0.0,15.316,True
1790468967.899,199.85,7.6291,1.6081,-2.8854,0.1,0.0,15.3204,True
1790468967.949,199.9,7.6248,1.607,-2.8854,0.1,0.0,15.3249,True
1790468967.999,199.95,7.6206,1.6059,-2.8854,0.1,0.0,15.3294,True
1790468968.049,200.0,7.6164,1.6048,-2.8854,0.1,0.0,15.3338,True
1790468968.099,200.05,7.6121,1.6037,-2.8854,0.1,0.0,15.3383,True
1790468968.149,200.1,7.6079,1.6026,-2.8854,0.1,0.0,15.3428,True
1790468968.199,200.15,7.6037,1.6014,-2.8854,0.1,0.0,15.3472,True
1790468968.249,200.2,7.5995,1.6003,-2.8854,0.1,0.0,15.3517,True
1790468968.299,200.25,7.5952,1.5992,-2.8854,0.094,-0.09,15.3561,True
1790468968.349,200.3,7.591,1.5981,-2.8854,0.1,0.0,15.3606,True
1790468968.399,200.35,7.5868,1.597,-2.8854,0.1,0.0,15.3651,True
1790468968.449,200.4,7.5826,1.5959,-2.8854,0.1,0.0,15.3695,True
1790468968.499,200.45,7.5783,1.5948,-2.8854,0.1,0.0,15.374,True
1790468968.549,200.5,7.5741,1.5937,-2.8854,0.1,0.0,15.3785,True
1790468968.599,200.55,7.5699,1.5926,-2.8854,0.1,0.0,15.3829,True
1790468968.649,200.6,7.5656,1.5915,-2.8854,0.1,0.0,15.3874,True
1790468968.699,200.65,7.5614,1.5904,-2.8854,0.1,0.0,15.3918,True
1790468968.749,200.7,7.5572,1.5893,-2.8854,0.1,0.0,15.3963,True
1790468968.799,200.75,7.553,1.5882,-2.8854,0.1,0.0,15.4008,True
1790468968.849,200.8,7.5487,1.587,-2.8854,0.1,0.0,15.4052,True
1790468968.899,200.85,7.5445,1.5859,-2.8854,0.1,0.0,15.4097,True
1790468968.949,200.9,7.5403,1.5848,-2.8854,0.1,0.0,15.4142,True
1790468968.999,200.95,7.536,1.5837,-2.8854,0.1,0.0,15.4186,True
1790468969.049,201.0,7.5318,1.5826,-2.8854,0.1,0.0,15.4231,True
1790468969.099,201.05,7.5276,1.5815,-2.8854,0.1,0.0,15.4276,True
1790468969.149,201.1,7.5234,1.5804,-2.8854,0.1,0.0,15.432,True
1790468969.199,201.15,7.5191,1.5793,-2.8854,0.1,0.0,15.4365,True
1790468969.249,201.2,7.5149,1.5782,-2.8854,0.1,0.0,15.4409,True
1790468969.299,201.25,7.5107,1.5771,-2.8854,0.1,0.0,15.4454,True
1790468969.349,201.3,7.5064,1.576,-2.8854,0.1,0.0,15.4499,True
1790468969.399,201.35,7.5022,1.5749,-2.8854,0.1,0.0,15.4543,True
1790468969.449,201.4,7.498,1.5738,-2.8854,0.1,0.0,15.4588,True
1790468969.499,201.45,7.4938,1.5727,-2.8854,0.1,0.0,15.4633,True
1790468969.549,201.5,7.4895,1.5715,-2.8854,0.1,0.0,15.4677,True
1790468969.599,201.55,7.4853,1.5704,-2.8854,0.1,0.0,15.4722,True
1790468969.649,201.6,7.4811,1.5693,-2.8854,0.1,0.0,15.4766,True
1790468969.699,201.65,7.4768,1.5682,-2.8854,0.1,0.0,15.4811,True
1790468969.749,201.7,7.4726,1.5671,-2.8854,0.1,0.0,15.4856,True
1790468969.799,201.75,7.4684,1.566,-2.8854,0.1,0.0,15.49,True
1790468969.849,201.8,7.4642,1.5649,-2.8854,0.1,0.0,15.4945,True
1790468969.899,201.85,7.4599,1.5638,-2.8854,0.1,0.0,15.499,True
1790468969.949,201.9,7.4557,1.5627,-2.8854,0.1,0.0,15.5034,True
1790468969.999,201.95,7.4515,1.5616,-2.8854,0.1,0.0,15.5079,True
1790468970.049,202.0,7.4472,1.5605,-2.8854,0.1,0.0,15.5123,True
1790468970.099,202.05,7.443,1.5594,-2.8854,0.1,0.0,15.5168,True
1790468970.149,202.1,7.4388,1.5583,-2.8854,0.1,0.0,15.5213,True
1790468970.199,202.15,7.4346,1.5571,-2.8854,0.1,0.0,15.5257,True
1790468970.249,202.2,7.4303,1.556,-2.8854,0.1,0.0,15.5302,True
1790468970.299,202.25,7.4261,1.5549,-2.8854,0.1,0.0,15.5347,True
1790468970.349,202.3,7.4219,1.5538,-2.8854,0.1,0.0,15.5391,True
1790468970.399,202.35,7.4177,1.5527,-2.8854,0.1,0.0,15.5436,True
1790468970.449,202.4,7.4134,1.5516,-2.8854,0.1,0.0,15.5481,True
1790468970.499,202.45,7.4092,1.5505,-2.8854,0.1,0.0,15.5525,True
1790468970.549,202.5,7.405,1.5494,-2.8854,0.1,0.0,15.557,True
1790468970.599,202.55,7.4007,1.5483,-2.8854,0.1,0.0,15.5614,True
1790468970.649,202.6,7.3965,1.5472,-2.8854,0.1,0.0,15.5659,True
1790468970.699,202.65,7.3923,1.5461,-2.8854,0.1,0.0,15.5704,True
1790468970.749,202.7,7.3881,1.545,-2.8854,0.1,0.0,15.5748,True
1790468970.799,202.75,7.3838,1.5439,-2.8854,0.1,0.0,15.5793,True
1790468970.849,202.8,7.3796,1.5428,-2.8854,0.1,0.0,15.5838,True
1790468970.899,202.85,7.3754,1.5416,-2.8854,0.1,0.0,15.5882,True
1790468970.949,202.9,7.3711,1.5405,-2.8854,0.1,0.0,15.5927,True
1790468970.999,202.95,7.3669,1.5394,-2.8854,0.1,0.0,15.5971,True
1790468971.049,203.0,7.3627,1.5383,-2.8854,0.1,0.0,15.6016,True
1790468971.099,203.05,7.3585,1.5372,-2.8854,0.1,0.0,15.6061,True
1790468971.149,203.1,7.3542,1.5361,-2.8854,0.1,0.0,15.6105,True
1790468971.199,203.15,7.35,1.535,-2.8854,0.1,0.0,15.615,True
1790468971.249,203.2,7.3458,1.5339,-2.8854,0.1,0.0,15.6195,True
1790468971.299,203.25,7.3415,1.5328,-2.8854,0.1,0.0,15.6239,True
1790468971.349,203.3,7.3373,1.5317,-2.8854,0.1,0.0,15.6284,True
1790468971.399,203.35,7.3331,1.5306,-2.8854,0.1,0.0,15.6329,True
1790468971.449,203.4,7.3289,1.5295,-2.8854,0.1,0.0,15.6373,True
1790468971.499,203.45,7.3246,1.5284,-2.8854,0.1,0.0,15.6418,True
1790468971.549,203.5,7.3204,1.5272,-2.8854,0.1,0.0,15.6462,True
1790468971.599,203.55,7.3162,1.5261,-2.8854,0.1,0.0,15.6507,True
1790468971.649,203.6,7.3119,1.525,-2.8854,0.1,0.0,15.6552,True
1790468971.699,203.65,7.3077,1.5239,-2.8854,0.1,0.0,15.6596,True
1790468971.749,203.7,7.3035,1.5228,-2.8854,0.1,0.0,15.6641,True
1790468971.799,203.75,7.2993,1.5217,-2.8854,0.1,0.0,15.6686,True
1790468971.849,203.8,7.295,1.5206,-2.8854,0.1,0.0,15.673,True
1790468971.899,203.85,7.2908,1.5195,-2.8854,0.1,0.0,15.6775,True
1790468971.949,203.9,7.2866,1.5184,-2.8854,0.1,0.0,15.6819,True
1790468971.999,203.95,7.2823,1.5173,-2.8854,0.1,0.0,15.6864,True
1790468972.049,204.0,7.2781,1.5162,-2.8854,0.1,0.0,15.6909,True
1790468972.099,204.05,7.2739,1.5151,-2.8854,0.1,0.0,15.6953,True
1790468972.149,204.1,7.2697,1.514,-2.8854,0.1,0.0,15.6998,True
1790468972.199,204.15,7.2654,1.5129,-2.8854,0.1,0.0,15.7043,True
1790468972.249,204.2,7.2612,1.5117,-2.8854,0.1,0.0,15.7087,True
1790468972.299,204.25,7.257,1.5106,-2.8854,0.1,0.0,15.7132,True
1790468972.349,204.3,7.2528,1.5095,-2.8854,0.1,0.0,15.7177,True
1790468972.399,204.35,7.2485,1.5084,-2.8854,0.1,0.0,15.7221,True
1790468972.449,204.4,7.2443,1.5073,-2.8854,0.1,0.0,15.7266,True
1790468972.499,204.45,7.2401,1.5062,-2.8854,0.1,0.0,15.731,True
1790468972.549,204.5,7.2358,1.5051,-2.8854,0.1,0.0,15.7355,True
1790468972.599,204.55,7.2316,1.504,-2.8854,0.1,0.0,15.74,True
1790468972.649,204.6,7.2274,1.5029,-2.8854,0.1,0.0,15.7444,True
1790468972.699,204.65,7.2232,1.5018,-2.8854,0.1,0.0,15.7489,True
1790468972.749,204.7,7.2189,1.5007,-2.8854,0.1,0.0,15.7534,True
1790468972.799,204.75,7.2147,1.4996,-2.8854,0.1,0.0,15.7578,True
1790468972.849,204.8,7.2105,1.4985,-2.8854,0.1,0.0,15.7623,True
1790468972.899,204.85,7.2062,1.4973,-2.8854,0.1,0.0,15.7667,True
1790468972.949,204.9,7.202,1.4962,-2.8854,0.1,0.0,15.7712,True
1790468972.999,204.95,7.1978,1.4951,-2.8854,0.1,0.0,15.7757,True
1790468973.049,205.0,7.1936,1.494,-2.8854,0.1,0.0,15.7801,True
1790468973.099,205.05,7.1893,1.4929,-2.8854,0.1,0.0,15.7846,True
1790468973.149,205.1,7.1851,1.4918,-2.8854,0.1,0.0,15.7891,True
1790468973.199,205.15,7.1809,1.4907,-2.8854,0.1,0.0,15.7935,True
1790468973.249,205.2,7.1766,1.4896,-2.8854,0.1,0.0,15.798,True
1790468973.299,205.25,7.1724,1.4885,-2.8854,0.1,0.0,15.8024,True
1790468973.349,205.3,7.1682,1.4874,-2.8854,0.1,0.0,15.8069,True
1790468973.399,205.35,7.164,1.4863,-2.8854,0.1,0.0,15.8114,True
1790468973.449,205.4,7.1597,1.4852,-2.8854,0.1,0.0,15.8158,True
1790468973.499,205.45,7.1555,1.4841,-2.8854,0.1,0.0,15.8203,True
1790468973.549,205.5,7.1513,1.483,-2.8854,0.1,0.0,15.8248,True
1790468973.599,205.55,7.147,1.4818,-2.8854,0.1,0.0,15.8292,True
1790468973.649,205.6,7.1428,1.4807,-2.8854,0.1,0.0,15.8337,True
1790468973.699,205.65,7.1386,1.4796,-2.8854,0.1,0.0,15.8382,True
1790468973.749,205.7,7.1344,1.4785,-2.8854,0.1,0.0,15.8426,True
1790468973.799,205.75,7.1301,1.4774,-2.8854,0.1,0.0,15.8471,True
1790468973.849,205.8,7.1259,1.4763,-2.8854,0.1,0.0,15.8515,True
1790468973.899,205.85,7.1217,1.4752,-2.8854,0.1,0.0,15.856,True
1790468973.949,205.9,7.1174,1.4741,-2.8854,0.1,0.0,15.8605,True
1790468973.999,205.95,7.1132,1.473,-2.8854,0.1,0.0,15.8649,True
1790468974.049,206.0,7.109,1.4719,-2.8854,0.1,0.0,15.8694,True
1790468974.099,206.05,7.1048,1.4708,-2.8854,0.1,0.0,15.8739,True
1790468974.149,206.1,7.1005,1.4697,-2.8854,0.1,0.0,15.8783,True
1790468974.199,206.15,7.0963,1.4686,-2.8854,0.1,0.0,15.8828,True
1790468974.249,206.2,7.0921,1.4674,-2.8854,0.1,0.0,15.8872,True
1790468974.299,206.25,7.0879,1.4663,-2.8854,0.1,0.0,15.8917,True
1790468974.349,206.3,7.0836,1.4652,-2.8854,0.1,0.0,15.8962,True
1790468974.399,206.35,7.0794,1.4641,-2.8854,0.1,0.0,15.9006,True
1790468974.449,206.4,7.0752,1.463,-2.8854,0.1,0.0,15.9051,True
1790468974.499,206.45,7.0709,1.4619,-2.8854,0.1,0.0,15.9096,True
1790468974.549,206.5,7.0667,1.4608,-2.8854,0.1,0.0,15.914,True
1790468974.599,206.55,7.0625,1.4597,-2.8854,0.1,0.0,15.9185,True
1790468974.649,206.6,7.0583,1.4586,-2.8854,0.1,0.0,15.923,True
1790468974.699,206.65,7.054,1.4575,-2.8854,0.1,0.0,15.9274,True
1790468974.749,206.7,7.0498,1.4564,-2.8854,0.1,0.0,15.9319,True
1790468974.799,206.75,7.0456,1.4553,-2.8854,0.1,0.0,15.9363,True
1790468974.849,206.8,7.0413,1.4542,-2.8854,0.1,0.0,15.9408,True
1790468974.899,206.85,7.0371,1.4531,-2.8854,0.1,0.0,15.9453,True
1790468974.949,206.9,7.0329,1.4519,-2.8854,0.1,0.0,15.9497,True
1790468974.999,206.95,7.0287,1.4508,-2.8854,0.1,0.0,15.9542,True
1790468975.049,207.0,7.0244,1.4497,-2.8854,0.1,0.0,15.9587,True
1790468975.099,207.05,7.0202,1.4486,-2.8854,0.1,0.0,15.9631,True
1790468975.149,207.1,7.016,1.4475,-2.8854,0.1,0.0,15.9676,True
1790468975.199,207.15,7.0117,1.4464,-2.8854,0.1,0.0,15.972,True
1790468975.249,207.2,7.0075,1.4453,-2.8854,0.1,0.0,15.9765,True
1790468975.299,207.25,7.0033,1.4442,-2.8854,0.1,0.0,15.981,True
1790468975.349,207.3,6.9991,1.4431,-2.8854,0.1,0.0,15.9854,True
1790468975.399,207.35,6.9948,1.442,-2.8854,0.1,0.0,15.9899,True
1790468975.449,207.4,6.9906,1.4409,-2.8854,0.1,0.0,15.9944,True
1790468975.499,207.45,6.9864,1.4398,-2.8854,0.1,0.0,15.9988,True
1790468975.549,207.5,6.9821,1.4387,-2.8854,0.1,0.0,16.0033,True
1790468975.599,207.55,6.9779,1.4376,-2.8854,0.1,0.0,16.0078,True
1790468975.649,207.6,6.9737,1.4364,-2.8854,0.1,0.0,16.0122,True
1790468975.699,207.65,6.9695,1.4353,-2.8854,0.1,0.0,16.0167,True
1790468975.749,207.7,6.9652,1.4342,-2.8854,0.1,0.0,16.0211,True
1790468975.799,207.75,6.961,1.4331,-2.8854,0.1,0.0,16.0256,True
1790468975.849,207.8,6.9568,1.432,-2.8854,0.1,0.0,16.0301,True
1790468975.899,207.85,6.9526,1.4309,-2.8854,0.1,0.0,16.0345,True
1790468975.949,207.9,6.9483,1.4298,-2.8854,0.1,0.0,16.039,True
1790468975.999,207.95,6.9441,1.4287,-2.8854,0.1,0.0,16.0435,True
1790468976.049,208.0,6.9399,1.4276,-2.8854,0.1,0.0,16.0479,True
1790468976.099,208.05,6.9356,1.4265,-2.8854,0.1,0.0,16.0524,True
1790468976.149,208.1,6.9314,1.4254,-2.8854,0.1,0.0,16.0568,True
1790468976.199,208.15,6.9272,1.4243,-2.8854,0.1,0.0,16.0613,True
1790468976.249,208.2,6.923,1.4232,-2.8854,0.1,0.0,16.0658,True
1790468976.299,208.25,6.9187,1.422,-2.8854,0.1,0.0,16.0702,True
1790468976.349,208.3,6.9145,1.4209,-2.8854,0.1,0.0,16.0747,True
1790468976.399,208.35,6.9103,1.4198,-2.8854,0.1,0.0,16.0792,True
1790468976.449,208.4,6.906,1.4187,-2.8854,0.1,0.0,16.0836,True
1790468976.499,208.45,6.9018,1.4176,-2.8854,0.1,0.0,16.0881,True
1790468976.549,208.5,6.8976,1.4165,-2.8854,0.1,0.0,16.0926,True
1790468976.599,208.55,6.8934,1.4154,-2.8854,0.1,0.0,16.097,True
1790468976.649,208.6,6.8891,1.4143,-2.8854,0.1,0.0,16.1015,True
1790468976.699,208.65,6.8849,1.4132,-2.8854,0.1,0.0,16.1059,True
1790468976.749,208.7,6.8807,1.4121,-2.8854,0.1,0.0,16.1104,True
1790468976.799,208.75,6.8764,1.411,-2.8854,0.1,0.0,16.1149,True
1790468976.849,208.8,6.8722,1.4099,-2.8854,0.1,0.0,16.1193,True
1790468976.899,208.85,6.868,1.4088,-2.8854,0.1,0.0,16.1238,True
1790468976.949,208.9,6.8638,1.4077,-2.8854,0.1,0.0,16.1283,True
1790468976.999,208.95,6.8595,1.4065,-2.8854,0.1,0.0,16.1327,True
1790468977.049,209.0,6.8553,1.4054,-2.8854,0.1,0.0,16.1372,True
1790468977.099,209.05,6.8511,1.4043,-2.8854,0.1,0.0,16.1416,True
1790468977.149,209.1,6.8468,1.4032,-2.8854,0.1,0.0,16.1461,True
1790468977.199,209.15,6.8426,1.4021,-2.8854,0.1,0.0,16.1506,True
1790468977.249,209.2,6.8384,1.401,-2.8854,0.1,0.0,16.155,True
1790468977.299,209.25,6.8342,1.3999,-2.8854,0.1,0.0,16.1595,True
1790468977.349,209.3,6.8299,1.3988,-2.8854,0.1,0.0,16.164,True
1790468977.399,209.35,6.8257,1.3977,-2.8854,0.1,0.0,16.1684,True
1790468977.449,209.4,6.8215,1.3966,-2.8854,0.1,0.0,16.1729,True
1790468977.499,209.45,6.8172,1.3955,-2.8854,0.1,0.0,16.1773,True
1790468977.549,209.5,6.813,1.3944,-2.8854,0.1,0.0,16.1818,True
1790468977.599,209.55,6.8088,1.3933,-2.8854,0.1,0.0,16.1863,True
1790468977.649,209.6,6.8046,1.3921,-2.8854,0.1,0.0,16.1907,True
1790468977.699,209.65,6.8003,1.391,-2.8854,0.1,0.0,16.1952,True
1790468977.749,209.7,6.7961,1.3899,-2.8854,0.1,0.0,16.1997,True
1790468977.799,209.75,6.7919,1.3888,-2.8854,0.1,0.0,16.2041,True
1790468977.849,209.8,6.7877,1.3877,-2.8854,0.1,0.0,16.2086,True
1790468977.899,209.85,6.7834,1.3866,-2.8854,0.1,0.0,16.2131,True
1790468977.949,209.9,6.7792,1.3855,-2.8854,0.1,0.0,16.2175,True
1790468977.999,209.95,6.775,1.3844,-2.8854,0.1,0.0,16.222,True
1790468978.049,210.0,6.7707,1.3833,-2.8854,0.1,0.0,16.2264,True
1790468978.099,210.05,6.7665,1.3822,-2.8854,0.1,0.0,16.2309,True
1790468978.149,210.1,6.7623,1.3811,-2.8854,0.1,0.0,16.2354,True
1790468978.199,210.15,6.7581,1.38,-2.8854,0.1,0.0,16.2398,True
1790468978.249,210.2,6.7538,1.3789,-2.8854,0.1,0.0,16.2443,True
1790468978.299,210.25,6.7496,1.3778,-2.8854,0.1,0.0,16.2488,True
1790468978.349,210.3,6.7454,1.3766,-2.8854,0.1,0.0,16.2532,True
1790468978.399,210.35,6.7411,1.3755,-2.8854,0.1,0.0,16.2577,True
1790468978.449,210.4,6.7369,1.3744,-2.8854,0.1,0.0,16.2621,True
1790468978.499,210.45,6.7327,1.3733,-2.8854,0.1,0.0,16.2666,True
1790468978.549,210.5,6.7285,1.3722,-2.8854,0.1,0.0,16.2711,True
1790468978.599,210.55,6.7242,1.3711,-2.8854,0.1,0.0,16.2755,True
1790468978.649,210.6,6.72,1.37,-2.8854,0.1,0.0,16.28,True
1790468978.699,210.65,6.7159,1.3702,3.0847,0.1,0.0,16.2841,True
1790468978.749,210.7,6.7118,1.3705,3.0847,0.1,0.0,16.2882,True
1790468978.799,210.75,6.7077,1.3707,3.0847,0.1,0.0,16.2923,True
1790468978.849,210.8,6.7036,1.3709,3.0847,0.1,0.0,16.2964,True
1790468978.899,210.85,6.6995,1.3712,3.0847,0.1,0.0,16.3005,True
1790468978.949,210.9,6.6954,1.3714,3.0847,0.1,0.0,16.3046,True
1790468978.999,210.95,6.6913,1.3716,3.0847,0.1,0.0,16.3087,True
1790468979.049,211.0,6.6872,1.3719,3.0847,0.1,0.0,16.3128,True
1790468979.099,211.05,6.6831,1.3721,3.0847,0.1,0.0,16.3169,True
1790468979.149,211.1,6.679,1.3723,3.0847,0.1,0.0,16.321,True
1790468979.199,211.15,6.6749,1.3726,3.0847,0.1,0.0,16.3251,True
1790468979.249,211.2,6.6708,1.3728,3.0847,0.1,0.0,16.3292,True
1790468979.299,211.25,6.6667,1.373,3.0847,0.1,0.0,16.3333,True
1790468979.349,211.3,6.6626,1.3733,3.0847,0.1,0.0,16.3374,True
1790468979.399,211.35,6.6585,1.3735,3.0847,0.1,0.0,16.3415,True
1790468979.449,211.4,6.6544,1.3737,3.0847,0.1,0.0,16.3456,True
1790468979.499,211.45,6.6503,1.374,3.0847,0.1,0.0,16.3497,True
1790468979.549,211.5,6.6462,1.3742,3.0847,0.1,0.0,16.3538,True
1790468979.599,211.55,6.6421,1.3744,3.0847,0.1,0.0,16.3579,True
1790468979.649,211.6,6.638,1.3747,3.0847,0.1,0.0,16.362,True
1790468979.699,211.65,6.6339,1.3749,3.0847,0.1,0.0,16.3661,True
1790468979.749,211.7,6.6298,1.3751,3.0847,0.1,0.0,16.3702,True
1790468979.799,211.75,6.6257,1.3754,3.0847,0.1,0.0,16.3743,True
1790468979.849,211.8,6.6216,1.3756,3.0847,0.1,0.0,16.3784,True
1790468979.899,211.85,6.6175,1.3758,3.0847,0.1,0.0,16.3825,True
1790468979.949,211.9,6.6134,1.3761,3.0847,0.1,0.0,16.3866,True
1790468979.999,211.95,6.6093,1.3763,3.0847,0.1,0.0,16.3907,True
1790468980.049,212.0,6.6052,1.3765,3.0847,0.1,0.0,16.3948,True
1790468980.099,212.05,6.6011,1.3768,3.0847,0.1,0.0,16.3989,True
1790468980.149,212.1,6.597,1.377,3.0847,0.1,0.0,16.403,True
1790468980.199,212.15,6.5929,1.3772,3.0847,0.1,0.0,16.4071,True
1790468980.249,212.2,6.5888,1.3775,3.0847,0.1,0.0,16.4112,True
1790468980.299,212.25,6.5847,1.3777,3.0847,0.1,0.0,16.4153,True
1790468980.349,212.3,6.5806,1.3779,3.0847,0.1,0.0,16.4194,True
1790468980.399,212.35,6.5765,1.3782,3.0847,0.1,0.0,16.4235,True
1790468980.449,212.4,6.5724,1.3784,3.0847,0.1,0.0,16.4276,True
1790468980.499,212.45,6.5683,1.3786,3.0847,0.1,0.0,16.4317,True
1790468980.549,212.5,6.5642,1.3789,3.0847,0.1,0.0,16.4358,True
1790468980.599,212.55,6.5601,1.3791,3.0847,0.1,0.0,16.4399,True
1790468980.649,212.6,6.556,1.3793,3.0847,0.1,0.0,16.444,True
1790468980.699,212.65,6.5519,1.3796,3.0847,0.1,0.0,16.4481,True
1790468980.749,212.7,6.5478,1.3798,3.0847,0.1,0.0,16.4522,True
1790468980.799,212.75,6.5437,1.38,3.0847,0.1,0.0,16.4563,True
1790468980.849,212.8,6.5396,1.3803,3.0847,0.1,0.0,16.4604,True
1790468980.899,212.85,6.5355,1.3805,3.0847,0.1,0.0,16.4645,True
1790468980.949,212.9,6.5314,1.3807,3.0847,0.1,0.0,16.4686,True
1790468980.999,212.95,6.5273,1.381,3.0847,0.1,0.0,16.4727,True
1790468981.049,213.0,6.5232,1.3812,3.0847,0.1,0.0,16.4768,True
1790468981.099,213.05,6.5191,1.3814,3.0847,0.1,0.0,16.4809,True
1790468981.149,213.1,6.515,1.3817,3.0847,0.1,0.0,16.485,True
1790468981.199,213.15,6.5109,1.3819,3.0847,0.1,0.0,16.4891,True
1790468981.249,213.2,6.5068,1.3821,3.0847,0.1,0.0,16.4932,True
1790468981.299,213.25,6.5027,1.3824,3.0847,0.1,0.0,16.4973,True
1790468981.349,213.3,6.4986,1.3826,3.0847,0.1,0.0,16.5014,True
1790468981.399,213.35,6.4945,1.3828,3.0847,0.1,0.0,16.5055,True
1790468981.449,213.4,6.4904,1.3831,3.0847,0.1,0.0,16.5096,True
1790468981.499,213.45,6.4863,1.3833,3.0847,0.1,0.0,16.5137,True
1790468981.549,213.5,6.4822,1.3835,3.0847,0.1,0.0,16.5178,True
1790468981.599,213.55,6.4781,1.3838,3.0847,0.1,0.0,16.5219,True
1790468981.649,213.6,6.474,1.384,3.0847,0.1,0.0,16.526,True
1790468981.699,213.65,6.4699,1.3842,3.0847,0.1,0.0,16.5301,True
1790468981.749,213.7,6.4658,1.3845,3.0847,0.1,0.0,16.5342,True
1790468981.799,213.75,6.4617,1.3847,3.0847,0.1,0.0,16.5383,True
1790468981.849,213.8,6.4576,1.3849,3.0847,0.1,0.0,16.5424,True
1790468981.899,213.85,6.4535,1.3852,3.0847,0.1,0.0,16.5465,True
1790468981.949,213.9,6.4494,1.3854,3.0847,0.1,0.0,16.5506,True
1790468981.999,213.95,6.4453,1.3856,3.0847,0.1,0.0,16.5547,True
1790468982.049,214.0,6.4412,1.3859,3.0847,0.1,0.0,16.5588,True
1790468982.099,214.05,6.4371,1.3861,3.0847,0.1,0.0,16.5629,True
1790468982.149,214.1,6.433,1.3863,3.0847,0.1,0.0,16.567,True
1790468982.199,214.15,6.4289,1.3866,3.0847,0.1,0.0,16.5711,True
1790468982.249,214.2,6.4248,1.3868,3.0847,0.1,0.0,16.5752,True
1790468982.299,214.25,6.4207,1.387,3.0847,0.099,-0.02,16.5793,True
1790468982.349,214.3,6.4166,1.3873,3.0847,0.1,0.0,16.5834,True
1790468982.399,214.35,6.4125,1.3875,3.0847,0.1,0.0,16.5875,True
1790468982.449,214.4,6.4084,1.3877,3.0847,0.1,0.0,16.5916,True
1790468982.499,214.45,6.4043,1.388,3.0847,0.1,0.0,16.5957,True
1790468982.549,214.5,6.4002,1.3882,3.0847,0.1,0.0,16.5998,True
1790468982.599,214.55,6.3961,1.3884,3.0847,0.099,-0.01,16.6039,True
1790468982.649,214.6,6.392,1.3887,3.0847,0.1,0.0,16.608,True
1790468982.699,214.65,6.3879,1.3889,3.0847,0.1,0.0,16.6121,True
1790468982.749,214.7,6.3838,1.3891,3.0847,0.1,0.0,16.6162,True
1790468982.799,214.75,6.3797,1.3894,3.0847,0.1,0.0,16.6203,True
1790468982.849,214.8,6.3756,1.3896,3.0847,0.1,0.0,16.6244,True
1790468982.899,214.85,6.3715,1.3898,3.0847,0.1,0.0,16.6285,True
1790468982.949,214.9,6.3674,1.3901,3.0847,0.099,-0.01,16.6326,True
1790468982.999,214.95,6.3633,1.3903,3.0847,0.1,0.0,16.6367,True
1790468983.049,215.0,6.3592,1.3905,3.0847,0.1,0.0,16.6408,True
1790468983.099,215.05,6.3551,1.3908,3.0847,0.1,0.0,16.6449,True
1790468983.149,215.1,6.351,1.391,3.0847,0.1,0.0,16.649,True
1790468983.199,215.15,6.3469,1.3912,3.0847,0.1,0.0,16.6531,True
1790468983.249,215.2,6.3428,1.3915,3.0847,0.099,-0.01,16.6572,True
1790468983.299,215.25,6.3387,1.3917,3.0847,0.1,0.0,16.6613,True
1790468983.349,215.3,6.3346,1.3919,3.0847,0.1,0.0,16.6654,True
1790468983.399,215.35,6.3305,1.3922,3.0847,0.1,0.0,16.6695,True
1790468983.449,215.4,6.3264,1.3924,3.0847,0.1,0.0,16.6736,True
1790468983.499,215.45,6.3223,1.3926,3.0847,0.1,0.0,16.6777,True
1790468983.549,215.5,6.3182,1.3929,3.0847,0.1,0.0,16.6818,True
1790468983.599,215.55,6.3141,1.3931,3.0847,0.099,-0.01,16.6859,True
1790468983.649,215.6,6.31,1.3933,3.0847,0.1,0.0,16.69,True
1790468983.699,215.65,6.3059,1.3936,3.0847,0.1,0.0,16.6941,True
1790468983.749,215.7,6.3018,1.3938,3.0847,0.1,0.0,16.6982,True
1790468983.799,215.75,6.2977,1.394,3.0847,0.1,0.0,16.7023,True
1790468983.849,215.8,6.2936,1.3943,3.0847,0.1,0.0,16.7064,True
1790468983.899,215.85,6.2895,1.3945,3.0847,0.099,-0.01,16.7105,True
1790468983.949,215.9,6.2854,1.3947,3.0847,0.1,0.0,16.7146,True
1790468983.999,215.95,6.2813,1.395,3.0847,0.1,0.0,16.7187,True
1790468984.049,216.0,6.2772,1.3952,3.0847,0.1,0.0,16.7228,True
1790468984.099,216.05,6.2731,1.3954,3.0847,0.1,0.0,16.7269,True
1790468984.149,216.1,6.269,1.3957,3.0847,0.1,0.0,16.731,True
1790468984.199,216.15,6.2649,1.3959,3.0847,0.1,0.0,16.7351,True
1790468984.249,216.2,6.2608,1.3961,3.0847,0.099,-0.01,16.7392,True
1790468984.299,216.25,6.2567,1.3964,3.0847,0.1,0.0,16.7433,True
1790468984.349,216.3,6.2526,1.3966,3.0847,0.1,0.0,16.7474,True
1790468984.399,216.35,6.2485,1.3968,3.0847,0.1,0.0,16.7515,True
1790468984.449,216.4,6.2444,1.3971,3.0847,0.1,0.0,16.7556,True
1790468984.499,216.45,6.2403,1.3973,3.0847,0.1,0.0,16.7597,True
1790468984.549,216.5,6.2362,1.3975,3.0847,0.1,0.0,16.7638,True
1790468984.599,216.55,6.2321,1.3978,3.0847,0.1,-0.01,16.7679,True
1790468984.649,216.6,6.228,1.398,3.0847,0.1,0.0,16.772,True
1790468984.699,216.65,6.2239,1.3982,3.0847,0.1,0.0,16.7761,True
1790468984.749,216.7,6.2198,1.3985,3.0847,0.1,0.0,16.7802,True
1790468984.799,216.75,6.2157,1.3987,3.0847,0.1,0.0,16.7843,True
1790468984.849,216.8,6.2116,1.3989,3.0847,0.1,0.0,16.7884,True
1790468984.899,216.85,6.2075,1.3992,3.0847,0.1,0.0,16.7925,True
1790468984.949,216.9,6.2034,1.3994,3.0847,0.1,-0.01,16.7966,True
1790468984.999,216.95,6.1993,1.3996,3.0847,0.1,0.0,16.8007,True
1790468985.049,217.0,6.1952,1.3999,3.0847,0.1,0.0,16.8048,True
1790468985.099,217.05,6.1911,1.4001,3.0847,0.1,0.0,16.8089,True
1790468985.149,217.1,6.187,1.4003,3.0847,0.1,0.0,16.813,True
1790468985.199,217.15,6.1829,1.4006,3.0847,0.1,0.0,16.8171,True
1790468985.249,217.2,6.1788,1.4008,3.0847,0.1,-0.01,16.8212,True
1790468985.299,217.25,6.1747,1.401,3.0847,0.1,0.0,16.8253,True
1790468985.349,217.3,6.1706,1.4013,3.0847,0.1,0.0,16.8294,True
1790468985.399,217.35,6.1665,1.4015,3.0847,0.1,0.0,16.8335,True
1790468985.449,217.4,6.1624,1.4017,3.0847,0.1,0.0,16.8376,True
1790468985.499,217.45,6.1583,1.402,3.0847,0.1,0.0,16.8417,True
1790468985.549,217.5,6.1542,1.4022,3.0847,0.1,0.0,16.8458,True
1790468985.599,217.55,6.1501,1.4024,3.0847,0.1,-0.0,16.8499,True
1790468985.649,217.6,6.146,1.4027,3.0847,0.1,0.0,16.854,True
1790468985.699,217.65,6.1419,1.4029,3.0847,0.1,0.0,16.8581,True
1790468985.749,217.7,6.1378,1.4031,3.0847,0.1,0.0,16.8622,True
1790468985.799,217.75,6.1337,1.4034,3.0847,0.1,0.0,16.8663,True
1790468985.849,217.8,6.1296,1.4036,3.0847,0.1,0.0,16.8704,True
1790468985.899,217.85,6.1255,1.4038,3.0847,0.1,0.0,16.8745,True
1790468985.949,217.9,6.1214,1.4041,3.0847,0.1,-0.0,16.8786,True
1790468985.999,217.95,6.1173,1.4043,3.0847,0.1,0.0,16.8827,True
1790468986.049,218.0,6.1132,1.4045,3.0847,0.1,0.0,16.8868,True
1790468986.099,218.05,6.1091,1.4048,3.0847,0.1,0.0,16.8909,True
1790468986.149,218.1,6.105,1.405,3.0847,0.1,0.0,16.895,True
1790468986.199,218.15,6.1009,1.4052,3.0847,0.1,0.0,16.8991,True
1790468986.249,218.2,6.0968,1.4055,3.0847,0.1,0.0,16.9032,True
1790468986.299,218.25,6.0927,1.4057,3.0847,0.1,-0.0,16.9073,True
1790468986.349,218.3,6.0886,1.4059,3.0847,0.1,0.0,16.9114,True
1790468986.399,218.35,6.0845,1.4062,3.0847,0.1,0.0,16.9155,True
1790468986.449,218.4,6.0804,1.4064,3.0847,0.1,0.0,16.9196,True
1790468986.499,218.45,6.0763,1.4066,3.0847,0.1,0.0,16.9237,True
1790468986.549,218.5,6.0722,1.4069,3.0847,0.1,0.0,16.9278,True
1790468986.599,218.55,6.0681,1.4071,3.0847,0.1,-0.0,16.9319,True
1790468986.649,218.6,6.064,1.4073,3.0847,0.1,0.0,16.936,True
1790468986.699,218.65,6.0599,1.4076,3.0847,0.1,0.0,16.9401,True
1790468986.749,218.7,6.0558,1.4078,3.0847,0.1,0.0,16.9442,True
1790468986.799,218.75,6.0517,1.408,3.0847,0.1,0.0,16.9483,True
1790468986.849,218.8,6.0476,1.4083,3.0847,0.1,0.0,16.9524,True
1790468986.899,218.85,6.0435,1.4085,3.0847,0.1,0.0,16.9565,True
1790468986.949,218.9,6.0394,1.4087,3.0847,0.097,-0.05,16.9606,True
1790468986.999,218.95,6.0353,1.409,3.0847,0.1,0.0,16.9647,True
1790468987.049,219.0,6.0312,1.4092,3.0847,0.1,0.0,16.9688,True
1790468987.099,219.05,6.0271,1.4094,3.0847,0.1,0.0,16.9729,True
1790468987.149,219.1,6.023,1.4097,3.0847,0.1,0.0,16.977,True
1790468987.199,219.15,6.0189,1.4099,3.0847,0.1,0.0,16.9811,True
1790468987.249,219.2,6.0148,1.4101,3.0847,0.1,0.0,16.9852,True
1790468987.299,219.25,6.0107,1.4104,3.0847,0.095,-0.08,16.9893,True
1790468987.349,219.3,6.0066,1.4106,3.0847,0.1,0.0,16.9934,True
1790468987.399,219.35,6.0025,1.4108,3.0847,0.1,0.0,16.9975,True
1790468987.449,219.4,5.9984,1.4111,3.0847,0.1,0.0,17.0016,True
1790468987.499,219.45,5.9943,1.4113,3.0847,0.1,0.0,17.0057,True
1790468987.549,219.5,5.9902,1.4115,3.0847,0.1,0.0,17.0098,True
1790468987.599,219.55,5.9861,1.4118,3.0847,0.1,0.0,17.0139,True
1790468987.649,219.6,5.982,1.412,3.0847,0.1,0.0,17.018,True
1790468987.699,219.65,5.9779,1.4122,3.0847,0.1,0.0,17.0221,True
1790468987.749,219.7,5.9738,1.4125,3.0847,0.1,0.0,17.0262,True
1790468987.799,219.75,5.9697,1.4127,3.0847,0.1,0.0,17.0303,True
1790468987.849,219.8,5.9656,1.4129,3.0847,0.1,0.0,17.0344,True
1790468987.899,219.85,5.9615,1.4132,3.0847,0.1,0.0,17.0385,True
1790468987.949,219.9,5.9574,1.4134,3.0847,0.097,-0.05,17.0426,True
1790468987.999,219.95,5.9533,1.4136,3.0847,0.1,0.0,17.0467,True
1790468988.049,220.0,5.9492,1.4139,3.0847,0.1,0.0,17.0508,True
1790468988.099,220.05,5.9451,1.4141,3.0847,0.1,0.0,17.0549,True
1790468988.149,220.1,5.941,1.4143,3.0847,0.1,0.0,17.059,True
1790468988.199,220.15,5.9369,1.4146,3.0847,0.1,0.0,17.0631,True
1790468988.249,220.2,5.9328,1.4148,3.0847,0.1,0.0,17.0672,True
1790468988.299,220.25,5.9287,1.415,3.0847,0.1,0.0,17.0713,True
1790468988.349,220.3,5.9246,1.4153,3.0847,0.1,0.0,17.0754,True
1790468988.399,220.35,5.9205,1.4155,3.0847,0.1,0.0,17.0795,True
1790468988.449,220.4,5.9164,1.4157,3.0847,0.1,0.0,17.0836,True
1790468988.499,220.45,5.9123,1.416,3.0847,0.1,0.0,17.0877,True
1790468988.549,220.5,5.9082,1.4162,3.0847,0.1,0.0,17.0918,True
1790468988.599,220.55,5.9041,1.4164,3.0847,0.1,0.0,17.0959,True
1790468988.649,220.6,5.9,1.4167,3.0847,0.1,0.0,17.1,True
1790468988.699,220.65,5.8959,1.4169,3.0847,0.1,0.0,17.1041,True
1790468988.749,220.7,5.8918,1.4171,3.0847,0.1,0.0,17.1082,True
1790468988.799,220.75,5.8877,1.4174,3.0847,0.1,0.0,17.1123,True
1790468988.849,220.8,5.8836,1.4176,3.0847,0.1,0.0,17.1164,True
1790468988.899,220.85,5.8795,1.4178,3.0847,0.1,0.0,17.1205,True
1790468988.949,220.9,5.8754,1.4181,3.0847,0.098,-0.04,17.1246,True
1790468988.999,220.95,5.8713,1.4183,3.0847,0.1,0.0,17.1287,True
1790468989.049,221.0,5.8672,1.4185,3.0847,0.1,0.0,17.1328,True
1790468989.099,221.05,5.8631,1.4188,3.0847,0.1,0.0,17.1369,True
1790468989.149,221.1,5.859,1.419,3.0847,0.1,0.0,17.141,True
1790468989.199,221.15,5.8549,1.4192,3.0847,0.1,0.0,17.1451,True
1790468989.249,221.2,5.8508,1.4195,3.0847,0.098,-0.04,17.1492,True
1790468989.299,221.25,5.8467,1.4197,3.0847,0.1,0.0,17.1533,True
1790468989.349,221.3,5.8426,1.4199,3.0847,0.1,0.0,17.1574,True
1790468989.399,221.35,5.8385,1.4202,3.0847,0.1,0.0,17.1615,True
1790468989.449,221.4,5.8344,1.4204,3.0847,0.1,0.0,17.1656,True
1790468989.499,221.45,5.8303,1.4206,3.0847,0.1,0.0,17.1697,True
1790468989.549,221.5,5.8262,1.4209,3.0847,0.1,0.0,17.1738,True
1790468989.599,221.55,5.8221,1.4211,3.0847,0.1,0.0,17.1779,True
1790468989.649,221.6,5.818,1.4213,3.0847,0.1,0.0,17.182,True
1790468989.699,221.65,5.8139,1.4216,3.0847,0.1,0.0,17.1861,True
1790468989.749,221.7,5.8098,1.4218,3.0847,0.1,0.0,17.1902,True
1790468989.799,221.75,5.8057,1.422,3.0847,0.1,0.0,17.1943,True
1790468989.849,221.8,5.8016,1.4223,3.0847,0.1,0.0,17.1984,True
1790468989.899,221.85,5.7975,1.4225,3.0847,0.1,0.0,17.2025,True
1790468989.949,221.9,5.7934,1.4227,3.0847,0.1,0.0,17.2066,True
1790468989.999,221.95,5.7893,1.423,3.0847,0.1,0.0,17.2107,True
1790468990.049,222.0,5.7852,1.4232,3.0847,0.1,0.0,17.2148,True
1790468990.099,222.05,5.7811,1.4234,3.0847,0.1,0.0,17.2189,True
1790468990.149,222.1,5.777,1.4237,3.0847,0.1,0.0,17.223,True
1790468990.199,222.15,5.7729,1.4239,3.0847,0.1,0.0,17.2271,True
1790468990.249,222.2,5.7688,1.4241,3.0847,0.1,0.0,17.2312,True
1790468990.299,222.25,5.7647,1.4244,3.0847,0.1,0.0,17.2353,True
1790468990.349,222.3,5.7606,1.4246,3.0847,0.1,0.0,17.2394,True
1790468990.399,222.35,5.7565,1.4248,3.0847,0.1,0.0,17.2435,True
1790468990.449,222.4,5.7524,1.4251,3.0847,0.1,0.0,17.2476,True
1790468990.499,222.45,5.7483,1.4253,3.0847,0.1,0.0,17.2517,True
1790468990.549,222.5,5.7442,1.4255,3.0847,0.1,0.0,17.2558,True
1790468990.599,222.55,5.7401,1.4258,3.0847,0.1,0.0,17.2599,True
1790468990.649,222.6,5.736,1.426,3.0847,0.1,0.0,17.264,True
1790468990.699,222.65,5.7319,1.4262,3.0847,0.1,0.0,17.2681,True
1790468990.749,222.7,5.7278,1.4265,3.0847,0.1,0.0,17.2722,True
1790468990.799,222.75,5.7237,1.4267,3.0847,0.1,0.0,17.2763,True
1790468990.849,222.8,5.7196,1.4269,3.0847,0.1,0.0,17.2804,True
1790468990.899,222.85,5.7155,1.4272,3.0847,0.1,0.0,17.2845,True
1790468990.949,222.9,5.7114,1.4274,3.0847,0.1,0.0,17.2886,True
1790468990.999,222.95,5.7073,1.4276,3.0847,0.1,0.0,17.2927,True
1790468991.049,223.0,5.7032,1.4279,3.0847,0.1,0.0,17.2968,True
1790468991.099,223.05,5.6991,1.4281,3.0847,0.1,0.0,17.3009,True
1790468991.149,223.1,5.695,1.4283,3.0847,0.1,0.0,17.305,True
1790468991.199,223.15,5.6909,1.4286,3.0847,0.1,0.0,17.3091,True
1790468991.249,223.2,5.6868,1.4288,3.0847,0.1,0.0,17.3132,True
1790468991.299,223.25,5.6827,1.429,3.0847,0.1,0.0,17.3173,True
1790468991.349,223.3,5.6786,1.4293,3.0847,0.1,0.0,17.3214,True
1790468991.399,223.35,5.6745,1.4295,3.0847,0.1,0.0,17.3255,True
1790468991.449,223.4,5.6704,1.4297,3.0847,0.1,0.0,17.3296,True
1790468991.499,223.45,5.6663,1.43,3.0847,0.1,0.0,17.3337,True
1790468991.549,223.5,5.6622,1.4302,3.0847,0.1,0.0,17.3378,True
1790468991.599,223.55,5.6581,1.4304,3.0847,0.1,0.0,17.3419,True
1790468991.649,223.6,5.654,1.4307,3.0847,0.1,0.0,17.346,True
1790468991.699,223.65,5.6499,1.4309,3.0847,0.1,0.0,17.3501,True
1790468991.749,223.7,5.6458,1.4311,3.0847,0.1,0.0,17.3542,True
1790468991.799,223.75,5.6417,1.4314,3.0847,0.1,0.0,17.3583,True
1790468991.849,223.8,5.6376,1.4316,3.0847,0.1,0.0,17.3624,True
1790468991.899,223.85,5.6335,1.4318,3.0847,0.1,0.0,17.3665,True
1790468991.949,223.9,5.6294,1.4321,3.0847,0.1,0.0,17.3706,True
1790468991.999,223.95,5.6253,1.4323,3.0847,0.1,0.0,17.3747,True
1790468992.049,224.0,5.6212,1.4325,3.0847,0.1,0.0,17.3788,True
1790468992.099,224.05,5.6171,1.4328,3.0847,0.1,0.0,17.3829,True
1790468992.149,224.1,5.613,1.433,3.0847,0.1,0.0,17.387,True
1790468992.199,224.15,5.6089,1.4332,3.0847,0.1,0.0,17.3911,True
1790468992.249,224.2,5.6048,1.4335,3.0847,0.1,0.0,17.3952,True
1790468992.299,224.25,5.6007,1.4337,3.0847,0.1,0.0,17.3993,True
1790468992.349,224.3,5.5966,1.4339,3.0847,0.1,0.0,17.4034,True
1790468992.399,224.35,5.5925,1.4342,3.0847,0.096,-0.06,17.4075,True
1790468992.449,224.4,5.5884,1.4344,3.0847,0.1,0.0,17.4116,True
1790468992.499,224.45,5.5843,1.4346,3.0847,0.1,0.0,17.4157,True
1790468992.549,224.5,5.5802,1.4349,3.0847,0.1,0.0,17.4198,True
1790468992.599,224.55,5.5761,1.4351,3.0847,0.1,0.0,17.4239,True
1790468992.649,224.6,5.572,1.4353,3.0847,0.1,0.0,17.428,True
1790468992.699,224.65,5.5679,1.4356,3.0847,0.1,0.0,17.4321,True
1790468992.749,224.7,5.5638,1.4358,3.0847,0.086,-0.21,17.4362,True
1790468992.799,224.75,5.5597,1.436,3.0847,0.1,0.0,17.4403,True
1790468992.849,224.8,5.5556,1.4363,3.0847,0.1,0.0,17.4444,True
1790468992.899,224.85,5.5515,1.4365,3.0847,0.1,0.0,17.4485,True
1790468992.949,224.9,5.5474,1.4367,3.0847,0.1,0.0,17.4526,True
1790468992.999,224.95,5.5433,1.437,3.0847,0.1,0.0,17.4567,True
1790468993.049,225.0,5.5392,1.4372,3.0847,0.082,-0.27,17.4608,True
1790468993.099,225.05,5.5351,1.4374,3.0847,0.1,0.0,17.4649,True
1790468993.149,225.1,5.531,1.4377,3.0847,0.1,0.0,17.469,True
1790468993.199,225.15,5.5269,1.4379,3.0847,0.1,0.0,17.4731,True
1790468993.249,225.2,5.5228,1.4381,3.0847,0.1,0.0,17.4772,True
1790468993.299,225.25,5.5187,1.4384,3.0847,0.1,0.0,17.4813,True
1790468993.349,225.3,5.5146,1.4386,3.0847,0.081,-0.3,17.4854,True
1790468993.399,225.35,5.5105,1.4388,3.0847,0.1,0.0,17.4895,True
1790468993.449,225.4,5.5064,1.4391,3.0847,0.1,0.0,17.4936,True
1790468993.499,225.45,5.5023,1.4393,3.0847,0.1,0.0,17.4977,True
1790468993.549,225.5,5.4982,1.4395,3.0847,0.1,0.0,17.5018,True
1790468993.599,225.55,5.4941,1.4398,3.0847,0.1,0.0,17.5059,True
1790468993.649,225.6,5.49,1.44,3.0847,0.085,-0.23,17.51,True
1790468993.699,225.65,5.4884,1.4426,2.1247,0.1,0.0,17.5132,True
1790468993.749,225.7,5.4868,1.4451,2.1247,0.1,0.0,17.5163,True
1790468993.799,225.75,5.4853,1.4477,2.1247,0.1,0.0,17.5195,True
1790468993.849,225.8,5.4837,1.4502,2.1247,0.1,0.0,17.5226,True
1790468993.899,225.85,5.4821,1.4528,2.1247,0.1,0.0,17.5258,True
1790468993.949,225.9,5.4805,1.4553,2.1247,0.09,-0.15,17.5289,True
1790468993.999,225.95,5.479,1.4579,2.1247,0.1,0.0,17.5321,True
1790468994.049,226.0,5.4774,1.4604,2.1247,0.1,0.0,17.5352,True
1790468994.099,226.05,5.4758,1.463,2.1247,0.1,0.0,17.5384,True
1790468994.149,226.1,5.4742,1.4655,2.1247,0.1,0.0,17.5415,True
1790468994.199,226.15,5.4727,1.4681,2.1247,0.1,0.0,17.5447,True
1790468994.249,226.2,5.4711,1.4706,2.1247,0.1,0.0,17.5479,True
1790468994.299,226.25,5.4695,1.4732,2.1247,0.089,-0.17,17.551,True
1790468994.349,226.3,5.4679,1.4757,2.1247,0.1,0.0,17.5542,True
1790468994.399,226.35,5.4663,1.4783,2.1247,0.1,0.0,17.5573,True
1790468994.449,226.4,5.4648,1.4808,2.1247,0.1,0.0,17.5605,True
1790468994.499,226.45,5.4632,1.4834,2.1247,0.1,0.0,17.5636,True
1790468994.549,226.5,5.4616,1.4859,2.1247,0.1,0.0,17.5668,True
1790468994.599,226.55,5.46,1.4885,2.1247,0.09,-0.15,17.5699,True
1790468994.649,226.6,5.4585,1.491,2.1247,0.1,0.0,17.5731,True
1790468994.699,226.65,5.4569,1.4936,2.1247,0.1,0.0,17.5762,True
1790468994.749,226.7,5.4553,1.4961,2.1247,0.1,0.0,17.5794,True
1790468994.799,226.75,5.4537,1.4987,2.1247,0.1,0.0,17.5826,True
1790468994.849,226.8,5.4521,1.5012,2.1247,0.1,0.0,17.5857,True
1790468994.899,226.85,5.4506,1.5038,2.1247,0.1,0.0,17.5889,True
1790468994.949,226.9,5.449,1.5063,2.1247,0.1,0.0,17.592,True
1790468994.999,226.95,5.4474,1.5089,2.1247,0.1,0.0,17.5952,True
1790468995.049,227.0,5.4458,1.5114,2.1247,0.1,0.0,17.5983,True
1790468995.099,227.05,5.4443,1.514,2.1247,0.1,0.0,17.6015,True
1790468995.149,227.1,5.4427,1.5165,2.1247,0.1,0.0,17.6046,True
1790468995.199,227.15,5.4411,1.5191,2.1247,0.1,0.0,17.6078,True
1790468995.249,227.2,5.4395,1.5216,2.1247,0.093,-0.11,17.6109,True
1790468995.299,227.25,5.438,1.5242,2.1247,0.1,0.0,17.6141,True
1790468995.349,227.3,5.4364,1.5267,2.1247,0.1,0.0,17.6172,True
1790468995.399,227.35,5.4348,1.5293,2.1247,0.1,0.0,17.6204,True
1790468995.449,227.4,5.4332,1.5318,2.1247,0.1,0.0,17.6236,True
1790468995.499,227.45,5.4316,1.5344,2.1247,0.1,0.0,17.6267,True
1790468995.549,227.5,5.4301,1.5369,2.1247,0.1,0.0,17.6299,True
1790468995.599,227.55,5.4285,1.5395,2.1247,0.1,0.0,17.633,True
1790468995.649,227.6,5.4269,1.542,2.1247,0.1,0.0,17.6362,True
1790468995.699,227.65,5.4253,1.5446,2.1247,0.1,0.0,17.6393,True
1790468995.749,227.7,5.4238,1.5471,2.1247,0.1,0.0,17.6425,True
1790468995.799,227.75,5.4222,1.5497,2.1247,0.1,0.0,17.6456,True
1790468995.849,227.8,5.4206,1.5522,2.1247,0.1,0.0,17.6488,True
1790468995.899,227.85,5.419,1.5548,2.1247,0.1,0.0,17.6519,True
1790468995.949,227.9,5.4174,1.5573,2.1247,0.09,-0.16,17.6551,True
1790468995.999,227.95,5.4159,1.5599,2.1247,0.1,0.0,17.6583,True
1790468996.049,228.0,5.4143,1.5624,2.1247,0.1,0.0,17.6614,True
1790468996.099,228.05,5.4127,1.565,2.1247,0.1,0.0,17.6646,True
1790468996.149,228.1,5.4111,1.5675,2.1247,0.1,0.0,17.6677,True
1790468996.199,228.15,5.4096,1.5701,2.1247,0.1,0.0,17.6709,True
1790468996.249,228.2,5.408,1.5726,2.1247,0.1,0.0,17.674,True
1790468996.299,228.25,5.4064,1.5752,2.1247,0.1,0.0,17.6772,True
1790468996.349,228.3,5.4048,1.5777,2.1247,0.1,0.0,17.6803,True
1790468996.399,228.35,5.4033,1.5803,2.1247,0.1,0.0,17.6835,True
1790468996.449,228.4,5.4017,1.5828,2.1247,0.1,0.0,17.6866,True
1790468996.499,228.45,5.4001,1.5854,2.1247,0.1,0.0,17.6898,True
1790468996.549,228.5,5.3985,1.5879,2.1247,0.1,0.0,17.693,True
1790468996.599,228.55,5.3969,1.5905,2.1247,0.1,0.0,17.6961,True
1790468996.649,228.6,5.3954,1.593,2.1247,0.1,0.0,17.6993,True
1790468996.699,228.65,5.3938,1.5956,2.1247,0.1,0.0,17.7024,True
1790468996.749,228.7,5.3922,1.5981,2.1247,0.1,0.0,17.7056,True
1790468996.799,228.75,5.3906,1.6007,2.1247,0.1,0.0,17.7087,True
1790468996.849,228.8,5.3891,1.6032,2.1247,0.1,0.0,17.7119,True
1790468996.899,228.85,5.3875,1.6058,2.1247,0.1,0.0,17.715,True
1790468996.949,228.9,5.3859,1.6083,2.1247,0.1,0.0,17.7182,True
1790468996.999,228.95,5.3843,1.6109,2.1247,0.1,0.0,17.7213,True
1790468997.049,229.0,5.3828,1.6134,2.1247,0.1,0.0,17.7245,True
1790468997.099,229.05,5.3812,1.616,2.1247,0.1,0.0,17.7277,True
1790468997.149,229.1,5.3796,1.6185,2.1247,0.1,0.0,17.7308,True
1790468997.199,229.15,5.378,1.6211,2.1247,0.1,0.0,17.734,True
1790468997.249,229.2,5.3764,1.6236,2.1247,0.1,0.0,17.7371,True
1790468997.299,229.25,5.3749,1.6262,2.1247,0.1,0.0,17.7403,True
1790468997.349,229.3,5.3733,1.6287,2.1247,0.1,0.0,17.7434,True
1790468997.399,229.35,5.3717,1.6313,2.1247,0.1,0.0,17.7466,True
1790468997.449,229.4,5.3701,1.6338,2.1247,0.1,0.0,17.7497,True
1790468997.499,229.45,5.3686,1.6364,2.1247,0.1,0.0,17.7529,True
1790468997.549,229.5,5.367,1.6389,2.1247,0.1,0.0,17.756,True
1790468997.599,229.55,5.3654,1.6415,2.1247,0.1,0.0,17.7592,True
1790468997.649,229.6,5.3638,1.644,2.1247,0.1,0.0,17.7623,True
1790468997.699,229.65,5.3622,1.6466,2.1247,0.1,0.0,17.7655,True
1790468997.749,229.7,5.3607,1.6491,2.1247,0.1,0.0,17.7687,True
1790468997.799,229.75,5.3591,1.6517,2.1247,0.1,0.0,17.7718,True
1790468997.849,229.8,5.3575,1.6542,2.1247,0.1,0.0,17.775,True
1790468997.899,229.85,5.3559,1.6568,2.1247,0.1,0.0,17.7781,True
1790468997.949,229.9,5.3544,1.6593,2.1247,0.1,0.0,17.7813,True
1790468997.999,229.95,5.3528,1.6619,2.1247,0.087,-0.2,17.7844,True
1790468998.049,230.0,5.3512,1.6644,2.1247,0.1,0.0,17.7876,True
1790468998.099,230.05,5.3496,1.667,2.1247,0.1,0.0,17.7907,True
1790468998.149,230.1,5.3481,1.6695,2.1247,0.1,0.0,17.7939,True
1790468998.199,230.15,5.3465,1.6721,2.1247,0.1,0.0,17.797,True
1790468998.249,230.2,5.3449,1.6746,2.1247,0.1,0.0,17.8002,True
1790468998.299,230.25,5.3433,1.6772,2.1247,0.1,0.0,17.8034,True
1790468998.349,230.3,5.3417,1.6797,2.1247,0.1,0.0,17.8065,True
1790468998.399,230.35,5.3402,1.6823,2.1247,0.087,-0.2,17.8097,True
1790468998.449,230.4,5.3386,1.6848,2.1247,0.1,0.0,17.8128,True
1790468998.499,230.45,5.337,1.6874,2.1247,0.1,0.0,17.816,True
1790468998.549,230.5,5.3354,1.6899,2.1247,0.1,0.0,17.8191,True
1790468998.599,230.55,5.3339,1.6925,2.1247,0.1,0.0,17.8223,True
1790468998.649,230.6,5.3323,1.695,2.1247,0.1,0.0,17.8254,True
1790468998.699,230.65,5.3307,1.6976,2.1247,0.087,-0.2,17.8286,True
1790468998.749,230.7,5.3291,1.7001,2.1247,0.1,0.0,17.8317,True
1790468998.799,230.75,5.3276,1.7027,2.1247,0.1,0.0,17.8349,True
1790468998.849,230.8,5.326,1.7052,2.1247,0.1,0.0,17.8381,True
1790468998.899,230.85,5.3244,1.7078,2.1247,0.1,0.0,17.8412,True
1790468998.949,230.9,5.3228,1.7103,2.1247,0.1,0.0,17.8444,True
1790468998.999,230.95,5.3212,1.7129,2.1247,0.1,0.0,17.8475,True
1790468999.049,231.0,5.3197,1.7154,2.1247,0.1,0.0,17.8507,True
1790468999.099,231.05,5.3181,1.718,2.1247,0.1,0.0,17.8538,True
1790468999.149,231.1,5.3165,1.7205,2.1247,0.1,0.0,17.857,True
1790468999.199,231.15,5.3149,1.7231,2.1247,0.1,0.0,17.8601,True
1790468999.249,231.2,5.3134,1.7256,2.1247,0.1,0.0,17.8633,True
1790468999.299,231.25,5.3118,1.7282,2.1247,0.1,0.0,17.8664,True
1790468999.349,231.3,5.3102,1.7307,2.1247,0.1,0.0,17.8696,True
1790468999.399,231.35,5.3086,1.7333,2.1247,0.1,0.0,17.8728,True
1790468999.449,231.4,5.307,1.7358,2.1247,0.1,0.0,17.8759,True
1790468999.499,231.45,5.3055,1.7384,2.1247,0.1,0.0,17.8791,True
1790468999.549,231.5,5.3039,1.7409,2.1247,0.1,0.0,17.8822,True
1790468999.599,231.55,5.3023,1.7435,2.1247,0.1,0.0,17.8854,True
1790468999.649,231.6,5.3007,1.746,2.1247,0.1,0.0,17.8885,True
1790468999.699,231.65,5.2992,1.7486,2.1247,0.1,0.0,17.8917,True
1790468999.749,231.7,5.2976,1.7511,2.1247,0.1,0.0,17.8948,True
1790468999.799,231.75,5.296,1.7537,2.1247,0.1,0.0,17.898,True
1790468999.849,231.8,5.2944,1.7562,2.1247,0.1,0.0,17.9011,True
1790468999.899,231.85,5.2929,1.7588,2.1247,0.1,0.0,17.9043,True
1790468999.949,231.9,5.2913,1.7613,2.1247,0.1,0.0,17.9074,True
1790468999.999,231.95,5.2897,1.7639,2.1247,0.1,0.0,17.9106,True
1790469000.049,232.0,5.2881,1.7664,2.1247,0.1,0.0,17.9138,True
1790469000.099,232.05,5.2865,1.769,2.1247,0.1,0.0,17.9169,True
1790469000.149,232.1,5.285,1.7715,2.1247,0.1,0.0,17.9201,True
1790469000.199,232.15,5.2834,1.7741,2.1247,0.1,0.0,17.9232,True
1790469000.249,232.2,5.2818,1.7766,2.1247,0.1,0.0,17.9264,True
1790469000.299,232.25,5.2802,1.7792,2.1247,0.1,0.0,17.9295,True
1790469000.349,232.3,5.2787,1.7817,2.1247,0.1,0.0,17.9327,True
1790469000.399,232.35,5.2771,1.7843,2.1247,0.1,0.0,17.9358,True
1790469000.449,232.4,5.2755,1.7868,2.1247,0.1,0.0,17.939,True
1790469000.499,232.45,5.2739,1.7894,2.1247,0.1,0.0,17.9421,True
1790469000.549,232.5,5.2723,1.7919,2.1247,0.1,0.0,17.9453,True
1790469000.599,232.55,5.2708,1.7945,2.1247,0.1,0.0,17.9485,True
1790469000.649,232.6,5.2692,1.797,2.1247,0.1,0.0,17.9516,True
1790469000.699,232.65,5.2676,1.7996,2.1247,0.1,0.0,17.9548,True
1790469000.749,232.7,5.266,1.8021,2.1247,0.1,0.0,17.9579,True
1790469000.799,232.75,5.2645,1.8047,2.1247,0.1,0.0,17.9611,True
1790469000.849,232.8,5.2629,1.8072,2.1247,0.1,0.0,17.9642,True
1790469000.899,232.85,5.2613,1.8098,2.1247,0.1,0.0,17.9674,True
1790469000.949,232.9,5.2597,1.8123,2.1247,0.1,0.0,17.9705,True
1790469000.999,232.95,5.2582,1.8149,2.1247,0.1,0.0,17.9737,True
1790469001.049,233.0,5.2566,1.8174,2.1247,0.089,-0.17,17.9768,True
1790469001.099,233.05,5.255,1.82,2.1247,0.1,0.0,17.98,True
1790469001.149,233.1,5.2534,1.8226,2.1247,0.1,0.0,17.9832,True
1790469001.199,233.15,5.2518,1.8251,2.1247,0.1,0.0,17.9863,True
1790469001.249,233.2,5.2503,1.8277,2.1247,0.1,0.0,17.9895,True
1790469001.299,233.25,5.2487,1.8302,2.1247,0.1,0.0,17.9926,True
1790469001.349,233.3,5.2471,1.8328,2.1247,0.1,0.0,17.9958,True
1790469001.399,233.35,5.2455,1.8353,2.1247,0.093,-0.11,17.9989,True
1790469001.449,233.4,5.244,1.8379,2.1247,0.1,0.0,18.0021,True
1790469001.499,233.45,5.2424,1.8404,2.1247,0.1,0.0,18.0052,True
1790469001.549,233.5,5.2408,1.843,2.1247,0.1,0.0,18.0084,True
1790469001.599,233.55,5.2392,1.8455,2.1247,0.1,0.0,18.0115,True
1790469001.649,233.6,5.2377,1.8481,2.1247,0.1,0.0,18.0147,True
1790469001.699,233.65,5.2361,1.8506,2.1247,0.1,0.0,18.0179,True
1790469001.749,233.7,5.2345,1.8532,2.1247,0.1,0.0,18.021,True
1790469001.799,233.75,5.2329,1.8557,2.1247,0.1,0.0,18.0242,True
1790469001.849,233.8,5.2313,1.8583,2.1247,0.1,0.0,18.0273,True
1790469001.899,233.85,5.2298,1.8608,2.1247,0.1,0.0,18.0305,True
1790469001.949,233.9,5.2282,1.8634,2.1247,0.1,0.0,18.0336,True
1790469001.999,233.95,5.2266,1.8659,2.1247,0.1,0.0,18.0368,True
1790469002.049,234.0,5.225,1.8685,2.1247,0.1,0.0,18.0399,True
1790469002.099,234.05,5.2235,1.871,2.1247,0.1,0.0,18.0431,True
1790469002.149,234.1,5.2219,1.8736,2.1247,0.1,0.0,18.0462,True
1790469002.199,234.15,5.2203,1.8761,2.1247,0.1,0.0,18.0494,True
1790469002.249,234.2,5.2187,1.8787,2.1247,0.1,0.0,18.0526,True
1790469002.299,234.25,5.2171,1.8812,2.1247,0.1,0.0,18.0557,True
1790469002.349,234.3,5.2156,1.8838,2.1247,0.1,0.0,18.0589,True
1790469002.399,234.35,5.214,1.8863,2.1247,0.093,-0.12,18.062,True
1790469002.449,234.4,5.2124,1.8889,2.1247,0.1,0.0,18.0652,True
1790469002.499,234.45,5.2108,1.8914,2.1247,0.1,0.0,18.0683,True
1790469002.549,234.5,5.2093,1.894,2.1247,0.1,0.0,18.0715,True
1790469002.599,234.55,5.2077,1.8965,2.1247,0.1,0.0,18.0746,True
1790469002.649,234.6,5.2061,1.8991,2.1247,0.1,0.0,18.0778,True
1790469002.699,234.65,5.2045,1.9016,2.1247,0.1,0.0,18.0809,True
1790469002.749,234.7,5.203,1.9042,2.1247,0.1,0.0,18.0841,True
1790469002.799,234.75,5.2014,1.9067,2.1247,0.1,0.0,18.0872,True
1790469002.849,234.8,5.1998,1.9093,2.1247,0.1,0.0,18.0904,True
1790469002.899,234.85,5.1982,1.9118,2.1247,0.1,0.0,18.0936,True
1790469002.949,234.9,5.1966,1.9144,2.1247,0.1,0.0,18.0967,True
1790469002.999,234.95,5.1951,1.9169,2.1247,0.1,0.0,18.0999,True
1790469003.049,235.0,5.1935,1.9195,2.1247,0.1,0.0,18.103,True
1790469003.099,235.05,5.1919,1.922,2.1247,0.1,0.0,18.1062,True
1790469003.149,235.1,5.1903,1.9246,2.1247,0.1,0.0,18.1093,True
1790469003.199,235.15,5.1888,1.9271,2.1247,0.1,0.0,18.1125,True
1790469003.249,235.2,5.1872,1.9297,2.1247,0.1,0.0,18.1156,True
1790469003.299,235.25,5.1856,1.9322,2.1247,0.1,0.0,18.1188,True
1790469003.349,235.3,5.184,1.9348,2.1247,0.1,0.0,18.1219,True
1790469003.399,235.35,5.1824,1.9373,2.1247,0.1,0.0,18.1251,True
1790469003.449,235.4,5.1809,1.9399,2.1247,0.1,0.0,18.1283,True
1790469003.499,235.45,5.1793,1.9424,2.1247,0.1,0.0,18.1314,True
1790469003.549,235.5,5.1777,1.945,2.1247,0.1,0.0,18.1346,True
1790469003.599,235.55,5.1761,1.9475,2.1247,0.1,0.0,18.1377,True
1790469003.649,235.6,5.1746,1.9501,2.1247,0.1,0.0,18.1409,True
1790469003.699,235.65,5.173,1.9526,2.1247,0.1,0.0,18.144,True
1790469003.749,235.7,5.1714,1.9552,2.1247,0.1,0.0,18.1472,True
1790469003.799,235.75,5.1698,1.9577,2.1247,0.1,0.0,18.1503,True
1790469003.849,235.8,5.1683,1.9603,2.1247,0.1,0.0,18.1535,True
1790469003.899,235.85,5.1667,1.9628,2.1247,0.1,0.0,18.1566,True
1790469003.949,235.9,5.1651,1.9654,2.1247,0.1,0.0,18.1598,True
1790469003.999,235.95,5.1635,1.9679,2.1247,0.1,0.0,18.163,True
1790469004.049,236.0,5.1619,1.9705,2.1247,0.1,0.0,18.1661,True
1790469004.099,236.05,5.1604,1.973,2.1247,0.1,0.0,18.1693,True
1790469004.149,236.1,5.1588,1.9756,2.1247,0.1,0.0,18.1724,True
1790469004.199,236.15,5.1572,1.9781,2.1247,0.1,0.0,18.1756,True
1790469004.249,236.2,5.1556,1.9807,2.1247,0.1,0.0,18.1787,True
1790469004.299,236.25,5.1541,1.9832,2.1247,0.1,0.0,18.1819,True
1790469004.349,236.3,5.1525,1.9858,2.1247,0.1,0.0,18.185,True
1790469004.399,236.35,5.1509,1.9883,2.1247,0.1,0.0,18.1882,True
1790469004.449,236.4,5.1493,1.9909,2.1247,0.1,0.0,18.1913,True
1790469004.499,236.45,5.1478,1.9934,2.1247,0.1,0.0,18.1945,True
1790469004.549,236.5,5.1462,1.996,2.1247,0.1,0.0,18.1977,True
1790469004.599,236.55,5.1446,1.9985,2.1247,0.1,0.0,18.2008,True
1790469004.649,236.6,5.143,2.0011,2.1247,0.1,0.0,18.204,True
1790469004.699,236.65,5.1414,2.0036,2.1247,0.1,0.0,18.2071,True
1790469004.749,236.7,5.1399,2.0062,2.1247,0.1,0.0,18.2103,True
1790469004.799,236.75,5.1383,2.0087,2.1247,0.1,0.0,18.2134,True
1790469004.849,236.8,5.1367,2.0113,2.1247,0.1,0.0,18.2166,True
1790469004.899,236.85,5.1351,2.0138,2.1247,0.1,0.0,18.2197,True
1790469004.949,236.9,5.1336,2.0164,2.1247,0.1,0.0,18.2229,True
1790469004.999,236.95,5.132,2.0189,2.1247,0.1,0.0,18.226,True
1790469005.049,237.0,5.1304,2.0215,2.1247,0.1,0.0,18.2292,True
1790469005.099,237.05,5.1288,2.024,2.1247,0.1,0.0,18.2323,True
1790469005.149,237.1,5.1272,2.0266,2.1247,0.1,0.0,18.2355,True
1790469005.199,237.15,5.1257,2.0291,2.1247,0.1,0.0,18.2387,True
1790469005.249,237.2,5.1241,2.0317,2.1247,0.1,0.0,18.2418,True
1790469005.299,237.25,5.1225,2.0342,2.1247,0.1,0.0,18.245,True
1790469005.349,237.3,5.1209,2.0368,2.1247,0.1,0.0,18.2481,True
1790469005.399,237.35,5.1194,2.0393,2.1247,0.1,0.0,18.2513,True
1790469005.449,237.4,5.1178,2.0419,2.1247,0.1,0.0,18.2544,True
1790469005.499,237.45,5.1162,2.0444,2.1247,0.1,0.0,18.2576,True
1790469005.549,237.5,5.1146,2.047,2.1247,0.095,-0.08,18.2607,True
1790469005.599,237.55,5.1131,2.0495,2.1247,0.1,0.0,18.2639,True
1790469005.649,237.6,5.1115,2.0521,2.1247,0.1,0.0,18.267,True
1790469005.699,237.65,5.1099,2.0546,2.1247,0.1,0.0,18.2702,True
1790469005.749,237.7,5.1083,2.0572,2.1247,0.1,0.0,18.2734,True
1790469005.799,237.75,5.1067,2.0597,2.1247,0.1,0.0,18.2765,True
1790469005.849,237.8,5.1052,2.0623,2.1247,0.1,0.0,18.2797,True
1790469005.899,237.85,5.1036,2.0648,2.1247,0.095,-0.08,18.2828,True
1790469005.949,237.9,5.102,2.0674,2.1247,0.1,0.0,18.286,True
1790469005.999,237.95,5.1004,2.0699,2.1247,0.1,0.0,18.2891,True
1790469006.049,238.0,5.0989,2.0725,2.1247,0.1,0.0,18.2923,True
1790469006.099,238.05,5.0973,2.075,2.1247,0.1,0.0,18.2954,True
1790469006.149,238.1,5.0957,2.0776,2.1247,0.1,0.0,18.2986,True
1790469006.199,238.15,5.0941,2.0801,2.1247,0.1,0.0,18.3017,True
1790469006.249,238.2,5.0926,2.0827,2.1247,0.096,-0.07,18.3049,True
1790469006.299,238.25,5.091,2.0852,2.1247,0.1,0.0,18.3081,True
1790469006.349,238.3,5.0894,2.0878,2.1247,0.1,0.0,18.3112,True
1790469006.399,238.35,5.0878,2.0903,2.1247,0.1,0.0,18.3144,True
1790469006.449,238.4,5.0862,2.0929,2.1247,0.1,0.0,18.3175,True
1790469006.499,238.45,5.0847,2.0954,2.1247,0.1,0.0,18.3207,True
1790469006.549,238.5,5.0831,2.098,2.1247,0.1,0.0,18.3238,True
1790469006.599,238.55,5.0815,2.1005,2.1247,0.097,-0.04,18.327,True
1790469006.649,238.6,5.0799,2.1031,2.1247,0.1,0.0,18.3301,True
1790469006.699,238.65,5.0784,2.1056,2.1247,0.1,0.0,18.3333,True
1790469006.749,238.7,5.0768,2.1082,2.1247,0.1,0.0,18.3364,True
1790469006.799,238.75,5.0752,2.1107,2.1247,0.1,0.0,18.3396,True
1790469006.849,238.8,5.0736,2.1133,2.1247,0.1,0.0,18.3428,True
1790469006.899,238.85,5.072,2.1158,2.1247,0.097,-0.04,18.3459,True
1790469006.949,238.9,5.0705,2.1184,2.1247,0.1,0.0,18.3491,True
1790469006.999,238.95,5.0689,2.1209,2.1247,0.1,0.0,18.3522,True
1790469007.049,239.0,5.0673,2.1235,2.1247,0.1,0.0,18.3554,True
1790469007.099,239.05,5.0657,2.126,2.1247,0.1,0.0,18.3585,True
1790469007.149,239.1,5.0642,2.1286,2.1247,0.1,0.0,18.3617,True
1790469007.199,239.15,5.0626,2.1311,2.1247,0.1,0.0,18.3648,True
1790469007.249,239.2,5.061,2.1337,2.1247,0.1,0.0,18.368,True
1790469007.299,239.25,5.0594,2.1362,2.1247,0.1,-0.01,18.3711,True
1790469007.349,239.3,5.0579,2.1388,2.1247,0.1,0.0,18.3743,True
1790469007.399,239.35,5.0563,2.1413,2.1247,0.1,0.0,18.3774,True
1790469007.449,239.4,5.0547,2.1439,2.1247,0.1,0.0,18.3806,True
1790469007.499,239.45,5.0531,2.1464,2.1247,0.1,0.0,18.3838,True
1790469007.549,239.5,5.0515,2.149,2.1247,0.1,0.0,18.3869,True
1790469007.599,239.55,5.05,2.1515,2.1247,0.1,0.0,18.3901,True
1790469007.649,239.6,5.0484,2.1541,2.1247,0.1,-0.0,18.3932,True
1790469007.699,239.65,5.0468,2.1566,2.1247,0.1,0.0,18.3964,True
1790469007.749,239.7,5.0452,2.1592,2.1247,0.1,0.0,18.3995,True
1790469007.799,239.75,5.0437,2.1617,2.1247,0.1,0.0,18.4027,True
1790469007.849,239.8,5.0421,2.1643,2.1247,0.1,0.0,18.4058,True
1790469007.899,239.85,5.0405,2.1668,2.1247,0.1,0.0,18.409,True
1790469007.949,239.9,5.0389,2.1694,2.1247,0.028,-0.0,18.4121,True
1790469007.999,239.95,5.0373,2.1719,2.1247,0.1,0.0,18.4153,True
1790469008.049,240.0,5.0358,2.1745,2.1247,0.1,0.0,18.4185,True
1790469008.099,240.05,5.0342,2.177,2.1247,0.1,0.0,18.4216,True
1790469008.149,240.1,5.0326,2.1796,2.1247,0.1,0.0,18.4248,True
1790469008.199,240.15,5.031,2.1821,2.1247,0.1,0.0,18.4279,True
1790469008.249,240.2,5.0295,2.1847,2.1247,0.1,0.0,18.4311,True
1790469008.299,240.25,5.0279,2.1872,2.1247,0.028,-0.0,18.4342,True
1790469008.349,240.3,5.0263,2.1898,2.1247,0.1,0.0,18.4374,True
1790469008.399,240.35,5.0247,2.1923,2.1247,0.1,0.0,18.4405,True
1790469008.449,240.4,5.0232,2.1949,2.1247,0.1,0.0,18.4437,True
1790469008.499,240.45,5.0216,2.1974,2.1247,0.1,0.0,18.4468,True
1790469008.549,240.5,5.02,2.2,2.1247,0.1,0.0,18.45,True
1790469008.599,240.55,5.0198,2.2029,1.6502,0.028,-0.0,18.4529,True
1790469008.649,240.6,5.0195,2.2059,1.6502,0.1,0.0,18.4559,True
1790469008.699,240.65,5.0193,2.2088,1.6502,0.1,0.0,18.4588,True
1790469008.749,240.7,5.0191,2.2117,1.6502,0.1,0.0,18.4617,True
1790469008.799,240.75,5.0188,2.2147,1.6502,0.1,0.0,18.4647,True
1790469008.849,240.8,5.0186,2.2176,1.6502,0.1,0.0,18.4676,True
1790469008.899,240.85,5.0184,2.2205,1.6502,0.028,-0.0,18.4705,True
1790469008.949,240.9,5.0181,2.2235,1.6502,0.1,0.0,18.4735,True
1790469008.999,240.95,5.0179,2.2264,1.6502,0.1,0.0,18.4764,True
1790469009.049,241.0,5.0177,2.2293,1.6502,0.1,0.0,18.4793,True
1790469009.099,241.05,5.0174,2.2323,1.6502,0.1,0.0,18.4823,True
1790469009.149,241.1,5.0172,2.2352,1.6502,0.028,-0.0,18.4852,True
1790469009.199,241.15,5.017,2.2381,1.6502,0.1,0.0,18.4881,True
1790469009.249,241.2,5.0167,2.2411,1.6502,0.1,0.0,18.4911,True
1790469009.299,241.25,5.0165,2.244,1.6502,0.1,0.0,18.494,True
1790469009.349,241.3,5.0163,2.2469,1.6502,0.1,0.0,18.4969,True
1790469009.399,241.35,5.016,2.2499,1.6502,0.1,0.0,18.4999,True
1790469009.449,241.4,5.0158,2.2528,1.6502,0.028,-0.0,18.5028,True
1790469009.499,241.45,5.0156,2.2557,1.6502,0.1,0.0,18.5057,True
1790469009.549,241.5,5.0153,2.2587,1.6502,0.1,0.0,18.5087,True
1790469009.599,241.55,5.0151,2.2616,1.6502,0.1,0.0,18.5116,True
1790469009.649,241.6,5.0149,2.2645,1.6502,0.1,0.0,18.5145,True
1790469009.699,241.65,5.0146,2.2675,1.6502,0.028,-0.0,18.5175,True
1790469009.749,241.7,5.0144,2.2704,1.6502,0.1,0.0,18.5204,True
1790469009.799,241.75,5.0142,2.2733,1.6502,0.1,0.0,18.5233,True
1790469009.849,241.8,5.0139,2.2763,1.6502,0.1,0.0,18.5263,True
1790469009.899,241.85,5.0137,2.2792,1.6502,0.1,0.0,18.5292,True
1790469009.949,241.9,5.0135,2.2821,1.6502,0.1,0.0,18.5321,True
1790469009.999,241.95,5.0132,2.2851,1.6502,0.028,-0.0,18.5351,True
1790469010.049,242.0,5.013,2.288,1.6502,0.1,0.0,18.538,True
1790469010.099,242.05,5.0128,2.2909,1.6502,0.1,0.0,18.5409,True
1790469010.149,242.1,5.0125,2.2939,1.6502,0.1,0.0,18.5439,True
1790469010.199,242.15,5.0123,2.2968,1.6502,0.1,0.0,18.5468,True
1790469010.249,242.2,5.0121,2.2997,1.6502,0.1,0.0,18.5497,True
1790469010.299,242.25,5.0118,2.3027,1.6502,0.028,-0.0,18.5527,True
1790469010.349,242.3,5.0116,2.3056,1.6502,0.1,0.0,18.5556,True
1790469010.399,242.35,5.0114,2.3085,1.6502,0.1,0.0,18.5585,True
1790469010.449,242.4,5.0111,2.3115,1.6502,0.1,0.0,18.5615,True
1790469010.499,242.45,5.0109,2.3144,1.6502,0.1,0.0,18.5644,True
1790469010.549,242.5,5.0107,2.3173,1.6502,0.028,-0.0,18.5673,True
1790469010.599,242.55,5.0104,2.3203,1.6502,0.1,0.0,18.5703,True
1790469010.649,242.6,5.0102,2.3232,1.6502,0.1,0.0,18.5732,True
1790469010.699,242.65,5.01,2.3261,1.6502,0.1,0.0,18.5761,True
1790469010.749,242.7,5.0097,2.3291,1.6502,0.1,0.0,18.5791,True
1790469010.799,242.75,5.0095,2.332,1.6502,0.1,0.0,18.582,True
1790469010.849,242.8,5.0093,2.3349,1.6502,0.099,-0.01,18.5849,True
1790469010.899,242.85,5.009,2.3379,1.6502,0.1,0.0,18.5879,True
1790469010.949,242.9,5.0088,2.3408,1.6502,0.028,-0.0,18.5908,True
1790469010.999,242.95,5.0086,2.3437,1.6502,0.1,0.0,18.5937,True
1790469011.049,243.0,5.0083,2.3467,1.6502,0.1,0.0,18.5967,True
1790469011.099,243.05,5.0081,2.3496,1.6502,0.1,0.0,18.5996,True
1790469011.149,243.1,5.0079,2.3525,1.6502,0.098,-0.03,18.6025,True
1790469011.199,243.15,5.0076,2.3555,1.6502,0.1,0.0,18.6055,True
1790469011.249,243.2,5.0074,2.3584,1.6502,0.1,0.0,18.6084,True
1790469011.299,243.25,5.0072,2.3613,1.6502,0.1,0.0,18.6113,True
1790469011.349,243.3,5.0069,2.3643,1.6502,0.1,0.0,18.6143,True
1790469011.399,243.35,5.0067,2.3672,1.6502,0.1,0.0,18.6172,True
1790469011.449,243.4,5.0065,2.3701,1.6502,0.1,0.0,18.6201,True
1790469011.499,243.45,5.0062,2.3731,1.6502,0.097,-0.04,18.6231,True
1790469011.549,243.5,5.006,2.376,1.6502,0.1,0.0,18.626,True
1790469011.599,243.55,5.0058,2.3789,1.6502,0.1,0.0,18.6289,True
1790469011.649,243.6,5.0055,2.3819,1.6502,0.1,0.0,18.6319,True
1790469011.699,243.65,5.0053,2.3848,1.6502,0.1,0.0,18.6348,True
1790469011.749,243.7,5.0051,2.3877,1.6502,0.1,0.0,18.6377,True
1790469011.799,243.75,5.0048,2.3907,1.6502,0.1,0.0,18.6407,True
1790469011.849,243.8,5.0046,2.3936,1.6502,0.098,-0.04,18.6436,True
1790469011.899,243.85,5.0044,2.3965,1.6502,0.1,0.0,18.6465,True
1790469011.949,243.9,5.0041,2.3995,1.6502,0.1,0.0,18.6495,True
1790469011.999,243.95,5.0039,2.4024,1.6502,0.1,0.0,18.6524,True
1790469012.049,244.0,5.0037,2.4053,1.6502,0.1,0.0,18.6553,True
1790469012.099,244.05,5.0034,2.4083,1.6502,0.1,0.0,18.6583,True
1790469012.149,244.1,5.0032,2.4112,1.6502,0.1,0.0,18.6612,True
1790469012.199,244.15,5.003,2.4141,1.6502,0.098,-0.03,18.6641,True
1790469012.249,244.2,5.0027,2.4171,1.6502,0.1,0.0,18.6671,True
1790469012.299,244.25,5.0025,2.42,1.6502,0.1,0.0,18.67,True
1790469012.349,244.3,5.0023,2.4229,1.6502,0.1,0.0,18.6729,True
1790469012.399,244.35,5.002,2.4259,1.6502,0.1,0.0,18.6759,True
1790469012.449,244.4,5.0018,2.4288,1.6502,0.1,0.0,18.6788,True
1790469012.499,244.45,5.0016,2.4317,1.6502,0.1,0.0,18.6817,True
1790469012.549,244.5,5.0013,2.4347,1.6502,0.097,-0.04,18.6847,True
1790469012.599,244.55,5.0011,2.4376,1.6502,0.1,0.0,18.6876,True
1790469012.649,244.6,5.0009,2.4405,1.6502,0.1,0.0,18.6905,True
1790469012.699,244.65,5.0006,2.4435,1.6502,0.1,0.0,18.6935,True
1790469012.749,244.7,5.0004,2.4464,1.6502,0.1,0.0,18.6964,True
1790469012.799,244.75,5.0002,2.4493,1.6502,0.1,0.0,18.6993,True
1790469012.849,244.8,4.9999,2.4523,1.6502,0.094,-0.09,18.7023,True
1790469012.899,244.85,4.9997,2.4552,1.6502,0.1,0.0,18.7052,True
1790469012.949,244.9,4.9995,2.4581,1.6502,0.1,0.0,18.7081,True
1790469012.999,244.95,4.9992,2.4611,1.6502,0.1,0.0,18.7111,True
1790469013.049,245.0,4.999,2.464,1.6502,0.1,0.0,18.714,True
1790469013.099,245.05,4.9988,2.4669,1.6502,0.1,0.0,18.7169,True
1790469013.149,245.1,4.9985,2.4699,1.6502,0.093,-0.1,18.7199,True
1790469013.199,245.15,4.9983,2.4728,1.6502,0.1,0.0,18.7228,True
1790469013.249,245.2,4.9981,2.4757,1.6502,0.1,0.0,18.7257,True
1790469013.299,245.25,4.9978,2.4787,1.6502,0.1,0.0,18.7287,True
1790469013.349,245.3,4.9976,2.4816,1.6502,0.1,0.0,18.7316,True
1790469013.399,245.35,4.9974,2.4845,1.6502,0.1,0.0,18.7345,True
1790469013.449,245.4,4.9971,2.4875,1.6502,0.1,0.0,18.7375,True
1790469013.499,245.45,4.9969,2.4904,1.6502,0.1,0.0,18.7404,True
1790469013.549,245.5,4.9967,2.4933,1.6502,0.1,0.0,18.7433,True
1790469013.599,245.55,4.9964,2.4963,1.6502,0.1,0.0,18.7463,True
1790469013.649,245.6,4.9962,2.4992,1.6502,0.1,0.0,18.7492,True
1790469013.699,245.65,4.996,2.5021,1.6502,0.1,0.0,18.7521,True
1790469013.749,245.7,4.9957,2.5051,1.6502,0.1,0.0,18.7551,True
1790469013.799,245.75,4.9955,2.508,1.6502,0.1,0.0,18.758,True
1790469013.849,245.8,4.9953,2.5109,1.6502,0.1,0.0,18.7609,True
1790469013.899,245.85,4.995,2.5139,1.6502,0.092,-0.13,18.7639,True
1790469013.949,245.9,4.9948,2.5168,1.6502,0.1,0.0,18.7668,True
1790469013.999,245.95,4.9946,2.5197,1.6502,0.1,0.0,18.7697,True
1790469014.049,246.0,4.9943,2.5227,1.6502,0.1,0.0,18.7727,True
1790469014.099,246.05,4.9941,2.5256,1.6502,0.1,0.0,18.7756,True
1790469014.149,246.1,4.9939,2.5285,1.6502,0.1,0.0,18.7785,True
1790469014.199,246.15,4.9936,2.5315,1.6502,0.1,0.0,18.7815,True
1790469014.249,246.2,4.9934,2.5344,1.6502,0.1,0.0,18.7844,True
1790469014.299,246.25,4.9932,2.5373,1.6502,0.1,0.0,18.7873,True
1790469014.349,246.3,4.9929,2.5403,1.6502,0.1,0.0,18.7903,True
1790469014.399,246.35,4.9927,2.5432,1.6502,0.1,0.0,18.7932,True
1790469014.449,246.4,4.9925,2.5461,1.6502,0.1,0.0,18.7961,True
1790469014.499,246.45,4.9922,2.5491,1.6502,0.1,0.0,18.7991,True
1790469014.549,246.5,4.992,2.552,1.6502,0.1,0.0,18.802,True
1790469014.599,246.55,4.9918,2.5549,1.6502,0.1,0.0,18.8049,True
1790469014.649,246.6,4.9915,2.5579,1.6502,0.1,0.0,18.8079,True
1790469014.699,246.65,4.9913,2.5608,1.6502,0.1,0.0,18.8108,True
1790469014.749,246.7,4.9911,2.5637,1.6502,0.1,0.0,18.8137,True
1790469014.799,246.75,4.9908,2.5667,1.6502,0.1,0.0,18.8167,True
1790469014.849,246.8,4.9906,2.5696,1.6502,0.1,0.0,18.8196,True
1790469014.899,246.85,4.9904,2.5725,1.6502,0.1,0.0,18.8225,True
1790469014.949,246.9,4.9901,2.5755,1.6502,0.1,0.0,18.8255,True
1790469014.999,246.95,4.9899,2.5784,1.6502,0.1,0.0,18.8284,True
1790469015.049,247.0,4.9897,2.5813,1.6502,0.1,0.0,18.8313,True
1790469015.099,247.05,4.9894,2.5843,1.6502,0.1,0.0,18.8343,True
1790469015.149,247.1,4.9892,2.5872,1.6502,0.1,0.0,18.8372,True
1790469015.199,247.15,4.989,2.5901,1.6502,0.1,0.0,18.8401,True
1790469015.249,247.2,4.9887,2.5931,1.6502,0.1,0.0,18.8431,True
1790469015.299,247.25,4.9885,2.596,1.6502,0.1,0.0,18.846,True
1790469015.349,247.3,4.9883,2.5989,1.6502,0.1,0.0,18.8489,True
1790469015.399,247.35,4.988,2.6019,1.6502,0.1,0.0,18.8519,True
1790469015.449,247.4,4.9878,2.6048,1.6502,0.1,0.0,18.8548,True
1790469015.499,247.45,4.9876,2.6077,1.6502,0.1,0.0,18.8577,True
1790469015.549,247.5,4.9873,2.6107,1.6502,0.1,0.0,18.8607,True
1790469015.599,247.55,4.9871,2.6136,1.6502,0.1,0.0,18.8636,True
1790469015.649,247.6,4.9869,2.6165,1.6502,0.1,0.0,18.8665,True
1790469015.699,247.65,4.9866,2.6195,1.6502,0.1,0.0,18.8695,True
1790469015.749,247.7,4.9864,2.6224,1.6502,0.1,0.0,18.8724,True
1790469015.799,247.75,4.9862,2.6253,1.6502,0.1,0.0,18.8753,True
1790469015.849,247.8,4.9859,2.6283,1.6502,0.1,0.0,18.8783,True
1790469015.899,247.85,4.9857,2.6312,1.6502,0.1,0.0,18.8812,True
1790469015.949,247.9,4.9855,2.6341,1.6502,0.1,0.0,18.8841,True
1790469015.999,247.95,4.9852,2.6371,1.6502,0.1,0.0,18.8871,True
1790469016.049,248.0,4.985,2.64,1.6502,0.028,-0.0,18.89,True
1790469016.099,248.05,4.9848,2.6429,1.6502,0.1,0.0,18.8929,True
1790469016.149,248.1,4.9845,2.6459,1.6502,0.1,0.0,18.8959,True
1790469016.199,248.15,4.9843,2.6488,1.6502,0.1,0.0,18.8988,True
1790469016.249,248.2,4.9841,2.6517,1.6502,0.1,0.0,18.9017,True
1790469016.299,248.25,4.9838,2.6547,1.6502,0.1,0.0,18.9047,True
1790469016.349,248.3,4.9836,2.6576,1.6502,0.028,-0.0,18.9076,True
1790469016.399,248.35,4.9834,2.6605,1.6502,0.1,0.0,18.9105,True
1790469016.449,248.4,4.9831,2.6635,1.6502,0.1,0.0,18.9135,True
1790469016.499,248.45,4.9829,2.6664,1.6502,0.1,0.0,18.9164,True
1790469016.549,248.5,4.9827,2.6693,1.6502,0.1,0.0,18.9193,True
1790469016.599,248.55,4.9824,2.6723,1.6502,0.092,-0.12,18.9223,True
1790469016.649,248.6,4.9822,2.6752,1.6502,0.028,-0.0,18.9252,True
1790469016.699,248.65,4.982,2.6781,1.6502,0.1,0.0,18.9281,True
1790469016.749,248.7,4.9817,2.6811,1.6502,0.1,0.0,18.9311,True
1790469016.799,248.75,4.9815,2.684,1.6502,0.1,0.0,18.934,True
1790469016.849,248.8,4.9813,2.6869,1.6502,0.1,0.0,18.9369,True
1790469016.899,248.85,4.981,2.6899,1.6502,0.1,0.0,18.9399,True
1790469016.949,248.9,4.9808,2.6928,1.6502,0.099,-0.02,18.9428,True
1790469016.999,248.95,4.9806,2.6957,1.6502,0.1,0.0,18.9457,True
1790469017.049,249.0,4.9803,2.6987,1.6502,0.1,0.0,18.9487,True
1790469017.099,249.05,4.9801,2.7016,1.6502,0.1,0.0,18.9516,True
1790469017.149,249.1,4.9799,2.7045,1.6502,0.1,0.0,18.9545,True
1790469017.199,249.15,4.9796,2.7075,1.6502,0.1,0.0,18.9575,True
1790469017.249,249.2,4.9794,2.7104,1.6502,0.1,0.0,18.9604,True
1790469017.299,249.25,4.9792,2.7133,1.6502,0.1,0.0,18.9633,True
1790469017.349,249.3,4.9789,2.7163,1.6502,0.1,0.0,18.9663,True
1790469017.399,249.35,4.9787,2.7192,1.6502,0.1,0.0,18.9692,True
1790469017.449,249.4,4.9785,2.7221,1.6502,0.1,0.0,18.9721,True
1790469017.499,249.45,4.9782,2.7251,1.6502,0.1,0.0,18.9751,True
1790469017.549,249.5,4.978,2.728,1.6502,0.1,0.0,18.978,True
1790469017.599,249.55,4.9778,2.7309,1.6502,0.1,0.0,18.9809,True
1790469017.649,249.6,4.9775,2.7339,1.6502,0.1,0.0,18.9839,True
1790469017.699,249.65,4.9773,2.7368,1.6502,0.1,0.0,18.9868,True
1790469017.749,249.7,4.9771,2.7397,1.6502,0.1,0.0,18.9897,True
1790469017.799,249.75,4.9768,2.7427,1.6502,0.1,0.0,18.9927,True
1790469017.849,249.8,4.9766,2.7456,1.6502,0.1,0.0,18.9956,True
1790469017.899,249.85,4.9764,2.7485,1.6502,0.1,0.0,18.9985,True
1790469017.949,249.9,4.9761,2.7515,1.6502,0.1,0.0,19.0015,True
1790469017.999,249.95,4.9759,2.7544,1.6502,0.1,0.0,19.0044,True
1790469018.049,250.0,4.9757,2.7573,1.6502,0.1,0.0,19.0073,True
1790469018.099,250.05,4.9754,2.7603,1.6502,0.1,0.0,19.0103,True
1790469018.149,250.1,4.9752,2.7632,1.6502,0.1,0.0,19.0132,True
1790469018.199,250.15,4.975,2.7661,1.6502,0.1,0.0,19.0161,True
1790469018.249,250.2,4.9747,2.7691,1.6502,0.1,0.0,19.0191,True
1790469018.299,250.25,4.9745,2.772,1.6502,0.1,0.0,19.022,True
1790469018.349,250.3,4.9743,2.7749,1.6502,0.1,0.0,19.0249,True
1790469018.399,250.35,4.974,2.7779,1.6502,0.1,0.0,19.0279,True
1790469018.449,250.4,4.9738,2.7808,1.6502,0.1,0.0,19.0308,True
1790469018.499,250.45,4.9736,2.7837,1.6502,0.1,0.0,19.0337,True
1790469018.549,250.5,4.9733,2.7867,1.6502,0.1,0.0,19.0367,True
1790469018.599,250.55,4.9731,2.7896,1.6502,0.1,0.0,19.0396,True
1790469018.649,250.6,4.9729,2.7925,1.6502,0.1,0.0,19.0425,True
1790469018.699,250.65,4.9726,2.7955,1.6502,0.1,0.0,19.0455,True
1790469018.749,250.7,4.9724,2.7984,1.6502,0.1,0.0,19.0484,True
1790469018.799,250.75,4.9722,2.8013,1.6502,0.1,0.0,19.0513,True
1790469018.849,250.8,4.9719,2.8043,1.6502,0.1,0.0,19.0543,True
1790469018.899,250.85,4.9717,2.8072,1.6502,0.1,0.0,19.0572,True
1790469018.949,250.9,4.9715,2.8101,1.6502,0.1,-0.0,19.0601,True
1790469018.999,250.95,4.9712,2.8131,1.6502,0.1,0.0,19.0631,True
1790469019.049,251.0,4.971,2.816,1.6502,0.1,0.0,19.066,True
1790469019.099,251.05,4.9708,2.8189,1.6502,0.1,0.0,19.0689,True
1790469019.149,251.1,4.9705,2.8219,1.6502,0.1,0.0,19.0719,True
1790469019.199,251.15,4.9703,2.8248,1.6502,0.1,0.0,19.0748,True
1790469019.249,251.2,4.9701,2.8277,1.6502,0.1,0.0,19.0777,True
1790469019.299,251.25,4.9698,2.8307,1.6502,0.099,-0.01,19.0807,True
1790469019.349,251.3,4.9696,2.8336,1.6502,0.1,0.0,19.0836,True
1790469019.399,251.35,4.9694,2.8365,1.6502,0.1,0.0,19.0865,True
1790469019.449,251.4,4.9691,2.8395,1.6502,0.1,0.0,19.0895,True
1790469019.499,251.45,4.9689,2.8424,1.6502,0.1,0.0,19.0924,True
1790469019.549,251.5,4.9687,2.8453,1.6502,0.1,0.0,19.0953,True
1790469019.599,251.55,4.9684,2.8483,1.6502,0.099,-0.01,19.0983,True
1790469019.649,251.6,4.9682,2.8512,1.6502,0.1,0.0,19.1012,True
1790469019.699,251.65,4.968,2.8541,1.6502,0.1,0.0,19.1041,True
1790469019.749,251.7,4.9677,2.8571,1.6502,0.1,0.0,19.1071,True
1790469019.799,251.75,4.9675,2.86,1.6502,0.1,0.0,19.11,True
1790469019.849,251.8,4.9673,2.8629,1.6502,0.1,0.0,19.1129,True
1790469019.899,251.85,4.967,2.8659,1.6502,0.1,0.0,19.1159,True
1790469019.949,251.9,4.9668,2.8688,1.6502,0.099,-0.01,19.1188,True
1790469019.999,251.95,4.9666,2.8717,1.6502,0.1,0.0,19.1217,True
1790469020.049,252.0,4.9663,2.8747,1.6502,0.1,0.0,19.1247,True
1790469020.099,252.05,4.9661,2.8776,1.6502,0.1,0.0,19.1276,True
1790469020.149,252.1,4.9659,2.8805,1.6502,0.1,0.0,19.1305,True
1790469020.199,252.15,4.9656,2.8835,1.6502,0.1,0.0,19.1335,True
1790469020.249,252.2,4.9654,2.8864,1.6502,0.099,-0.01,19.1364,True
1790469020.299,252.25,4.9652,2.8893,1.6502,0.1,0.0,19.1393,True
1790469020.349,252.3,4.9649,2.8923,1.6502,0.1,0.0,19.1423,True
1790469020.399,252.35,4.9647,2.8952,1.6502,0.1,0.0,19.1452,True
1790469020.449,252.4,4.9645,2.8981,1.6502,0.1,0.0,19.1481,True
1790469020.499,252.45,4.9642,2.9011,1.6502,0.1,0.0,19.1511,True
1790469020.549,252.5,4.964,2.904,1.6502,0.099,-0.02,19.154,True
1790469020.599,252.55,4.9638,2.9069,1.6502,0.1,0.0,19.1569,True
1790469020.649,252.6,4.9635,2.9099,1.6502,0.1,0.0,19.1599,True
1790469020.699,252.65,4.9633,2.9128,1.6502,0.1,0.0,19.1628,True
1790469020.749,252.7,4.9631,2.9157,1.6502,0.1,0.0,19.1657,True
1790469020.799,252.75,4.9628,2.9187,1.6502,0.1,0.0,19.1687,True
1790469020.849,252.8,4.9626,2.9216,1.6502,0.1,0.0,19.1716,True
1790469020.899,252.85,4.9624,2.9245,1.6502,0.1,0.0,19.1745,True
1790469020.949,252.9,4.9621,2.9275,1.6502,0.1,0.0,19.1775,True
1790469020.999,252.95,4.9619,2.9304,1.6502,0.1,0.0,19.1804,True
1790469021.049,253.0,4.9617,2.9333,1.6502,0.1,0.0,19.1833,True
1790469021.099,253.05,4.9614,2.9363,1.6502,0.1,0.0,19.1863,True
1790469021.149,253.1,4.9612,2.9392,1.6502,0.1,0.0,19.1892,True
1790469021.199,253.15,4.961,2.9421,1.6502,0.1,0.0,19.1921,True
1790469021.249,253.2,4.9607,2.9451,1.6502,0.1,0.0,19.1951,True
1790469021.299,253.25,4.9605,2.948,1.6502,0.1,0.0,19.198,True
1790469021.349,253.3,4.9603,2.9509,1.6502,0.1,0.0,19.2009,True
1790469021.399,253.35,4.96,2.9539,1.6502,0.1,0.0,19.2039,True
1790469021.449,253.4,4.9598,2.9568,1.6502,0.1,0.0,19.2068,True
1790469021.499,253.45,4.9596,2.9597,1.6502,0.1,0.0,19.2097,True
1790469021.549,253.5,4.9593,2.9627,1.6502,0.1,0.0,19.2127,True
1790469021.599,253.55,4.9591,2.9656,1.6502,0.1,0.0,19.2156,True
1790469021.649,253.6,4.9589,2.9685,1.6502,0.1,0.0,19.2185,True
1790469021.699,253.65,4.9586,2.9715,1.6502,0.1,0.0,19.2215,True
1790469021.749,253.7,4.9584,2.9744,1.6502,0.1,0.0,19.2244,True
1790469021.799,253.75,4.9582,2.9773,1.6502,0.1,0.0,19.2273,True
1790469021.849,253.8,4.9579,2.9803,1.6502,0.1,0.0,19.2303,True
1790469021.899,253.85,4.9577,2.9832,1.6502,0.1,0.0,19.2332,True
1790469021.949,253.9,4.9575,2.9861,1.6502,0.1,0.0,19.2361,True
1790469021.999,253.95,4.9572,2.9891,1.6502,0.1,0.0,19.2391,True
1790469022.049,254.0,4.957,2.992,1.6502,0.1,0.0,19.242,True
1790469022.099,254.05,4.9568,2.9949,1.6502,0.1,0.0,19.2449,True
1790469022.149,254.1,4.9565,2.9979,1.6502,0.1,0.0,19.2479,True
1790469022.199,254.15,4.9563,3.0008,1.6502,0.1,0.0,19.2508,True
1790469022.249,254.2,4.9561,3.0037,1.6502,0.1,0.0,19.2537,True
1790469022.299,254.25,4.9558,3.0067,1.6502,0.1,0.0,19.2567,True
1790469022.349,254.3,4.9556,3.0096,1.6502,0.1,0.0,19.2596,True
1790469022.399,254.35,4.9554,3.0125,1.6502,0.1,0.0,19.2625,True
1790469022.449,254.4,4.9551,3.0155,1.6502,0.1,0.0,19.2655,True
1790469022.499,254.45,4.9549,3.0184,1.6502,0.1,0.0,19.2684,True
1790469022.549,254.5,4.9547,3.0213,1.6502,0.1,0.0,19.2713,True
1790469022.599,254.55,4.9544,3.0243,1.6502,0.1,0.0,19.2743,True
1790469022.649,254.6,4.9542,3.0272,1.6502,0.1,0.0,19.2772,True
1790469022.699,254.65,4.954,3.0301,1.6502,0.1,0.0,19.2801,True
1790469022.749,254.7,4.9537,3.0331,1.6502,0.1,0.0,19.2831,True
1790469022.799,254.75,4.9535,3.036,1.6502,0.1,0.0,19.286,True
1790469022.849,254.8,4.9533,3.0389,1.6502,0.1,0.0,19.2889,True
1790469022.899,254.85,4.953,3.0419,1.6502,0.1,0.0,19.2919,True
1790469022.949,254.9,4.9528,3.0448,1.6502,0.1,0.0,19.2948,True
1790469022.999,254.95,4.9526,3.0477,1.6502,0.1,0.0,19.2977,True
1790469023.049,255.0,4.9523,3.0507,1.6502,0.1,0.0,19.3007,True
1790469023.099,255.05,4.9521,3.0536,1.6502,0.1,0.0,19.3036,True
1790469023.149,255.1,4.9519,3.0565,1.6502,0.1,0.0,19.3065,True
1790469023.199,255.15,4.9516,3.0595,1.6502,0.1,0.0,19.3095,True
1790469023.249,255.2,4.9514,3.0624,1.6502,0.1,0.0,19.3124,True
1790469023.299,255.25,4.9512,3.0653,1.6502,0.1,0.0,19.3153,True
1790469023.349,255.3,4.9509,3.0683,1.6502,0.1,0.0,19.3183,True
1790469023.399,255.35,4.9507,3.0712,1.6502,0.1,0.0,19.3212,True
1790469023.449,255.4,4.9505,3.0741,1.6502,0.1,0.0,19.3241,True
1790469023.499,255.45,4.9502,3.0771,1.6502,0.1,0.0,19.3271,True
1790469023.549,255.5,4.95,3.08,1.6502,0.1,0.0,19.33,True
1790469023.599,255.55,4.95,3.0814,1.5464,0.1,0.0,19.3314,True
1790469023.649,255.6,4.9501,3.0828,1.5464,0.1,0.0,19.3328,True
1790469023.699,255.65,4.9501,3.0841,1.5464,0.1,0.0,19.3341,True
1790469023.749,255.7,4.9501,3.0855,1.5464,0.1,0.0,19.3355,True
1790469023.799,255.75,4.9502,3.0869,1.5464,0.1,0.0,19.3369,True
1790469023.849,255.8,4.9502,3.0883,1.5464,0.1,0.0,19.3383,True
1790469023.899,255.85,4.9502,3.0896,1.5464,0.1,0.0,19.3396,True
1790469023.949,255.9,4.9503,3.091,1.5464,0.1,0.0,19.341,True
1790469023.999,255.95,4.9503,3.0924,1.5464,0.1,0.0,19.3424,True
1790469024.049,256.0,4.9503,3.0938,1.5464,0.1,0.0,19.3438,True
1790469024.099,256.05,4.9504,3.0951,1.5464,0.1,0.0,19.3451,True
1790469024.149,256.1,4.9504,3.0965,1.5464,0.1,0.0,19.3465,True
1790469024.199,256.15,4.9504,3.0979,1.5464,0.1,0.0,19.3479,True
1790469024.249,256.2,4.9505,3.0993,1.5464,0.1,0.0,19.3493,True
1790469024.299,256.25,4.9505,3.1006,1.5464,0.1,0.0,19.3506,True
1790469024.349,256.3,4.9505,3.102,1.5464,0.1,0.0,19.352,True
1790469024.399,256.35,4.9506,3.1034,1.5464,0.1,0.0,19.3534,True
1790469024.449,256.4,4.9506,3.1048,1.5464,0.1,0.0,19.3548,True
1790469024.499,256.45,4.9506,3.1061,1.5464,0.1,0.0,19.3561,True
1790469024.549,256.5,4.9507,3.1075,1.5464,0.1,0.0,19.3575,True
1790469024.599,256.55,4.9507,3.1089,1.5464,0.1,0.0,19.3589,True
1790469024.649,256.6,4.9507,3.1103,1.5464,0.1,0.0,19.3603,True
1790469024.699,256.65,4.9508,3.1116,1.5464,0.1,0.0,19.3616,True
1790469024.749,256.7,4.9508,3.113,1.5464,0.1,0.0,19.363,True
1790469024.799,256.75,4.9508,3.1144,1.5464,0.1,0.0,19.3644,True
1790469024.849,256.8,4.9509,3.1158,1.5464,0.1,0.0,19.3658,True
1790469024.899,256.85,4.9509,3.1171,1.5464,0.1,0.0,19.3671,True
1790469024.949,256.9,4.9509,3.1185,1.5464,0.1,0.0,19.3685,True
1790469024.999,256.95,4.951,3.1199,1.5464,0.1,0.0,19.3699,True
1790469025.049,257.0,4.951,3.1213,1.5464,0.1,0.0,19.3713,True
1790469025.099,257.05,4.951,3.1227,1.5464,0.1,0.0,19.3727,True
1790469025.149,257.1,4.9511,3.124,1.5464,0.1,0.0,19.374,True
1790469025.199,257.15,4.9511,3.1254,1.5464,0.1,0.0,19.3754,True
1790469025.249,257.2,4.9511,3.1268,1.5464,0.1,0.0,19.3768,True
1790469025.299,257.25,4.9512,3.1282,1.5464,0.1,0.0,19.3782,True
1790469025.349,257.3,4.9512,3.1295,1.5464,0.1,0.0,19.3795,True
1790469025.399,257.35,4.9512,3.1309,1.5464,0.1,0.0,19.3809,True
1790469025.449,257.4,4.9513,3.1323,1.5464,0.1,0.0,19.3823,True
1790469025.499,257.45,4.9513,3.1337,1.5464,0.1,0.0,19.3837,True
1790469025.549,257.5,4.9513,3.135,1.5464,0.1,0.0,19.385,True
1790469025.599,257.55,4.9514,3.1364,1.5464,0.1,0.0,19.3864,True
1790469025.649,257.6,4.9514,3.1378,1.5464,0.1,0.0,19.3878,True
1790469025.699,257.65,4.9514,3.1392,1.5464,0.1,0.0,19.3892,True
1790469025.749,257.7,4.9515,3.1405,1.5464,0.1,0.0,19.3905,True
1790469025.799,257.75,4.9515,3.1419,1.5464,0.1,0.0,19.3919,True
1790469025.849,257.8,4.9515,3.1433,1.5464,0.1,0.0,19.3933,True
1790469025.899,257.85,4.9516,3.1447,1.5464,0.1,0.0,19.3947,True
1790469025.949,257.9,4.9516,3.146,1.5464,0.1,0.0,19.396,True
1790469025.999,257.95,4.9516,3.1474,1.5464,0.1,0.0,19.3974,True
1790469026.049,258.0,4.9517,3.1488,1.5464,0.1,0.0,19.3988,True
1790469026.099,258.05,4.9517,3.1502,1.5464,0.1,0.0,19.4002,True
1790469026.149,258.1,4.9517,3.1515,1.5464,0.1,0.0,19.4015,True
1790469026.199,258.15,4.9518,3.1529,1.5464,0.1,0.0,19.4029,True
1790469026.249,258.2,4.9518,3.1543,1.5464,0.1,0.0,19.4043,True
1790469026.299,258.25,4.9518,3.1557,1.5464,0.1,0.0,19.4057,True
1790469026.349,258.3,4.9519,3.157,1.5464,0.1,0.0,19.407,True
1790469026.399,258.35,4.9519,3.1584,1.5464,0.1,0.0,19.4084,True
1790469026.449,258.4,4.9519,3.1598,1.5464,0.1,0.0,19.4098,True
1790469026.499,258.45,4.952,3.1612,1.5464,0.1,0.0,19.4112,True
1790469026.549,258.5,4.952,3.1626,1.5464,0.1,0.0,19.4126,True
1790469026.599,258.55,4.952,3.1639,1.5464,0.1,0.0,19.4139,True
1790469026.649,258.6,4.9521,3.1653,1.5464,0.1,0.0,19.4153,True
1790469026.699,258.65,4.9521,3.1667,1.5464,0.1,0.0,19.4167,True
1790469026.749,258.7,4.9521,3.1681,1.5464,0.1,0.0,19.4181,True
1790469026.799,258.75,4.9522,3.1694,1.5464,0.1,0.0,19.4194,True
1790469026.849,258.8,4.9522,3.1708,1.5464,0.1,0.0,19.4208,True
1790469026.899,258.85,4.9522,3.1722,1.5464,0.1,0.0,19.4222,True
1790469026.949,258.9,4.9523,3.1736,1.5464,0.1,0.0,19.4236,True
1790469026.999,258.95,4.9523,3.1749,1.5464,0.1,0.0,19.4249,True
1790469027.049,259.0,4.9523,3.1763,1.5464,0.1,0.0,19.4263,True
1790469027.099,259.05,4.9524,3.1777,1.5464,0.1,0.0,19.4277,True
1790469027.149,259.1,4.9524,3.1791,1.5464,0.1,0.0,19.4291,True
1790469027.199,259.15,4.9524,3.1804,1.5464,0.1,0.0,19.4304,True
1790469027.249,259.2,4.9525,3.1818,1.5464,0.1,0.0,19.4318,True
1790469027.299,259.25,4.9525,3.1832,1.5464,0.1,0.0,19.4332,True
1790469027.349,259.3,4.9526,3.1846,1.5464,0.1,0.0,19.4346,True
1790469027.399,259.35,4.9526,3.1859,1.5464,0.1,0.0,19.4359,True
1790469027.449,259.4,4.9526,3.1873,1.5464,0.1,0.0,19.4373,True
1790469027.499,259.45,4.9527,3.1887,1.5464,0.1,0.0,19.4387,True
1790469027.549,259.5,4.9527,3.1901,1.5464,0.1,0.0,19.4401,True
1790469027.599,259.55,4.9527,3.1914,1.5464,0.1,0.0,19.4414,True
1790469027.649,259.6,4.9528,3.1928,1.5464,0.1,0.0,19.4428,True
1790469027.699,259.65,4.9528,3.1942,1.5464,0.1,0.0,19.4442,True
1790469027.749,259.7,4.9528,3.1956,1.5464,0.1,0.0,19.4456,True
1790469027.799,259.75,4.9529,3.1969,1.5464,0.1,0.0,19.4469,True
1790469027.849,259.8,4.9529,3.1983,1.5464,0.1,0.0,19.4483,True
1790469027.899,259.85,4.9529,3.1997,1.5464,0.1,0.0,19.4497,True
1790469027.949,259.9,4.953,3.2011,1.5464,0.1,0.0,19.4511,True
1790469027.999,259.95,4.953,3.2024,1.5464,0.1,0.0,19.4524,True
1790469028.049,260.0,4.953,3.2038,1.5464,0.1,0.0,19.4538,True
1790469028.099,260.05,4.9531,3.2052,1.5464,0.1,0.0,19.4552,True
1790469028.149,260.1,4.9531,3.2066,1.5464,0.1,0.0,19.4566,True
1790469028.199,260.15,4.9531,3.208,1.5464,0.1,0.0,19.458,True
1790469028.249,260.2,4.9532,3.2093,1.5464,0.1,0.0,19.4593,True
1790469028.299,260.25,4.9532,3.2107,1.5464,0.1,0.0,19.4607,True
1790469028.349,260.3,4.9532,3.2121,1.5464,0.1,0.0,19.4621,True
1790469028.399,260.35,4.9533,3.2135,1.5464,0.1,0.0,19.4635,True
1790469028.449,260.4,4.9533,3.2148,1.5464,0.1,0.0,19.4648,True
1790469028.499,260.45,4.9533,3.2162,1.5464,0.1,0.0,19.4662,True
1790469028.549,260.5,4.9534,3.2176,1.5464,0.1,0.0,19.4676,True
1790469028.599,260.55,4.9534,3.219,1.5464,0.1,0.0,19.469,True
1790469028.649,260.6,4.9534,3.2203,1.5464,0.1,0.0,19.4703,True
1790469028.699,260.65,4.9535,3.2217,1.5464,0.1,0.0,19.4717,True
1790469028.749,260.7,4.9535,3.2231,1.5464,0.1,0.0,19.4731,True
1790469028.799,260.75,4.9535,3.2245,1.5464,0.1,0.0,19.4745,True
1790469028.849,260.8,4.9536,3.2258,1.5464,0.1,0.0,19.4758,True
1790469028.899,260.85,4.9536,3.2272,1.5464,0.1,0.0,19.4772,True
1790469028.949,260.9,4.9536,3.2286,1.5464,0.1,0.0,19.4786,True
1790469028.999,260.95,4.9537,3.23,1.5464,0.1,0.0,19.48,True
1790469029.049,261.0,4.9537,3.2313,1.5464,0.1,0.0,19.4813,True
1790469029.099,261.05,4.9537,3.2327,1.5464,0.1,0.0,19.4827,True
1790469029.149,261.1,4.9538,3.2341,1.5464,0.1,0.0,19.4841,True
1790469029.199,261.15,4.9538,3.2355,1.5464,0.1,0.0,19.4855,True
1790469029.249,261.2,4.9538,3.2368,1.5464,0.1,0.0,19.4868,True
1790469029.299,261.25,4.9539,3.2382,1.5464,0.1,0.0,19.4882,True
1790469029.349,261.3,4.9539,3.2396,1.5464,0.1,0.0,19.4896,True
1790469029.399,261.35,4.9539,3.241,1.5464,0.1,0.0,19.491,True
1790469029.449,261.4,4.954,3.2423,1.5464,0.1,0.0,19.4923,True
1790469029.499,261.45,4.954,3.2437,1.5464,0.1,0.0,19.4937,True
1790469029.549,261.5,4.954,3.2451,1.5464,0.1,0.0,19.4951,True
1790469029.599,261.55,4.9541,3.2465,1.5464,0.1,0.0,19.4965,True
1790469029.649,261.6,4.9541,3.2479,1.5464,0.1,0.0,19.4979,True
1790469029.699,261.65,4.9541,3.2492,1.5464,0.1,0.0,19.4992,True
1790469029.749,261.7,4.9542,3.2506,1.5464,0.1,0.0,19.5006,True
1790469029.799,261.75,4.9542,3.252,1.5464,0.1,0.0,19.502,True
1790469029.849,261.8,4.9542,3.2534,1.5464,0.1,0.0,19.5034,True
1790469029.899,261.85,4.9543,3.2547,1.5464,0.1,0.0,19.5047,True
1790469029.949,261.9,4.9543,3.2561,1.5464,0.1,0.0,19.5061,True
1790469029.999,261.95,4.9543,3.2575,1.5464,0.1,0.0,19.5075,True
1790469030.049,262.0,4.9544,3.2589,1.5464,0.1,0.0,19.5089,True
1790469030.099,262.05,4.9544,3.2602,1.5464,0.1,0.0,19.5102,True
1790469030.149,262.1,4.9544,3.2616,1.5464,0.1,0.0,19.5116,True
1790469030.199,262.15,4.9545,3.263,1.5464,0.1,0.0,19.513,True
1790469030.249,262.2,4.9545,3.2644,1.5464,0.1,0.0,19.5144,True
1790469030.299,262.25,4.9545,3.2657,1.5464,0.1,0.0,19.5157,True
1790469030.349,262.3,4.9546,3.2671,1.5464,0.1,0.0,19.5171,True
1790469030.399,262.35,4.9546,3.2685,1.5464,0.1,0.0,19.5185,True
1790469030.449,262.4,4.9546,3.2699,1.5464,0.1,0.0,19.5199,True
1790469030.499,262.45,4.9547,3.2712,1.5464,0.1,0.0,19.5212,True
1790469030.549,262.5,4.9547,3.2726,1.5464,0.1,0.0,19.5226,True
1790469030.599,262.55,4.9547,3.274,1.5464,0.1,0.0,19.524,True
1790469030.649,262.6,4.9548,3.2754,1.5464,0.1,0.0,19.5254,True
1790469030.699,262.65,4.9548,3.2767,1.5464,0.1,0.0,19.5267,True
1790469030.749,262.7,4.9548,3.2781,1.5464,0.1,0.0,19.5281,True
1790469030.799,262.75,4.9549,3.2795,1.5464,0.1,0.0,19.5295,True
1790469030.849,262.8,4.9549,3.2809,1.5464,0.1,0.0,19.5309,True
1790469030.899,262.85,4.9549,3.2822,1.5464,0.1,0.0,19.5322,True
1790469030.949,262.9,4.955,3.2836,1.5464,0.1,0.0,19.5336,True
1790469030.999,262.95,4.955,3.285,1.5464,0.1,0.0,19.535,True
1790469031.049,263.0,4.955,3.2864,1.5464,0.1,0.0,19.5364,True
1790469031.099,263.05,4.9551,3.2878,1.5464,0.1,0.0,19.5378,True
1790469031.149,263.1,4.9551,3.2891,1.5464,0.1,0.0,19.5391,True
1790469031.199,263.15,4.9551,3.2905,1.5464,0.1,0.0,19.5405,True
1790469031.249,263.2,4.9552,3.2919,1.5464,0.1,0.0,19.5419,True
1790469031.299,263.25,4.9552,3.2933,1.5464,0.1,0.0,19.5433,True
1790469031.349,263.3,4.9552,3.2946,1.5464,0.1,0.0,19.5446,True
1790469031.399,263.35,4.9553,3.296,1.5464,0.1,0.0,19.546,True
1790469031.449,263.4,4.9553,3.2974,1.5464,0.1,0.0,19.5474,True
1790469031.499,263.45,4.9553,3.2988,1.5464,0.1,0.0,19.5488,True
1790469031.549,263.5,4.9554,3.3001,1.5464,0.1,0.0,19.5501,True
1790469031.599,263.55,4.9554,3.3015,1.5464,0.1,0.0,19.5515,True
1790469031.649,263.6,4.9554,3.3029,1.5464,0.1,0.0,19.5529,True
1790469031.699,263.65,4.9555,3.3043,1.5464,0.1,0.0,19.5543,True
1790469031.749,263.7,4.9555,3.3056,1.5464,0.1,0.0,19.5556,True
1790469031.799,263.75,4.9555,3.307,1.5464,0.1,0.0,19.557,True
1790469031.849,263.8,4.9556,3.3084,1.5464,0.1,0.0,19.5584,True
1790469031.899,263.85,4.9556,3.3098,1.5464,0.1,0.0,19.5598,True
1790469031.949,263.9,4.9556,3.3111,1.5464,0.1,0.0,19.5611,True
1790469031.999,263.95,4.9557,3.3125,1.5464,0.1,0.0,19.5625,True
1790469032.049,264.0,4.9557,3.3139,1.5464,0.1,0.0,19.5639,True
1790469032.099,264.05,4.9557,3.3153,1.5464,0.1,0.0,19.5653,True
1790469032.149,264.1,4.9558,3.3166,1.5464,0.1,0.0,19.5666,True
1790469032.199,264.15,4.9558,3.318,1.5464,0.1,0.0,19.568,True
1790469032.249,264.2,4.9558,3.3194,1.5464,0.1,0.0,19.5694,True
1790469032.299,264.25,4.9559,3.3208,1.5464,0.1,0.0,19.5708,True
1790469032.349,264.3,4.9559,3.3221,1.5464,0.1,0.0,19.5721,True
1790469032.399,264.35,4.9559,3.3235,1.5464,0.1,0.0,19.5735,True
1790469032.449,264.4,4.956,3.3249,1.5464,0.1,0.0,19.5749,True
1790469032.499,264.45,4.956,3.3263,1.5464,0.1,0.0,19.5763,True
1790469032.549,264.5,4.956,3.3277,1.5464,0.1,0.0,19.5777,True
1790469032.599,264.55,4.9561,3.329,1.5464,0.1,0.0,19.579,True
1790469032.649,264.6,4.9561,3.3304,1.5464,0.1,0.0,19.5804,True
1790469032.699,264.65,4.9561,3.3318,1.5464,0.1,0.0,19.5818,True
1790469032.749,264.7,4.9562,3.3332,1.5464,0.1,0.0,19.5832,True
1790469032.799,264.75,4.9562,3.3345,1.5464,0.1,0.0,19.5845,True
1790469032.849,264.8,4.9562,3.3359,1.5464,0.1,0.0,19.5859,True
1790469032.899,264.85,4.9563,3.3373,1.5464,0.1,0.0,19.5873,True
1790469032.949,264.9,4.9563,3.3387,1.5464,0.1,0.0,19.5887,True
1790469032.999,264.95,4.9563,3.34,1.5464,0.1,0.0,19.59,True
1790469033.049,265.0,4.9564,3.3414,1.5464,0.1,0.0,19.5914,True
1790469033.099,265.05,4.9564,3.3428,1.5464,0.1,0.0,19.5928,True
1790469033.149,265.1,4.9564,3.3442,1.5464,0.1,0.0,19.5942,True
1790469033.199,265.15,4.9565,3.3455,1.5464,0.1,0.0,19.5955,True
1790469033.249,265.2,4.9565,3.3469,1.5464,0.1,0.0,19.5969,True
1790469033.299,265.25,4.9565,3.3483,1.5464,0.1,0.0,19.5983,True
1790469033.349,265.3,4.9566,3.3497,1.5464,0.1,0.0,19.5997,True
1790469033.399,265.35,4.9566,3.351,1.5464,0.1,0.0,19.601,True
1790469033.449,265.4,4.9566,3.3524,1.5464,0.1,0.0,19.6024,True
1790469033.499,265.45,4.9567,3.3538,1.5464,0.1,0.0,19.6038,True
1790469033.549,265.5,4.9567,3.3552,1.5464,0.1,0.0,19.6052,True
1790469033.599,265.55,4.9567,3.3565,1.5464,0.1,0.0,19.6065,True
1790469033.649,265.6,4.9568,3.3579,1.5464,0.1,0.0,19.6079,True
1790469033.699,265.65,4.9568,3.3593,1.5464,0.1,0.0,19.6093,True
1790469033.749,265.7,4.9568,3.3607,1.5464,0.1,0.0,19.6107,True
1790469033.799,265.75,4.9569,3.362,1.5464,0.1,0.0,19.612,True
1790469033.849,265.8,4.9569,3.3634,1.5464,0.1,0.0,19.6134,True
1790469033.899,265.85,4.9569,3.3648,1.5464,0.1,0.0,19.6148,True
1790469033.949,265.9,4.957,3.3662,1.5464,0.1,0.0,19.6162,True
1790469033.999,265.95,4.957,3.3676,1.5464,0.1,0.0,19.6176,True
1790469034.049,266.0,4.957,3.3689,1.5464,0.1,0.0,19.6189,True
1790469034.099,266.05,4.9571,3.3703,1.5464,0.1,0.0,19.6203,True
1790469034.149,266.1,4.9571,3.3717,1.5464,0.1,0.0,19.6217,True
1790469034.199,266.15,4.9571,3.3731,1.5464,0.1,0.0,19.6231,True
1790469034.249,266.2,4.9572,3.3744,1.5464,0.1,0.0,19.6244,True
1790469034.299,266.25,4.9572,3.3758,1.5464,0.1,0.0,19.6258,True
1790469034.349,266.3,4.9572,3.3772,1.5464,0.1,0.0,19.6272,True
1790469034.399,266.35,4.9573,3.3786,1.5464,0.1,0.0,19.6286,True
1790469034.449,266.4,4.9573,3.3799,1.5464,0.1,0.0,19.6299,True
1790469034.499,266.45,4.9573,3.3813,1.5464,0.1,0.0,19.6313,True
1790469034.549,266.5,4.9574,3.3827,1.5464,0.1,0.0,19.6327,True
1790469034.599,266.55,4.9574,3.3841,1.5464,0.1,0.0,19.6341,True
1790469034.649,266.6,4.9574,3.3854,1.5464,0.1,0.0,19.6354,True
1790469034.699,266.65,4.9575,3.3868,1.5464,0.1,0.0,19.6368,True
1790469034.749,266.7,4.9575,3.3882,1.5464,0.1,0.0,19.6382,True
1790469034.799,266.75,4.9576,3.3896,1.5464,0.1,0.0,19.6396,True
1790469034.849,266.8,4.9576,3.3909,1.5464,0.1,0.0,19.6409,True
1790469034.899,266.85,4.9576,3.3923,1.5464,0.1,0.0,19.6423,True
1790469034.949,266.9,4.9577,3.3937,1.5464,0.1,0.0,19.6437,True
1790469034.999,266.95,4.9577,3.3951,1.5464,0.1,0.0,19.6451,True
1790469035.049,267.0,4.9577,3.3964,1.5464,0.1,0.0,19.6464,True
1790469035.099,267.05,4.9578,3.3978,1.5464,0.1,0.0,19.6478,True
1790469035.149,267.1,4.9578,3.3992,1.5464,0.1,0.0,19.6492,True
1790469035.199,267.15,4.9578,3.4006,1.5464,0.1,0.0,19.6506,True
1790469035.249,267.2,4.9579,3.4019,1.5464,0.1,0.0,19.6519,True
1790469035.299,267.25,4.9579,3.4033,1.5464,0.1,0.0,19.6533,True
1790469035.349,267.3,4.9579,3.4047,1.5464,0.1,0.0,19.6547,True
1790469035.399,267.35,4.958,3.4061,1.5464,0.1,0.0,19.6561,True
1790469035.449,267.4,4.958,3.4074,1.5464,0.1,0.0,19.6574,True
1790469035.499,267.45,4.958,3.4088,1.5464,0.1,0.0,19.6588,True
1790469035.549,267.5,4.9581,3.4102,1.5464,0.1,0.0,19.6602,True
1790469035.599,267.55,4.9581,3.4116,1.5464,0.1,0.0,19.6616,True
1790469035.649,267.6,4.9581,3.413,1.5464,0.1,0.0,19.663,True
1790469035.699,267.65,4.9582,3.4143,1.5464,0.1,0.0,19.6643,True
1790469035.749,267.7,4.9582,3.4157,1.5464,0.1,0.0,19.6657,True
1790469035.799,267.75,4.9582,3.4171,1.5464,0.1,0.0,19.6671,True
1790469035.849,267.8,4.9583,3.4185,1.5464,0.1,0.0,19.6685,True
1790469035.899,267.85,4.9583,3.4198,1.5464,0.1,0.0,19.6698,True
1790469035.949,267.9,4.9583,3.4212,1.5464,0.1,0.0,19.6712,True
1790469035.999,267.95,4.9584,3.4226,1.5464,0.1,0.0,19.6726,True
1790469036.049,268.0,4.9584,3.424,1.5464,0.1,0.0,19.674,True
1790469036.099,268.05,4.9584,3.4253,1.5464,0.1,0.0,19.6753,True
1790469036.149,268.1,4.9585,3.4267,1.5464,0.1,0.0,19.6767,True
1790469036.199,268.15,4.9585,3.4281,1.5464,0.1,0.0,19.6781,True
1790469036.249,268.2,4.9585,3.4295,1.5464,0.1,0.0,19.6795,True
1790469036.299,268.25,4.9586,3.4308,1.5464,0.1,0.0,19.6808,True
1790469036.349,268.3,4.9586,3.4322,1.5464,0.1,0.0,19.6822,True
1790469036.399,268.35,4.9586,3.4336,1.5464,0.1,0.0,19.6836,True
1790469036.449,268.4,4.9587,3.435,1.5464,0.1,0.0,19.685,True
1790469036.499,268.45,4.9587,3.4363,1.5464,0.1,0.0,19.6863,True
1790469036.549,268.5,4.9587,3.4377,1.5464,0.1,0.0,19.6877,True
1790469036.599,268.55,4.9588,3.4391,1.5464,0.1,0.0,19.6891,True
1790469036.649,268.6,4.9588,3.4405,1.5464,0.1,0.0,19.6905,True
1790469036.699,268.65,4.9588,3.4418,1.5464,0.1,0.0,19.6918,True
1790469036.749,268.7,4.9589,3.4432,1.5464,0.1,0.0,19.6932,True
1790469036.799,268.75,4.9589,3.4446,1.5464,0.1,0.0,19.6946,True
1790469036.849,268.8,4.9589,3.446,1.5464,0.1,0.0,19.696,True
1790469036.899,268.85,4.959,3.4473,1.5464,0.1,0.0,19.6973,True
1790469036.949,268.9,4.959,3.4487,1.5464,0.1,0.0,19.6987,True
1790469036.999,268.95,4.959,3.4501,1.5464,0.1,0.0,19.7001,True
1790469037.049,269.0,4.9591,3.4515,1.5464,0.1,0.0,19.7015,True
1790469037.099,269.05,4.9591,3.4529,1.5464,0.1,0.0,19.7029,True
1790469037.149,269.1,4.9591,3.4542,1.5464,0.1,0.0,19.7042,True
1790469037.199,269.15,4.9592,3.4556,1.5464,0.1,0.0,19.7056,True
1790469037.249,269.2,4.9592,3.457,1.5464,0.1,0.0,19.707,True
1790469037.299,269.25,4.9592,3.4584,1.5464,0.1,0.0,19.7084,True
1790469037.349,269.3,4.9593,3.4597,1.5464,0.1,0.0,19.7097,True
1790469037.399,269.35,4.9593,3.4611,1.5464,0.1,0.0,19.7111,True
1790469037.449,269.4,4.9593,3.4625,1.5464,0.1,0.0,19.7125,True
1790469037.499,269.45,4.9594,3.4639,1.5464,0.1,0.0,19.7139,True
1790469037.549,269.5,4.9594,3.4652,1.5464,0.1,0.0,19.7152,True
1790469037.599,269.55,4.9594,3.4666,1.5464,0.1,0.0,19.7166,True
1790469037.649,269.6,4.9595,3.468,1.5464,0.1,0.0,19.718,True
1790469037.699,269.65,4.9595,3.4694,1.5464,0.1,0.0,19.7194,True
1790469037.749,269.7,4.9595,3.4707,1.5464,0.1,0.0,19.7207,True
1790469037.799,269.75,4.9596,3.4721,1.5464,0.1,0.0,19.7221,True
1790469037.849,269.8,4.9596,3.4735,1.5464,0.1,0.0,19.7235,True
1790469037.899,269.85,4.9596,3.4749,1.5464,0.1,0.0,19.7249,True
1790469037.949,269.9,4.9597,3.4762,1.5464,0.1,0.0,19.7262,True
1790469037.999,269.95,4.9597,3.4776,1.5464,0.1,0.0,19.7276,True
1790469038.049,270.0,4.9597,3.479,1.5464,0.1,0.0,19.729,True
1790469038.099,270.05,4.9598,3.4804,1.5464,0.1,0.0,19.7304,True
1790469038.149,270.1,4.9598,3.4817,1.5464,0.1,0.0,19.7317,True
1790469038.199,270.15,4.9598,3.4831,1.5464,0.1,0.0,19.7331,True
1790469038.249,270.2,4.9599,3.4845,1.5464,0.1,0.0,19.7345,True
1790469038.299,270.25,4.9599,3.4859,1.5464,0.1,0.0,19.7359,True
1790469038.349,270.3,4.9599,3.4872,1.5464,0.1,0.0,19.7372,True
1790469038.399,270.35,4.96,3.4886,1.5464,0.1,0.0,19.7386,True
1790469038.449,270.4,4.96,3.49,1.5464,0.1,0.0,19.74,True
1790469038.499,270.45,4.96,3.4911,1.6002,0.1,0.0,19.7411,True
1790469038.549,270.5,4.9599,3.4923,1.6002,0.1,0.0,19.7423,True
1790469038.599,270.55,4.9599,3.4934,1.6002,0.1,0.0,19.7434,True
1790469038.649,270.6,4.9599,3.4945,1.6002,0.1,0.0,19.7445,True
1790469038.699,270.65,4.9598,3.4957,1.6002,0.1,0.0,19.7457,True
1790469038.749,270.7,4.9598,3.4968,1.6002,0.1,0.0,19.7468,True
1790469038.799,270.75,4.9598,3.4979,1.6002,0.1,0.0,19.7479,True
1790469038.849,270.8,4.9597,3.4991,1.6002,0.1,0.0,19.7491,True
1790469038.899,270.85,4.9597,3.5002,1.6002,0.1,0.0,19.7502,True
1790469038.949,270.9,4.9597,3.5013,1.6002,0.1,0.0,19.7513,True
1790469038.999,270.95,4.9596,3.5025,1.6002,0.1,0.0,19.7525,True
1790469039.049,271.0,4.9596,3.5036,1.6002,0.1,0.0,19.7536,True
1790469039.099,271.05,4.9596,3.5047,1.6002,0.1,0.0,19.7547,True
1790469039.149,271.1,4.9595,3.5059,1.6002,0.1,0.0,19.7559,True
1790469039.199,271.15,4.9595,3.507,1.6002,0.1,0.0,19.757,True
1790469039.249,271.2,4.9595,3.5081,1.6002,0.1,0.0,19.7581,True
1790469039.299,271.25,4.9594,3.5093,1.6002,0.1,0.0,19.7593,True
1790469039.349,271.3,4.9594,3.5104,1.6002,0.1,0.0,19.7604,True
1790469039.399,271.35,4.9594,3.5115,1.6002,0.1,0.0,19.7615,True
1790469039.449,271.4,4.9593,3.5127,1.6002,0.1,0.0,19.7627,True
1790469039.499,271.45,4.9593,3.5138,1.6002,0.1,0.0,19.7638,True
1790469039.549,271.5,4.9593,3.5149,1.6002,0.1,0.0,19.7649,True
1790469039.599,271.55,4.9592,3.5161,1.6002,0.1,0.0,19.7661,True
1790469039.649,271.6,4.9592,3.5172,1.6002,0.1,0.0,19.7672,True
1790469039.699,271.65,4.9592,3.5183,1.6002,0.1,0.0,19.7683,True
1790469039.749,271.7,4.9591,3.5195,1.6002,0.1,0.0,19.7695,True
1790469039.799,271.75,4.9591,3.5206,1.6002,0.1,0.0,19.7706,True
1790469039.849,271.8,4.9591,3.5217,1.6002,0.1,0.0,19.7717,True
1790469039.899,271.85,4.959,3.5229,1.6002,0.1,0.0,19.7729,True
1790469039.949,271.9,4.959,3.524,1.6002,0.1,0.0,19.774,True
1790469039.999,271.95,4.959,3.5251,1.6002,0.1,0.0,19.7751,True
1790469040.049,272.0,4.9589,3.5263,1.6002,0.1,0.0,19.7763,True
1790469040.099,272.05,4.9589,3.5274,1.6002,0.1,0.0,19.7774,True
1790469040.149,272.1,4.9589,3.5285,1.6002,0.1,0.0,19.7785,True
1790469040.199,272.15,4.9588,3.5297,1.6002,0.1,0.0,19.7797,True
1790469040.249,272.2,4.9588,3.5308,1.6002,0.1,0.0,19.7808,True
1790469040.299,272.25,4.9588,3.5319,1.6002,0.1,0.0,19.7819,True
1790469040.349,272.3,4.9587,3.5331,1.6002,0.1,0.0,19.7831,True
1790469040.399,272.35,4.9587,3.5342,1.6002,0.1,0.0,19.7842,True
1790469040.449,272.4,4.9587,3.5353,1.6002,0.1,0.0,19.7853,True
1790469040.499,272.45,4.9586,3.5365,1.6002,0.1,0.0,19.7865,True
1790469040.549,272.5,4.9586,3.5376,1.6002,0.1,0.0,19.7876,True
1790469040.599,272.55,4.9586,3.5387,1.6002,0.1,0.0,19.7887,True
1790469040.649,272.6,4.9585,3.5399,1.6002,0.1,0.0,19.7899,True
1790469040.699,272.65,4.9585,3.541,1.6002,0.1,0.0,19.791,True
1790469040.749,272.7,4.9585,3.5421,1.6002,0.1,0.0,19.7921,True
1790469040.799,272.75,4.9584,3.5433,1.6002,0.1,0.0,19.7933,True
1790469040.849,272.8,4.9584,3.5444,1.6002,0.1,0.0,19.7944,True
1790469040.899,272.85,4.9584,3.5455,1.6002,0.1,0.0,19.7955,True
1790469040.949,272.9,4.9583,3.5467,1.6002,0.1,0.0,19.7967,True
1790469040.999,272.95,4.9583,3.5478,1.6002,0.1,0.0,19.7978,True
1790469041.049,273.0,4.9583,3.5489,1.6002,0.1,0.0,19.7989,True
1790469041.099,273.05,4.9582,3.5501,1.6002,0.1,0.0,19.8001,True
1790469041.149,273.1,4.9582,3.5512,1.6002,0.1,0.0,19.8012,True
1790469041.199,273.15,4.9582,3.5523,1.6002,0.1,0.0,19.8023,True
1790469041.249,273.2,4.9581,3.5535,1.6002,0.1,0.0,19.8035,True
1790469041.299,273.25,4.9581,3.5546,1.6002,0.1,0.0,19.8046,True
1790469041.349,273.3,4.9581,3.5557,1.6002,0.1,0.0,19.8057,True
1790469041.399,273.35,4.958,3.5569,1.6002,0.1,0.0,19.8069,True
1790469041.449,273.4,4.958,3.558,1.6002,0.1,0.0,19.808,True
1790469041.499,273.45,4.958,3.5591,1.6002,0.1,0.0,19.8091,True
1790469041.549,273.5,4.9579,3.5603,1.6002,0.1,0.0,19.8103,True
1790469041.599,273.55,4.9579,3.5614,1.6002,0.1,0.0,19.8114,True
1790469041.649,273.6,4.9579,3.5625,1.6002,0.1,0.0,19.8125,True
1790469041.699,273.65,4.9578,3.5637,1.6002,0.1,0.0,19.8137,True
1790469041.749,273.7,4.9578,3.5648,1.6002,0.1,0.0,19.8148,True
1790469041.799,273.75,4.9578,3.5659,1.6002,0.1,0.0,19.8159,True
1790469041.849,273.8,4.9577,3.5671,1.6002,0.1,0.0,19.8171,True
1790469041.899,273.85,4.9577,3.5682,1.6002,0.1,0.0,19.8182,True
1790469041.949,273.9,4.9577,3.5693,1.6002,0.1,0.0,19.8193,True
1790469041.999,273.95,4.9576,3.5705,1.6002,0.1,0.0,19.8205,True
1790469042.049,274.0,4.9576,3.5716,1.6002,0.1,0.0,19.8216,True
1790469042.099,274.05,4.9576,3.5727,1.6002,0.1,0.0,19.8227,True
1790469042.149,274.1,4.9575,3.5739,1.6002,0.1,0.0,19.8239,True
1790469042.199,274.15,4.9575,3.575,1.6002,0.1,0.0,19.825,True
1790469042.249,274.2,4.9575,3.5761,1.6002,0.1,0.0,19.8261,True
1790469042.299,274.25,4.9574,3.5773,1.6002,0.1,0.0,19.8273,True
1790469042.349,274.3,4.9574,3.5784,1.6002,0.1,0.0,19.8284,True
1790469042.399,274.35,4.9574,3.5795,1.6002,0.1,0.0,19.8295,True
1790469042.449,274.4,4.9573,3.5807,1.6002,0.1,0.0,19.8307,True
1790469042.499,274.45,4.9573,3.5818,1.6002,0.1,0.0,19.8318,True
1790469042.549,274.5,4.9573,3.5829,1.6002,0.1,0.0,19.8329,True
1790469042.599,274.55,4.9572,3.5841,1.6002,0.1,0.0,19.8341,True
1790469042.649,274.6,4.9572,3.5852,1.6002,0.1,0.0,19.8352,True
1790469042.699,274.65,4.9572,3.5863,1.6002,0.1,0.0,19.8363,True
1790469042.749,274.7,4.9571,3.5875,1.6002,0.1,0.0,19.8375,True
1790469042.799,274.75,4.9571,3.5886,1.6002,0.1,0.0,19.8386,True
1790469042.849,274.8,4.9571,3.5897,1.6002,0.1,0.0,19.8397,True
1790469042.899,274.85,4.957,3.5909,1.6002,0.1,0.0,19.8409,True
1790469042.949,274.9,4.957,3.592,1.6002,0.1,0.0,19.842,True
1790469042.999,274.95,4.957,3.5931,1.6002,0.1,0.0,19.8431,True
1790469043.049,275.0,4.9569,3.5943,1.6002,0.1,0.0,19.8443,True
1790469043.099,275.05,4.9569,3.5954,1.6002,0.1,0.0,19.8454,True
1790469043.149,275.1,4.9569,3.5965,1.6002,0.1,0.0,19.8465,True
1790469043.199,275.15,4.9568,3.5977,1.6002,0.1,0.0,19.8477,True
1790469043.249,275.2,4.9568,3.5988,1.6002,0.1,0.0,19.8488,True
1790469043.299,275.25,4.9568,3.5999,1.6002,0.1,0.0,19.8499,True
1790469043.349,275.3,4.9567,3.6011,1.6002,0.1,0.0,19.8511,True
1790469043.399,275.35,4.9567,3.6022,1.6002,0.1,0.0,19.8522,True
1790469043.449,275.4,4.9567,3.6033,1.6002,0.1,0.0,19.8533,True
1790469043.499,275.45,4.9566,3.6045,1.6002,0.1,0.0,19.8545,True
1790469043.549,275.5,4.9566,3.6056,1.6002,0.1,0.0,19.8556,True
1790469043.599,275.55,4.9566,3.6067,1.6002,0.1,0.0,19.8567,True
1790469043.649,275.6,4.9565,3.6079,1.6002,0.1,0.0,19.8579,True
1790469043.699,275.65,4.9565,3.609,1.6002,0.1,0.0,19.859,True
1790469043.749,275.7,4.9565,3.6101,1.6002,0.1,0.0,19.8601,True
1790469043.799,275.75,4.9564,3.6113,1.6002,0.1,0.0,19.8613,True
1790469043.849,275.8,4.9564,3.6124,1.6002,0.1,0.0,19.8624,True
1790469043.899,275.85,4.9564,3.6135,1.6002,0.1,0.0,19.8635,True
1790469043.949,275.9,4.9563,3.6147,1.6002,0.1,0.0,19.8647,True
1790469043.999,275.95,4.9563,3.6158,1.6002,0.1,0.0,19.8658,True
1790469044.049,276.0,4.9563,3.6169,1.6002,0.1,0.0,19.8669,True
1790469044.099,276.05,4.9562,3.6181,1.6002,0.1,0.0,19.8681,True
1790469044.149,276.1,4.9562,3.6192,1.6002,0.1,0.0,19.8692,True
1790469044.199,276.15,4.9562,3.6203,1.6002,0.1,0.0,19.8703,True
1790469044.249,276.2,4.9561,3.6215,1.6002,0.1,0.0,19.8715,True
1790469044.299,276.25,4.9561,3.6226,1.6002,0.1,0.0,19.8726,True
1790469044.349,276.3,4.9561,3.6237,1.6002,0.1,0.0,19.8737,True
1790469044.399,276.35,4.956,3.6249,1.6002,0.1,0.0,19.8749,True
1790469044.449,276.4,4.956,3.626,1.6002,0.1,0.0,19.876,True
1790469044.499,276.45,4.956,3.6271,1.6002,0.1,0.0,19.8771,True
1790469044.549,276.5,4.9559,3.6283,1.6002,0.1,0.0,19.8783,True
1790469044.599,276.55,4.9559,3.6294,1.6002,0.1,0.0,19.8794,True
1790469044.649,276.6,4.9559,3.6305,1.6002,0.1,0.0,19.8805,True
1790469044.699,276.65,4.9558,3.6317,1.6002,0.1,0.0,19.8817,True
1790469044.749,276.7,4.9558,3.6328,1.6002,0.1,0.0,19.8828,True
1790469044.799,276.75,4.9558,3.6339,1.6002,0.1,0.0,19.8839,True
1790469044.849,276.8,4.9557,3.6351,1.6002,0.1,0.0,19.8851,True
1790469044.899,276.85,4.9557,3.6362,1.6002,0.1,0.0,19.8862,True
1790469044.949,276.9,4.9557,3.6373,1.6002,0.1,0.0,19.8873,True
1790469044.999,276.95,4.9556,3.6385,1.6002,0.1,0.0,19.8885,True
1790469045.049,277.0,4.9556,3.6396,1.6002,0.1,0.0,19.8896,True
1790469045.099,277.05,4.9556,3.6407,1.6002,0.1,0.0,19.8907,True
1790469045.149,277.1,4.9555,3.6419,1.6002,0.1,0.0,19.8919,True
1790469045.199,277.15,4.9555,3.643,1.6002,0.1,0.0,19.893,True
1790469045.249,277.2,4.9555,3.6441,1.6002,0.1,0.0,19.8941,True
1790469045.299,277.25,4.9554,3.6453,1.6002,0.1,0.0,19.8953,True
1790469045.349,277.3,4.9554,3.6464,1.6002,0.1,0.0,19.8964,True
1790469045.399,277.35,4.9554,3.6475,1.6002,0.1,0.0,19.8975,True
1790469045.449,277.4,4.9553,3.6487,1.6002,0.1,0.0,19.8987,True
1790469045.499,277.45,4.9553,3.6498,1.6002,0.1,0.0,19.8998,True
1790469045.549,277.5,4.9553,3.6509,1.6002,0.1,0.0,19.9009,True
1790469045.599,277.55,4.9552,3.6521,1.6002,0.1,0.0,19.9021,True
1790469045.649,277.6,4.9552,3.6532,1.6002,0.1,0.0,19.9032,True
1790469045.699,277.65,4.9552,3.6543,1.6002,0.1,0.0,19.9043,True
1790469045.749,277.7,4.9551,3.6555,1.6002,0.1,0.0,19.9055,True
1790469045.799,277.75,4.9551,3.6566,1.6002,0.1,0.0,19.9066,True
1790469045.849,277.8,4.9551,3.6577,1.6002,0.1,0.0,19.9077,True
1790469045.899,277.85,4.955,3.6589,1.6002,0.1,0.0,19.9089,True
1790469045.949,277.9,4.955,3.66,1.6002,0.1,0.0,19.91,True
1790469045.999,277.95,4.955,3.6611,1.6002,0.1,0.0,19.9111,True
1790469046.049,278.0,4.9549,3.6623,1.6002,0.1,0.0,19.9123,True
1790469046.099,278.05,4.9549,3.6634,1.6002,0.1,0.0,19.9134,True
1790469046.149,278.1,4.9549,3.6645,1.6002,0.1,0.0,19.9145,True
1790469046.199,278.15,4.9548,3.6657,1.6002,0.1,0.0,19.9157,True
1790469046.249,278.2,4.9548,3.6668,1.6002,0.1,0.0,19.9168,True
1790469046.299,278.25,4.9548,3.6679,1.6002,0.1,0.0,19.9179,True
1790469046.349,278.3,4.9547,3.6691,1.6002,0.1,0.0,19.9191,True
1790469046.399,278.35,4.9547,3.6702,1.6002,0.1,0.0,19.9202,True
1790469046.449,278.4,4.9547,3.6713,1.6002,0.1,0.0,19.9213,True
1790469046.499,278.45,4.9546,3.6725,1.6002,0.1,0.0,19.9225,True
1790469046.549,278.5,4.9546,3.6736,1.6002,0.1,0.0,19.9236,True
1790469046.599,278.55,4.9546,3.6747,1.6002,0.1,0.0,19.9247,True
1790469046.649,278.6,4.9545,3.6759,1.6002,0.1,0.0,19.9259,True
1790469046.699,278.65,4.9545,3.677,1.6002,0.1,0.0,19.927,True
1790469046.749,278.7,4.9545,3.6781,1.6002,0.1,0.0,19.9281,True
1790469046.799,278.75,4.9544,3.6793,1.6002,0.1,0.0,19.9293,True
1790469046.849,278.8,4.9544,3.6804,1.6002,0.1,0.0,19.9304,True
1790469046.899,278.85,4.9544,3.6815,1.6002,0.1,0.0,19.9315,True
1790469046.949,278.9,4.9543,3.6827,1.6002,0.1,0.0,19.9327,True
1790469046.999,278.95,4.9543,3.6838,1.6002,0.1,0.0,19.9338,True
1790469047.049,279.0,4.9543,3.6849,1.6002,0.1,0.0,19.9349,True
1790469047.099,279.05,4.9542,3.6861,1.6002,0.1,0.0,19.9361,True
1790469047.149,279.1,4.9542,3.6872,1.6002,0.1,0.0,19.9372,True
1790469047.199,279.15,4.9542,3.6883,1.6002,0.1,0.0,19.9383,True
1790469047.249,279.2,4.9541,3.6895,1.6002,0.1,0.0,19.9395,True
1790469047.299,279.25,4.9541,3.6906,1.6002,0.1,0.0,19.9406,True
1790469047.349,279.3,4.9541,3.6917,1.6002,0.1,0.0,19.9417,True
1790469047.399,279.35,4.954,3.6929,1.6002,0.1,0.0,19.9429,True
1790469047.449,279.4,4.954,3.694,1.6002,0.1,0.0,19.944,True
1790469047.499,279.45,4.954,3.6951,1.6002,0.1,0.0,19.9451,True
1790469047.549,279.5,4.9539,3.6963,1.6002,0.1,0.0,19.9463,True
1790469047.599,279.55,4.9539,3.6974,1.6002,0.1,0.0,19.9474,True
1790469047.649,279.6,4.9539,3.6985,1.6002,0.1,0.0,19.9485,True
1790469047.699,279.65,4.9538,3.6997,1.6002,0.1,0.0,19.9497,True
1790469047.749,279.7,4.9538,3.7008,1.6002,0.1,0.0,19.9508,True
1790469047.799,279.75,4.9538,3.7019,1.6002,0.1,0.0,19.9519,True
1790469047.849,279.8,4.9537,3.7031,1.6002,0.1,0.0,19.9531,True
1790469047.899,279.85,4.9537,3.7042,1.6002,0.1,0.0,19.9542,True
1790469047.949,279.9,4.9537,3.7053,1.6002,0.1,0.0,19.9553,True
1790469047.999,279.95,4.9536,3.7065,1.6002,0.1,0.0,19.9565,True
1790469048.049,280.0,4.9536,3.7076,1.6002,0.1,0.0,19.9576,True
1790469048.099,280.05,4.9536,3.7087,1.6002,0.1,0.0,19.9587,True
1790469048.149,280.1,4.9535,3.7099,1.6002,0.1,0.0,19.9599,True
1790469048.199,280.15,4.9535,3.711,1.6002,0.1,0.0,19.961,True
1790469048.249,280.2,4.9535,3.7121,1.6002,0.1,0.0,19.9621,True
1790469048.299,280.25,4.9534,3.7133,1.6002,0.1,0.0,19.9633,True
1790469048.349,280.3,4.9534,3.7144,1.6002,0.1,0.0,19.9644,True
1790469048.399,280.35,4.9534,3.7155,1.6002,0.1,0.0,19.9655,True
1790469048.449,280.4,4.9533,3.7167,1.6002,0.1,0.0,19.9667,True
1790469048.499,280.45,4.9533,3.7178,1.6002,0.1,0.0,19.9678,True
1790469048.549,280.5,4.9533,3.7189,1.6002,0.1,0.0,19.9689,True
1790469048.599,280.55,4.9532,3.7201,1.6002,0.1,0.0,19.9701,True
1790469048.649,280.6,4.9532,3.7212,1.6002,0.1,0.0,19.9712,True
1790469048.699,280.65,4.9532,3.7223,1.6002,0.1,0.0,19.9723,True
1790469048.749,280.7,4.9531,3.7235,1.6002,0.1,0.0,19.9735,True
1790469048.799,280.75,4.9531,3.7246,1.6002,0.1,0.0,19.9746,True
1790469048.849,280.8,4.9531,3.7257,1.6002,0.1,0.0,19.9757,True
1790469048.899,280.85,4.953,3.7269,1.6002,0.1,0.0,19.9769,True
1790469048.949,280.9,4.953,3.728,1.6002,0.1,0.0,19.978,True
1790469048.999,280.95,4.953,3.7291,1.6002,0.1,0.0,19.9791,True
1790469049.049,281.0,4.9529,3.7303,1.6002,0.1,0.0,19.9803,True
1790469049.099,281.05,4.9529,3.7314,1.6002,0.1,0.0,19.9814,True
1790469049.149,281.1,4.9529,3.7325,1.6002,0.1,0.0,19.9825,True
1790469049.199,281.15,4.9528,3.7337,1.6002,0.1,0.0,19.9837,True
1790469049.249,281.2,4.9528,3.7348,1.6002,0.1,0.0,19.9848,True
1790469049.299,281.25,4.9528,3.7359,1.6002,0.1,0.0,19.9859,True
1790469049.349,281.3,4.9527,3.7371,1.6002,0.1,0.0,19.9871,True
1790469049.399,281.35,4.9527,3.7382,1.6002,0.1,0.0,19.9882,True
1790469049.449,281.4,4.9527,3.7393,1.6002,0.1,0.0,19.9893,True
1790469049.499,281.45,4.9526,3.7405,1.6002,0.1,0.0,19.9905,True
1790469049.549,281.5,4.9526,3.7416,1.6002,0.1,0.0,19.9916,True
1790469049.599,281.55,4.9526,3.7427,1.6002,0.1,0.0,19.9927,True
1790469049.649,281.6,4.9525,3.7439,1.6002,0.1,0.0,19.9939,True
1790469049.699,281.65,4.9525,3.745,1.6002,0.1,0.0,19.995,True
1790469049.749,281.7,4.9525,3.7461,1.6002,0.1,0.0,19.9961,True
1790469049.799,281.75,4.9524,3.7473,1.6002,0.1,0.0,19.9973,True
1790469049.849,281.8,4.9524,3.7484,1.6002,0.1,0.0,19.9984,True
1790469049.899,281.85,4.9524,3.7495,1.6002,0.1,0.0,19.9995,True
1790469049.949,281.9,4.9523,3.7507,1.6002,0.1,0.0,20.0007,True
1790469049.999,281.95,4.9523,3.7518,1.6002,0.1,0.0,20.0018,True
1790469050.049,282.0,4.9523,3.7529,1.6002,0.1,0.0,20.0029,True
1790469050.099,282.05,4.9522,3.7541,1.6002,0.1,0.0,20.0041,True
1790469050.149,282.1,4.9522,3.7552,1.6002,0.1,0.0,20.0052,True
1790469050.199,282.15,4.9522,3.7563,1.6002,0.1,0.0,20.0063,True
1790469050.249,282.2,4.9521,3.7575,1.6002,0.1,0.0,20.0075,True
1790469050.299,282.25,4.9521,3.7586,1.6002,0.1,0.0,20.0086,True
1790469050.349,282.3,4.9521,3.7597,1.6002,0.1,0.0,20.0097,True
1790469050.399,282.35,4.952,3.7609,1.6002,0.1,0.0,20.0109,True
1790469050.449,282.4,4.952,3.762,1.6002,0.1,0.0,20.012,True
1790469050.499,282.45,4.952,3.7631,1.6002,0.1,0.0,20.0131,True
1790469050.549,282.5,4.9519,3.7643,1.6002,0.1,0.0,20.0143,True
1790469050.599,282.55,4.9519,3.7654,1.6002,0.1,0.0,20.0154,True
1790469050.649,282.6,4.9519,3.7665,1.6002,0.1,0.0,20.0165,True
1790469050.699,282.65,4.9518,3.7677,1.6002,0.1,0.0,20.0177,True
1790469050.749,282.7,4.9518,3.7688,1.6002,0.1,0.0,20.0188,True
1790469050.799,282.75,4.9518,3.7699,1.6002,0.1,0.0,20.0199,True
1790469050.849,282.8,4.9517,3.7711,1.6002,0.1,0.0,20.0211,True
1790469050.899,282.85,4.9517,3.7722,1.6002,0.1,0.0,20.0222,True
1790469050.949,282.9,4.9517,3.7733,1.6002,0.1,0.0,20.0233,True
1790469050.999,282.95,4.9516,3.7745,1.6002,0.1,0.0,20.0245,True
1790469051.049,283.0,4.9516,3.7756,1.6002,0.1,0.0,20.0256,True
1790469051.099,283.05,4.9516,3.7767,1.6002,0.1,0.0,20.0267,True
1790469051.149,283.1,4.9515,3.7779,1.6002,0.1,0.0,20.0279,True
1790469051.199,283.15,4.9515,3.779,1.6002,0.1,0.0,20.029,True
1790469051.249,283.2,4.9515,3.7801,1.6002,0.1,0.0,20.0301,True
1790469051.299,283.25,4.9514,3.7813,1.6002,0.1,0.0,20.0313,True
1790469051.349,283.3,4.9514,3.7824,1.6002,0.1,0.0,20.0324,True
1790469051.399,283.35,4.9514,3.7835,1.6002,0.1,0.0,20.0335,True
1790469051.449,283.4,4.9513,3.7847,1.6002,0.1,0.0,20.0347,True
1790469051.499,283.45,4.9513,3.7858,1.6002,0.1,0.0,20.0358,True
1790469051.549,283.5,4.9513,3.7869,1.6002,0.1,0.0,20.0369,True
1790469051.599,283.55,4.9512,3.7881,1.6002,0.1,0.0,20.0381,True
1790469051.649,283.6,4.9512,3.7892,1.6002,0.1,0.0,20.0392,True
1790469051.699,283.65,4.9512,3.7903,1.6002,0.1,0.0,20.0403,True
1790469051.749,283.7,4.9511,3.7915,1.6002,0.1,0.0,20.0415,True
1790469051.799,283.75,4.9511,3.7926,1.6002,0.1,0.0,20.0426,True
1790469051.849,283.8,4.9511,3.7937,1.6002,0.1,0.0,20.0437,True
1790469051.899,283.85,4.951,3.7949,1.6002,0.1,0.0,20.0449,True
1790469051.949,283.9,4.951,3.796,1.6002,0.1,0.0,20.046,True
1790469051.999,283.95,4.951,3.7971,1.6002,0.1,0.0,20.0471,True
1790469052.049,284.0,4.9509,3.7983,1.6002,0.1,0.0,20.0483,True
1790469052.099,284.05,4.9509,3.7994,1.6002,0.1,0.0,20.0494,True
1790469052.149,284.1,4.9509,3.8005,1.6002,0.1,0.0,20.0505,True
1790469052.199,284.15,4.9508,3.8017,1.6002,0.1,0.0,20.0517,True
1790469052.249,284.2,4.9508,3.8028,1.6002,0.1,0.0,20.0528,True
1790469052.299,284.25,4.9508,3.8039,1.6002,0.1,0.0,20.0539,True
1790469052.349,284.3,4.9507,3.8051,1.6002,0.1,0.0,20.0551,True
1790469052.399,284.35,4.9507,3.8062,1.6002,0.1,0.0,20.0562,True
1790469052.449,284.4,4.9507,3.8073,1.6002,0.1,0.0,20.0573,True
1790469052.499,284.45,4.9506,3.8085,1.6002,0.1,0.0,20.0585,True
1790469052.549,284.5,4.9506,3.8096,1.6002,0.1,0.0,20.0596,True
1790469052.599,284.55,4.9506,3.8107,1.6002,0.1,0.0,20.0607,True
1790469052.649,284.6,4.9505,3.8119,1.6002,0.1,0.0,20.0619,True
1790469052.699,284.65,4.9505,3.813,1.6002,0.1,0.0,20.063,True
1790469052.749,284.7,4.9505,3.8141,1.6002,0.1,0.0,20.0641,True
1790469052.799,284.75,4.9504,3.8153,1.6002,0.1,0.0,20.0653,True
1790469052.849,284.8,4.9504,3.8164,1.6002,0.1,0.0,20.0664,True
1790469052.899,284.85,4.9504,3.8175,1.6002,0.1,0.0,20.0675,True
1790469052.949,284.9,4.9503,3.8187,1.6002,0.1,0.0,20.0687,True
1790469052.999,284.95,4.9503,3.8198,1.6002,0.1,0.0,20.0698,True
1790469053.049,285.0,4.9503,3.8209,1.6002,0.1,0.0,20.0709,True
1790469053.099,285.05,4.9502,3.8221,1.6002,0.1,0.0,20.0721,True
1790469053.149,285.1,4.9502,3.8232,1.6002,0.1,0.0,20.0732,True
1790469053.199,285.15,4.9502,3.8243,1.6002,0.1,0.0,20.0743,True
1790469053.249,285.2,4.9501,3.8255,1.6002,0.1,0.0,20.0755,True
1790469053.299,285.25,4.9501,3.8266,1.6002,0.1,0.0,20.0766,True
1790469053.349,285.3,4.9501,3.8277,1.6002,0.1,0.0,20.0777,True
1790469053.399,285.35,4.95,3.8289,1.6002,0.1,0.0,20.0789,True
1790469053.449,285.4,4.95,3.83,1.6002,0.1,0.0,20.08,True
1790469053.499,285.45,4.9458,3.8302,3.094,0.1,0.0,20.0843,True
1790469053.549,285.5,4.9415,3.8304,3.094,0.1,0.0,20.0885,True
1790469053.599,285.55,4.9373,3.8306,3.094,0.1,0.0,20.0928,True
1790469053.649,285.6,4.9331,3.8308,3.094,0.1,0.0,20.097,True
1790469053.699,285.65,4.9289,3.831,3.094,0.1,0.0,20.1013,True
1790469053.749,285.7,4.9246,3.8312,3.094,0.1,0.0,20.1056,True
1790469053.799,285.75,4.9204,3.8314,3.094,0.1,0.0,20.1098,True
1790469053.849,285.8,4.9162,3.8316,3.094,0.1,0.0,20.1141,True
1790469053.899,285.85,4.9119,3.8318,3.094,0.1,0.0,20.1184,True
1790469053.949,285.9,4.9077,3.832,3.094,0.1,0.0,20.1226,True
1790469053.999,285.95,4.9035,3.8322,3.094,0.1,0.0,20.1269,True
1790469054.049,286.0,4.8993,3.8324,3.094,0.1,0.0,20.1311,True
1790469054.099,286.05,4.895,3.8326,3.094,0.1,0.0,20.1354,True
1790469054.149,286.1,4.8908,3.8328,3.094,0.1,0.0,20.1397,True
1790469054.199,286.15,4.8866,3.833,3.094,0.1,0.0,20.1439,True
1790469054.249,286.2,4.8823,3.8332,3.094,0.1,0.0,20.1482,True
1790469054.299,286.25,4.8781,3.8334,3.094,0.1,0.0,20.1524,True
1790469054.349,286.3,4.8739,3.8336,3.094,0.1,0.0,20.1567,True
1790469054.399,286.35,4.8697,3.8338,3.094,0.1,0.0,20.161,True
1790469054.449,286.4,4.8654,3.834,3.094,0.1,0.0,20.1652,True
1790469054.499,286.45,4.8612,3.8342,3.094,0.1,0.0,20.1695,True
1790469054.549,286.5,4.857,3.8344,3.094,0.1,0.0,20.1738,True
1790469054.599,286.55,4.8528,3.8346,3.094,0.1,0.0,20.178,True
1790469054.649,286.6,4.8485,3.8348,3.094,0.1,0.0,20.1823,True
1790469054.699,286.65,4.8443,3.835,3.094,0.1,0.0,20.1865,True
1790469054.749,286.7,4.8401,3.8352,3.094,0.1,0.0,20.1908,True
1790469054.799,286.75,4.8358,3.8354,3.094,0.1,0.0,20.1951,True
1790469054.849,286.8,4.8316,3.8356,3.094,0.1,0.0,20.1993,True
1790469054.899,286.85,4.8274,3.8358,3.094,0.1,0.0,20.2036,True
1790469054.949,286.9,4.8232,3.836,3.094,0.1,0.0,20.2079,True
1790469054.999,286.95,4.8189,3.8362,3.094,0.1,0.0,20.2121,True
1790469055.049,287.0,4.8147,3.8364,3.094,0.1,0.0,20.2164,True
1790469055.099,287.05,4.8105,3.8366,3.094,0.1,0.0,20.2206,True
1790469055.149,287.1,4.8062,3.8368,3.094,0.1,0.0,20.2249,True
1790469055.199,287.15,4.802,3.837,3.094,0.1,0.0,20.2292,True
1790469055.249,287.2,4.7978,3.8372,3.094,0.1,0.0,20.2334,True
1790469055.299,287.25,4.7936,3.8374,3.094,0.1,0.0,20.2377,True
1790469055.349,287.3,4.7893,3.8377,3.094,0.1,0.0,20.2419,True
1790469055.399,287.35,4.7851,3.8379,3.094,0.1,0.0,20.2462,True
1790469055.449,287.4,4.7809,3.8381,3.094,0.1,0.0,20.2505,True
1790469055.499,287.45,4.7766,3.8383,3.094,0.1,0.0,20.2547,True
1790469055.549,287.5,4.7724,3.8385,3.094,0.1,0.0,20.259,True
1790469055.599,287.55,4.7682,3.8387,3.094,0.1,0.0,20.2633,True
1790469055.649,287.6,4.764,3.8389,3.094,0.1,0.0,20.2675,True
1790469055.699,287.65,4.7597,3.8391,3.094,0.1,0.0,20.2718,True
1790469055.749,287.7,4.7555,3.8393,3.094,0.1,0.0,20.276,True
1790469055.799,287.75,4.7513,3.8395,3.094,0.1,0.0,20.2803,True
1790469055.849,287.8,4.747,3.8397,3.094,0.1,0.0,20.2846,True
1790469055.899,287.85,4.7428,3.8399,3.094,0.1,0.0,20.2888,True
1790469055.949,287.9,4.7386,3.8401,3.094,0.1,0.0,20.2931,True
1790469055.999,287.95,4.7344,3.8403,3.094,0.1,0.0,20.2973,True
1790469056.049,288.0,4.7301,3.8405,3.094,0.1,0.0,20.3016,True
1790469056.099,288.05,4.7259,3.8407,3.094,0.1,0.0,20.3059,True
1790469056.149,288.1,4.7217,3.8409,3.094,0.1,0.0,20.3101,True
1790469056.199,288.15,4.7174,3.8411,3.094,0.1,0.0,20.3144,True
1790469056.249,288.2,4.7132,3.8413,3.094,0.1,0.0,20.3187,True
1790469056.299,288.25,4.709,3.8415,3.094,0.1,0.0,20.3229,True
1790469056.349,288.3,4.7048,3.8417,3.094,0.1,0.0,20.3272,True
1790469056.399,288.35,4.7005,3.8419,3.094,0.1,0.0,20.3314,True
1790469056.449,288.4,4.6963,3.8421,3.094,0.1,0.0,20.3357,True
1790469056.499,288.45,4.6921,3.8423,3.094,0.1,0.0,20.34,True
1790469056.549,288.5,4.6879,3.8425,3.094,0.1,0.0,20.3442,True
1790469056.599,288.55,4.6836,3.8427,3.094,0.1,0.0,20.3485,True
1790469056.649,288.6,4.6794,3.8429,3.094,0.1,0.0,20.3528,True
1790469056.699,288.65,4.6752,3.8431,3.094,0.1,0.0,20.357,True
1790469056.749,288.7,4.6709,3.8433,3.094,0.1,0.0,20.3613,True
1790469056.799,288.75,4.6667,3.8435,3.094,0.1,0.0,20.3655,True
1790469056.849,288.8,4.6625,3.8437,3.094,0.1,0.0,20.3698,True
1790469056.899,288.85,4.6583,3.8439,3.094,0.1,0.0,20.3741,True
1790469056.949,288.9,4.654,3.8441,3.094,0.1,0.0,20.3783,True
1790469056.999,288.95,4.6498,3.8443,3.094,0.1,0.0,20.3826,True
1790469057.049,289.0,4.6456,3.8445,3.094,0.1,0.0,20.3868,True
1790469057.099,289.05,4.6413,3.8447,3.094,0.1,0.0,20.3911,True
1790469057.149,289.1,4.6371,3.8449,3.094,0.1,0.0,20.3954,True
1790469057.199,289.15,4.6329,3.8451,3.094,0.1,0.0,20.3996,True
1790469057.249,289.2,4.6287,3.8453,3.094,0.1,0.0,20.4039,True
1790469057.299,289.25,4.6244,3.8455,3.094,0.1,0.0,20.4082,True
1790469057.349,289.3,4.6202,3.8457,3.094,0.1,0.0,20.4124,True
1790469057.399,289.35,4.616,3.8459,3.094,0.1,0.0,20.4167,True
1790469057.449,289.4,4.6117,3.8461,3.094,0.1,0.0,20.4209,True
1790469057.499,289.45,4.6075,3.8463,3.094,0.1,0.0,20.4252,True
1790469057.549,289.5,4.6033,3.8465,3.094,0.1,0.0,20.4295,True
1790469057.599,289.55,4.5991,3.8467,3.094,0.1,0.0,20.4337,True
1790469057.649,289.6,4.5948,3.8469,3.094,0.1,0.0,20.438,True
1790469057.699,289.65,4.5906,3.8471,3.094,0.1,0.0,20.4422,True
1790469057.749,289.7,4.5864,3.8473,3.094,0.1,0.0,20.4465,True
1790469057.799,289.75,4.5821,3.8475,3.094,0.1,0.0,20.4508,True
1790469057.849,289.8,4.5779,3.8477,3.094,0.1,0.0,20.455,True
1790469057.899,289.85,4.5737,3.8479,3.094,0.1,0.0,20.4593,True
1790469057.949,289.9,4.5695,3.8481,3.094,0.1,0.0,20.4636,True
1790469057.999,289.95,4.5652,3.8483,3.094,0.1,0.0,20.4678,True
1790469058.049,290.0,4.561,3.8485,3.094,0.1,0.0,20.4721,True
1790469058.099,290.05,4.5568,3.8487,3.094,0.1,0.0,20.4763,True
1790469058.149,290.1,4.5526,3.8489,3.094,0.1,0.0,20.4806,True
1790469058.199,290.15,4.5483,3.8491,3.094,0.1,0.0,20.4849,True
1790469058.249,290.2,4.5441,3.8493,3.094,0.1,0.0,20.4891,True
1790469058.299,290.25,4.5399,3.8495,3.094,0.1,0.0,20.4934,True
1790469058.349,290.3,4.5356,3.8497,3.094,0.1,0.0,20.4977,True
1790469058.399,290.35,4.5314,3.8499,3.094,0.1,0.0,20.5019,True
1790469058.449,290.4,4.5272,3.8501,3.094,0.1,0.0,20.5062,True
1790469058.499,290.45,4.523,3.8503,3.094,0.1,0.0,20.5104,True
1790469058.549,290.5,4.5187,3.8505,3.094,0.1,0.0,20.5147,True
1790469058.599,290.55,4.5145,3.8507,3.094,0.1,0.0,20.519,True
1790469058.649,290.6,4.5103,3.8509,3.094,0.1,0.0,20.5232,True
1790469058.699,290.65,4.506,3.8511,3.094,0.1,0.0,20.5275,True
1790469058.749,290.7,4.5018,3.8513,3.094,0.1,0.0,20.5317,True
1790469058.799,290.75,4.4976,3.8515,3.094,0.1,0.0,20.536,True
1790469058.849,290.8,4.4934,3.8517,3.094,0.1,0.0,20.5403,True
1790469058.899,290.85,4.4891,3.8519,3.094,0.1,0.0,20.5445,True
1790469058.949,290.9,4.4849,3.8521,3.094,0.1,0.0,20.5488,True
1790469058.999,290.95,4.4807,3.8523,3.094,0.1,0.0,20.5531,True
1790469059.049,291.0,4.4764,3.8526,3.094,0.1,0.0,20.5573,True
1790469059.099,291.05,4.4722,3.8528,3.094,0.1,0.0,20.5616,True
1790469059.149,291.1,4.468,3.853,3.094,0.1,0.0,20.5658,True
1790469059.199,291.15,4.4638,3.8532,3.094,0.1,0.0,20.5701,True
1790469059.249,291.2,4.4595,3.8534,3.094,0.1,0.0,20.5744,True
1790469059.299,291.25,4.4553,3.8536,3.094,0.1,0.0,20.5786,True
1790469059.349,291.3,4.4511,3.8538,3.094,0.1,0.0,20.5829,True
1790469059.399,291.35,4.4468,3.854,3.094,0.1,0.0,20.5871,True
1790469059.449,291.4,4.4426,3.8542,3.094,0.1,0.0,20.5914,True
1790469059.499,291.45,4.4384,3.8544,3.094,0.1,0.0,20.5957,True
1790469059.549,291.5,4.4342,3.8546,3.094,0.1,0.0,20.5999,True
1790469059.599,291.55,4.4299,3.8548,3.094,0.1,0.0,20.6042,True
1790469059.649,291.6,4.4257,3.855,3.094,0.1,0.0,20.6085,True
1790469059.699,291.65,4.4215,3.8552,3.094,0.1,0.0,20.6127,True
1790469059.749,291.7,4.4172,3.8554,3.094,0.1,0.0,20.617,True
1790469059.799,291.75,4.413,3.8556,3.094,0.1,0.0,20.6212,True
1790469059.849,291.8,4.4088,3.8558,3.094,0.1,0.0,20.6255,True
1790469059.899,291.85,4.4046,3.856,3.094,0.099,-0.01,20.6298,True
1790469059.949,291.9,4.4003,3.8562,3.094,0.1,0.0,20.634,True
1790469059.999,291.95,4.3961,3.8564,3.094,0.1,0.0,20.6383,True
1790469060.049,292.0,4.3919,3.8566,3.094,0.1,0.0,20.6426,True
1790469060.099,292.05,4.3877,3.8568,3.094,0.1,0.0,20.6468,True
1790469060.149,292.1,4.3834,3.857,3.094,0.1,0.0,20.6511,True
1790469060.199,292.15,4.3792,3.8572,3.094,0.1,0.0,20.6553,True
1790469060.249,292.2,4.375,3.8574,3.094,0.1,0.0,20.6596,True
1790469060.299,292.25,4.3707,3.8576,3.094,0.1,0.0,20.6639,True
1790469060.349,292.3,4.3665,3.8578,3.094,0.1,0.0,20.6681,True
1790469060.399,292.35,4.3623,3.858,3.094,0.1,0.0,20.6724,True
1790469060.449,292.4,4.3581,3.8582,3.094,0.1,0.0,20.6766,True
1790469060.499,292.45,4.3538,3.8584,3.094,0.1,0.0,20.6809,True
1790469060.549,292.5,4.3496,3.8586,3.094,0.1,0.0,20.6852,True
1790469060.599,292.55,4.3454,3.8588,3.094,0.1,0.0,20.6894,True
1790469060.649,292.6,4.3411,3.859,3.094,0.1,0.0,20.6937,True
1790469060.699,292.65,4.3369,3.8592,3.094,0.1,0.0,20.698,True
1790469060.749,292.7,4.3327,3.8594,3.094,0.1,0.0,20.7022,True
1790469060.799,292.75,4.3285,3.8596,3.094,0.1,0.0,20.7065,True
1790469060.849,292.8,4.3242,3.8598,3.094,0.1,0.0,20.7107,True
1790469060.899,292.85,4.32,3.86,3.094,0.1,0.0,20.715,True
1790469060.949,292.9,4.3158,3.8602,3.094,0.1,0.0,20.7193,True
1790469060.999,292.95,4.3115,3.8604,3.094,0.1,0.0,20.7235,True
1790469061.049,293.0,4.3073,3.8606,3.094,0.1,0.0,20.7278,True
1790469061.099,293.05,4.3031,3.8608,3.094,0.1,0.0,20.732,True
1790469061.149,293.1,4.2989,3.861,3.094,0.1,0.0,20.7363,True
1790469061.199,293.15,4.2946,3.8612,3.094,0.1,-0.01,20.7406,True
1790469061.249,293.2,4.2904,3.8614,3.094,0.1,0.0,20.7448,True
1790469061.299,293.25,4.2862,3.8616,3.094,0.1,0.0,20.7491,True
1790469061.349,293.3,4.2819,3.8618,3.094,0.1,0.0,20.7534,True
1790469061.399,293.35,4.2777,3.862,3.094,0.1,0.0,20.7576,True
1790469061.449,293.4,4.2735,3.8622,3.094,0.1,0.0,20.7619,True
1790469061.499,293.45,4.2693,3.8624,3.094,0.1,0.0,20.7661,True
1790469061.549,293.5,4.265,3.8626,3.094,0.1,-0.01,20.7704,True
1790469061.599,293.55,4.2608,3.8628,3.094,0.1,0.0,20.7747,True
1790469061.649,293.6,4.2566,3.863,3.094,0.1,0.0,20.7789,True
1790469061.699,293.65,4.2523,3.8632,3.094,0.1,0.0,20.7832,True
1790469061.749,293.7,4.2481,3.8634,3.094,0.1,0.0,20.7874,True
1790469061.799,293.75,4.2439,3.8636,3.094,0.1,0.0,20.7917,True
1790469061.849,293.8,4.2397,3.8638,3.094,0.1,-0.01,20.796,True
1790469061.899,293.85,4.2354,3.864,3.094,0.1,0.0,20.8002,True
1790469061.949,293.9,4.2312,3.8642,3.094,0.1,0.0,20.8045,True
1790469061.999,293.95,4.227,3.8644,3.094,0.1,0.0,20.8088,True
1790469062.049,294.0,4.2228,3.8646,3.094,0.1,0.0,20.813,True
1790469062.099,294.05,4.2185,3.8648,3.094,0.1,0.0,20.8173,True
1790469062.149,294.1,4.2143,3.865,3.094,0.1,0.0,20.8215,True
1790469062.199,294.15,4.2101,3.8652,3.094,0.1,0.0,20.8258,True
1790469062.249,294.2,4.2058,3.8654,3.094,0.1,0.0,20.8301,True
1790469062.299,294.25,4.2016,3.8656,3.094,0.1,0.0,20.8343,True
1790469062.349,294.3,4.1974,3.8658,3.094,0.1,0.0,20.8386,True
1790469062.399,294.35,4.1932,3.866,3.094,0.1,0.0,20.8429,True
1790469062.449,294.4,4.1889,3.8662,3.094,0.1,0.0,20.8471,True
1790469062.499,294.45,4.1847,3.8664,3.094,0.1,0.0,20.8514,True
1790469062.549,294.5,4.1805,3.8666,3.094,0.1,0.0,20.8556,True
1790469062.599,294.55,4.1762,3.8668,3.094,0.1,0.0,20.8599,True
1790469062.649,294.6,4.172,3.867,3.094,0.1,0.0,20.8642,True
1790469062.699,294.65,4.1678,3.8672,3.094,0.1,0.0,20.8684,True
1790469062.749,294.7,4.1636,3.8674,3.094,0.1,0.0,20.8727,True
1790469062.799,294.75,4.1593,3.8677,3.094,0.1,0.0,20.8769,True
1790469062.849,294.8,4.1551,3.8679,3.094,0.1,0.0,20.8812,True
1790469062.899,294.85,4.1509,3.8681,3.094,0.1,0.0,20.8855,True
1790469062.949,294.9,4.1466,3.8683,3.094,0.1,0.0,20.8897,True
1790469062.999,294.95,4.1424,3.8685,3.094,0.1,0.0,20.894,True
1790469063.049,295.0,4.1382,3.8687,3.094,0.1,0.0,20.8983,True
1790469063.099,295.05,4.134,3.8689,3.094,0.1,0.0,20.9025,True
1790469063.149,295.1,4.1297,3.8691,3.094,0.1,0.0,20.9068,True
1790469063.199,295.15,4.1255,3.8693,3.094,0.1,0.0,20.911,True
1790469063.249,295.2,4.1213,3.8695,3.094,0.1,0.0,20.9153,True
1790469063.299,295.25,4.117,3.8697,3.094,0.1,0.0,20.9196,True
1790469063.349,295.3,4.1128,3.8699,3.094,0.1,0.0,20.9238,True
1790469063.399,295.35,4.1086,3.8701,3.094,0.1,0.0,20.9281,True
1790469063.449,295.4,4.1044,3.8703,3.094,0.1,0.0,20.9323,True
1790469063.499,295.45,4.1001,3.8705,3.094,0.1,0.0,20.9366,True
1790469063.549,295.5,4.0959,3.8707,3.094,0.1,0.0,20.9409,True
1790469063.599,295.55,4.0917,3.8709,3.094,0.1,0.0,20.9451,True
1790469063.649,295.6,4.0874,3.8711,3.094,0.1,0.0,20.9494,True
1790469063.699,295.65,4.0832,3.8713,3.094,0.1,0.0,20.9537,True
1790469063.749,295.7,4.079,3.8715,3.094,0.1,0.0,20.9579,True
1790469063.799,295.75,4.0748,3.8717,3.094,0.1,0.0,20.9622,True
1790469063.849,295.8,4.0705,3.8719,3.094,0.1,0.0,20.9664,True
1790469063.899,295.85,4.0663,3.8721,3.094,0.1,0.0,20.9707,True
1790469063.949,295.9,4.0621,3.8723,3.094,0.1,0.0,20.975,True
1790469063.999,295.95,4.0579,3.8725,3.094,0.1,-0.0,20.9792,True
1790469064.049,296.0,4.0536,3.8727,3.094,0.1,0.0,20.9835,True
1790469064.099,296.05,4.0494,3.8729,3.094,0.1,0.0,20.9878,True
1790469064.149,296.1,4.0452,3.8731,3.094,0.1,0.0,20.992,True
1790469064.199,296.15,4.0409,3.8733,3.094,0.1,0.0,20.9963,True
1790469064.249,296.2,4.0367,3.8735,3.094,0.1,0.0,21.0005,True
1790469064.299,296.25,4.0325,3.8737,3.094,0.1,-0.0,21.0048,True
1790469064.349,296.3,4.0283,3.8739,3.094,0.1,0.0,21.0091,True
1790469064.399,296.35,4.024,3.8741,3.094,0.1,0.0,21.0133,True
1790469064.449,296.4,4.0198,3.8743,3.094,0.1,0.0,21.0176,True
1790469064.499,296.45,4.0156,3.8745,3.094,0.1,0.0,21.0218,True
1790469064.549,296.5,4.0113,3.8747,3.094,0.1,0.0,21.0261,True
1790469064.599,296.55,4.0071,3.8749,3.094,0.1,0.0,21.0304,True
1790469064.649,296.6,4.0029,3.8751,3.094,0.1,0.0,21.0346,True
1790469064.699,296.65,3.9987,3.8753,3.094,0.1,0.0,21.0389,True
1790469064.749,296.7,3.9944,3.8755,3.094,0.1,0.0,21.0432,True
1790469064.799,296.75,3.9902,3.8757,3.094,0.1,0.0,21.0474,True
1790469064.849,296.8,3.986,3.8759,3.094,0.1,0.0,21.0517,True
1790469064.899,296.85,3.9817,3.8761,3.094,0.1,0.0,21.0559,True
1790469064.949,296.9,3.9775,3.8763,3.094,0.1,-0.0,21.0602,True
1790469064.999,296.95,3.9733,3.8765,3.094,0.1,0.0,21.0645,True
1790469065.049,297.0,3.9691,3.8767,3.094,0.1,0.0,21.0687,True
1790469065.099,297.05,3.9648,3.8769,3.094,0.1,0.0,21.073,True
1790469065.149,297.1,3.9606,3.8771,3.094,0.1,0.0,21.0772,True
1790469065.199,297.15,3.9564,3.8773,3.094,0.1,0.0,21.0815,True
1790469065.249,297.2,3.9521,3.8775,3.094,0.1,0.0,21.0858,True
1790469065.299,297.25,3.9479,3.8777,3.094,0.1,-0.0,21.09,True
1790469065.349,297.3,3.9437,3.8779,3.094,0.1,0.0,21.0943,True
1790469065.399,297.35,3.9395,3.8781,3.094,0.1,0.0,21.0986,True
1790469065.449,297.4,3.9352,3.8783,3.094,0.1,0.0,21.1028,True
1790469065.499,297.45,3.931,3.8785,3.094,0.1,0.0,21.1071,True
1790469065.549,297.5,3.9268,3.8787,3.094,0.1,0.0,21.1113,True
1790469065.599,297.55,3.9226,3.8789,3.094,0.1,-0.0,21.1156,True
1790469065.649,297.6,3.9183,3.8791,3.094,0.1,0.0,21.1199,True
1790469065.699,297.65,3.9141,3.8793,3.094,0.1,0.0,21.1241,True
1790469065.749,297.7,3.9099,3.8795,3.094,0.1,0.0,21.1284,True
1790469065.799,297.75,3.9056,3.8797,3.094,0.1,0.0,21.1327,True
1790469065.849,297.8,3.9014,3.8799,3.094,0.1,0.0,21.1369,True
1790469065.899,297.85,3.8972,3.8801,3.094,0.1,0.0,21.1412,True
1790469065.949,297.9,3.893,3.8803,3.094,0.1,0.0,21.1454,True
1790469065.999,297.95,3.8887,3.8805,3.094,0.1,0.0,21.1497,True
1790469066.049,298.0,3.8845,3.8807,3.094,0.1,0.0,21.154,True
1790469066.099,298.05,3.8803,3.8809,3.094,0.1,0.0,21.1582,True
1790469066.149,298.1,3.876,3.8811,3.094,0.1,0.0,21.1625,True
1790469066.199,298.15,3.8718,3.8813,3.094,0.1,0.0,21.1667,True
1790469066.249,298.2,3.8676,3.8815,3.094,0.1,-0.0,21.171,True
1790469066.299,298.25,3.8634,3.8817,3.094,0.1,0.0,21.1753,True
1790469066.349,298.3,3.8591,3.8819,3.094,0.1,0.0,21.1795,True
1790469066.399,298.35,3.8549,3.8821,3.094,0.1,0.0,21.1838,True
1790469066.449,298.4,3.8507,3.8823,3.094,0.1,0.0,21.1881,True
1790469066.499,298.45,3.8464,3.8826,3.094,0.1,0.0,21.1923,True
1790469066.549,298.5,3.8422,3.8828,3.094,0.1,-0.0,21.1966,True
1790469066.599,298.55,3.838,3.883,3.094,0.1,0.0,21.2008,True
1790469066.649,298.6,3.8338,3.8832,3.094,0.1,0.0,21.2051,True
1790469066.699,298.65,3.8295,3.8834,3.094,0.1,0.0,21.2094,True
1790469066.749,298.7,3.8253,3.8836,3.094,0.1,0.0,21.2136,True
1790469066.799,298.75,3.8211,3.8838,3.094,0.1,0.0,21.2179,True
1790469066.849,298.8,3.8168,3.884,3.094,0.1,0.0,21.2221,True
1790469066.899,298.85,3.8126,3.8842,3.094,0.1,-0.0,21.2264,True
1790469066.949,298.9,3.8084,3.8844,3.094,0.1,0.0,21.2307,True
1790469066.999,298.95,3.8042,3.8846,3.094,0.1,0.0,21.2349,True
1790469067.049,299.0,3.7999,3.8848,3.094,0.1,0.0,21.2392,True
1790469067.099,299.05,3.7957,3.885,3.094,0.1,0.0,21.2435,True
1790469067.149,299.1,3.7915,3.8852,3.094,0.1,0.0,21.2477,True
1790469067.199,299.15,3.7872,3.8854,3.094,0.1,0.0,21.252,True
1790469067.249,299.2,3.783,3.8856,3.094,0.1,0.0,21.2562,True
1790469067.299,299.25,3.7788,3.8858,3.094,0.1,0.0,21.2605,True
1790469067.349,299.3,3.7746,3.886,3.094,0.1,0.0,21.2648,True
1790469067.399,299.35,3.7703,3.8862,3.094,0.1,0.0,21.269,True
1790469067.449,299.4,3.7661,3.8864,3.094,0.1,0.0,21.2733,True
1790469067.499,299.45,3.7619,3.8866,3.094,0.1,0.0,21.2776,True
1790469067.549,299.5,3.7577,3.8868,3.094,0.1,0.0,21.2818,True
1790469067.599,299.55,3.7534,3.887,3.094,0.1,0.0,21.2861,True
1790469067.649,299.6,3.7492,3.8872,3.094,0.1,0.0,21.2903,True
1790469067.699,299.65,3.745,3.8874,3.094,0.1,0.0,21.2946,True
1790469067.749,299.7,3.7407,3.8876,3.094,0.1,0.0,21.2989,True
1790469067.799,299.75,3.7365,3.8878,3.094,0.1,0.0,21.3031,True
1790469067.849,299.8,3.7323,3.888,3.094,0.1,0.0,21.3074,True
1790469067.899,299.85,3.7281,3.8882,3.094,0.1,0.0,21.3116,True
1790469067.949,299.9,3.7238,3.8884,3.094,0.1,0.0,21.3159,True
1790469067.999,299.95,3.7196,3.8886,3.094,0.1,0.0,21.3202,True
1790469068.049,300.0,3.7154,3.8888,3.094,0.1,0.0,21.3244,True
1790469068.099,300.05,3.7111,3.889,3.094,0.1,0.0,21.3287,True
1790469068.149,300.1,3.7069,3.8892,3.094,0.1,0.0,21.333,True
1790469068.199,300.15,3.7027,3.8894,3.094,0.1,0.0,21.3372,True
1790469068.249,300.2,3.6985,3.8896,3.094,0.1,0.0,21.3415,True
1790469068.299,300.25,3.6942,3.8898,3.094,0.1,0.0,21.3457,True
1790469068.349,300.3,3.69,3.89,3.094,0.1,0.0,21.35,True
1790469068.399,300.35,3.6875,3.8891,-2.8002,0.1,0.0,21.3535,True
1790469068.449,300.4,3.6849,3.8882,-2.8002,0.1,0.0,21.357,True
1790469068.499,300.45,3.6824,3.8873,-2.8002,0.1,0.0,21.3605,True
1790469068.549,300.5,3.6799,3.8864,-2.8002,0.1,0.0,21.364,True
1790469068.599,300.55,3.6773,3.8855,-2.8002,0.1,0.0,21.3675,True
1790469068.649,300.6,3.6748,3.8846,-2.8002,0.1,0.0,21.371,True
1790469068.699,300.65,3.6723,3.8837,-2.8002,0.1,0.0,21.3745,True
1790469068.749,300.7,3.6697,3.8828,-2.8002,0.1,0.0,21.378,True
1790469068.799,300.75,3.6672,3.8819,-2.8002,0.1,0.0,21.3815,True
1790469068.849,300.8,3.6647,3.881,-2.8002,0.1,0.0,21.385,True
1790469068.899,300.85,3.6621,3.8801,-2.8002,0.1,0.0,21.3885,True
1790469068.949,300.9,3.6596,3.8792,-2.8002,0.1,0.0,21.392,True
1790469068.999,300.95,3.6571,3.8783,-2.8002,0.1,0.0,21.3955,True
1790469069.049,301.0,3.6545,3.8774,-2.8002,0.1,0.0,21.399,True
1790469069.099,301.05,3.652,3.8765,-2.8002,0.1,0.0,21.4025,True
1790469069.149,301.1,3.6495,3.8756,-2.8002,0.1,0.0,21.406,True
1790469069.199,301.15,3.6469,3.8747,-2.8002,0.1,0.0,21.4095,True
1790469069.249,301.2,3.6444,3.8738,-2.8002,0.1,0.0,21.413,True
1790469069.299,301.25,3.6419,3.8729,-2.8002,0.1,0.0,21.4165,True
1790469069.349,301.3,3.6393,3.872,-2.8002,0.1,0.0,21.42,True
1790469069.399,301.35,3.6368,3.8711,-2.8002,0.1,0.0,21.4235,True
1790469069.449,301.4,3.6343,3.8702,-2.8002,0.1,0.0,21.427,True
1790469069.499,301.45,3.6317,3.8693,-2.8002,0.1,0.0,21.4305,True
1790469069.549,301.5,3.6292,3.8684,-2.8002,0.1,0.0,21.434,True
1790469069.599,301.55,3.6267,3.8675,-2.8002,0.1,0.0,21.4375,True
1790469069.649,301.6,3.6241,3.8666,-2.8002,0.1,0.0,21.441,True
1790469069.699,301.65,3.6216,3.8657,-2.8002,0.1,0.0,21.4445,True
1790469069.749,301.7,3.6191,3.8648,-2.8002,0.1,0.0,21.448,True
1790469069.799,301.75,3.6165,3.8639,-2.8002,0.1,0.0,21.4515,True
1790469069.849,301.8,3.614,3.863,-2.8002,0.1,-0.0,21.455,True
1790469069.899,301.85,3.6115,3.8621,-2.8002,0.1,0.0,21.4585,True
1790469069.949,301.9,3.6089,3.8612,-2.8002,0.1,0.0,21.462,True
1790469069.999,301.95,3.6064,3.8603,-2.8002,0.1,0.0,21.4655,True
1790469070.049,302.0,3.6039,3.8594,-2.8002,0.1,0.0,21.469,True
1790469070.099,302.05,3.6013,3.8585,-2.8002,0.1,0.0,21.4725,True
1790469070.149,302.1,3.5988,3.8576,-2.8002,0.1,0.0,21.476,True
1790469070.199,302.15,3.5963,3.8567,-2.8002,0.1,0.0,21.4795,True
1790469070.249,302.2,3.5937,3.8558,-2.8002,0.1,0.0,21.483,True
1790469070.299,302.25,3.5912,3.8549,-2.8002,0.1,0.0,21.4865,True
1790469070.349,302.3,3.5887,3.854,-2.8002,0.1,0.0,21.49,True
1790469070.399,302.35,3.5861,3.8531,-2.8002,0.1,0.0,21.4935,True
1790469070.449,302.4,3.5836,3.8522,-2.8002,0.1,0.0,21.497,True
1790469070.499,302.45,3.5811,3.8513,-2.8002,0.1,0.0,21.5005,True
1790469070.549,302.5,3.5785,3.8504,-2.8002,0.1,-0.0,21.504,True
1790469070.599,302.55,3.576,3.8495,-2.8002,0.1,0.0,21.5075,True
1790469070.649,302.6,3.5735,3.8486,-2.8002,0.1,0.0,21.511,True
1790469070.699,302.65,3.5709,3.8477,-2.8002,0.1,0.0,21.5145,True
1790469070.749,302.7,3.5684,3.8468,-2.8002,0.1,0.0,21.518,True
1790469070.799,302.75,3.5659,3.8459,-2.8002,0.1,0.0,21.5215,True
1790469070.849,302.8,3.5633,3.845,-2.8002,0.1,0.0,21.525,True
1790469070.899,302.85,3.5608,3.8441,-2.8002,0.1,-0.0,21.5285,True
1790469070.949,302.9,3.5583,3.8432,-2.8002,0.1,0.0,21.532,True
1790469070.999,302.95,3.5557,3.8423,-2.8002,0.1,0.0,21.5355,True
1790469071.049,303.0,3.5532,3.8414,-2.8002,0.1,0.0,21.539,True
1790469071.099,303.05,3.5507,3.8405,-2.8002,0.1,0.0,21.5425,True
1790469071.149,303.1,3.5481,3.8396,-2.8002,0.1,0.0,21.546,True
1790469071.199,303.15,3.5456,3.8387,-2.8002,0.1,0.0,21.5495,True
1790469071.249,303.2,3.5431,3.8378,-2.8002,0.1,0.0,21.553,True
1790469071.299,303.25,3.5405,3.8369,-2.8002,0.1,0.0,21.5565,True
1790469071.349,303.3,3.538,3.836,-2.8002,0.1,0.0,21.56,True
1790469071.399,303.35,3.5355,3.8351,-2.8002,0.1,0.0,21.5635,True
1790469071.449,303.4,3.5329,3.8342,-2.8002,0.1,0.0,21.567,True
1790469071.499,303.45,3.5304,3.8333,-2.8002,0.1,0.0,21.5705,True
1790469071.549,303.5,3.5279,3.8324,-2.8002,0.1,-0.0,21.574,True
1790469071.599,303.55,3.5253,3.8315,-2.8002,0.1,0.0,21.5775,True
1790469071.649,303.6,3.5228,3.8306,-2.8002,0.1,0.0,21.581,True
1790469071.699,303.65,3.5203,3.8297,-2.8002,0.1,0.0,21.5845,True
1790469071.749,303.7,3.5177,3.8288,-2.8002,0.1,0.0,21.588,True
1790469071.799,303.75,3.5152,3.8279,-2.8002,0.1,0.0,21.5915,True
1790469071.849,303.8,3.5127,3.827,-2.8002,0.1,-0.0,21.595,True
1790469071.899,303.85,3.5101,3.8261,-2.8002,0.1,0.0,21.5985,True
1790469071.949,303.9,3.5076,3.8252,-2.8002,0.1,0.0,21.602,True
1790469071.999,303.95,3.5051,3.8243,-2.8002,0.1,0.0,21.6055,True
1790469072.049,304.0,3.5025,3.8234,-2.8002,0.1,0.0,21.609,True
1790469072.099,304.05,3.5,3.8225,-2.8002,0.1,0.0,21.6125,True
1790469072.149,304.1,3.4975,3.8216,-2.8002,0.1,0.0,21.616,True
1790469072.199,304.15,3.4949,3.8207,-2.8002,0.1,0.0,21.6195,True
1790469072.249,304.2,3.4924,3.8198,-2.8002,0.1,0.0,21.623,True
1790469072.299,304.25,3.4899,3.8189,-2.8002,0.1,0.0,21.6265,True
1790469072.349,304.3,3.4873,3.818,-2.8002,0.1,0.0,21.63,True
1790469072.399,304.35,3.4848,3.8171,-2.8002,0.1,0.0,21.6335,True
1790469072.449,304.4,3.4823,3.8162,-2.8002,0.1,0.0,21.637,True
1790469072.499,304.45,3.4797,3.8153,-2.8002,0.1,-0.0,21.6405,True
1790469072.549,304.5,3.4772,3.8144,-2.8002,0.1,0.0,21.644,True
1790469072.599,304.55,3.4747,3.8135,-2.8002,0.1,0.0,21.6475,True
1790469072.649,304.6,3.4721,3.8126,-2.8002,0.1,0.0,21.651,True
1790469072.699,304.65,3.4696,3.8117,-2.8002,0.1,0.0,21.6545,True
1790469072.749,304.7,3.4671,3.8108,-2.8002,0.1,0.0,21.658,True
1790469072.799,304.75,3.4645,3.8099,-2.8002,0.1,0.0,21.6615,True
1790469072.849,304.8,3.462,3.809,-2.8002,0.1,-0.0,21.665,True
1790469072.899,304.85,3.4595,3.8081,-2.8002,0.1,0.0,21.6685,True
1790469072.949,304.9,3.4569,3.8072,-2.8002,0.1,0.0,21.672,True
1790469072.999,304.95,3.4544,3.8063,-2.8002,0.1,0.0,21.6755,True
1790469073.049,305.0,3.4519,3.8054,-2.8002,0.1,0.0,21.679,True
1790469073.099,305.05,3.4493,3.8045,-2.8002,0.1,0.0,21.6825,True
1790469073.149,305.1,3.4468,3.8036,-2.8002,0.1,0.0,21.686,True
1790469073.199,305.15,3.4443,3.8027,-2.8002,0.1,0.0,21.6895,True
1790469073.249,305.2,3.4417,3.8018,-2.8002,0.1,0.0,21.693,True
1790469073.299,305.25,3.4392,3.8009,-2.8002,0.1,0.0,21.6965,True
1790469073.349,305.3,3.4367,3.8,-2.8002,0.1,0.0,21.7,True
1790469073.399,305.35,3.4341,3.7991,-2.8002,0.1,0.0,21.7035,True
1790469073.449,305.4,3.4316,3.7982,-2.8002,0.1,0.0,21.707,True
1790469073.499,305.45,3.4291,3.7973,-2.8002,0.1,0.0,21.7105,True
1790469073.549,305.5,3.4265,3.7964,-2.8002,0.1,0.0,21.714,True
1790469073.599,305.55,3.424,3.7955,-2.8002,0.1,0.0,21.7175,True
1790469073.649,305.6,3.4215,3.7946,-2.8002,0.1,0.0,21.721,True
1790469073.699,305.65,3.4189,3.7937,-2.8002,0.1,0.0,21.7245,True
1790469073.749,305.7,3.4164,3.7928,-2.8002,0.1,0.0,21.728,True
1790469073.799,305.75,3.4139,3.7919,-2.8002,0.1,0.0,21.7315,True
1790469073.849,305.8,3.4113,3.791,-2.8002,0.1,0.0,21.735,True
1790469073.899,305.85,3.4088,3.7901,-2.8002,0.1,0.0,21.7385,True
1790469073.949,305.9,3.4063,3.7892,-2.8002,0.1,0.0,21.742,True
1790469073.999,305.95,3.4037,3.7883,-2.8002,0.1,0.0,21.7455,True
1790469074.049,306.0,3.4012,3.7874,-2.8002,0.1,0.0,21.749,True
1790469074.099,306.05,3.3987,3.7865,-2.8002,0.1,0.0,21.7525,True
1790469074.149,306.1,3.3961,3.7856,-2.8002,0.1,0.0,21.756,True
1790469074.199,306.15,3.3936,3.7847,-2.8002,0.1,0.0,21.7595,True
1790469074.249,306.2,3.3911,3.7838,-2.8002,0.1,0.0,21.763,True
1790469074.299,306.25,3.3885,3.7829,-2.8002,0.1,0.0,21.7665,True
1790469074.349,306.3,3.386,3.782,-2.8002,0.1,0.0,21.77,True
1790469074.399,306.35,3.3835,3.7811,-2.8002,0.1,0.0,21.7735,True
1790469074.449,306.4,3.3809,3.7802,-2.8002,0.1,-0.0,21.777,True
1790469074.499,306.45,3.3784,3.7793,-2.8002,0.1,0.0,21.7805,True
1790469074.549,306.5,3.3759,3.7784,-2.8002,0.1,0.0,21.784,True
1790469074.599,306.55,3.3733,3.7775,-2.8002,0.1,0.0,21.7875,True
1790469074.649,306.6,3.3708,3.7766,-2.8002,0.1,0.0,21.791,True
1790469074.699,306.65,3.3683,3.7757,-2.8002,0.1,0.0,21.7945,True
1790469074.749,306.7,3.3657,3.7748,-2.8002,0.1,0.0,21.798,True
1790469074.799,306.75,3.3632,3.7739,-2.8002,0.1,0.0,21.8015,True
1790469074.849,306.8,3.3607,3.773,-2.8002,0.1,0.0,21.805,True
1790469074.899,306.85,3.3581,3.7721,-2.8002,0.1,0.0,21.8085,True
1790469074.949,306.9,3.3556,3.7712,-2.8002,0.1,0.0,21.812,True
1790469074.999,306.95,3.3531,3.7703,-2.8002,0.1,0.0,21.8155,True
1790469075.049,307.0,3.3505,3.7694,-2.8002,0.1,0.0,21.819,True
1790469075.099,307.05,3.348,3.7685,-2.8002,0.1,0.0,21.8225,True
1790469075.149,307.1,3.3455,3.7676,-2.8002,0.1,0.0,21.826,True
1790469075.199,307.15,3.3429,3.7667,-2.8002,0.1,0.0,21.8295,True
1790469075.249,307.2,3.3404,3.7658,-2.8002,0.1,0.0,21.833,True
1790469075.299,307.25,3.3379,3.7649,-2.8002,0.1,0.0,21.8365,True
1790469075.349,307.3,3.3353,3.764,-2.8002,0.1,0.0,21.84,True
1790469075.399,307.35,3.3328,3.7631,-2.8002,0.1,0.0,21.8435,True
1790469075.449,307.4,3.3303,3.7622,-2.8002,0.1,0.0,21.847,True
1790469075.499,307.45,3.3277,3.7613,-2.8002,0.1,0.0,21.8505,True
1790469075.549,307.5,3.3252,3.7604,-2.8002,0.1,0.0,21.854,True
1790469075.599,307.55,3.3227,3.7595,-2.8002,0.1,0.0,21.8575,True
1790469075.649,307.6,3.3201,3.7586,-2.8002,0.1,0.0,21.861,True
1790469075.699,307.65,3.3176,3.7577,-2.8002,0.1,0.0,21.8645,True
1790469075.749,307.7,3.3151,3.7568,-2.8002,0.1,0.0,21.868,True
1790469075.799,307.75,3.3125,3.7559,-2.8002,0.1,0.0,21.8715,True
1790469075.849,307.8,3.31,3.755,-2.8002,0.1,0.0,21.875,True
1790469075.899,307.85,3.3075,3.7541,-2.8002,0.1,0.0,21.8785,True
1790469075.949,307.9,3.3049,3.7532,-2.8002,0.1,0.0,21.882,True
1790469075.999,307.95,3.3024,3.7523,-2.8002,0.1,0.0,21.8855,True
1790469076.049,308.0,3.2999,3.7514,-2.8002,0.1,0.0,21.889,True
1790469076.099,308.05,3.2973,3.7505,-2.8002,0.1,0.0,21.8925,True
1790469076.149,308.1,3.2948,3.7496,-2.8002,0.1,0.0,21.896,True
1790469076.199,308.15,3.2923,3.7487,-2.8002,0.1,0.0,21.8995,True
1790469076.249,308.2,3.2897,3.7478,-2.8002,0.1,0.0,21.903,True
1790469076.299,308.25,3.2872,3.7469,-2.8002,0.1,0.0,21.9065,True
1790469076.349,308.3,3.2847,3.746,-2.8002,0.1,0.0,21.91,True
1790469076.399,308.35,3.2821,3.7451,-2.8002,0.1,0.0,21.9135,True
1790469076.449,308.4,3.2796,3.7442,-2.8002,0.1,0.0,21.917,True
1790469076.499,308.45,3.2771,3.7433,-2.8002,0.1,0.0,21.9205,True
1790469076.549,308.5,3.2745,3.7424,-2.8002,0.1,0.0,21.924,True
1790469076.599,308.55,3.272,3.7415,-2.8002,0.1,0.0,21.9275,True
1790469076.649,308.6,3.2695,3.7406,-2.8002,0.1,0.0,21.931,True
1790469076.699,308.65,3.2669,3.7397,-2.8002,0.1,0.0,21.9345,True
1790469076.749,308.7,3.2644,3.7388,-2.8002,0.1,0.0,21.938,True
1790469076.799,308.75,3.2619,3.7379,-2.8002,0.1,0.0,21.9415,True
1790469076.849,308.8,3.2593,3.737,-2.8002,0.1,0.0,21.945,True
1790469076.899,308.85,3.2568,3.7361,-2.8002,0.1,0.0,21.9485,True
1790469076.949,308.9,3.2543,3.7352,-2.8002,0.1,0.0,21.952,True
1790469076.999,308.95,3.2517,3.7343,-2.8002,0.1,0.0,21.9555,True
1790469077.049,309.0,3.2492,3.7334,-2.8002,0.1,0.0,21.959,True
1790469077.099,309.05,3.2467,3.7325,-2.8002,0.1,0.0,21.9625,True
1790469077.149,309.1,3.2441,3.7316,-2.8002,0.1,0.0,21.966,True
1790469077.199,309.15,3.2416,3.7307,-2.8002,0.1,0.0,21.9695,True
1790469077.249,309.2,3.2391,3.7298,-2.8002,0.1,0.0,21.973,True
1790469077.299,309.25,3.2365,3.7289,-2.8002,0.1,0.0,21.9765,True
1790469077.349,309.3,3.234,3.728,-2.8002,0.1,0.0,21.98,True
1790469077.399,309.35,3.2315,3.7271,-2.8002,0.1,0.0,21.9835,True
1790469077.449,309.4,3.2289,3.7262,-2.8002,0.1,0.0,21.987,True
1790469077.499,309.45,3.2264,3.7253,-2.8002,0.1,0.0,21.9905,True
1790469077.549,309.5,3.2239,3.7244,-2.8002,0.1,0.0,21.994,True
1790469077.599,309.55,3.2213,3.7235,-2.8002,0.1,0.0,21.9975,True
1790469077.649,309.6,3.2188,3.7226,-2.8002,0.1,0.0,22.001,True
1790469077.699,309.65,3.2163,3.7217,-2.8002,0.1,0.0,22.0045,True
1790469077.749,309.7,3.2137,3.7208,-2.8002,0.1,0.0,22.008,True
1790469077.799,309.75,3.2112,3.7199,-2.8002,0.1,0.0,22.0115,True
1790469077.849,309.8,3.2087,3.719,-2.8002,0.1,0.0,22.015,True
1790469077.899,309.85,3.2061,3.7181,-2.8002,0.1,0.0,22.0185,True
1790469077.949,309.9,3.2036,3.7172,-2.8002,0.1,0.0,22.022,True
1790469077.999,309.95,3.2011,3.7163,-2.8002,0.1,0.0,22.0255,True
1790469078.049,310.0,3.1985,3.7154,-2.8002,0.1,0.0,22.029,True
1790469078.099,310.05,3.196,3.7145,-2.8002,0.1,0.0,22.0325,True
1790469078.149,310.1,3.1935,3.7136,-2.8002,0.1,0.0,22.036,True
1790469078.199,310.15,3.1909,3.7127,-2.8002,0.1,0.0,22.0395,True
1790469078.249,310.2,3.1884,3.7118,-2.8002,0.1,0.0,22.043,True
1790469078.299,310.25,3.1859,3.7109,-2.8002,0.1,0.0,22.0465,True
1790469078.349,310.3,3.1833,3.71,-2.8002,0.1,0.0,22.05,True
1790469078.399,310.35,3.1808,3.7091,-2.8002,0.1,0.0,22.0535,True
1790469078.449,310.4,3.1783,3.7082,-2.8002,0.1,0.0,22.057,True
1790469078.499,310.45,3.1757,3.7073,-2.8002,0.1,0.0,22.0605,True
1790469078.549,310.5,3.1732,3.7064,-2.8002,0.1,0.0,22.064,True
1790469078.599,310.55,3.1707,3.7055,-2.8002,0.1,0.0,22.0675,True
1790469078.649,310.6,3.1681,3.7046,-2.8002,0.1,0.0,22.071,True
1790469078.699,310.65,3.1656,3.7037,-2.8002,0.1,0.0,22.0745,True
1790469078.749,310.7,3.1631,3.7028,-2.8002,0.1,0.0,22.078,True
1790469078.799,310.75,3.1605,3.7019,-2.8002,0.1,0.0,22.0815,True
1790469078.849,310.8,3.158,3.701,-2.8002,0.1,0.0,22.085,True
1790469078.899,310.85,3.1555,3.7001,-2.8002,0.1,0.0,22.0885,True
1790469078.949,310.9,3.1529,3.6992,-2.8002,0.1,0.0,22.092,True
1790469078.999,310.95,3.1504,3.6983,-2.8002,0.1,0.0,22.0955,True
1790469079.049,311.0,3.1479,3.6974,-2.8002,0.1,0.0,22.099,True
1790469079.099,311.05,3.1453,3.6965,-2.8002,0.1,0.0,22.1025,True
1790469079.149,311.1,3.1428,3.6956,-2.8002,0.1,0.0,22.106,True
1790469079.199,311.15,3.1403,3.6947,-2.8002,0.1,0.0,22.1095,True
1790469079.249,311.2,3.1377,3.6938,-2.8002,0.1,0.0,22.113,True
1790469079.299,311.25,3.1352,3.6929,-2.8002,0.1,0.0,22.1165,True
1790469079.349,311.3,3.1327,3.692,-2.8002,0.1,0.0,22.12,True
1790469079.399,311.35,3.1301,3.6911,-2.8002,0.1,0.0,22.1235,True
1790469079.449,311.4,3.1276,3.6902,-2.8002,0.1,0.0,22.127,True
1790469079.499,311.45,3.1251,3.6893,-2.8002,0.1,0.0,22.1305,True
1790469079.549,311.5,3.1225,3.6884,-2.8002,0.1,0.0,22.134,True
1790469079.599,311.55,3.12,3.6875,-2.8002,0.1,0.0,22.1375,True
1790469079.649,311.6,3.1175,3.6866,-2.8002,0.1,0.0,22.141,True
1790469079.699,311.65,3.1149,3.6857,-2.8002,0.1,0.0,22.1445,True
1790469079.749,311.7,3.1124,3.6848,-2.8002,0.1,0.0,22.148,True
1790469079.799,311.75,3.1099,3.6839,-2.8002,0.1,0.0,22.1515,True
1790469079.849,311.8,3.1073,3.683,-2.8002,0.1,0.0,22.155,True
1790469079.899,311.85,3.1048,3.6821,-2.8002,0.1,0.0,22.1585,True
1790469079.949,311.9,3.1023,3.6812,-2.8002,0.1,0.0,22.162,True
1790469079.999,311.95,3.0997,3.6803,-2.8002,0.1,0.0,22.1655,True
1790469080.049,312.0,3.0972,3.6794,-2.8002,0.1,0.0,22.169,True
1790469080.099,312.05,3.0947,3.6785,-2.8002,0.1,0.0,22.1725,True
1790469080.149,312.1,3.0921,3.6776,-2.8002,0.1,0.0,22.176,True
1790469080.199,312.15,3.0896,3.6767,-2.8002,0.1,0.0,22.1795,True
1790469080.249,312.2,3.0871,3.6758,-2.8002,0.1,0.0,22.183,True
1790469080.299,312.25,3.0845,3.6749,-2.8002,0.1,0.0,22.1865,True
1790469080.349,312.3,3.082,3.674,-2.8002,0.1,0.0,22.19,True
1790469080.399,312.35,3.0795,3.6731,-2.8002,0.1,0.0,22.1935,True
1790469080.449,312.4,3.0769,3.6722,-2.8002,0.1,0.0,22.197,True
1790469080.499,312.45,3.0744,3.6713,-2.8002,0.1,0.0,22.2005,True
1790469080.549,312.5,3.0719,3.6704,-2.8002,0.1,0.0,22.204,True
1790469080.599,312.55,3.0693,3.6695,-2.8002,0.1,0.0,22.2075,True
1790469080.649,312.6,3.0668,3.6686,-2.8002,0.1,0.0,22.211,True
1790469080.699,312.65,3.0643,3.6677,-2.8002,0.1,0.0,22.2145,True
1790469080.749,312.7,3.0617,3.6668,-2.8002,0.1,0.0,22.218,True
1790469080.799,312.75,3.0592,3.6659,-2.8002,0.1,0.0,22.2215,True
1790469080.849,312.8,3.0567,3.665,-2.8002,0.1,0.0,22.225,True
1790469080.899,312.85,3.0541,3.6641,-2.8002,0.1,0.0,22.2285,True
1790469080.949,312.9,3.0516,3.6632,-2.8002,0.1,0.0,22.232,True
1790469080.999,312.95,3.0491,3.6623,-2.8002,0.1,0.0,22.2355,True
1790469081.049,313.0,3.0465,3.6614,-2.8002,0.1,0.0,22.239,True
1790469081.099,313.05,3.044,3.6605,-2.8002,0.1,0.0,22.2425,True
1790469081.149,313.1,3.0415,3.6596,-2.8002,0.1,0.0,22.246,True
1790469081.199,313.15,3.0389,3.6587,-2.8002,0.1,0.0,22.2495,True
1790469081.249,313.2,3.0364,3.6578,-2.8002,0.1,0.0,22.253,True
1790469081.299,313.25,3.0339,3.6569,-2.8002,0.1,0.0,22.2565,True
1790469081.349,313.3,3.0313,3.656,-2.8002,0.1,0.0,22.26,True
1790469081.399,313.35,3.0288,3.6551,-2.8002,0.1,0.0,22.2635,True
1790469081.449,313.4,3.0263,3.6542,-2.8002,0.1,0.0,22.267,True
1790469081.499,313.45,3.0237,3.6533,-2.8002,0.1,0.0,22.2705,True
1790469081.549,313.5,3.0212,3.6524,-2.8002,0.1,0.0,22.274,True
1790469081.599,313.55,3.0187,3.6515,-2.8002,0.1,0.0,22.2775,True
1790469081.649,313.6,3.0161,3.6506,-2.8002,0.1,0.0,22.281,True
1790469081.699,313.65,3.0136,3.6497,-2.8002,0.1,0.0,22.2845,True
1790469081.749,313.7,3.0111,3.6488,-2.8002,0.1,0.0,22.288,True
1790469081.799,313.75,3.0085,3.6479,-2.8002,0.1,0.0,22.2915,True
1790469081.849,313.8,3.006,3.647,-2.8002,0.1,0.0,22.295,True
1790469081.899,313.85,3.0035,3.6461,-2.8002,0.1,0.0,22.2985,True
1790469081.949,313.9,3.0009,3.6452,-2.8002,0.1,0.0,22.302,True
1790469081.999,313.95,2.9984,3.6443,-2.8002,0.1,0.0,22.3055,True
1790469082.049,314.0,2.9959,3.6434,-2.8002,0.1,0.0,22.309,True
1790469082.099,314.05,2.9933,3.6425,-2.8002,0.1,0.0,22.3125,True
1790469082.149,314.1,2.9908,3.6416,-2.8002,0.1,0.0,22.316,True
1790469082.199,314.15,2.9883,3.6407,-2.8002,0.1,0.0,22.3195,True
1790469082.249,314.2,2.9857,3.6398,-2.8002,0.1,0.0,22.323,True
1790469082.299,314.25,2.9832,3.6389,-2.8002,0.1,0.0,22.3265,True
1790469082.349,314.3,2.9807,3.638,-2.8002,0.1,0.0,22.33,True
1790469082.399,314.35,2.9781,3.6371,-2.8002,0.1,0.0,22.3335,True
1790469082.449,314.4,2.9756,3.6362,-2.8002,0.1,0.0,22.337,True
1790469082.499,314.45,2.9731,3.6353,-2.8002,0.1,0.0,22.3405,True
1790469082.549,314.5,2.9705,3.6344,-2.8002,0.1,0.0,22.344,True
1790469082.599,314.55,2.968,3.6335,-2.8002,0.1,0.0,22.3475,True
1790469082.649,314.6,2.9655,3.6326,-2.8002,0.1,0.0,22.351,True
1790469082.699,314.65,2.9629,3.6317,-2.8002,0.1,0.0,22.3545,True
1790469082.749,314.7,2.9604,3.6308,-2.8002,0.1,0.0,22.358,True
1790469082.799,314.75,2.9579,3.6299,-2.8002,0.1,0.0,22.3615,True
1790469082.849,314.8,2.9553,3.629,-2.8002,0.1,0.0,22.365,True
1790469082.899,314.85,2.9528,3.6281,-2.8002,0.1,0.0,22.3685,True
1790469082.949,314.9,2.9503,3.6272,-2.8002,0.1,0.0,22.372,True
1790469082.999,314.95,2.9477,3.6263,-2.8002,0.1,0.0,22.3755,True
1790469083.049,315.0,2.9452,3.6254,-2.8002,0.1,0.0,22.379,True
1790469083.099,315.05,2.9427,3.6245,-2.8002,0.1,0.0,22.3825,True
1790469083.149,315.1,2.9401,3.6236,-2.8002,0.1,0.0,22.386,True
1790469083.199,315.15,2.9376,3.6227,-2.8002,0.1,0.0,22.3895,True
1790469083.249,315.2,2.9351,3.6218,-2.8002,0.1,0.0,22.393,True
1790469083.299,315.25,2.9325,3.6209,-2.8002,0.1,0.0,22.3965,True
1790469083.349,315.3,2.93,3.62,-2.8002,0.1,0.0,22.4,True
1790469083.399,315.35,2.9276,3.6198,-3.0573,0.1,0.0,22.4028,True
1790469083.449,315.4,2.9252,3.6196,-3.0573,0.1,0.0,22.4056,True
1790469083.499,315.45,2.9229,3.6194,-3.0573,0.1,0.0,22.4084,True
1790469083.549,315.5,2.9205,3.6192,-3.0573,0.1,0.0,22.4111,True
1790469083.599,315.55,2.9181,3.619,-3.0573,0.1,0.0,22.4139,True
1790469083.649,315.6,2.9157,3.6188,-3.0573,0.1,0.0,22.4167,True
1790469083.699,315.65,2.9133,3.6186,-3.0573,0.1,0.0,22.4195,True
1790469083.749,315.7,2.9109,3.6184,-3.0573,0.1,0.0,22.4223,True
1790469083.799,315.75,2.9086,3.6182,-3.0573,0.1,0.0,22.4251,True
1790469083.849,315.8,2.9062,3.618,-3.0573,0.1,0.0,22.4279,True
1790469083.899,315.85,2.9038,3.6178,-3.0573,0.1,0.0,22.4306,True
1790469083.949,315.9,2.9014,3.6176,-3.0573,0.1,0.0,22.4334,True
1790469083.999,315.95,2.899,3.6174,-3.0573,0.1,0.0,22.4362,True
1790469084.049,316.0,2.8966,3.6172,-3.0573,0.1,0.0,22.439,True
1790469084.099,316.05,2.8943,3.617,-3.0573,0.1,0.0,22.4418,True
1790469084.149,316.1,2.8919,3.6168,-3.0573,0.1,0.0,22.4446,True
1790469084.199,316.15,2.8895,3.6166,-3.0573,0.1,0.0,22.4473,True
1790469084.249,316.2,2.8871,3.6164,-3.0573,0.1,0.0,22.4501,True
1790469084.299,316.25,2.8847,3.6162,-3.0573,0.1,0.0,22.4529,True
1790469084.349,316.3,2.8823,3.616,-3.0573,0.1,0.0,22.4557,True
1790469084.399,316.35,2.88,3.6158,-3.0573,0.1,0.0,22.4585,True
1790469084.449,316.4,2.8776,3.6156,-3.0573,0.1,0.0,22.4613,True
1790469084.499,316.45,2.8752,3.6154,-3.0573,0.1,0.0,22.4641,True
1790469084.549,316.5,2.8728,3.6152,-3.0573,0.1,0.0,22.4668,True
1790469084.599,316.55,2.8704,3.615,-3.0573,0.1,0.0,22.4696,True
1790469084.649,316.6,2.8681,3.6148,-3.0573,0.1,0.0,22.4724,True
1790469084.699,316.65,2.8657,3.6146,-3.0573,0.1,0.0,22.4752,True
1790469084.749,316.7,2.8633,3.6144,-3.0573,0.1,0.0,22.478,True
1790469084.799,316.75,2.8609,3.6142,-3.0573,0.1,0.0,22.4808,True
1790469084.849,316.8,2.8585,3.614,-3.0573,0.1,0.0,22.4836,True
1790469084.899,316.85,2.8561,3.6138,-3.0573,0.1,0.0,22.4863,True
1790469084.949,316.9,2.8538,3.6136,-3.0573,0.1,0.0,22.4891,True
1790469084.999,316.95,2.8514,3.6134,-3.0573,0.1,0.0,22.4919,True
1790469085.049,317.0,2.849,3.6132,-3.0573,0.1,0.0,22.4947,True
1790469085.099,317.05,2.8466,3.613,-3.0573,0.1,0.0,22.4975,True
1790469085.149,317.1,2.8442,3.6128,-3.0573,0.1,0.0,22.5003,True
1790469085.199,317.15,2.8418,3.6126,-3.0573,0.1,0.0,22.5031,True
1790469085.249,317.2,2.8395,3.6123,-3.0573,0.1,0.0,22.5058,True
1790469085.299,317.25,2.8371,3.6121,-3.0573,0.1,0.0,22.5086,True
1790469085.349,317.3,2.8347,3.6119,-3.0573,0.1,0.0,22.5114,True
1790469085.399,317.35,2.8323,3.6117,-3.0573,0.1,0.0,22.5142,True
1790469085.449,317.4,2.8299,3.6115,-3.0573,0.1,0.0,22.517,True
1790469085.499,317.45,2.8276,3.6113,-3.0573,0.1,0.0,22.5198,True
1790469085.549,317.5,2.8252,3.6111,-3.0573,0.1,0.0,22.5226,True
1790469085.599,317.55,2.8228,3.6109,-3.0573,0.1,0.0,22.5253,True
1790469085.649,317.6,2.8204,3.6107,-3.0573,0.1,0.0,22.5281,True
1790469085.699,317.65,2.818,3.6105,-3.0573,0.1,0.0,22.5309,True
1790469085.749,317.7,2.8156,3.6103,-3.0573,0.1,0.0,22.5337,True
1790469085.799,317.75,2.8133,3.6101,-3.0573,0.1,0.0,22.5365,True
1790469085.849,317.8,2.8109,3.6099,-3.0573,0.1,0.0,22.5393,True
1790469085.899,317.85,2.8085,3.6097,-3.0573,0.1,0.0,22.542,True
1790469085.949,317.9,2.8061,3.6095,-3.0573,0.1,0.0,22.5448,True
1790469085.999,317.95,2.8037,3.6093,-3.0573,0.1,0.0,22.5476,True
1790469086.049,318.0,2.8013,3.6091,-3.0573,0.1,0.0,22.5504,True
1790469086.099,318.05,2.799,3.6089,-3.0573,0.1,0.0,22.5532,True
1790469086.149,318.1,2.7966,3.6087,-3.0573,0.1,0.0,22.556,True
1790469086.199,318.15,2.7942,3.6085,-3.0573,0.1,0.0,22.5588,True
1790469086.249,318.2,2.7918,3.6083,-3.0573,0.1,0.0,22.5615,True
1790469086.299,318.25,2.7894,3.6081,-3.0573,0.1,0.0,22.5643,True
1790469086.349,318.3,2.787,3.6079,-3.0573,0.1,0.0,22.5671,True
1790469086.399,318.35,2.7847,3.6077,-3.0573,0.1,0.0,22.5699,True
1790469086.449,318.4,2.7823,3.6075,-3.0573,0.1,0.0,22.5727,True
1790469086.499,318.45,2.7799,3.6073,-3.0573,0.1,0.0,22.5755,True
1790469086.549,318.5,2.7775,3.6071,-3.0573,0.1,0.0,22.5783,True
1790469086.599,318.55,2.7751,3.6069,-3.0573,0.1,0.0,22.581,True
1790469086.649,318.6,2.7728,3.6067,-3.0573,0.1,0.0,22.5838,True
1790469086.699,318.65,2.7704,3.6065,-3.0573,0.1,0.0,22.5866,True
1790469086.749,318.7,2.768,3.6063,-3.0573,0.1,0.0,22.5894,True
1790469086.799,318.75,2.7656,3.6061,-3.0573,0.1,0.0,22.5922,True
1790469086.849,318.8,2.7632,3.6059,-3.0573,0.1,0.0,22.595,True
1790469086.899,318.85,2.7608,3.6057,-3.0573,0.1,0.0,22.5978,True
1790469086.949,318.9,2.7585,3.6055,-3.0573,0.1,0.0,22.6005,True
1790469086.999,318.95,2.7561,3.6053,-3.0573,0.1,0.0,22.6033,True
1790469087.049,319.0,2.7537,3.6051,-3.0573,0.1,0.0,22.6061,True
1790469087.099,319.05,2.7513,3.6049,-3.0573,0.1,0.0,22.6089,True
1790469087.149,319.1,2.7489,3.6047,-3.0573,0.1,0.0,22.6117,True
1790469087.199,319.15,2.7465,3.6045,-3.0573,0.1,0.0,22.6145,True
1790469087.249,319.2,2.7442,3.6043,-3.0573,0.1,0.0,22.6172,True
1790469087.299,319.25,2.7418,3.6041,-3.0573,0.1,0.0,22.62,True
1790469087.349,319.3,2.7394,3.6039,-3.0573,0.1,0.0,22.6228,True
1790469087.399,319.35,2.737,3.6037,-3.0573,0.1,0.0,22.6256,True
1790469087.449,319.4,2.7346,3.6035,-3.0573,0.1,0.0,22.6284,True
1790469087.499,319.45,2.7322,3.6033,-3.0573,0.1,0.0,22.6312,True
1790469087.549,319.5,2.7299,3.6031,-3.0573,0.1,0.0,22.634,True
1790469087.599,319.55,2.7275,3.6029,-3.0573,0.1,0.0,22.6367,True
1790469087.649,319.6,2.7251,3.6027,-3.0573,0.1,0.0,22.6395,True
1790469087.699,319.65,2.7227,3.6025,-3.0573,0.1,0.0,22.6423,True
1790469087.749,319.7,2.7203,3.6023,-3.0573,0.1,0.0,22.6451,True
1790469087.799,319.75,2.718,3.6021,-3.0573,0.1,0.0,22.6479,True
1790469087.849,319.8,2.7156,3.6019,-3.0573,0.1,0.0,22.6507,True
1790469087.899,319.85,2.7132,3.6017,-3.0573,0.1,0.0,22.6535,True
1790469087.949,319.9,2.7108,3.6015,-3.0573,0.1,0.0,22.6562,True
1790469087.999,319.95,2.7084,3.6013,-3.0573,0.1,0.0,22.659,True
1790469088.049,320.0,2.706,3.6011,-3.0573,0.1,0.0,22.6618,True
1790469088.099,320.05,2.7037,3.6009,-3.0573,0.1,0.0,22.6646,True
1790469088.149,320.1,2.7013,3.6007,-3.0573,0.1,0.0,22.6674,True
1790469088.199,320.15,2.6989,3.6005,-3.0573,0.1,0.0,22.6702,True
1790469088.249,320.2,2.6965,3.6003,-3.0573,0.1,0.0,22.673,True
1790469088.299,320.25,2.6941,3.6001,-3.0573,0.1,0.0,22.6757,True
1790469088.349,320.3,2.6917,3.5999,-3.0573,0.1,0.0,22.6785,True
1790469088.399,320.35,2.6894,3.5997,-3.0573,0.1,0.0,22.6813,True
1790469088.449,320.4,2.687,3.5995,-3.0573,0.1,0.0,22.6841,True
1790469088.499,320.45,2.6846,3.5993,-3.0573,0.1,0.0,22.6869,True
1790469088.549,320.5,2.6822,3.5991,-3.0573,0.1,0.0,22.6897,True
1790469088.599,320.55,2.6798,3.5989,-3.0573,0.1,0.0,22.6924,True
1790469088.649,320.6,2.6774,3.5987,-3.0573,0.1,0.0,22.6952,True
1790469088.699,320.65,2.6751,3.5985,-3.0573,0.1,0.0,22.698,True
1790469088.749,320.7,2.6727,3.5983,-3.0573,0.1,0.0,22.7008,True
1790469088.799,320.75,2.6703,3.5981,-3.0573,0.1,0.0,22.7036,True
1790469088.849,320.8,2.6679,3.5979,-3.0573,0.1,0.0,22.7064,True
1790469088.899,320.85,2.6655,3.5977,-3.0573,0.1,0.0,22.7092,True
1790469088.949,320.9,2.6632,3.5974,-3.0573,0.1,0.0,22.7119,True
1790469088.999,320.95,2.6608,3.5972,-3.0573,0.1,0.0,22.7147,True
1790469089.049,321.0,2.6584,3.597,-3.0573,0.1,0.0,22.7175,True
1790469089.099,321.05,2.656,3.5968,-3.0573,0.1,0.0,22.7203,True
1790469089.149,321.1,2.6536,3.5966,-3.0573,0.1,0.0,22.7231,True
1790469089.199,321.15,2.6512,3.5964,-3.0573,0.1,0.0,22.7259,True
1790469089.249,321.2,2.6489,3.5962,-3.0573,0.1,0.0,22.7287,True
1790469089.299,321.25,2.6465,3.596,-3.0573,0.1,0.0,22.7314,True
1790469089.349,321.3,2.6441,3.5958,-3.0573,0.1,0.0,22.7342,True
1790469089.399,321.35,2.6417,3.5956,-3.0573,0.1,0.0,22.737,True
1790469089.449,321.4,2.6393,3.5954,-3.0573,0.1,0.0,22.7398,True
1790469089.499,321.45,2.6369,3.5952,-3.0573,0.1,0.0,22.7426,True
1790469089.549,321.5,2.6346,3.595,-3.0573,0.1,0.0,22.7454,True
1790469089.599,321.55,2.6322,3.5948,-3.0573,0.1,0.0,22.7482,True
1790469089.649,321.6,2.6298,3.5946,-3.0573,0.1,0.0,22.7509,True
1790469089.699,321.65,2.6274,3.5944,-3.0573,0.1,0.0,22.7537,True
1790469089.749,321.7,2.625,3.5942,-3.0573,0.1,0.0,22.7565,True
1790469089.799,321.75,2.6227,3.594,-3.0573,0.1,0.0,22.7593,True
1790469089.849,321.8,2.6203,3.5938,-3.0573,0.1,0.0,22.7621,True
1790469089.899,321.85,2.6179,3.5936,-3.0573,0.1,0.0,22.7649,True
1790469089.949,321.9,2.6155,3.5934,-3.0573,0.1,0.0,22.7677,True
1790469089.999,321.95,2.6131,3.5932,-3.0573,0.1,0.0,22.7704,True
1790469090.049,322.0,2.6107,3.593,-3.0573,0.1,0.0,22.7732,True
1790469090.099,322.05,2.6084,3.5928,-3.0573,0.1,0.0,22.776,True
1790469090.149,322.1,2.606,3.5926,-3.0573,0.1,0.0,22.7788,True
1790469090.199,322.15,2.6036,3.5924,-3.0573,0.1,0.0,22.7816,True
1790469090.249,322.2,2.6012,3.5922,-3.0573,0.1,0.0,22.7844,True
1790469090.299,322.25,2.5988,3.592,-3.0573,0.1,0.0,22.7871,True
1790469090.349,322.3,2.5964,3.5918,-3.0573,0.1,0.0,22.7899,True
1790469090.399,322.35,2.5941,3.5916,-3.0573,0.1,0.0,22.7927,True
1790469090.449,322.4,2.5917,3.5914,-3.0573,0.1,0.0,22.7955,True
1790469090.499,322.45,2.5893,3.5912,-3.0573,0.1,0.0,22.7983,True
1790469090.549,322.5,2.5869,3.591,-3.0573,0.1,0.0,22.8011,True
1790469090.599,322.55,2.5845,3.5908,-3.0573,0.1,0.0,22.8039,True
1790469090.649,322.6,2.5821,3.5906,-3.0573,0.1,0.0,22.8066,True
1790469090.699,322.65,2.5798,3.5904,-3.0573,0.1,0.0,22.8094,True
1790469090.749,322.7,2.5774,3.5902,-3.0573,0.1,0.0,22.8122,True
1790469090.799,322.75,2.575,3.59,-3.0573,0.1,0.0,22.815,True
1790469090.849,322.8,2.5726,3.5898,-3.0573,0.1,0.0,22.8178,True
1790469090.899,322.85,2.5702,3.5896,-3.0573,0.1,0.0,22.8206,True
1790469090.949,322.9,2.5679,3.5894,-3.0573,0.1,0.0,22.8234,True
1790469090.999,322.95,2.5655,3.5892,-3.0573,0.1,0.0,22.8261,True
1790469091.049,323.0,2.5631,3.589,-3.0573,0.1,0.0,22.8289,True
1790469091.099,323.05,2.5607,3.5888,-3.0573,0.1,0.0,22.8317,True
1790469091.149,323.1,2.5583,3.5886,-3.0573,0.1,0.0,22.8345,True
1790469091.199,323.15,2.5559,3.5884,-3.0573,0.1,0.0,22.8373,True
1790469091.249,323.2,2.5536,3.5882,-3.0573,0.1,0.0,22.8401,True
1790469091.299,323.25,2.5512,3.588,-3.0573,0.1,0.0,22.8429,True
1790469091.349,323.3,2.5488,3.5878,-3.0573,0.1,0.0,22.8456,True
1790469091.399,323.35,2.5464,3.5876,-3.0573,0.1,0.0,22.8484,True
1790469091.449,323.4,2.544,3.5874,-3.0573,0.1,0.0,22.8512,True
1790469091.499,323.45,2.5416,3.5872,-3.0573,0.1,0.0,22.854,True
1790469091.549,323.5,2.5393,3.587,-3.0573,0.1,0.0,22.8568,True
1790469091.599,323.55,2.5369,3.5868,-3.0573,0.1,0.0,22.8596,True
1790469091.649,323.6,2.5345,3.5866,-3.0573,0.1,0.0,22.8623,True
1790469091.699,323.65,2.5321,3.5864,-3.0573,0.1,0.0,22.8651,True
1790469091.749,323.7,2.5297,3.5862,-3.0573,0.1,0.0,22.8679,True
1790469091.799,323.75,2.5273,3.586,-3.0573,0.1,0.0,22.8707,True
1790469091.849,323.8,2.525,3.5858,-3.0573,0.1,0.0,22.8735,True
1790469091.899,323.85,2.5226,3.5856,-3.0573,0.1,0.0,22.8763,True
1790469091.949,323.9,2.5202,3.5854,-3.0573,0.1,0.0,22.8791,True
1790469091.999,323.95,2.5178,3.5852,-3.0573,0.1,0.0,22.8818,True
1790469092.049,324.0,2.5154,3.585,-3.0573,0.1,0.0,22.8846,True
1790469092.099,324.05,2.5131,3.5848,-3.0573,0.1,0.0,22.8874,True
1790469092.149,324.1,2.5107,3.5846,-3.0573,0.1,0.0,22.8902,True
1790469092.199,324.15,2.5083,3.5844,-3.0573,0.1,0.0,22.893,True
1790469092.249,324.2,2.5059,3.5842,-3.0573,0.1,0.0,22.8958,True
1790469092.299,324.25,2.5035,3.584,-3.0573,0.1,0.0,22.8986,True
1790469092.349,324.3,2.5011,3.5838,-3.0573,0.1,0.0,22.9013,True
1790469092.399,324.35,2.4988,3.5836,-3.0573,0.1,0.0,22.9041,True
1790469092.449,324.4,2.4964,3.5834,-3.0573,0.1,0.0,22.9069,True
1790469092.499,324.45,2.494,3.5832,-3.0573,0.1,0.0,22.9097,True
1790469092.549,324.5,2.4916,3.583,-3.0573,0.1,0.0,22.9125,True
1790469092.599,324.55,2.4892,3.5828,-3.0573,0.1,0.0,22.9153,True
1790469092.649,324.6,2.4868,3.5826,-3.0573,0.1,0.0,22.9181,True
1790469092.699,324.65,2.4845,3.5823,-3.0573,0.1,0.0,22.9208,True
1790469092.749,324.7,2.4821,3.5821,-3.0573,0.1,0.0,22.9236,True
1790469092.799,324.75,2.4797,3.5819,-3.0573,0.1,0.0,22.9264,True
1790469092.849,324.8,2.4773,3.5817,-3.0573,0.1,0.0,22.9292,True
1790469092.899,324.85,2.4749,3.5815,-3.0573,0.1,0.0,22.932,True
1790469092.949,324.9,2.4726,3.5813,-3.0573,0.1,0.0,22.9348,True
1790469092.999,324.95,2.4702,3.5811,-3.0573,0.1,0.0,22.9376,True
1790469093.049,325.0,2.4678,3.5809,-3.0573,0.1,0.0,22.9403,True
1790469093.099,325.05,2.4654,3.5807,-3.0573,0.1,0.0,22.9431,True
1790469093.149,325.1,2.463,3.5805,-3.0573,0.1,0.0,22.9459,True
1790469093.199,325.15,2.4606,3.5803,-3.0573,0.1,0.0,22.9487,True
1790469093.249,325.2,2.4583,3.5801,-3.0573,0.1,0.0,22.9515,True
1790469093.299,325.25,2.4559,3.5799,-3.0573,0.1,0.0,22.9543,True
1790469093.349,325.3,2.4535,3.5797,-3.0573,0.1,0.0,22.957,True
1790469093.399,325.35,2.4511,3.5795,-3.0573,0.1,0.0,22.9598,True
1790469093.449,325.4,2.4487,3.5793,-3.0573,0.1,0.0,22.9626,True
1790469093.499,325.45,2.4463,3.5791,-3.0573,0.1,0.0,22.9654,True
1790469093.549,325.5,2.444,3.5789,-3.0573,0.1,0.0,22.9682,True
1790469093.599,325.55,2.4416,3.5787,-3.0573,0.1,0.0,22.971,True
1790469093.649,325.6,2.4392,3.5785,-3.0573,0.1,0.0,22.9738,True
1790469093.699,325.65,2.4368,3.5783,-3.0573,0.1,0.0,22.9765,True
1790469093.749,325.7,2.4344,3.5781,-3.0573,0.1,0.0,22.9793,True
1790469093.799,325.75,2.432,3.5779,-3.0573,0.1,0.0,22.9821,True
1790469093.849,325.8,2.4297,3.5777,-3.0573,0.1,0.0,22.9849,True
1790469093.899,325.85,2.4273,3.5775,-3.0573,0.1,0.0,22.9877,True
1790469093.949,325.9,2.4249,3.5773,-3.0573,0.1,0.0,22.9905,True
1790469093.999,325.95,2.4225,3.5771,-3.0573,0.1,0.0,22.9933,True
1790469094.049,326.0,2.4201,3.5769,-3.0573,0.1,0.0,22.996,True
1790469094.099,326.05,2.4178,3.5767,-3.0573,0.1,0.0,22.9988,True
1790469094.149,326.1,2.4154,3.5765,-3.0573,0.1,0.0,23.0016,True
1790469094.199,326.15,2.413,3.5763,-3.0573,0.1,0.0,23.0044,True
1790469094.249,326.2,2.4106,3.5761,-3.0573,0.1,0.0,23.0072,True
1790469094.299,326.25,2.4082,3.5759,-3.0573,0.1,0.0,23.01,True
1790469094.349,326.3,2.4058,3.5757,-3.0573,0.1,0.0,23.0128,True
1790469094.399,326.35,2.4035,3.5755,-3.0573,0.1,0.0,23.0155,True
1790469094.449,326.4,2.4011,3.5753,-3.0573,0.1,0.0,23.0183,True
1790469094.499,326.45,2.3987,3.5751,-3.0573,0.1,0.0,23.0211,True
1790469094.549,326.5,2.3963,3.5749,-3.0573,0.1,0.0,23.0239,True
1790469094.599,326.55,2.3939,3.5747,-3.0573,0.1,0.0,23.0267,True
1790469094.649,326.6,2.3915,3.5745,-3.0573,0.1,0.0,23.0295,True
1790469094.699,326.65,2.3892,3.5743,-3.0573,0.1,0.0,23.0322,True
1790469094.749,326.7,2.3868,3.5741,-3.0573,0.1,0.0,23.035,True
1790469094.799,326.75,2.3844,3.5739,-3.0573,0.1,0.0,23.0378,True
1790469094.849,326.8,2.382,3.5737,-3.0573,0.1,0.0,23.0406,True
1790469094.899,326.85,2.3796,3.5735,-3.0573,0.1,0.0,23.0434,True
1790469094.949,326.9,2.3772,3.5733,-3.0573,0.1,0.0,23.0462,True
1790469094.999,326.95,2.3749,3.5731,-3.0573,0.1,0.0,23.049,True
1790469095.049,327.0,2.3725,3.5729,-3.0573,0.1,0.0,23.0517,True
1790469095.099,327.05,2.3701,3.5727,-3.0573,0.1,0.0,23.0545,True
1790469095.149,327.1,2.3677,3.5725,-3.0573,0.1,0.0,23.0573,True
1790469095.199,327.15,2.3653,3.5723,-3.0573,0.1,0.0,23.0601,True
1790469095.249,327.2,2.363,3.5721,-3.0573,0.1,0.0,23.0629,True
1790469095.299,327.25,2.3606,3.5719,-3.0573,0.1,0.0,23.0657,True
1790469095.349,327.3,2.3582,3.5717,-3.0573,0.1,0.0,23.0685,True
1790469095.399,327.35,2.3558,3.5715,-3.0573,0.1,0.0,23.0712,True
1790469095.449,327.4,2.3534,3.5713,-3.0573,0.1,0.0,23.074,True
1790469095.499,327.45,2.351,3.5711,-3.0573,0.1,0.0,23.0768,True
1790469095.549,327.5,2.3487,3.5709,-3.0573,0.1,0.0,23.0796,True
1790469095.599,327.55,2.3463,3.5707,-3.0573,0.1,0.0,23.0824,True
1790469095.649,327.6,2.3439,3.5705,-3.0573,0.1,0.0,23.0852,True
1790469095.699,327.65,2.3415,3.5703,-3.0573,0.1,0.0,23.088,True
1790469095.749,327.7,2.3391,3.5701,-3.0573,0.1,0.0,23.0907,True
1790469095.799,327.75,2.3367,3.5699,-3.0573,0.1,0.0,23.0935,True
1790469095.849,327.8,2.3344,3.5697,-3.0573,0.1,0.0,23.0963,True
1790469095.899,327.85,2.332,3.5695,-3.0573,0.1,0.0,23.0991,True
1790469095.949,327.9,2.3296,3.5693,-3.0573,0.1,0.0,23.1019,True
1790469095.999,327.95,2.3272,3.5691,-3.0573,0.1,0.0,23.1047,True
1790469096.049,328.0,2.3248,3.5689,-3.0573,0.1,0.0,23.1074,True
1790469096.099,328.05,2.3224,3.5687,-3.0573,0.1,0.0,23.1102,True
1790469096.149,328.1,2.3201,3.5685,-3.0573,0.1,0.0,23.113,True
1790469096.199,328.15,2.3177,3.5683,-3.0573,0.1,0.0,23.1158,True
1790469096.249,328.2,2.3153,3.5681,-3.0573,0.1,0.0,23.1186,True
1790469096.299,328.25,2.3129,3.5679,-3.0573,0.1,0.0,23.1214,True
1790469096.349,328.3,2.3105,3.5677,-3.0573,0.1,0.0,23.1242,True
1790469096.399,328.35,2.3082,3.5674,-3.0573,0.1,0.0,23.1269,True
1790469096.449,328.4,2.3058,3.5672,-3.0573,0.1,0.0,23.1297,True
1790469096.499,328.45,2.3034,3.567,-3.0573,0.1,0.0,23.1325,True
1790469096.549,328.5,2.301,3.5668,-3.0573,0.1,0.0,23.1353,True
1790469096.599,328.55,2.2986,3.5666,-3.0573,0.1,0.0,23.1381,True
1790469096.649,328.6,2.2962,3.5664,-3.0573,0.1,0.0,23.1409,True
1790469096.699,328.65,2.2939,3.5662,-3.0573,0.1,0.0,23.1437,True
1790469096.749,328.7,2.2915,3.566,-3.0573,0.1,0.0,23.1464,True
1790469096.799,328.75,2.2891,3.5658,-3.0573,0.1,0.0,23.1492,True
1790469096.849,328.8,2.2867,3.5656,-3.0573,0.1,0.0,23.152,True
1790469096.899,328.85,2.2843,3.5654,-3.0573,0.1,0.0,23.1548,True
1790469096.949,328.9,2.2819,3.5652,-3.0573,0.1,0.0,23.1576,True
1790469096.999,328.95,2.2796,3.565,-3.0573,0.1,0.0,23.1604,True
1790469097.049,329.0,2.2772,3.5648,-3.0573,0.1,0.0,23.1632,True
1790469097.099,329.05,2.2748,3.5646,-3.0573,0.1,0.0,23.1659,True
1790469097.149,329.1,2.2724,3.5644,-3.0573,0.1,0.0,23.1687,True
1790469097.199,329.15,2.27,3.5642,-3.0573,0.1,0.0,23.1715,True
1790469097.249,329.2,2.2677,3.564,-3.0573,0.1,0.0,23.1743,True
1790469097.299,329.25,2.2653,3.5638,-3.0573,0.1,0.0,23.1771,True
1790469097.349,329.3,2.2629,3.5636,-3.0573,0.1,0.0,23.1799,True
1790469097.399,329.35,2.2605,3.5634,-3.0573,0.1,0.0,23.1827,True
1790469097.449,329.4,2.2581,3.5632,-3.0573,0.1,0.0,23.1854,True
1790469097.499,329.45,2.2557,3.563,-3.0573,0.1,0.0,23.1882,True
1790469097.549,329.5,2.2534,3.5628,-3.0573,0.1,0.0,23.191,True
1790469097.599,329.55,2.251,3.5626,-3.0573,0.1,0.0,23.1938,True
1790469097.649,329.6,2.2486,3.5624,-3.0573,0.1,0.0,23.1966,True
1790469097.699,329.65,2.2462,3.5622,-3.0573,0.1,0.0,23.1994,True
1790469097.749,329.7,2.2438,3.562,-3.0573,0.1,0.0,23.2021,True
1790469097.799,329.75,2.2414,3.5618,-3.0573,0.1,0.0,23.2049,True
1790469097.849,329.8,2.2391,3.5616,-3.0573,0.1,0.0,23.2077,True
1790469097.899,329.85,2.2367,3.5614,-3.0573,0.1,0.0,23.2105,True
1790469097.949,329.9,2.2343,3.5612,-3.0573,0.1,0.0,23.2133,True
1790469097.999,329.95,2.2319,3.561,-3.0573,0.1,0.0,23.2161,True
1790469098.049,330.0,2.2295,3.5608,-3.0573,0.1,0.0,23.2189,True
1790469098.099,330.05,2.2271,3.5606,-3.0573,0.1,0.0,23.2216,True
1790469098.149,330.1,2.2248,3.5604,-3.0573,0.1,0.0,23.2244,True
1790469098.199,330.15,2.2224,3.5602,-3.0573,0.1,0.0,23.2272,True
1790469098.249,330.2,2.22,3.56,-3.0573,0.1,0.0,23.23,True
1790469098.299,330.25,2.2164,3.56,3.1416,0.1,0.0,23.2336,True
1790469098.349,330.3,2.2129,3.56,3.1416,0.1,0.0,23.2371,True
1790469098.399,330.35,2.2093,3.56,3.1416,0.1,0.0,23.2407,True
1790469098.449,330.4,2.2057,3.56,3.1416,0.1,0.0,23.2443,True
1790469098.499,330.45,2.2021,3.56,3.1416,0.1,0.0,23.2479,True
1790469098.549,330.5,2.1986,3.56,3.1416,0.1,0.0,23.2514,True
1790469098.599,330.55,2.195,3.56,3.1416,0.1,0.0,23.255,True
1790469098.649,330.6,2.1914,3.56,3.1416,0.1,0.0,23.2586,True
1790469098.699,330.65,2.1879,3.56,3.1416,0.1,0.0,23.2621,True
1790469098.749,330.7,2.1843,3.56,3.1416,0.1,0.0,23.2657,True
1790469098.799,330.75,2.1807,3.56,3.1416,0.1,0.0,23.2693,True
1790469098.849,330.8,2.1771,3.56,3.1416,0.1,0.0,23.2729,True
1790469098.899,330.85,2.1736,3.56,3.1416,0.1,0.0,23.2764,True
1790469098.949,330.9,2.17,3.56,3.1416,0.1,0.0,23.28,True
1790469098.999,330.95,2.1696,3.5616,1.8105,0.1,0.0,23.282,True
1790469099.049,331.0,2.1692,3.5631,1.8105,0.1,0.0,23.284,True
1790469099.099,331.05,2.1688,3.5647,1.8105,0.1,0.0,23.286,True
1790469099.149,331.1,2.1685,3.5663,1.8105,0.1,0.0,23.288,True
1790469099.199,331.15,2.1681,3.5679,1.8105,0.1,0.0,23.29,True
1790469099.249,331.2,2.1677,3.5694,1.8105,0.1,0.0,23.292,True
1790469099.299,331.25,2.1673,3.571,1.8105,0.1,0.0,23.294,True
1790469099.349,331.3,2.1669,3.5726,1.8105,0.1,0.0,23.2959,True
1790469099.399,331.35,2.1665,3.5742,1.8105,0.1,0.0,23.2979,True
1790469099.449,331.4,2.1662,3.5757,1.8105,0.1,0.0,23.2999,True
1790469099.499,331.45,2.1658,3.5773,1.8105,0.1,0.0,23.3019,True
1790469099.549,331.5,2.1654,3.5789,1.8105,0.1,0.0,23.3039,True
1790469099.599,331.55,2.165,3.5805,1.8105,0.1,0.0,23.3059,True
1790469099.649,331.6,2.1646,3.582,1.8105,0.1,0.0,23.3079,True
1790469099.699,331.65,2.1642,3.5836,1.8105,0.1,0.0,23.3099,True
1790469099.749,331.7,2.1638,3.5852,1.8105,0.1,0.0,23.3119,True
1790469099.799,331.75,2.1635,3.5867,1.8105,0.1,0.0,23.3139,True
1790469099.849,331.8,2.1631,3.5883,1.8105,0.1,0.0,23.3159,True
1790469099.899,331.85,2.1627,3.5899,1.8105,0.1,0.0,23.3179,True
1790469099.949,331.9,2.1623,3.5915,1.8105,0.1,0.0,23.3199,True
1790469099.999,331.95,2.1619,3.593,1.8105,0.1,0.0,23.3219,True
1790469100.049,332.0,2.1615,3.5946,1.8105,0.1,0.0,23.3238,True
1790469100.099,332.05,2.1612,3.5962,1.8105,0.1,0.0,23.3258,True
1790469100.149,332.1,2.1608,3.5978,1.8105,0.1,0.0,23.3278,True
1790469100.199,332.15,2.1604,3.5993,1.8105,0.1,0.0,23.3298,True
1790469100.249,332.2,2.16,3.6009,1.8105,0.1,0.0,23.3318,True
1790469100.299,332.25,2.1596,3.6025,1.8105,0.1,0.0,23.3338,True
1790469100.349,332.3,2.1592,3.6041,1.8105,0.1,0.0,23.3358,True
1790469100.399,332.35,2.1588,3.6056,1.8105,0.1,0.0,23.3378,True
1790469100.449,332.4,2.1585,3.6072,1.8105,0.1,0.0,23.3398,True
1790469100.499,332.45,2.1581,3.6088,1.8105,0.1,0.0,23.3418,True
1790469100.549,332.5,2.1577,3.6103,1.8105,0.1,0.0,23.3438,True
1790469100.599,332.55,2.1573,3.6119,1.8105,0.1,0.0,23.3458,True
1790469100.649,332.6,2.1569,3.6135,1.8105,0.1,0.0,23.3478,True
1790469100.699,332.65,2.1565,3.6151,1.8105,0.1,0.0,23.3498,True
1790469100.749,332.7,2.1562,3.6166,1.8105,0.1,0.0,23.3517,True
1790469100.799,332.75,2.1558,3.6182,1.8105,0.1,0.0,23.3537,True
1790469100.849,332.8,2.1554,3.6198,1.8105,0.1,0.0,23.3557,True
1790469100.899,332.85,2.155,3.6214,1.8105,0.1,0.0,23.3577,True
1790469100.949,332.9,2.1546,3.6229,1.8105,0.1,0.0,23.3597,True
1790469100.999,332.95,2.1542,3.6245,1.8105,0.1,0.0,23.3617,True
1790469101.049,333.0,2.1538,3.6261,1.8105,0.1,0.0,23.3637,True
1790469101.099,333.05,2.1535,3.6277,1.8105,0.1,0.0,23.3657,True
1790469101.149,333.1,2.1531,3.6292,1.8105,0.1,0.0,23.3677,True
1790469101.199,333.15,2.1527,3.6308,1.8105,0.1,0.0,23.3697,True
1790469101.249,333.2,2.1523,3.6324,1.8105,0.1,0.0,23.3717,True
1790469101.299,333.25,2.1519,3.634,1.8105,0.1,0.0,23.3737,True
1790469101.349,333.3,2.1515,3.6355,1.8105,0.1,0.0,23.3757,True
1790469101.399,333.35,2.1512,3.6371,1.8105,0.1,0.0,23.3777,True
1790469101.449,333.4,2.1508,3.6387,1.8105,0.1,0.0,23.3797,True
1790469101.499,333.45,2.1504,3.6402,1.8105,0.1,0.0,23.3816,True
1790469101.549,333.5,2.15,3.6418,1.8105,0.1,0.0,23.3836,True
1790469101.599,333.55,2.1496,3.6434,1.8105,0.1,0.0,23.3856,True
1790469101.649,333.6,2.1492,3.645,1.8105,0.1,0.0,23.3876,True
1790469101.699,333.65,2.1488,3.6465,1.8105,0.1,0.0,23.3896,True
1790469101.749,333.7,2.1485,3.6481,1.8105,0.1,0.0,23.3916,True
1790469101.799,333.75,2.1481,3.6497,1.8105,0.1,0.0,23.3936,True
1790469101.849,333.8,2.1477,3.6513,1.8105,0.1,0.0,23.3956,True
1790469101.899,333.85,2.1473,3.6528,1.8105,0.1,0.0,23.3976,True
1790469101.949,333.9,2.1469,3.6544,1.8105,0.1,0.0,23.3996,True
1790469101.999,333.95,2.1465,3.656,1.8105,0.1,0.0,23.4016,True
1790469102.049,334.0,2.1462,3.6576,1.8105,0.1,0.0,23.4036,True
1790469102.099,334.05,2.1458,3.6591,1.8105,0.1,0.0,23.4056,True
1790469102.149,334.1,2.1454,3.6607,1.8105,0.1,0.0,23.4076,True
1790469102.199,334.15,2.145,3.6623,1.8105,0.1,0.0,23.4095,True
1790469102.249,334.2,2.1446,3.6638,1.8105,0.1,0.0,23.4115,True
1790469102.299,334.25,2.1442,3.6654,1.8105,0.1,0.0,23.4135,True
1790469102.349,334.3,2.1438,3.667,1.8105,0.1,0.0,23.4155,True
1790469102.399,334.35,2.1435,3.6686,1.8105,0.1,0.0,23.4175,True
1790469102.449,334.4,2.1431,3.6701,1.8105,0.1,0.0,23.4195,True
1790469102.499,334.45,2.1427,3.6717,1.8105,0.1,0.0,23.4215,True
1790469102.549,334.5,2.1423,3.6733,1.8105,0.1,0.0,23.4235,True
1790469102.599,334.55,2.1419,3.6749,1.8105,0.1,0.0,23.4255,True
1790469102.649,334.6,2.1415,3.6764,1.8105,0.1,0.0,23.4275,True
1790469102.699,334.65,2.1412,3.678,1.8105,0.1,0.0,23.4295,True
1790469102.749,334.7,2.1408,3.6796,1.8105,0.1,0.0,23.4315,True
1790469102.799,334.75,2.1404,3.6812,1.8105,0.1,0.0,23.4335,True
1790469102.849,334.8,2.14,3.6827,1.8105,0.1,0.0,23.4355,True
1790469102.899,334.85,2.1396,3.6843,1.8105,0.1,0.0,23.4374,True
1790469102.949,334.9,2.1392,3.6859,1.8105,0.1,0.0,23.4394,True
1790469102.999,334.95,2.1388,3.6874,1.8105,0.1,0.0,23.4414,True
1790469103.049,335.0,2.1385,3.689,1.8105,0.1,0.0,23.4434,True
1790469103.099,335.05,2.1381,3.6906,1.8105,0.1,0.0,23.4454,True
1790469103.149,335.1,2.1377,3.6922,1.8105,0.1,0.0,23.4474,True
1790469103.199,335.15,2.1373,3.6937,1.8105,0.1,0.0,23.4494,True
1790469103.249,335.2,2.1369,3.6953,1.8105,0.1,0.0,23.4514,True
1790469103.299,335.25,2.1365,3.6969,1.8105,0.1,0.0,23.4534,True
1790469103.349,335.3,2.1362,3.6985,1.8105,0.1,0.0,23.4554,True
1790469103.399,335.35,2.1358,3.7,1.8105,0.1,0.0,23.4574,True
1790469103.449,335.4,2.1354,3.7016,1.8105,0.1,0.0,23.4594,True
1790469103.499,335.45,2.135,3.7032,1.8105,0.1,0.0,23.4614,True
1790469103.549,335.5,2.1346,3.7048,1.8105,0.1,0.0,23.4634,True
1790469103.599,335.55,2.1342,3.7063,1.8105,0.1,0.0,23.4653,True
1790469103.649,335.6,2.1338,3.7079,1.8105,0.1,0.0,23.4673,True
1790469103.699,335.65,2.1335,3.7095,1.8105,0.1,0.0,23.4693,True
1790469103.749,335.7,2.1331,3.711,1.8105,0.1,0.0,23.4713,True
1790469103.799,335.75,2.1327,3.7126,1.8105,0.1,0.0,23.4733,True
1790469103.849,335.8,2.1323,3.7142,1.8105,0.1,0.0,23.4753,True
1790469103.899,335.85,2.1319,3.7158,1.8105,0.1,0.0,23.4773,True
1790469103.949,335.9,2.1315,3.7173,1.8105,0.1,0.0,23.4793,True
1790469103.999,335.95,2.1312,3.7189,1.8105,0.1,0.0,23.4813,True
1790469104.049,336.0,2.1308,3.7205,1.8105,0.1,0.0,23.4833,True
1790469104.099,336.05,2.1304,3.7221,1.8105,0.1,0.0,23.4853,True
1790469104.149,336.1,2.13,3.7236,1.8105,0.1,0.0,23.4873,True
1790469104.199,336.15,2.1296,3.7252,1.8105,0.1,0.0,23.4893,True
1790469104.249,336.2,2.1292,3.7268,1.8105,0.1,0.0,23.4913,True
1790469104.299,336.25,2.1288,3.7284,1.8105,0.1,0.0,23.4933,True
1790469104.349,336.3,2.1285,3.7299,1.8105,0.1,0.0,23.4952,True
1790469104.399,336.35,2.1281,3.7315,1.8105,0.1,0.0,23.4972,True
1790469104.449,336.4,2.1277,3.7331,1.8105,0.1,0.0,23.4992,True
1790469104.499,336.45,2.1273,3.7347,1.8105,0.1,0.0,23.5012,True
1790469104.549,336.5,2.1269,3.7362,1.8105,0.1,0.0,23.5032,True
1790469104.599,336.55,2.1265,3.7378,1.8105,0.1,0.0,23.5052,True
1790469104.649,336.6,2.1262,3.7394,1.8105,0.1,0.0,23.5072,True
1790469104.699,336.65,2.1258,3.7409,1.8105,0.1,0.0,23.5092,True
1790469104.749,336.7,2.1254,3.7425,1.8105,0.1,0.0,23.5112,True
1790469104.799,336.75,2.125,3.7441,1.8105,0.1,0.0,23.5132,True
1790469104.849,336.8,2.1246,3.7457,1.8105,0.1,0.0,23.5152,True
1790469104.899,336.85,2.1242,3.7472,1.8105,0.1,0.0,23.5172,True
1790469104.949,336.9,2.1238,3.7488,1.8105,0.1,0.0,23.5192,True
1790469104.999,336.95,2.1235,3.7504,1.8105,0.1,0.0,23.5212,True
1790469105.049,337.0,2.1231,3.752,1.8105,0.1,0.0,23.5231,True
1790469105.099,337.05,2.1227,3.7535,1.8105,0.1,0.0,23.5251,True
1790469105.149,337.1,2.1223,3.7551,1.8105,0.1,0.0,23.5271,True
1790469105.199,337.15,2.1219,3.7567,1.8105,0.1,0.0,23.5291,True
1790469105.249,337.2,2.1215,3.7583,1.8105,0.1,0.0,23.5311,True
1790469105.299,337.25,2.1212,3.7598,1.8105,0.1,0.0,23.5331,True
1790469105.349,337.3,2.1208,3.7614,1.8105,0.1,0.0,23.5351,True
1790469105.399,337.35,2.1204,3.763,1.8105,0.1,0.0,23.5371,True
1790469105.449,337.4,2.12,3.7645,1.8105,0.1,0.0,23.5391,True
1790469105.499,337.45,2.1196,3.7661,1.8105,0.1,0.0,23.5411,True
1790469105.549,337.5,2.1192,3.7677,1.8105,0.1,0.0,23.5431,True
1790469105.599,337.55,2.1188,3.7693,1.8105,0.1,0.0,23.5451,True
1790469105.649,337.6,2.1185,3.7708,1.8105,0.1,0.0,23.5471,True
1790469105.699,337.65,2.1181,3.7724,1.8105,0.1,0.0,23.5491,True
1790469105.749,337.7,2.1177,3.774,1.8105,0.1,0.0,23.551,True
1790469105.799,337.75,2.1173,3.7756,1.8105,0.1,0.0,23.553,True
1790469105.849,337.8,2.1169,3.7771,1.8105,0.1,0.0,23.555,True
1790469105.899,337.85,2.1165,3.7787,1.8105,0.1,0.0,23.557,True
1790469105.949,337.9,2.1162,3.7803,1.8105,0.1,0.0,23.559,True
1790469105.999,337.95,2.1158,3.7819,1.8105,0.1,0.0,23.561,True
1790469106.049,338.0,2.1154,3.7834,1.8105,0.1,0.0,23.563,True
1790469106.099,338.05,2.115,3.785,1.8105,0.1,0.0,23.565,True
1790469106.149,338.1,2.1146,3.7866,1.8105,0.1,0.0,23.567,True
1790469106.199,338.15,2.1142,3.7881,1.8105,0.1,0.0,23.569,True
1790469106.249,338.2,2.1138,3.7897,1.8105,0.1,0.0,23.571,True
1790469106.299,338.25,2.1135,3.7913,1.8105,0.1,0.0,23.573,True
1790469106.349,338.3,2.1131,3.7929,1.8105,0.1,0.0,23.575,True
1790469106.399,338.35,2.1127,3.7944,1.8105,0.1,0.0,23.577,True
1790469106.449,338.4,2.1123,3.796,1.8105,0.1,0.0,23.579,True
1790469106.499,338.45,2.1119,3.7976,1.8105,0.1,0.0,23.5809,True
1790469106.549,338.5,2.1115,3.7992,1.8105,0.1,0.0,23.5829,True
1790469106.599,338.55,2.1112,3.8007,1.8105,0.1,0.0,23.5849,True
1790469106.649,338.6,2.1108,3.8023,1.8105,0.1,0.0,23.5869,True
1790469106.699,338.65,2.1104,3.8039,1.8105,0.1,0.0,23.5889,True
1790469106.749,338.7,2.11,3.8055,1.8105,0.1,0.0,23.5909,True
1790469106.799,338.75,2.1096,3.807,1.8105,0.1,0.0,23.5929,True
1790469106.849,338.8,2.1092,3.8086,1.8105,0.1,0.0,23.5949,True
1790469106.899,338.85,2.1088,3.8102,1.8105,0.1,0.0,23.5969,True
1790469106.949,338.9,2.1085,3.8117,1.8105,0.1,0.0,23.5989,True
1790469106.999,338.95,2.1081,3.8133,1.8105,0.1,0.0,23.6009,True
1790469107.049,339.0,2.1077,3.8149,1.8105,0.1,0.0,23.6029,True
1790469107.099,339.05,2.1073,3.8165,1.8105,0.1,0.0,23.6049,True
1790469107.149,339.1,2.1069,3.818,1.8105,0.1,0.0,23.6069,True
1790469107.199,339.15,2.1065,3.8196,1.8105,0.1,0.0,23.6088,True
1790469107.249,339.2,2.1062,3.8212,1.8105,0.1,0.0,23.6108,True
1790469107.299,339.25,2.1058,3.8228,1.8105,0.1,0.0,23.6128,True
1790469107.349,339.3,2.1054,3.8243,1.8105,0.1,0.0,23.6148,True
1790469107.399,339.35,2.105,3.8259,1.8105,0.1,0.0,23.6168,True
1790469107.449,339.4,2.1046,3.8275,1.8105,0.1,0.0,23.6188,True
1790469107.499,339.45,2.1042,3.8291,1.8105,0.1,0.0,23.6208,True
1790469107.549,339.5,2.1038,3.8306,1.8105,0.1,0.0,23.6228,True
1790469107.599,339.55,2.1035,3.8322,1.8105,0.1,0.0,23.6248,True
1790469107.649,339.6,2.1031,3.8338,1.8105,0.1,0.0,23.6268,True
1790469107.699,339.65,2.1027,3.8353,1.8105,0.1,0.0,23.6288,True
1790469107.749,339.7,2.1023,3.8369,1.8105,0.1,0.0,23.6308,True
1790469107.799,339.75,2.1019,3.8385,1.8105,0.1,0.0,23.6328,True
1790469107.849,339.8,2.1015,3.8401,1.8105,0.1,0.0,23.6348,True
1790469107.899,339.85,2.1012,3.8416,1.8105,0.1,0.0,23.6367,True
1790469107.949,339.9,2.1008,3.8432,1.8105,0.1,0.0,23.6387,True
1790469107.999,339.95,2.1004,3.8448,1.8105,0.1,0.0,23.6407,True
1790469108.049,340.0,2.1,3.8464,1.8105,0.1,0.0,23.6427,True
1790469108.099,340.05,2.0996,3.8479,1.8105,0.1,0.0,23.6447,True
1790469108.149,340.1,2.0992,3.8495,1.8105,0.1,0.0,23.6467,True
1790469108.199,340.15,2.0988,3.8511,1.8105,0.1,0.0,23.6487,True
1790469108.249,340.2,2.0985,3.8527,1.8105,0.1,0.0,23.6507,True
1790469108.299,340.25,2.0981,3.8542,1.8105,0.1,0.0,23.6527,True
1790469108.349,340.3,2.0977,3.8558,1.8105,0.1,0.0,23.6547,True
1790469108.399,340.35,2.0973,3.8574,1.8105,0.1,0.0,23.6567,True
1790469108.449,340.4,2.0969,3.859,1.8105,0.1,0.0,23.6587,True
1790469108.499,340.45,2.0965,3.8605,1.8105,0.1,0.0,23.6607,True
1790469108.549,340.5,2.0962,3.8621,1.8105,0.1,0.0,23.6627,True
1790469108.599,340.55,2.0958,3.8637,1.8105,0.1,0.0,23.6647,True
1790469108.649,340.6,2.0954,3.8652,1.8105,0.1,0.0,23.6666,True
1790469108.699,340.65,2.095,3.8668,1.8105,0.1,0.0,23.6686,True
1790469108.749,340.7,2.0946,3.8684,1.8105,0.1,0.0,23.6706,True
1790469108.799,340.75,2.0942,3.87,1.8105,0.1,0.0,23.6726,True
1790469108.849,340.8,2.0938,3.8715,1.8105,0.1,0.0,23.6746,True
1790469108.899,340.85,2.0935,3.8731,1.8105,0.1,0.0,23.6766,True
1790469108.949,340.9,2.0931,3.8747,1.8105,0.1,0.0,23.6786,True
1790469108.999,340.95,2.0927,3.8763,1.8105,0.1,0.0,23.6806,True
1790469109.049,341.0,2.0923,3.8778,1.8105,0.1,0.0,23.6826,True
1790469109.099,341.05,2.0919,3.8794,1.8105,0.1,0.0,23.6846,True
1790469109.149,341.1,2.0915,3.881,1.8105,0.1,0.0,23.6866,True
1790469109.199,341.15,2.0912,3.8826,1.8105,0.1,0.0,23.6886,True
1790469109.249,341.2,2.0908,3.8841,1.8105,0.1,0.0,23.6906,True
1790469109.299,341.25,2.0904,3.8857,1.8105,0.1,0.0,23.6926,True
1790469109.349,341.3,2.09,3.8873,1.8105,0.1,0.0,23.6945,True
1790469109.399,341.35,2.0896,3.8888,1.8105,0.1,0.0,23.6965,True
1790469109.449,341.4,2.0892,3.8904,1.8105,0.1,0.0,23.6985,True
1790469109.499,341.45,2.0888,3.892,1.8105,0.1,0.0,23.7005,True
1790469109.549,341.5,2.0885,3.8936,1.8105,0.1,0.0,23.7025,True
1790469109.599,341.55,2.0881,3.8951,1.8105,0.1,0.0,23.7045,True
1790469109.649,341.6,2.0877,3.8967,1.8105,0.1,0.0,23.7065,True
1790469109.699,341.65,2.0873,3.8983,1.8105,0.1,0.0,23.7085,True
1790469109.749,341.7,2.0869,3.8999,1.8105,0.1,0.0,23.7105,True
1790469109.799,341.75,2.0865,3.9014,1.8105,0.1,0.0,23.7125,True
1790469109.849,341.8,2.0862,3.903,1.8105,0.1,0.0,23.7145,True
1790469109.899,341.85,2.0858,3.9046,1.8105,0.1,0.0,23.7165,True
1790469109.949,341.9,2.0854,3.9062,1.8105,0.1,0.0,23.7185,True
1790469109.999,341.95,2.085,3.9077,1.8105,0.1,0.0,23.7205,True
1790469110.049,342.0,2.0846,3.9093,1.8105,0.1,0.0,23.7224,True
1790469110.099,342.05,2.0842,3.9109,1.8105,0.1,0.0,23.7244,True
1790469110.149,342.1,2.0838,3.9124,1.8105,0.1,0.0,23.7264,True
1790469110.199,342.15,2.0835,3.914,1.8105,0.1,0.0,23.7284,True
1790469110.249,342.2,2.0831,3.9156,1.8105,0.1,0.0,23.7304,True
1790469110.299,342.25,2.0827,3.9172,1.8105,0.1,0.0,23.7324,True
1790469110.349,342.3,2.0823,3.9187,1.8105,0.1,0.0,23.7344,True
1790469110.399,342.35,2.0819,3.9203,1.8105,0.1,0.0,23.7364,True
1790469110.449,342.4,2.0815,3.9219,1.8105,0.1,0.0,23.7384,True
1790469110.499,342.45,2.0812,3.9235,1.8105,0.1,0.0,23.7404,True
1790469110.549,342.5,2.0808,3.925,1.8105,0.1,0.0,23.7424,True
1790469110.599,342.55,2.0804,3.9266,1.8105,0.1,0.0,23.7444,True
1790469110.649,342.6,2.08,3.9282,1.8105,0.1,0.0,23.7464,True
1790469110.699,342.65,2.0796,3.9298,1.8105,0.1,0.0,23.7484,True
1790469110.749,342.7,2.0792,3.9313,1.8105,0.1,0.0,23.7503,True
1790469110.799,342.75,2.0788,3.9329,1.8105,0.1,0.0,23.7523,True
1790469110.849,342.8,2.0785,3.9345,1.8105,0.1,0.0,23.7543,True
1790469110.899,342.85,2.0781,3.936,1.8105,0.1,0.0,23.7563,True
1790469110.949,342.9,2.0777,3.9376,1.8105,0.1,0.0,23.7583,True
1790469110.999,342.95,2.0773,3.9392,1.8105,0.1,0.0,23.7603,True
1790469111.049,343.0,2.0769,3.9408,1.8105,0.1,0.0,23.7623,True
1790469111.099,343.05,2.0765,3.9423,1.8105,0.1,0.0,23.7643,True
1790469111.149,343.1,2.0762,3.9439,1.8105,0.1,0.0,23.7663,True
1790469111.199,343.15,2.0758,3.9455,1.8105,0.1,0.0,23.7683,True
1790469111.249,343.2,2.0754,3.9471,1.8105,0.1,0.0,23.7703,True
1790469111.299,343.25,2.075,3.9486,1.8105,0.1,0.0,23.7723,True
1790469111.349,343.3,2.0746,3.9502,1.8105,0.1,0.0,23.7743,True
1790469111.399,343.35,2.0742,3.9518,1.8105,0.1,0.0,23.7763,True
1790469111.449,343.4,2.0738,3.9534,1.8105,0.1,0.0,23.7783,True
1790469111.499,343.45,2.0735,3.9549,1.8105,0.1,0.0,23.7802,True
1790469111.549,343.5,2.0731,3.9565,1.8105,0.1,0.0,23.7822,True
1790469111.599,343.55,2.0727,3.9581,1.8105,0.1,0.0,23.7842,True
1790469111.649,343.6,2.0723,3.9597,1.8105,0.1,0.0,23.7862,True
1790469111.699,343.65,2.0719,3.9612,1.8105,0.1,0.0,23.7882,True
1790469111.749,343.7,2.0715,3.9628,1.8105,0.1,0.0,23.7902,True
1790469111.799,343.75,2.0712,3.9644,1.8105,0.1,-0.0,23.7922,True
1790469111.849,343.8,2.0708,3.9659,1.8105,0.1,0.0,23.7942,True
1790469111.899,343.85,2.0704,3.9675,1.8105,0.1,0.0,23.7962,True
1790469111.949,343.9,2.07,3.9691,1.8105,0.1,0.0,23.7982,True
1790469111.999,343.95,2.0696,3.9707,1.8105,0.1,0.0,23.8002,True
1790469112.049,344.0,2.0692,3.9722,1.8105,0.1,0.0,23.8022,True
1790469112.099,344.05,2.0688,3.9738,1.8105,0.1,0.0,23.8042,True
1790469112.149,344.1,2.0685,3.9754,1.8105,0.1,-0.0,23.8062,True
1790469112.199,344.15,2.0681,3.977,1.8105,0.1,0.0,23.8081,True
1790469112.249,344.2,2.0677,3.9785,1.8105,0.1,0.0,23.8101,True
1790469112.299,344.25,2.0673,3.9801,1.8105,0.1,0.0,23.8121,True
1790469112.349,344.3,2.0669,3.9817,1.8105,0.1,0.0,23.8141,True
1790469112.399,344.35,2.0665,3.9833,1.8105,0.1,0.0,23.8161,True
1790469112.449,344.4,2.0662,3.9848,1.8105,0.1,0.0,23.8181,True
1790469112.499,344.45,2.0658,3.9864,1.8105,0.1,0.0,23.8201,True
1790469112.549,344.5,2.0654,3.988,1.8105,0.1,0.0,23.8221,True
1790469112.599,344.55,2.065,3.9895,1.8105,0.1,0.0,23.8241,True
1790469112.649,344.6,2.0646,3.9911,1.8105,0.1,0.0,23.8261,True
1790469112.699,344.65,2.0642,3.9927,1.8105,0.1,0.0,23.8281,True
1790469112.749,344.7,2.0638,3.9943,1.8105,0.1,0.0,23.8301,True
1790469112.799,344.75,2.0635,3.9958,1.8105,0.1,0.0,23.8321,True
1790469112.849,344.8,2.0631,3.9974,1.8105,0.1,0.0,23.8341,True
1790469112.899,344.85,2.0627,3.999,1.8105,0.1,0.0,23.836,True
1790469112.949,344.9,2.0623,4.0006,1.8105,0.1,0.0,23.838,True
1790469112.999,344.95,2.0619,4.0021,1.8105,0.1,0.0,23.84,True
1790469113.049,345.0,2.0615,4.0037,1.8105,0.1,0.0,23.842,True
1790469113.099,345.05,2.0612,4.0053,1.8105,0.1,0.0,23.844,True
1790469113.149,345.1,2.0608,4.0069,1.8105,0.1,0.0,23.846,True
1790469113.199,345.15,2.0604,4.0084,1.8105,0.1,0.0,23.848,True
1790469113.249,345.2,2.06,4.01,1.8105,0.1,0.0,23.85,True
1790469113.299,345.25,2.055,4.0107,2.9997,0.1,0.0,23.8557,True
1790469113.349,345.3,2.05,4.0114,2.9997,0.1,0.0,23.8614,True
1790469113.399,345.35,2.045,4.0121,2.9997,0.1,0.0,23.8671,True
1790469113.449,345.4,2.04,4.0129,2.9997,0.1,0.0,23.8729,True
1790469113.499,345.45,2.035,4.0136,2.9997,0.1,0.0,23.8786,True
1790469113.549,345.5,2.03,4.0143,2.9997,0.1,0.0,23.8843,True
1790469113.599,345.55,2.025,4.015,2.9997,0.1,0.0,23.89,True
1790469113.649,345.6,2.02,4.0157,2.9997,0.1,0.0,23.8957,True
1790469113.699,345.65,2.015,4.0164,2.9997,0.1,0.0,23.9014,True
1790469113.749,345.7,2.01,4.0171,2.9997,0.1,0.0,23.9071,True
1790469113.799,345.75,2.005,4.0179,2.9997,0.1,0.0,23.9129,True
1790469113.849,345.8,2.0,4.0186,2.9997,0.1,0.0,23.9186,True
1790469113.899,345.85,1.995,4.0193,2.9997,0.1,0.0,23.9243,True
1790469113.949,345.9,1.99,4.02,2.9997,0.1,0.0,23.93,True
1790469113.999,345.95,1.9866,4.0188,-2.8105,0.1,0.0,23.9339,True
1790469114.049,346.0,1.9832,4.0177,-2.8105,0.1,0.0,23.9377,True
1790469114.099,346.05,1.9798,4.0165,-2.8105,0.1,0.0,23.9416,True
1790469114.149,346.1,1.9764,4.0153,-2.8105,0.1,0.0,23.9455,True
1790469114.199,346.15,1.973,4.0141,-2.8105,0.1,0.0,23.9493,True
1790469114.249,346.2,1.9696,4.013,-2.8105,0.1,0.0,23.9532,True
1790469114.299,346.25,1.9662,4.0118,-2.8105,0.1,0.0,23.9571,True
1790469114.349,346.3,1.9628,4.0106,-2.8105,0.1,0.0,23.9609,True
1790469114.399,346.35,1.9594,4.0095,-2.8105,0.1,0.0,23.9648,True
1790469114.449,346.4,1.956,4.0083,-2.8105,0.1,0.0,23.9687,True
1790469114.499,346.45,1.9526,4.0071,-2.8105,0.1,0.0,23.9725,True
1790469114.549,346.5,1.9491,4.006,-2.8105,0.1,0.0,23.9764,True
1790469114.599,346.55,1.9457,4.0048,-2.8105,0.1,0.0,23.9802,True
1790469114.649,346.6,1.9423,4.0036,-2.8105,0.1,0.0,23.9841,True
1790469114.699,346.65,1.9389,4.0024,-2.8105,0.1,0.0,23.988,True
1790469114.749,346.7,1.9355,4.0013,-2.8105,0.1,0.0,23.9918,True
1790469114.799,346.75,1.9321,4.0001,-2.8105,0.1,0.0,23.9957,True
1790469114.849,346.8,1.9287,3.9989,-2.8105,0.1,0.0,23.9996,True
1790469114.899,346.85,1.9253,3.9978,-2.8105,0.1,0.0,24.0034,True
1790469114.949,346.9,1.9219,3.9966,-2.8105,0.1,0.0,24.0073,True
1790469114.999,346.95,1.9185,3.9954,-2.8105,0.1,0.0,24.0112,True
1790469115.049,347.0,1.9151,3.9943,-2.8105,0.1,0.0,24.015,True
1790469115.099,347.05,1.9117,3.9931,-2.8105,0.1,0.0,24.0189,True
1790469115.149,347.1,1.9083,3.9919,-2.8105,0.1,0.0,24.0228,True
1790469115.199,347.15,1.9049,3.9907,-2.8105,0.1,0.0,24.0266,True
1790469115.249,347.2,1.9015,3.9896,-2.8105,0.1,0.0,24.0305,True
1790469115.299,347.25,1.8981,3.9884,-2.8105,0.1,0.0,24.0344,True
1790469115.349,347.3,1.8947,3.9872,-2.8105,0.1,0.0,24.0382,True
1790469115.399,347.35,1.8913,3.9861,-2.8105,0.028,-0.0,24.0421,True
1790469115.449,347.4,1.8879,3.9849,-2.8105,0.1,0.0,24.046,True
1790469115.499,347.45,1.8845,3.9837,-2.8105,0.1,0.0,24.0498,True
1790469115.549,347.5,1.8811,3.9826,-2.8105,0.1,0.0,24.0537,True
1790469115.599,347.55,1.8777,3.9814,-2.8105,0.1,0.0,24.0576,True
1790469115.649,347.6,1.8743,3.9802,-2.8105,0.1,0.0,24.0614,True
1790469115.699,347.65,1.8709,3.979,-2.8105,0.1,0.0,24.0653,True
1790469115.749,347.7,1.8674,3.9779,-2.8105,0.1,0.0,24.0691,True
1790469115.799,347.75,1.864,3.9767,-2.8105,0.1,0.0,24.073,True
1790469115.849,347.8,1.8606,3.9755,-2.8105,0.1,0.0,24.0769,True
1790469115.899,347.85,1.8572,3.9744,-2.8105,0.1,0.0,24.0807,True
1790469115.949,347.9,1.8538,3.9732,-2.8105,0.1,0.0,24.0846,True
1790469115.999,347.95,1.8504,3.972,-2.8105,0.1,0.0,24.0885,True
1790469116.049,348.0,1.847,3.9709,-2.8105,0.1,0.0,24.0923,True
1790469116.099,348.05,1.8436,3.9697,-2.8105,0.1,0.0,24.0962,True
1790469116.149,348.1,1.8402,3.9685,-2.8105,0.1,0.0,24.1001,True
1790469116.199,348.15,1.8368,3.9673,-2.8105,0.1,0.0,24.1039,True
1790469116.249,348.2,1.8334,3.9662,-2.8105,0.1,0.0,24.1078,True
1790469116.299,348.25,1.83,3.965,-2.8105,0.1,0.0,24.1117,True
1790469116.349,348.3,1.8266,3.9638,-2.8105,0.1,0.0,24.1155,True
1790469116.399,348.35,1.8232,3.9627,-2.8105,0.1,0.0,24.1194,True
1790469116.449,348.4,1.8198,3.9615,-2.8105,0.1,0.0,24.1233,True
1790469116.499,348.45,1.8164,3.9603,-2.8105,0.1,0.0,24.1271,True
1790469116.549,348.5,1.813,3.9591,-2.8105,0.1,0.0,24.131,True
1790469116.599,348.55,1.8096,3.958,-2.8105,0.028,-0.0,24.1349,True
1790469116.649,348.6,1.8062,3.9568,-2.8105,0.1,0.0,24.1387,True
1790469116.699,348.65,1.8028,3.9556,-2.8105,0.1,0.0,24.1426,True
1790469116.749,348.7,1.7994,3.9545,-2.8105,0.1,0.0,24.1465,True
1790469116.799,348.75,1.796,3.9533,-2.8105,0.1,0.0,24.1503,True
1790469116.849,348.8,1.7926,3.9521,-2.8105,0.1,0.0,24.1542,True
1790469116.899,348.85,1.7891,3.951,-2.8105,0.1,0.0,24.158,True
1790469116.949,348.9,1.7857,3.9498,-2.8105,0.1,0.0,24.1619,True
1790469116.999,348.95,1.7823,3.9486,-2.8105,0.1,0.0,24.1658,True
1790469117.049,349.0,1.7789,3.9474,-2.8105,0.1,0.0,24.1696,True
1790469117.099,349.05,1.7755,3.9463,-2.8105,0.1,0.0,24.1735,True
1790469117.149,349.1,1.7721,3.9451,-2.8105,0.1,0.0,24.1774,True
1790469117.199,349.15,1.7687,3.9439,-2.8105,0.1,0.0,24.1812,True
1790469117.249,349.2,1.7653,3.9428,-2.8105,0.1,0.0,24.1851,True
1790469117.299,349.25,1.7619,3.9416,-2.8105,0.1,0.0,24.189,True
1790469117.349,349.3,1.7585,3.9404,-2.8105,0.1,0.0,24.1928,True
1790469117.399,349.35,1.7551,3.9393,-2.8105,0.1,0.0,24.1967,True
1790469117.449,349.4,1.7517,3.9381,-2.8105,0.1,0.0,24.2006,True
1790469117.499,349.45,1.7483,3.9369,-2.8105,0.1,0.0,24.2044,True
1790469117.549,349.5,1.7449,3.9357,-2.8105,0.1,0.0,24.2083,True
1790469117.599,349.55,1.7415,3.9346,-2.8105,0.1,0.0,24.2122,True
1790469117.649,349.6,1.7381,3.9334,-2.8105,0.1,0.0,24.216,True
1790469117.699,349.65,1.7347,3.9322,-2.8105,0.1,0.0,24.2199,True
1790469117.749,349.7,1.7313,3.9311,-2.8105,0.1,0.0,24.2238,True
1790469117.799,349.75,1.7279,3.9299,-2.8105,0.1,0.0,24.2276,True
1790469117.849,349.8,1.7245,3.9287,-2.8105,0.1,0.0,24.2315,True
1790469117.899,349.85,1.7211,3.9276,-2.8105,0.1,0.0,24.2354,True
1790469117.949,349.9,1.7177,3.9264,-2.8105,0.1,0.0,24.2392,True
1790469117.999,349.95,1.7143,3.9252,-2.8105,0.1,0.0,24.2431,True
1790469118.049,350.0,1.7109,3.924,-2.8105,0.1,0.0,24.247,True
1790469118.099,350.05,1.7074,3.9229,-2.8105,0.1,0.0,24.2508,True
1790469118.149,350.1,1.704,3.9217,-2.8105,0.1,0.0,24.2547,True
1790469118.199,350.15,1.7006,3.9205,-2.8105,0.1,0.0,24.2585,True
1790469118.249,350.2,1.6972,3.9194,-2.8105,0.1,0.0,24.2624,True
1790469118.299,350.25,1.6938,3.9182,-2.8105,0.028,-0.01,24.2663,True
1790469118.349,350.3,1.6904,3.917,-2.8105,0.1,0.0,24.2701,True
1790469118.399,350.35,1.687,3.9159,-2.8105,0.1,0.0,24.274,True
1790469118.449,350.4,1.6836,3.9147,-2.8105,0.1,0.0,24.2779,True
1790469118.499,350.45,1.6802,3.9135,-2.8105,0.1,0.0,24.2817,True
1790469118.549,350.5,1.6768,3.9123,-2.8105,0.1,0.0,24.2856,True
1790469118.599,350.55,1.6734,3.9112,-2.8105,0.1,0.0,24.2895,True
1790469118.649,350.6,1.67,3.91,-2.8105,0.1,0.0,24.2933,True
1790469118.699,350.65,1.6666,3.9088,-2.8105,0.1,0.0,24.2972,True
1790469118.749,350.7,1.6632,3.9077,-2.8105,0.1,0.0,24.3011,True
1790469118.799,350.75,1.6598,3.9065,-2.8105,0.1,0.0,24.3049,True
1790469118.849,350.8,1.6564,3.9053,-2.8105,0.1,0.0,24.3088,True
1790469118.899,350.85,1.653,3.9041,-2.8105,0.1,0.0,24.3127,True
1790469118.949,350.9,1.6496,3.903,-2.8105,0.028,-0.01,24.3165,True
1790469118.999,350.95,1.6462,3.9018,-2.8105,0.1,0.0,24.3204,True
1790469119.049,351.0,1.6428,3.9006,-2.8105,0.1,0.0,24.3243,True
1790469119.099,351.05,1.6394,3.8995,-2.8105,0.1,0.0,24.3281,True
1790469119.149,351.1,1.636,3.8983,-2.8105,0.1,0.0,24.332,True
1790469119.199,351.15,1.6326,3.8971,-2.8105,0.1,0.0,24.3359,True
1790469119.249,351.2,1.6291,3.896,-2.8105,0.1,0.0,24.3397,True
1790469119.299,351.25,1.6257,3.8948,-2.8105,0.1,0.0,24.3436,True
1790469119.349,351.3,1.6223,3.8936,-2.8105,0.1,0.0,24.3474,True
1790469119.399,351.35,1.6189,3.8924,-2.8105,0.1,0.0,24.3513,True
1790469119.449,351.4,1.6155,3.8913,-2.8105,0.1,0.0,24.3552,True
1790469119.499,351.45,1.6121,3.8901,-2.8105,0.028,-0.01,24.359,True
1790469119.549,351.5,1.6087,3.8889,-2.8105,0.1,0.0,24.3629,True
1790469119.599,351.55,1.6053,3.8878,-2.8105,0.1,0.0,24.3668,True
1790469119.649,351.6,1.6019,3.8866,-2.8105,0.1,0.0,24.3706,True
1790469119.699,351.65,1.5985,3.8854,-2.8105,0.1,0.0,24.3745,True
1790469119.749,351.7,1.5951,3.8843,-2.8105,0.1,0.0,24.3784,True
1790469119.799,351.75,1.5917,3.8831,-2.8105,0.1,0.0,24.3822,True
1790469119.849,351.8,1.5883,3.8819,-2.8105,0.1,0.0,24.3861,True
1790469119.899,351.85,1.5849,3.8807,-2.8105,0.1,0.0,24.39,True
1790469119.949,351.9,1.5815,3.8796,-2.8105,0.1,0.0,24.3938,True
1790469119.999,351.95,1.5781,3.8784,-2.8105,0.1,0.0,24.3977,True
1790469120.049,352.0,1.5747,3.8772,-2.8105,0.1,0.0,24.4016,True
1790469120.099,352.05,1.5713,3.8761,-2.8105,0.1,0.0,24.4054,True
1790469120.149,352.1,1.5679,3.8749,-2.8105,0.1,0.0,24.4093,True
1790469120.199,352.15,1.5645,3.8737,-2.8105,0.1,0.0,24.4132,True
1790469120.249,352.2,1.5611,3.8726,-2.8105,0.1,0.0,24.417,True
1790469120.299,352.25,1.5577,3.8714,-2.8105,0.1,0.0,24.4209,True
1790469120.349,352.3,1.5543,3.8702,-2.8105,0.1,0.0,24.4248,True
1790469120.399,352.35,1.5509,3.869,-2.8105,0.1,0.0,24.4286,True
1790469120.449,352.4,1.5474,3.8679,-2.8105,0.1,0.0,24.4325,True
1790469120.499,352.45,1.544,3.8667,-2.8105,0.1,0.0,24.4363,True
1790469120.549,352.5,1.5406,3.8655,-2.8105,0.1,0.0,24.4402,True
1790469120.599,352.55,1.5372,3.8644,-2.8105,0.028,-0.01,24.4441,True
1790469120.649,352.6,1.5338,3.8632,-2.8105,0.1,0.0,24.4479,True
1790469120.699,352.65,1.5304,3.862,-2.8105,0.1,0.0,24.4518,True
1790469120.749,352.7,1.527,3.8609,-2.8105,0.1,0.0,24.4557,True
1790469120.799,352.75,1.5236,3.8597,-2.8105,0.1,0.0,24.4595,True
1790469120.849,352.8,1.5202,3.8585,-2.8105,0.1,0.0,24.4634,True
1790469120.899,352.85,1.5168,3.8573,-2.8105,0.1,0.0,24.4673,True
1790469120.949,352.9,1.5134,3.8562,-2.8105,0.1,0.0,24.4711,True
1790469120.999,352.95,1.51,3.855,-2.8105,0.1,0.0,24.475,True
1790469121.049,353.0,1.5066,3.8538,-2.8105,0.1,0.0,24.4789,True
1790469121.099,353.05,1.5032,3.8527,-2.8105,0.1,0.0,24.4827,True
1790469121.149,353.1,1.4998,3.8515,-2.8105,0.028,-0.01,24.4866,True
1790469121.199,353.15,1.4964,3.8503,-2.8105,0.1,0.0,24.4905,True
1790469121.249,353.2,1.493,3.8491,-2.8105,0.1,0.0,24.4943,True
1790469121.299,353.25,1.4896,3.848,-2.8105,0.1,0.0,24.4982,True
1790469121.349,353.3,1.4862,3.8468,-2.8105,0.1,0.0,24.5021,True
1790469121.399,353.35,1.4828,3.8456,-2.8105,0.028,-0.01,24.5059,True
1790469121.449,353.4,1.4794,3.8445,-2.8105,0.1,0.0,24.5098,True
1790469121.499,353.45,1.476,3.8433,-2.8105,0.1,0.0,24.5137,True
1790469121.549,353.5,1.4726,3.8421,-2.8105,0.1,0.0,24.5175,True
1790469121.599,353.55,1.4691,3.841,-2.8105,0.1,0.0,24.5214,True
1790469121.649,353.6,1.4657,3.8398,-2.8105,0.1,0.0,24.5252,True
1790469121.699,353.65,1.4623,3.8386,-2.8105,0.1,0.0,24.5291,True
1790469121.749,353.7,1.4589,3.8374,-2.8105,0.028,-0.0,24.533,True
1790469121.799,353.75,1.4555,3.8363,-2.8105,0.1,0.0,24.5368,True
1790469121.849,353.8,1.4521,3.8351,-2.8105,0.1,0.0,24.5407,True
1790469121.899,353.85,1.4487,3.8339,-2.8105,0.1,0.0,24.5446,True
1790469121.949,353.9,1.4453,3.8328,-2.8105,0.1,0.0,24.5484,True
1790469121.999,353.95,1.4419,3.8316,-2.8105,0.1,0.0,24.5523,True
1790469122.049,354.0,1.4385,3.8304,-2.8105,0.1,0.0,24.5562,True
1790469122.099,354.05,1.4351,3.8293,-2.8105,0.1,0.0,24.56,True
1790469122.149,354.1,1.4317,3.8281,-2.8105,0.1,0.0,24.5639,True
1790469122.199,354.15,1.4283,3.8269,-2.8105,0.1,0.0,24.5678,True
1790469122.249,354.2,1.4249,3.8257,-2.8105,0.1,0.0,24.5716,True
1790469122.299,354.25,1.4215,3.8246,-2.8105,0.1,0.0,24.5755,True
1790469122.349,354.3,1.4181,3.8234,-2.8105,0.1,0.0,24.5794,True
1790469122.399,354.35,1.4147,3.8222,-2.8105,0.1,0.0,24.5832,True
1790469122.449,354.4,1.4113,3.8211,-2.8105,0.1,0.0,24.5871,True
1790469122.499,354.45,1.4079,3.8199,-2.8105,0.028,-0.01,24.591,True
1790469122.549,354.5,1.4045,3.8187,-2.8105,0.1,0.0,24.5948,True
1790469122.599,354.55,1.4011,3.8176,-2.8105,0.1,0.0,24.5987,True
1790469122.649,354.6,1.3977,3.8164,-2.8105,0.1,0.0,24.6026,True
1790469122.699,354.65,1.3943,3.8152,-2.8105,0.1,0.0,24.6064,True
1790469122.749,354.7,1.3909,3.814,-2.8105,0.1,0.0,24.6103,True
1790469122.799,354.75,1.3874,3.8129,-2.8105,0.1,0.0,24.6141,True
1790469122.849,354.8,1.384,3.8117,-2.8105,0.1,0.0,24.618,True
1790469122.899,354.85,1.3806,3.8105,-2.8105,0.028,-0.01,24.6219,True
1790469122.949,354.9,1.3772,3.8094,-2.8105,0.1,0.0,24.6257,True
1790469122.999,354.95,1.3738,3.8082,-2.8105,0.1,0.0,24.6296,True
1790469123.049,355.0,1.3704,3.807,-2.8105,0.1,0.0,24.6335,True
1790469123.099,355.05,1.367,3.8059,-2.8105,0.1,0.0,24.6373,True
1790469123.149,355.1,1.3636,3.8047,-2.8105,0.1,0.0,24.6412,True
1790469123.199,355.15,1.3602,3.8035,-2.8105,0.1,0.0,24.6451,True
1790469123.249,355.2,1.3568,3.8023,-2.8105,0.1,0.0,24.6489,True
1790469123.299,355.25,1.3534,3.8012,-2.8105,0.1,0.0,24.6528,True
1790469123.349,355.3,1.35,3.8,-2.8105,0.1,0.0,24.6567,True
1790469123.399,355.35,1.3466,3.7988,-2.8105,0.028,-0.01,24.6605,True
1790469123.449,355.4,1.3432,3.7977,-2.8105,0.1,0.0,24.6644,True
1790469123.499,355.45,1.3398,3.7965,-2.8105,0.1,0.0,24.6683,True
1790469123.549,355.5,1.3364,3.7953,-2.8105,0.1,0.0,24.6721,True
1790469123.599,355.55,1.333,3.7941,-2.8105,0.1,0.0,24.676,True
1790469123.649,355.6,1.3296,3.793,-2.8105,0.1,0.0,24.6799,True
1790469123.699,355.65,1.3262,3.7918,-2.8105,0.1,0.0,24.6837,True
1790469123.749,355.7,1.3228,3.7906,-2.8105,0.1,0.0,24.6876,True
1790469123.799,355.75,1.3194,3.7895,-2.8105,0.1,0.0,24.6915,True
1790469123.849,355.8,1.316,3.7883,-2.8105,0.1,0.0,24.6953,True
1790469123.899,355.85,1.3126,3.7871,-2.8105,0.1,0.0,24.6992,True
1790469123.949,355.9,1.3091,3.786,-2.8105,0.1,0.0,24.703,True
1790469123.999,355.95,1.3057,3.7848,-2.8105,0.028,-0.01,24.7069,True
1790469124.049,356.0,1.3023,3.7836,-2.8105,0.1,0.0,24.7108,True
1790469124.099,356.05,1.2989,3.7824,-2.8105,0.1,0.0,24.7146,True
1790469124.149,356.1,1.2955,3.7813,-2.8105,0.1,0.0,24.7185,True
1790469124.199,356.15,1.2921,3.7801,-2.8105,0.1,0.0,24.7224,True
1790469124.249,356.2,1.2887,3.7789,-2.8105,0.1,0.0,24.7262,True
1790469124.299,356.25,1.2853,3.7778,-2.8105,0.1,0.0,24.7301,True
1790469124.349,356.3,1.2819,3.7766,-2.8105,0.1,0.0,24.734,True
1790469124.399,356.35,1.2785,3.7754,-2.8105,0.1,0.0,24.7378,True
1790469124.449,356.4,1.2751,3.7743,-2.8105,0.1,0.0,24.7417,True
1790469124.499,356.45,1.2717,3.7731,-2.8105,0.1,0.0,24.7456,True
1790469124.549,356.5,1.2683,3.7719,-2.8105,0.1,0.0,24.7494,True
1790469124.599,356.55,1.2649,3.7707,-2.8105,0.1,0.0,24.7533,True
1790469124.649,356.6,1.2615,3.7696,-2.8105,0.1,0.0,24.7572,True
1790469124.699,356.65,1.2581,3.7684,-2.8105,0.1,0.0,24.761,True
1790469124.749,356.7,1.2547,3.7672,-2.8105,0.1,0.0,24.7649,True
1790469124.799,356.75,1.2513,3.7661,-2.8105,0.1,0.0,24.7688,True
1790469124.849,356.8,1.2479,3.7649,-2.8105,0.1,0.0,24.7726,True
1790469124.899,356.85,1.2445,3.7637,-2.8105,0.1,0.0,24.7765,True
1790469124.949,356.9,1.2411,3.7626,-2.8105,0.1,0.0,24.7804,True
1790469124.999,356.95,1.2377,3.7614,-2.8105,0.1,0.0,24.7842,True
1790469125.049,357.0,1.2343,3.7602,-2.8105,0.1,0.0,24.7881,True
1790469125.099,357.05,1.2309,3.759,-2.8105,0.1,0.0,24.792,True
1790469125.149,357.1,1.2274,3.7579,-2.8105,0.1,0.0,24.7958,True
1790469125.199,357.15,1.224,3.7567,-2.8105,0.1,0.0,24.7997,True
1790469125.249,357.2,1.2206,3.7555,-2.8105,0.1,0.0,24.8035,True
1790469125.299,357.25,1.2172,3.7544,-2.8105,0.1,0.0,24.8074,True
1790469125.349,357.3,1.2138,3.7532,-2.8105,0.1,0.0,24.8113,True
1790469125.399,357.35,1.2104,3.752,-2.8105,0.1,0.0,24.8151,True
1790469125.449,357.4,1.207,3.7509,-2.8105,0.1,0.0,24.819,True
1790469125.499,357.45,1.2036,3.7497,-2.8105,0.1,0.0,24.8229,True
1790469125.549,357.5,1.2002,3.7485,-2.8105,0.1,0.0,24.8267,True
1790469125.599,357.55,1.1968,3.7473,-2.8105,0.1,0.0,24.8306,True
1790469125.649,357.6,1.1934,3.7462,-2.8105,0.1,0.0,24.8345,True
1790469125.699,357.65,1.19,3.745,-2.8105,0.028,-0.01,24.8383,True
1790469125.749,357.7,1.1866,3.7438,-2.8105,0.1,0.0,24.8422,True
1790469125.799,357.75,1.1832,3.7427,-2.8105,0.1,0.0,24.8461,True
1790469125.849,357.8,1.1798,3.7415,-2.8105,0.1,0.0,24.8499,True
1790469125.899,357.85,1.1764,3.7403,-2.8105,0.1,0.0,24.8538,True
1790469125.949,357.9,1.173,3.7391,-2.8105,0.1,0.0,24.8577,True
1790469125.999,357.95,1.1696,3.738,-2.8105,0.1,0.0,24.8615,True
1790469126.049,358.0,1.1662,3.7368,-2.8105,0.1,0.0,24.8654,True
1790469126.099,358.05,1.1628,3.7356,-2.8105,0.1,0.0,24.8693,True
1790469126.149,358.1,1.1594,3.7345,-2.8105,0.1,0.0,24.8731,True
1790469126.199,358.15,1.156,3.7333,-2.8105,0.1,0.0,24.877,True
1790469126.249,358.2,1.1526,3.7321,-2.8105,0.1,0.0,24.8809,True
1790469126.299,358.25,1.1491,3.731,-2.8105,0.1,0.0,24.8847,True
1790469126.349,358.3,1.1457,3.7298,-2.8105,0.1,0.0,24.8886,True
1790469126.399,358.35,1.1423,3.7286,-2.8105,0.1,0.0,24.8924,True
1790469126.449,358.4,1.1389,3.7274,-2.8105,0.1,0.0,24.8963,True
1790469126.499,358.45,1.1355,3.7263,-2.8105,0.1,0.0,24.9002,True
1790469126.549,358.5,1.1321,3.7251,-2.8105,0.1,0.0,24.904,True
1790469126.599,358.55,1.1287,3.7239,-2.8105,0.1,0.0,24.9079,True
1790469126.649,358.6,1.1253,3.7228,-2.8105,0.1,0.0,24.9118,True
1790469126.699,358.65,1.1219,3.7216,-2.8105,0.1,0.0,24.9156,True
1790469126.749,358.7,1.1185,3.7204,-2.8105,0.1,0.0,24.9195,True
1790469126.799,358.75,1.1151,3.7193,-2.8105,0.1,0.0,24.9234,True
1790469126.849,358.8,1.1117,3.7181,-2.8105,0.1,0.0,24.9272,True
1790469126.899,358.85,1.1083,3.7169,-2.8105,0.1,0.0,24.9311,True
1790469126.949,358.9,1.1049,3.7157,-2.8105,0.1,0.0,24.935,True
1790469126.999,358.95,1.1015,3.7146,-2.8105,0.028,-0.01,24.9388,True
1790469127.049,359.0,1.0981,3.7134,-2.8105,0.1,0.0,24.9427,True
1790469127.099,359.05,1.0947,3.7122,-2.8105,0.1,0.0,24.9466,True
1790469127.149,359.1,1.0913,3.7111,-2.8105,0.1,0.0,24.9504,True
1790469127.199,359.15,1.0879,3.7099,-2.8105,0.1,0.0,24.9543,True
1790469127.249,359.2,1.0845,3.7087,-2.8105,0.1,0.0,24.9582,True
1790469127.299,359.25,1.0811,3.7076,-2.8105,0.1,0.0,24.962,True
1790469127.349,359.3,1.0777,3.7064,-2.8105,0.1,0.0,24.9659,True
1790469127.399,359.35,1.0743,3.7052,-2.8105,0.1,0.0,24.9698,True
1790469127.449,359.4,1.0709,3.704,-2.8105,0.1,0.0,24.9736,True
1790469127.499,359.45,1.0674,3.7029,-2.8105,0.1,0.0,24.9775,True
1790469127.549,359.5,1.064,3.7017,-2.8105,0.1,0.0,24.9813,True
1790469127.599,359.55,1.0606,3.7005,-2.8105,0.1,0.0,24.9852,True
1790469127.649,359.6,1.0572,3.6994,-2.8105,0.1,0.0,24.9891,True
1790469127.699,359.65,1.0538,3.6982,-2.8105,0.1,0.0,24.9929,True
1790469127.749,359.7,1.0504,3.697,-2.8105,0.1,0.0,24.9968,True
1790469127.799,359.75,1.047,3.6959,-2.8105,0.1,0.0,25.0007,True
1790469127.849,359.8,1.0436,3.6947,-2.8105,0.1,0.0,25.0045,True
1790469127.899,359.85,1.0402,3.6935,-2.8105,0.1,0.0,25.0084,True
1790469127.949,359.9,1.0368,3.6923,-2.8105,0.1,0.0,25.0123,True
1790469127.999,359.95,1.0334,3.6912,-2.8105,0.1,0.0,25.0161,True
1790469128.049,360.0,1.03,3.69,-2.8105,0.1,0.0,25.02,True
1790469128.099,360.05,1.0281,3.6862,-2.0344,0.1,0.0,25.0237,True
1790469128.149,360.1,1.0262,3.6825,-2.0344,0.1,0.0,25.0275,True
1790469128.199,360.15,1.0244,3.6787,-2.0344,0.1,0.0,25.0312,True
1790469128.249,360.2,1.0225,3.675,-2.0344,0.1,0.0,25.035,True
1790469128.299,360.25,1.0206,3.6713,-2.0344,0.1,0.0,25.0388,True
1790469128.349,360.3,1.0187,3.6675,-2.0344,0.1,0.0,25.0425,True
1790469128.399,360.35,1.0169,3.6637,-2.0344,0.1,0.0,25.0463,True
1790469128.449,360.4,1.015,3.66,-2.0344,0.1,0.0,25.05,True
1790469128.499,360.45,1.0131,3.6562,-2.0344,0.1,0.0,25.0538,True
1790469128.549,360.5,1.0113,3.6525,-2.0344,0.1,0.0,25.0575,True
1790469128.599,360.55,1.0094,3.6487,-2.0344,0.1,0.0,25.0612,True
1790469128.649,360.6,1.0075,3.645,-2.0344,0.1,0.0,25.065,True
1790469128.699,360.65,1.0056,3.6412,-2.0344,0.1,0.0,25.0688,True
1790469128.749,360.7,1.0037,3.6375,-2.0344,0.1,0.0,25.0725,True
1790469128.799,360.75,1.0019,3.6338,-2.0344,0.1,0.0,25.0762,True
1790469128.849,360.8,1.0,3.63,-2.0344,0.1,0.0,25.08,True
1790469128.899,360.85,1.0,3.626,-1.5708,0.1,0.0,25.084,True
1790469128.949,360.9,1.0,3.622,-1.5708,0.1,0.0,25.0881,True
1790469128.999,360.95,1.0,3.6181,-1.5708,0.1,0.0,25.0921,True
1790469129.049,361.0,1.0,3.6141,-1.5708,0.1,0.0,25.0962,True
1790469129.099,361.05,1.0,3.6101,-1.5708,0.1,0.0,25.1002,True
1790469129.149,361.1,1.0,3.6061,-1.5708,0.1,0.0,25.1043,True
1790469129.199,361.15,1.0,3.6021,-1.5708,0.1,0.0,25.1083,True
1790469129.249,361.2,1.0,3.5982,-1.5708,0.1,0.0,25.1124,True
1790469129.299,361.25,1.0,3.5942,-1.5708,0.1,0.0,25.1164,True
1790469129.349,361.3,1.0,3.5902,-1.5708,0.1,0.0,25.1205,True
1790469129.399,361.35,1.0,3.5862,-1.5708,0.1,0.0,25.1245,True
1790469129.449,361.4,1.0,3.5823,-1.5708,0.1,0.0,25.1286,True
1790469129.499,361.45,1.0,3.5783,-1.5708,0.1,0.0,25.1326,True
1790469129.549,361.5,1.0,3.5743,-1.5708,0.1,0.0,25.1367,True
1790469129.599,361.55,1.0,3.5703,-1.5708,0.1,0.0,25.1407,True
1790469129.649,361.6,1.0,3.5663,-1.5708,0.1,0.0,25.1448,True
1790469129.699,361.65,1.0,3.5624,-1.5708,0.1,0.0,25.1488,True
1790469129.749,361.7,1.0,3.5584,-1.5708,0.1,0.0,25.1529,True
1790469129.799,361.75,1.0,3.5544,-1.5708,0.1,0.0,25.1569,True
1790469129.849,361.8,1.0,3.5504,-1.5708,0.1,0.0,25.161,True
1790469129.899,361.85,1.0,3.5464,-1.5708,0.1,0.0,25.165,True
1790469129.949,361.9,1.0,3.5425,-1.5708,0.1,0.0,25.1691,True
1790469129.999,361.95,1.0,3.5385,-1.5708,0.1,0.0,25.1731,True
1790469130.049,362.0,1.0,3.5345,-1.5708,0.1,0.0,25.1772,True
1790469130.099,362.05,1.0,3.5305,-1.5708,0.1,0.0,25.1812,True
1790469130.149,362.1,1.0,3.5265,-1.5708,0.1,0.0,25.1853,True
1790469130.199,362.15,1.0,3.5226,-1.5708,0.1,0.0,25.1893,True
1790469130.249,362.2,1.0,3.5186,-1.5708,0.1,0.0,25.1934,True
1790469130.299,362.25,1.0,3.5146,-1.5708,0.1,0.0,25.1974,True
1790469130.349,362.3,1.0,3.5106,-1.5708,0.1,0.0,25.2015,True
1790469130.399,362.35,1.0,3.5067,-1.5708,0.1,0.0,25.2055,True
1790469130.449,362.4,1.0,3.5027,-1.5708,0.1,0.0,25.2096,True
1790469130.499,362.45,1.0,3.4987,-1.5708,0.1,0.0,25.2136,True
1790469130.549,362.5,1.0,3.4947,-1.5708,0.1,0.0,25.2177,True
1790469130.599,362.55,1.0,3.4907,-1.5708,0.1,0.0,25.2217,True
1790469130.649,362.6,1.0,3.4868,-1.5708,0.1,0.0,25.2258,True
1790469130.699,362.65,1.0,3.4828,-1.5708,0.1,0.0,25.2298,True
1790469130.749,362.7,1.0,3.4788,-1.5708,0.1,0.0,25.2339,True
1790469130.799,362.75,1.0,3.4748,-1.5708,0.1,0.0,25.2379,True
1790469130.849,362.8,1.0,3.4708,-1.5708,0.1,0.0,25.242,True
1790469130.899,362.85,1.0,3.4669,-1.5708,0.1,0.0,25.246,True
1790469130.949,362.9,1.0,3.4629,-1.5708,0.1,0.0,25.2501,True
1790469130.999,362.95,1.0,3.4589,-1.5708,0.1,0.0,25.2541,True
1790469131.049,363.0,1.0,3.4549,-1.5708,0.1,0.0,25.2582,True
1790469131.099,363.05,1.0,3.451,-1.5708,0.1,0.0,25.2622,True
1790469131.149,363.1,1.0,3.447,-1.5708,0.1,0.0,25.2663,True
1790469131.199,363.15,1.0,3.443,-1.5708,0.1,0.0,25.2703,True
1790469131.249,363.2,1.0,3.439,-1.5708,0.1,0.0,25.2744,True
1790469131.299,363.25,1.0,3.435,-1.5708,0.1,0.0,25.2784,True
1790469131.349,363.3,1.0,3.4311,-1.5708,0.1,0.0,25.2825,True
1790469131.399,363.35,1.0,3.4271,-1.5708,0.1,0.0,25.2865,True
1790469131.449,363.4,1.0,3.4231,-1.5708,0.1,0.0,25.2906,True
1790469131.499,363.45,1.0,3.4191,-1.5708,0.1,0.0,25.2946,True
1790469131.549,363.5,1.0,3.4151,-1.5708,0.1,0.0,25.2987,True
1790469131.599,363.55,1.0,3.4112,-1.5708,0.1,0.0,25.3027,True
1790469131.649,363.6,1.0,3.4072,-1.5708,0.1,0.0,25.3068,True
1790469131.699,363.65,1.0,3.4032,-1.5708,0.1,0.0,25.3108,True
1790469131.749,363.7,1.0,3.3992,-1.5708,0.1,0.0,25.3149,True
1790469131.799,363.75,1.0,3.3952,-1.5708,0.1,0.0,25.3189,True
1790469131.849,363.8,1.0,3.3913,-1.5708,0.1,0.0,25.323,True
1790469131.899,363.85,1.0,3.3873,-1.5708,0.1,0.0,25.327,True
1790469131.949,363.9,1.0,3.3833,-1.5708,0.1,0.0,25.3311,True
1790469131.999,363.95,1.0,3.3793,-1.5708,0.1,0.0,25.3351,True
1790469132.049,364.0,1.0,3.3754,-1.5708,0.1,0.0,25.3392,True
1790469132.099,364.05,1.0,3.3714,-1.5708,0.1,0.0,25.3432,True
1790469132.149,364.1,1.0,3.3674,-1.5708,0.1,0.0,25.3473,True
1790469132.199,364.15,1.0,3.3634,-1.5708,0.1,0.0,25.3513,True
1790469132.249,364.2,1.0,3.3594,-1.5708,0.1,0.0,25.3554,True
1790469132.299,364.25,1.0,3.3555,-1.5708,0.1,0.0,25.3594,True
1790469132.349,364.3,1.0,3.3515,-1.5708,0.1,0.0,25.3635,True
1790469132.399,364.35,1.0,3.3475,-1.5708,0.1,0.0,25.3675,True
1790469132.449,364.4,1.0,3.3435,-1.5708,0.1,0.0,25.3715,True
1790469132.499,364.45,1.0,3.3395,-1.5708,0.1,0.0,25.3756,True
1790469132.549,364.5,1.0,3.3356,-1.5708,0.1,0.0,25.3796,True
1790469132.599,364.55,1.0,3.3316,-1.5708,0.1,0.0,25.3837,True
1790469132.649,364.6,1.0,3.3276,-1.5708,0.1,0.0,25.3877,True
1790469132.699,364.65,1.0,3.3236,-1.5708,0.1,0.0,25.3918,True
1790469132.749,364.7,1.0,3.3196,-1.5708,0.1,0.0,25.3958,True
1790469132.799,364.75,1.0,3.3157,-1.5708,0.1,0.0,25.3999,True
1790469132.849,364.8,1.0,3.3117,-1.5708,0.1,0.0,25.4039,True
1790469132.899,364.85,1.0,3.3077,-1.5708,0.1,0.0,25.408,True
1790469132.949,364.9,1.0,3.3037,-1.5708,0.1,0.0,25.412,True
1790469132.999,364.95,1.0,3.2998,-1.5708,0.1,0.0,25.4161,True
1790469133.049,365.0,1.0,3.2958,-1.5708,0.1,0.0,25.4201,True
1790469133.099,365.05,1.0,3.2918,-1.5708,0.1,0.0,25.4242,True
1790469133.149,365.1,1.0,3.2878,-1.5708,0.1,0.0,25.4282,True
1790469133.199,365.15,1.0,3.2838,-1.5708,0.1,0.0,25.4323,True
1790469133.249,365.2,1.0,3.2799,-1.5708,0.1,0.0,25.4363,True
1790469133.299,365.25,1.0,3.2759,-1.5708,0.1,0.0,25.4404,True
1790469133.349,365.3,1.0,3.2719,-1.5708,0.1,0.0,25.4444,True
1790469133.399,365.35,1.0,3.2679,-1.5708,0.1,0.0,25.4485,True
1790469133.449,365.4,1.0,3.2639,-1.5708,0.1,0.0,25.4525,True
1790469133.499,365.45,1.0,3.26,-1.5708,0.1,0.0,25.4566,True
1790469133.549,365.5,1.0,3.256,-1.5708,0.1,0.0,25.4606,True
1790469133.599,365.55,1.0,3.252,-1.5708,0.1,0.0,25.4647,True
1790469133.649,365.6,1.0,3.248,-1.5708,0.1,0.0,25.4687,True
1790469133.699,365.65,1.0,3.244,-1.5708,0.1,0.0,25.4728,True
1790469133.749,365.7,1.0,3.2401,-1.5708,0.1,0.0,25.4768,True
1790469133.799,365.75,1.0,3.2361,-1.5708,0.1,0.0,25.4809,True
1790469133.849,365.8,1.0,3.2321,-1.5708,0.1,0.0,25.4849,True
1790469133.899,365.85,1.0,3.2281,-1.5708,0.1,0.0,25.489,True
1790469133.949,365.9,1.0,3.2242,-1.5708,0.1,0.0,25.493,True
1790469133.999,365.95,1.0,3.2202,-1.5708,0.1,0.0,25.4971,True
1790469134.049,366.0,1.0,3.2162,-1.5708,0.1,0.0,25.5011,True
1790469134.099,366.05,1.0,3.2122,-1.5708,0.1,0.0,25.5052,True
1790469134.149,366.1,1.0,3.2082,-1.5708,0.1,0.0,25.5092,True
1790469134.199,366.15,1.0,3.2043,-1.5708,0.1,0.0,25.5133,True
1790469134.249,366.2,1.0,3.2003,-1.5708,0.1,0.0,25.5173,True
1790469134.299,366.25,1.0,3.1963,-1.5708,0.1,0.0,25.5214,True
1790469134.349,366.3,1.0,3.1923,-1.5708,0.1,0.0,25.5254,True
1790469134.399,366.35,1.0,3.1883,-1.5708,0.1,0.0,25.5295,True
1790469134.449,366.4,1.0,3.1844,-1.5708,0.1,0.0,25.5335,True
1790469134.499,366.45,1.0,3.1804,-1.5708,0.1,0.0,25.5376,True
1790469134.549,366.5,1.0,3.1764,-1.5708,0.1,0.0,25.5416,True
1790469134.599,366.55,1.0,3.1724,-1.5708,0.1,0.0,25.5457,True
1790469134.649,366.6,1.0,3.1685,-1.5708,0.1,0.0,25.5497,True
1790469134.699,366.65,1.0,3.1645,-1.5708,0.1,0.0,25.5538,True
1790469134.749,366.7,1.0,3.1605,-1.5708,0.1,0.0,25.5578,True
1790469134.799,366.75,1.0,3.1565,-1.5708,0.1,0.0,25.5619,True
1790469134.849,366.8,1.0,3.1525,-1.5708,0.1,0.0,25.5659,True
1790469134.899,366.85,1.0,3.1486,-1.5708,0.1,0.0,25.57,True
1790469134.949,366.9,1.0,3.1446,-1.5708,0.1,0.0,25.574,True
1790469134.999,366.95,1.0,3.1406,-1.5708,0.1,0.0,25.5781,True
1790469135.049,367.0,1.0,3.1366,-1.5708,0.1,0.0,25.5821,True
1790469135.099,367.05,1.0,3.1326,-1.5708,0.098,-0.03,25.5862,True
1790469135.149,367.1,1.0,3.1287,-1.5708,0.1,0.0,25.5902,True
1790469135.199,367.15,1.0,3.1247,-1.5708,0.1,0.0,25.5943,True
1790469135.249,367.2,1.0,3.1207,-1.5708,0.1,0.0,25.5983,True
1790469135.299,367.25,1.0,3.1167,-1.5708,0.1,0.0,25.6024,True
1790469135.349,367.3,1.0,3.1127,-1.5708,0.1,0.0,25.6064,True
1790469135.399,367.35,1.0,3.1088,-1.5708,0.095,-0.08,25.6105,True
1790469135.449,367.4,1.0,3.1048,-1.5708,0.1,0.0,25.6145,True
1790469135.499,367.45,1.0,3.1008,-1.5708,0.1,0.0,25.6186,True
1790469135.549,367.5,1.0,3.0968,-1.5708,0.1,0.0,25.6226,True
1790469135.599,367.55,1.0,3.0929,-1.5708,0.1,0.0,25.6267,True
1790469135.649,367.6,1.0,3.0889,-1.5708,0.1,0.0,25.6307,True
1790469135.699,367.65,1.0,3.0849,-1.5708,0.1,0.0,25.6348,True
1790469135.749,367.7,1.0,3.0809,-1.5708,0.094,-0.09,25.6388,True
1790469135.799,367.75,1.0,3.0769,-1.5708,0.1,0.0,25.6429,True
1790469135.849,367.8,1.0,3.073,-1.5708,0.1,0.0,25.6469,True
1790469135.899,367.85,1.0,3.069,-1.5708,0.1,0.0,25.651,True
1790469135.949,367.9,1.0,3.065,-1.5708,0.1,0.0,25.655,True
1790469135.999,367.95,1.0,3.061,-1.5708,0.1,0.0,25.659,True
1790469136.049,368.0,1.0,3.057,-1.5708,0.1,0.0,25.6631,True
1790469136.099,368.05,1.0,3.0531,-1.5708,0.095,-0.08,25.6671,True
1790469136.149,368.1,1.0,3.0491,-1.5708,0.1,0.0,25.6712,True
1790469136.199,368.15,1.0,3.0451,-1.5708,0.1,0.0,25.6752,True
1790469136.249,368.2,1.0,3.0411,-1.5708,0.1,0.0,25.6793,True
1790469136.299,368.25,1.0,3.0371,-1.5708,0.1,0.0,25.6833,True
1790469136.349,368.3,1.0,3.0332,-1.5708,0.1,0.0,25.6874,True
1790469136.399,368.35,1.0,3.0292,-1.5708,0.096,-0.06,25.6914,True
1790469136.449,368.4,1.0,3.0252,-1.5708,0.1,0.0,25.6955,True
1790469136.499,368.45,1.0,3.0212,-1.5708,0.1,0.0,25.6995,True
1790469136.549,368.5,1.0,3.0173,-1.5708,0.1,0.0,25.7036,True
1790469136.599,368.55,1.0,3.0133,-1.5708,0.1,0.0,25.7076,True
1790469136.649,368.6,1.0,3.0093,-1.5708,0.1,0.0,25.7117,True
1790469136.699,368.65,1.0,3.0053,-1.5708,0.1,0.0,25.7157,True
1790469136.749,368.7,1.0,3.0013,-1.5708,0.097,-0.05,25.7198,True
1790469136.799,368.75,1.0,2.9974,-1.5708,0.1,0.0,25.7238,True
1790469136.849,368.8,1.0,2.9934,-1.5708,0.1,0.0,25.7279,True
1790469136.899,368.85,1.0,2.9894,-1.5708,0.1,0.0,25.7319,True
1790469136.949,368.9,1.0,2.9854,-1.5708,0.1,0.0,25.736,True
1790469136.999,368.95,1.0,2.9814,-1.5708,0.1,0.0,25.74,True
1790469137.049,369.0,1.0,2.9775,-1.5708,0.1,0.0,25.7441,True
1790469137.099,369.05,1.0,2.9735,-1.5708,0.098,-0.04,25.7481,True
1790469137.149,369.1,1.0,2.9695,-1.5708,0.1,0.0,25.7522,True
1790469137.199,369.15,1.0,2.9655,-1.5708,0.1,0.0,25.7562,True
1790469137.249,369.2,1.0,2.9615,-1.5708,0.1,0.0,25.7603,True
1790469137.299,369.25,1.0,2.9576,-1.5708,0.1,0.0,25.7643,True
1790469137.349,369.3,1.0,2.9536,-1.5708,0.1,0.0,25.7684,True
1790469137.399,369.35,1.0,2.9496,-1.5708,0.098,-0.02,25.7724,True
1790469137.449,369.4,1.0,2.9456,-1.5708,0.1,0.0,25.7765,True
1790469137.499,369.45,1.0,2.9417,-1.5708,0.1,0.0,25.7805,True
1790469137.549,369.5,1.0,2.9377,-1.5708,0.1,0.0,25.7846,True
1790469137.599,369.55,1.0,2.9337,-1.5708,0.1,0.0,25.7886,True
1790469137.649,369.6,1.0,2.9297,-1.5708,0.1,0.0,25.7927,True
1790469137.699,369.65,1.0,2.9257,-1.5708,0.1,0.0,25.7967,True
1790469137.749,369.7,1.0,2.9218,-1.5708,0.1,0.0,25.8008,True
1790469137.799,369.75,1.0,2.9178,-1.5708,0.1,0.0,25.8048,True
1790469137.849,369.8,1.0,2.9138,-1.5708,0.1,0.0,25.8089,True
1790469137.899,369.85,1.0,2.9098,-1.5708,0.1,0.0,25.8129,True
1790469137.949,369.9,1.0,2.9058,-1.5708,0.1,0.0,25.817,True
1790469137.999,369.95,1.0,2.9019,-1.5708,0.1,0.0,25.821,True
1790469138.049,370.0,1.0,2.8979,-1.5708,0.1,0.0,25.8251,True
1790469138.099,370.05,1.0,2.8939,-1.5708,0.1,0.0,25.8291,True
1790469138.149,370.1,1.0,2.8899,-1.5708,0.1,0.0,25.8332,True
1790469138.199,370.15,1.0,2.886,-1.5708,0.1,0.0,25.8372,True
1790469138.249,370.2,1.0,2.882,-1.5708,0.1,0.0,25.8413,True
1790469138.299,370.25,1.0,2.878,-1.5708,0.1,0.0,25.8453,True
1790469138.349,370.3,1.0,2.874,-1.5708,0.1,0.0,25.8494,True
1790469138.399,370.35,1.0,2.87,-1.5708,0.1,0.0,25.8534,True
1790469138.449,370.4,1.0,2.8661,-1.5708,0.1,0.0,25.8575,True
1790469138.499,370.45,1.0,2.8621,-1.5708,0.1,0.0,25.8615,True
1790469138.549,370.5,1.0,2.8581,-1.5708,0.1,0.0,25.8656,True
1790469138.599,370.55,1.0,2.8541,-1.5708,0.1,0.0,25.8696,True
1790469138.649,370.6,1.0,2.8501,-1.5708,0.1,0.0,25.8737,True
1790469138.699,370.65,1.0,2.8462,-1.5708,0.1,0.0,25.8777,True
1790469138.749,370.7,1.0,2.8422,-1.5708,0.1,0.0,25.8818,True
1790469138.799,370.75,1.0,2.8382,-1.5708,0.1,0.0,25.8858,True
1790469138.849,370.8,1.0,2.8342,-1.5708,0.1,0.0,25.8899,True
1790469138.899,370.85,1.0,2.8302,-1.5708,0.1,0.0,25.8939,True
1790469138.949,370.9,1.0,2.8263,-1.5708,0.1,0.0,25.898,True
1790469138.999,370.95,1.0,2.8223,-1.5708,0.1,0.0,25.902,True
1790469139.049,371.0,1.0,2.8183,-1.5708,0.1,0.0,25.9061,True
1790469139.099,371.05,1.0,2.8143,-1.5708,0.1,0.0,25.9101,True
1790469139.149,371.1,1.0,2.8104,-1.5708,0.1,0.0,25.9142,True
1790469139.199,371.15,1.0,2.8064,-1.5708,0.1,0.0,25.9182,True
1790469139.249,371.2,1.0,2.8024,-1.5708,0.1,0.0,25.9223,True
1790469139.299,371.25,1.0,2.7984,-1.5708,0.028,-0.0,25.9263,True
1790469139.349,371.3,1.0,2.7944,-1.5708,0.1,0.0,25.9304,True
1790469139.399,371.35,1.0,2.7905,-1.5708,0.1,0.0,25.9344,True
1790469139.449,371.4,1.0,2.7865,-1.5708,0.1,0.0,25.9385,True
1790469139.499,371.45,1.0,2.7825,-1.5708,0.1,0.0,25.9425,True
1790469139.549,371.5,1.0,2.7785,-1.5708,0.1,0.0,25.9465,True
1790469139.599,371.55,1.0,2.7745,-1.5708,0.1,0.0,25.9506,True
1790469139.649,371.6,1.0,2.7706,-1.5708,0.1,0.0,25.9546,True
1790469139.699,371.65,1.0,2.7666,-1.5708,0.1,0.0,25.9587,True
1790469139.749,371.7,1.0,2.7626,-1.5708,0.1,0.0,25.9627,True
1790469139.799,371.75,1.0,2.7586,-1.5708,0.1,0.0,25.9668,True
1790469139.849,371.8,1.0,2.7546,-1.5708,0.1,0.0,25.9708,True
1790469139.899,371.85,1.0,2.7507,-1.5708,0.1,0.0,25.9749,True
1790469139.949,371.9,1.0,2.7467,-1.5708,0.1,0.0,25.9789,True
1790469139.999,371.95,1.0,2.7427,-1.5708,0.028,-0.0,25.983,True
1790469140.049,372.0,1.0,2.7387,-1.5708,0.1,0.0,25.987,True
1790469140.099,372.05,1.0,2.7348,-1.5708,0.1,0.0,25.9911,True
1790469140.149,372.1,1.0,2.7308,-1.5708,0.1,0.0,25.9951,True
1790469140.199,372.15,1.0,2.7268,-1.5708,0.1,0.0,25.9992,True
1790469140.249,372.2,1.0,2.7228,-1.5708,0.1,0.0,26.0032,True
1790469140.299,372.25,1.0,2.7188,-1.5708,0.1,0.0,26.0073,True
1790469140.349,372.3,1.0,2.7149,-1.5708,0.1,0.0,26.0113,True
1790469140.399,372.35,1.0,2.7109,-1.5708,0.1,0.0,26.0154,True
1790469140.449,372.4,1.0,2.7069,-1.5708,0.028,-0.0,26.0194,True
1790469140.499,372.45,1.0,2.7029,-1.5708,0.1,0.0,26.0235,True
1790469140.549,372.5,1.0,2.6989,-1.5708,0.1,0.0,26.0275,True
1790469140.599,372.55,1.0,2.695,-1.5708,0.1,0.0,26.0316,True
1790469140.649,372.6,1.0,2.691,-1.5708,0.1,0.0,26.0356,True
1790469140.699,372.65,1.0,2.687,-1.5708,0.1,0.0,26.0397,True
1790469140.749,372.7,1.0,2.683,-1.5708,0.1,0.0,26.0437,True
1790469140.799,372.75,1.0,2.679,-1.5708,0.1,0.0,26.0478,True
1790469140.849,372.8,1.0,2.6751,-1.5708,0.1,0.0,26.0518,True
1790469140.899,372.85,1.0,2.6711,-1.5708,0.1,0.0,26.0559,True
1790469140.949,372.9,1.0,2.6671,-1.5708,0.1,0.0,26.0599,True
1790469140.999,372.95,1.0,2.6631,-1.5708,0.1,0.0,26.064,True
1790469141.049,373.0,1.0,2.6592,-1.5708,0.1,0.0,26.068,True
1790469141.099,373.05,1.0,2.6552,-1.5708,0.1,0.0,26.0721,True
1790469141.149,373.1,1.0,2.6512,-1.5708,0.1,0.0,26.0761,True
1790469141.199,373.15,1.0,2.6472,-1.5708,0.093,-0.11,26.0802,True
1790469141.249,373.2,1.0,2.6432,-1.5708,0.028,-0.0,26.0842,True
1790469141.299,373.25,1.0,2.6393,-1.5708,0.1,0.0,26.0883,True
1790469141.349,373.3,1.0,2.6353,-1.5708,0.1,0.0,26.0923,True
1790469141.399,373.35,1.0,2.6313,-1.5708,0.1,0.0,26.0964,True
1790469141.449,373.4,1.0,2.6273,-1.5708,0.1,0.0,26.1004,True
1790469141.499,373.45,1.0,2.6233,-1.5708,0.1,0.0,26.1045,True
1790469141.549,373.5,1.0,2.6194,-1.5708,0.028,-0.0,26.1085,True
1790469141.599,373.55,1.0,2.6154,-1.5708,0.1,0.0,26.1126,True
1790469141.649,373.6,1.0,2.6114,-1.5708,0.1,0.0,26.1166,True
1790469141.699,373.65,1.0,2.6074,-1.5708,0.1,0.0,26.1207,True
1790469141.749,373.7,1.0,2.6035,-1.5708,0.1,0.0,26.1247,True
1790469141.799,373.75,1.0,2.5995,-1.5708,0.1,0.0,26.1288,True
1790469141.849,373.8,1.0,2.5955,-1.5708,0.028,-0.0,26.1328,True
1790469141.899,373.85,1.0,2.5915,-1.5708,0.1,0.0,26.1369,True
1790469141.949,373.9,1.0,2.5875,-1.5708,0.1,0.0,26.1409,True
1790469141.999,373.95,1.0,2.5836,-1.5708,0.1,0.0,26.145,True
1790469142.049,374.0,1.0,2.5796,-1.5708,0.1,0.0,26.149,True
1790469142.099,374.05,1.0,2.5756,-1.5708,0.1,0.0,26.1531,True
1790469142.149,374.1,1.0,2.5716,-1.5708,0.028,-0.0,26.1571,True
1790469142.199,374.15,1.0,2.5676,-1.5708,0.1,0.0,26.1612,True
1790469142.249,374.2,1.0,2.5637,-1.5708,0.1,0.0,26.1652,True
1790469142.299,374.25,1.0,2.5597,-1.5708,0.1,0.0,26.1693,True
1790469142.349,374.3,1.0,2.5557,-1.5708,0.1,0.0,26.1733,True
1790469142.399,374.35,1.0,2.5517,-1.5708,0.028,-0.0,26.1774,True
1790469142.449,374.4,1.0,2.5477,-1.5708,0.1,0.0,26.1814,True
1790469142.499,374.45,1.0,2.5438,-1.5708,0.1,0.0,26.1855,True
1790469142.549,374.5,1.0,2.5398,-1.5708,0.1,0.0,26.1895,True
1790469142.599,374.55,1.0,2.5358,-1.5708,0.1,0.0,26.1936,True
1790469142.649,374.6,1.0,2.5318,-1.5708,0.028,-0.0,26.1976,True
1790469142.699,374.65,1.0,2.5279,-1.5708,0.1,0.0,26.2017,True
1790469142.749,374.7,1.0,2.5239,-1.5708,0.1,0.0,26.2057,True
1790469142.799,374.75,1.0,2.5199,-1.5708,0.1,0.0,26.2098,True
1790469142.849,374.8,1.0,2.5159,-1.5708,0.1,0.0,26.2138,True
1790469142.899,374.85,1.0,2.5119,-1.5708,0.1,0.0,26.2179,True
1790469142.949,374.9,1.0,2.508,-1.5708,0.028,-0.0,26.2219,True
1790469142.999,374.95,1.0,2.504,-1.5708,0.1,0.0,26.226,True
1790469143.049,375.0,1.0,2.5,-1.5708,0.1,0.0,26.23,True
1790469143.099,375.05,1.0,2.4987,-1.5708,0.1,0.0,26.2312,True
1790469143.149,375.1,1.0,2.4975,-1.5708,0.1,0.0,26.2325,True
1790469143.199,375.15,1.0,2.4962,-1.5708,0.028,-0.0,26.2338,True
1790469143.249,375.2,1.0,2.495,-1.5708,0.1,0.0,26.235,True
1790469143.299,375.25,1.0,2.4937,-1.5708,0.1,0.0,26.2363,True
1790469143.349,375.3,1.0,2.4925,-1.5708,0.1,0.0,26.2375,True
1790469143.399,375.35,1.0,2.4912,-1.5708,0.1,0.0,26.2387,True
1790469143.449,375.4,1.0,2.49,-1.5708,0.1,0.0,26.24,True
1790469143.499,375.45,1.0,2.4887,-1.5708,0.028,-0.0,26.2413,True
1790469143.549,375.5,1.0,2.4875,-1.5708,0.1,0.0,26.2425,True
1790469143.599,375.55,1.0,2.4863,-1.5708,0.1,0.0,26.2437,True
1790469143.649,375.6,1.0,2.485,-1.5708,0.1,0.0,26.245,True
1790469143.699,375.65,1.0,2.4837,-1.5708,0.1,0.0,26.2462,True
1790469143.749,375.7,1.0,2.4825,-1.5708,0.1,0.0,26.2475,True
1790469143.799,375.75,1.0,2.4813,-1.5708,0.028,-0.0,26.2488,True
1790469143.849,375.8,1.0,2.48,-1.5708,0.1,0.0,26.25,True
1790469143.899,375.85,0.9995,2.4782,-1.8589,0.1,0.0,26.252,True
1790469143.949,375.9,0.9989,2.4764,-1.8589,0.1,0.0,26.2539,True
1790469143.999,375.95,0.9984,2.4745,-1.8589,0.1,0.0,26.2559,True
1790469144.049,376.0,0.9978,2.4727,-1.8589,0.1,0.0,26.2578,True
1790469144.099,376.05,0.9973,2.4709,-1.8589,0.028,-0.0,26.2598,True
1790469144.149,376.1,0.9968,2.4691,-1.8589,0.1,0.0,26.2618,True
1790469144.199,376.15,0.9962,2.4672,-1.8589,0.1,0.0,26.2637,True
1790469144.249,376.2,0.9957,2.4654,-1.8589,0.1,0.0,26.2657,True
1790469144.299,376.25,0.9951,2.4636,-1.8589,0.1,0.0,26.2676,True
1790469144.349,376.3,0.9946,2.4618,-1.8589,0.0,-0.23,26.2696,True
1790469144.399,376.35,0.9941,2.4599,-1.8589,0.1,0.0,26.2716,True
1790469144.449,376.4,0.9935,2.4581,-1.8589,0.1,0.0,26.2735,True
1790469144.499,376.45,0.993,2.4563,-1.8589,0.1,0.0,26.2755,True
1790469144.549,376.5,0.9924,2.4545,-1.8589,0.1,0.0,26.2774,True
1790469144.599,376.55,0.9919,2.4526,-1.8589,0.1,0.0,26.2794,True
1790469144.649,376.6,0.9914,2.4508,-1.8589,0.028,-0.15,26.2814,True
1790469144.699,376.65,0.9908,2.449,-1.8589,0.1,0.0,26.2833,True
1790469144.749,376.7,0.9903,2.4472,-1.8589,0.1,0.0,26.2853,True
1790469144.799,376.75,0.9897,2.4453,-1.8589,0.1,0.0,26.2872,True
1790469144.849,376.8,0.9892,2.4435,-1.8589,0.1,0.0,26.2892,True
1790469144.899,376.85,0.9886,2.4417,-1.8589,0.1,0.0,26.2911,True
1790469144.949,376.9,0.9881,2.4399,-1.8589,0.028,-0.1,26.2931,True
1790469144.999,376.95,0.9876,2.438,-1.8589,0.1,0.0,26.2951,True
1790469145.049,377.0,0.987,2.4362,-1.8589,0.1,0.0,26.297,True
1790469145.099,377.05,0.9865,2.4344,-1.8589,0.1,0.0,26.299,True
1790469145.149,377.1,0.9859,2.4326,-1.8589,0.1,0.0,26.3009,True
1790469145.199,377.15,0.9854,2.4307,-1.8589,0.1,0.0,26.3029,True
1790469145.249,377.2,0.9849,2.4289,-1.8589,0.028,-0.07,26.3049,True
1790469145.299,377.25,0.9843,2.4271,-1.8589,0.1,0.0,26.3068,True
1790469145.349,377.3,0.9838,2.4253,-1.8589,0.1,0.0,26.3088,True
1790469145.399,377.35,0.9832,2.4234,-1.8589,0.1,0.0,26.3107,True
1790469145.449,377.4,0.9827,2.4216,-1.8589,0.1,0.0,26.3127,True
1790469145.499,377.45,0.9822,2.4198,-1.8589,0.1,0.0,26.3147,True
1790469145.549,377.5,0.9816,2.418,-1.8589,0.028,-0.04,26.3166,True
1790469145.599,377.55,0.9811,2.4161,-1.8589,0.1,0.0,26.3186,True
1790469145.649,377.6,0.9805,2.4143,-1.8589,0.1,0.0,26.3205,True
1790469145.699,377.65,0.98,2.4125,-1.8589,0.1,0.0,26.3225,True
1790469145.749,377.7,0.9795,2.4107,-1.8589,0.1,0.0,26.3245,True
1790469145.799,377.75,0.9789,2.4089,-1.8589,0.03,-0.03,26.3264,True
1790469145.849,377.8,0.9784,2.407,-1.8589,0.1,0.0,26.3284,True
1790469145.899,377.85,0.9778,2.4052,-1.8589,0.1,0.0,26.3303,True
1790469145.949,377.9,0.9773,2.4034,-1.8589,0.1,0.0,26.3323,True
1790469145.999,377.95,0.9768,2.4016,-1.8589,0.1,0.0,26.3343,True
1790469146.049,378.0,0.9762,2.3997,-1.8589,0.1,0.0,26.3362,True
1790469146.099,378.05,0.9757,2.3979,-1.8589,0.03,-0.02,26.3382,True
1790469146.149,378.1,0.9751,2.3961,-1.8589,0.1,0.0,26.3401,True
1790469146.199,378.15,0.9746,2.3943,-1.8589,0.1,0.0,26.3421,True
1790469146.249,378.2,0.9741,2.3924,-1.8589,0.1,0.0,26.3441,True
1790469146.299,378.25,0.9735,2.3906,-1.8589,0.1,0.0,26.346,True
1790469146.349,378.3,0.973,2.3888,-1.8589,0.1,0.0,26.348,True
1790469146.399,378.35,0.9724,2.387,-1.8589,0.03,-0.01,26.3499,True
1790469146.449,378.4,0.9719,2.3851,-1.8589,0.1,0.0,26.3519,True
1790469146.499,378.45,0.9714,2.3833,-1.8589,0.1,0.0,26.3539,True
1790469146.549,378.5,0.9708,2.3815,-1.8589,0.1,0.0,26.3558,True
1790469146.599,378.55,0.9703,2.3797,-1.8589,0.1,0.0,26.3578,True
1790469146.649,378.6,0.9697,2.3778,-1.8589,0.03,-0.01,26.3597,True
1790469146.699,378.65,0.9692,2.376,-1.8589,0.1,0.0,26.3617,True
1790469146.749,378.7,0.9686,2.3742,-1.8589,0.1,0.0,26.3636,True
1790469146.799,378.75,0.9681,2.3724,-1.8589,0.1,0.0,26.3656,True
1790469146.849,378.8,0.9676,2.3705,-1.8589,0.1,0.0,26.3676,True
1790469146.899,378.85,0.967,2.3687,-1.8589,0.1,0.0,26.3695,True
1790469146.949,378.9,0.9665,2.3669,-1.8589,0.03,-0.01,26.3715,True
1790469146.999,378.95,0.9659,2.3651,-1.8589,0.1,0.0,26.3734,True
1790469147.049,379.0,0.9654,2.3632,-1.8589,0.1,0.0,26.3754,True
1790469147.099,379.05,0.9649,2.3614,-1.8589,0.1,0.0,26.3774,True
1790469147.149,379.1,0.9643,2.3596,-1.8589,0.1,0.0,26.3793,True
1790469147.199,379.15,0.9638,2.3578,-1.8589,0.03,-0.0,26.3813,True
1790469147.249,379.2,0.9632,2.3559,-1.8589,0.1,0.0,26.3832,True
1790469147.299,379.25,0.9627,2.3541,-1.8589,0.1,0.0,26.3852,True
1790469147.349,379.3,0.9622,2.3523,-1.8589,0.1,0.0,26.3872,True
1790469147.399,379.35,0.9616,2.3505,-1.8589,0.1,0.0,26.3891,True
1790469147.449,379.4,0.9611,2.3486,-1.8589,0.03,-0.0,26.3911,True
1790469147.499,379.45,0.9605,2.3468,-1.8589,0.1,0.0,26.393,True
1790469147.549,379.5,0.96,2.345,-1.8589,0.1,0.0,26.395,True
1790469147.599,379.55,0.9595,2.3432,-1.8589,0.1,0.0,26.397,True
1790469147.649,379.6,0.9589,2.3414,-1.8589,0.1,0.0,26.3989,True
1790469147.699,379.65,0.9584,2.3395,-1.8589,0.03,-0.0,26.4009,True
1790469147.749,379.7,0.9578,2.3377,-1.8589,0.1,0.0,26.4028,True
1790469147.799,379.75,0.9573,2.3359,-1.8589,0.1,0.0,26.4048,True
1790469147.849,379.8,0.9568,2.3341,-1.8589,0.1,0.0,26.4068,True
1790469147.899,379.85,0.9562,2.3322,-1.8589,0.1,0.0,26.4087,True
1790469147.949,379.9,0.9557,2.3304,-1.8589,0.1,0.0,26.4107,True
1790469147.999,379.95,0.9551,2.3286,-1.8589,0.03,-0.0,26.4126,True
1790469148.049,380.0,0.9546,2.3268,-1.8589,0.1,0.0,26.4146,True
1790469148.099,380.05,0.9541,2.3249,-1.8589,0.1,0.0,26.4166,True
1790469148.149,380.1,0.9535,2.3231,-1.8589,0.1,0.0,26.4185,True
1790469148.199,380.15,0.953,2.3213,-1.8589,0.1,0.0,26.4205,True
1790469148.249,380.2,0.9524,2.3195,-1.8589,0.03,-0.0,26.4224,True
1790469148.299,380.25,0.9519,2.3176,-1.8589,0.1,0.0,26.4244,True
1790469148.349,380.3,0.9514,2.3158,-1.8589,0.1,0.0,26.4264,True
1790469148.399,380.35,0.9508,2.314,-1.8589,0.1,0.0,26.4283,True
1790469148.449,380.4,0.9503,2.3122,-1.8589,0.1,0.0,26.4303,True
1790469148.499,380.45,0.9497,2.3103,-1.8589,0.1,0.0,26.4322,True
1790469148.549,380.5,0.9492,2.3085,-1.8589,0.03,-0.0,26.4342,True
1790469148.599,380.55,0.9486,2.3067,-1.8589,0.1,0.0,26.4361,True
1790469148.649,380.6,0.9481,2.3049,-1.8589,0.1,0.0,26.4381,True
1790469148.699,380.65,0.9476,2.303,-1.8589,0.1,0.0,26.4401,True
1790469148.749,380.7,0.947,2.3012,-1.8589,0.1,0.0,26.442,True
1790469148.799,380.75,0.9465,2.2994,-1.8589,0.03,-0.0,26.444,True
1790469148.849,380.8,0.9459,2.2976,-1.8589,0.1,0.0,26.4459,True
1790469148.899,380.85,0.9454,2.2957,-1.8589,0.1,0.0,26.4479,True
1790469148.949,380.9,0.9449,2.2939,-1.8589,0.1,0.0,26.4499,True
1790469148.999,380.95,0.9443,2.2921,-1.8589,0.1,0.0,26.4518,True
1790469149.049,381.0,0.9438,2.2903,-1.8589,0.03,-0.0,26.4538,True
1790469149.099,381.05,0.9432,2.2884,-1.8589,0.1,0.0,26.4557,True
1790469149.149,381.1,0.9427,2.2866,-1.8589,0.1,0.0,26.4577,True
1790469149.199,381.15,0.9422,2.2848,-1.8589,0.1,0.0,26.4597,True
1790469149.249,381.2,0.9416,2.283,-1.8589,0.1,0.0,26.4616,True
1790469149.299,381.25,0.9411,2.2811,-1.8589,0.1,0.0,26.4636,True
1790469149.349,381.3,0.9405,2.2793,-1.8589,0.03,-0.0,26.4655,True
1790469149.399,381.35,0.94,2.2775,-1.8589,0.1,0.0,26.4675,True
1790469149.449,381.4,0.9395,2.2757,-1.8589,0.1,0.0,26.4695,True
1790469149.499,381.45,0.9389,2.2739,-1.8589,0.1,0.0,26.4714,True
1790469149.549,381.5,0.9384,2.272,-1.8589,0.1,0.0,26.4734,True
1790469149.599,381.55,0.9378,2.2702,-1.8589,0.1,0.0,26.4753,True
1790469149.649,381.6,0.9373,2.2684,-1.8589,0.03,-0.0,26.4773,True
1790469149.699,381.65,0.9368,2.2666,-1.8589,0.1,0.0,26.4793,True
1790469149.749,381.7,0.9362,2.2647,-1.8589,0.1,0.0,26.4812,True
1790469149.799,381.75,0.9357,2.2629,-1.8589,0.1,0.0,26.4832,True
1790469149.849,381.8,0.9351,2.2611,-1.8589,0.1,0.0,26.4851,True
1790469149.899,381.85,0.9346,2.2593,-1.8589,0.03,-0.0,26.4871,True
1790469149.949,381.9,0.9341,2.2574,-1.8589,0.1,0.0,26.4891,True
1790469149.999,381.95,0.9335,2.2556,-1.8589,0.1,0.0,26.491,True
1790469150.049,382.0,0.933,2.2538,-1.8589,0.1,0.0,26.493,True
1790469150.099,382.05,0.9324,2.252,-1.8589,0.1,0.0,26.4949,True
1790469150.149,382.1,0.9319,2.2501,-1.8589,0.1,0.0,26.4969,True
1790469150.199,382.15,0.9314,2.2483,-1.8589,0.03,-0.0,26.4989,True
1790469150.249,382.2,0.9308,2.2465,-1.8589,0.1,0.0,26.5008,True
1790469150.299,382.25,0.9303,2.2447,-1.8589,0.1,0.0,26.5028,True
1790469150.349,382.3,0.9297,2.2428,-1.8589,0.1,0.0,26.5047,True
1790469150.399,382.35,0.9292,2.241,-1.8589,0.1,0.0,26.5067,True
1790469150.449,382.4,0.9286,2.2392,-1.8589,0.1,0.0,26.5086,True
1790469150.499,382.45,0.9281,2.2374,-1.8589,0.03,-0.0,26.5106,True
1790469150.549,382.5,0.9276,2.2355,-1.8589,0.1,0.0,26.5126,True
1790469150.599,382.55,0.927,2.2337,-1.8589,0.1,0.0,26.5145,True
1790469150.649,382.6,0.9265,2.2319,-1.8589,0.1,0.0,26.5165,True
1790469150.699,382.65,0.9259,2.2301,-1.8589,0.1,0.0,26.5184,True
1790469150.749,382.7,0.9254,2.2282,-1.8589,0.03,-0.0,26.5204,True
1790469150.799,382.75,0.9249,2.2264,-1.8589,0.1,0.0,26.5224,True
1790469150.849,382.8,0.9243,2.2246,-1.8589,0.1,0.0,26.5243,True
1790469150.899,382.85,0.9238,2.2228,-1.8589,0.1,0.0,26.5263,True
1790469150.949,382.9,0.9232,2.2209,-1.8589,0.1,0.0,26.5282,True
1790469150.999,382.95,0.9227,2.2191,-1.8589,0.03,-0.0,26.5302,True
1790469151.049,383.0,0.9222,2.2173,-1.8589,0.1,0.0,26.5322,True
1790469151.099,383.05,0.9216,2.2155,-1.8589,0.1,0.0,26.5341,True
1790469151.149,383.1,0.9211,2.2136,-1.8589,0.1,0.0,26.5361,True
1790469151.199,383.15,0.9205,2.2118,-1.8589,0.1,0.0,26.538,True
1790469151.249,383.2,0.92,2.21,-1.8589,0.1,0.0,26.54,True
1790469151.299,383.25,0.9195,2.2082,-1.8589,0.03,-0.0,26.542,True
1790469151.349,383.3,0.9189,2.2064,-1.8589,0.1,0.0,26.5439,True
1790469151.399,383.35,0.9184,2.2045,-1.8589,0.1,0.0,26.5459,True
1790469151.449,383.4,0.9178,2.2027,-1.8589,0.1,0.0,26.5478,True
1790469151.499,383.45,0.9173,2.2009,-1.8589,0.1,0.0,26.5498,True
1790469151.549,383.5,0.9168,2.1991,-1.8589,0.1,0.0,26.5518,True
1790469151.599,383.55,0.9162,2.1972,-1.8589,0.03,-0.0,26.5537,True
1790469151.649,383.6,0.9157,2.1954,-1.8589,0.1,0.0,26.5557,True
1790469151.699,383.65,0.9151,2.1936,-1.8589,0.1,0.0,26.5576,True
1790469151.749,383.7,0.9146,2.1918,-1.8589,0.1,0.0,26.5596,True
1790469151.799,383.75,0.9141,2.1899,-1.8589,0.1,0.0,26.5616,True
1790469151.849,383.8,0.9135,2.1881,-1.8589,0.03,-0.0,26.5635,True
1790469151.899,383.85,0.913,2.1863,-1.8589,0.1,0.0,26.5655,True
1790469151.949,383.9,0.9124,2.1845,-1.8589,0.1,0.0,26.5674,True
1790469151.999,383.95,0.9119,2.1826,-1.8589,0.1,0.0,26.5694,True
1790469152.049,384.0,0.9114,2.1808,-1.8589,0.1,0.0,26.5714,True
1790469152.099,384.05,0.9108,2.179,-1.8589,0.03,-0.0,26.5733,True
1790469152.149,384.1,0.9103,2.1772,-1.8589,0.1,0.0,26.5753,True
1790469152.199,384.15,0.9097,2.1753,-1.8589,0.1,0.0,26.5772,True
1790469152.249,384.2,0.9092,2.1735,-1.8589,0.1,0.0,26.5792,True
1790469152.299,384.25,0.9086,2.1717,-1.8589,0.1,0.0,26.5811,True
1790469152.349,384.3,0.9081,2.1699,-1.8589,0.1,0.0,26.5831,True
1790469152.399,384.35,0.9076,2.168,-1.8589,0.03,-0.0,26.5851,True
1790469152.449,384.4,0.907,2.1662,-1.8589,0.1,0.0,26.587,True
1790469152.499,384.45,0.9065,2.1644,-1.8589,0.1,0.0,26.589,True
1790469152.549,384.5,0.9059,2.1626,-1.8589,0.1,0.0,26.5909,True
1790469152.599,384.55,0.9054,2.1607,-1.8589,0.1,0.0,26.5929,True
1790469152.649,384.6,0.9049,2.1589,-1.8589,0.03,-0.0,26.5949,True
1790469152.699,384.65,0.9043,2.1571,-1.8589,0.1,0.0,26.5968,True
1790469152.749,384.7,0.9038,2.1553,-1.8589,0.1,0.0,26.5988,True
1790469152.799,384.75,0.9032,2.1534,-1.8589,0.1,0.0,26.6007,True
1790469152.849,384.8,0.9027,2.1516,-1.8589,0.1,0.0,26.6027,True
1790469152.899,384.85,0.9022,2.1498,-1.8589,0.03,-0.0,26.6047,True
1790469152.949,384.9,0.9016,2.148,-1.8589,0.1,0.0,26.6066,True
1790469152.999,384.95,0.9011,2.1461,-1.8589,0.1,0.0,26.6086,True
1790469153.049,385.0,0.9005,2.1443,-1.8589,0.1,0.0,26.6105,True
1790469153.099,385.05,0.9,2.1425,-1.8589,0.1,0.0,26.6125,True
1790469153.149,385.1,0.8995,2.1407,-1.8589,0.1,0.0,26.6145,True
1790469153.199,385.15,0.8989,2.1389,-1.8589,0.03,-0.0,26.6164,True
1790469153.249,385.2,0.8984,2.137,-1.8589,0.1,0.0,26.6184,True
1790469153.299,385.25,0.8978,2.1352,-1.8589,0.1,0.0,26.6203,True
1790469153.349,385.3,0.8973,2.1334,-1.8589,0.1,0.0,26.6223,True
1790469153.399,385.35,0.8968,2.1316,-1.8589,0.1,0.0,26.6243,True
1790469153.449,385.4,0.8962,2.1297,-1.8589,0.1,0.0,26.6262,True
1790469153.499,385.45,0.8957,2.1279,-1.8589,0.03,-0.0,26.6282,True
1790469153.549,385.5,0.8951,2.1261,-1.8589,0.1,0.0,26.6301,True
1790469153.599,385.55,0.8946,2.1243,-1.8589,0.1,0.0,26.6321,True
1790469153.649,385.6,0.8941,2.1224,-1.8589,0.1,0.0,26.6341,True
1790469153.699,385.65,0.8935,2.1206,-1.8589,0.1,0.0,26.636,True
1790469153.749,385.7,0.893,2.1188,-1.8589,0.03,-0.0,26.638,True
1790469153.799,385.75,0.8924,2.117,-1.8589,0.1,0.0,26.6399,True
1790469153.849,385.8,0.8919,2.1151,-1.8589,0.1,0.0,26.6419,True
1790469153.899,385.85,0.8914,2.1133,-1.8589,0.095,-0.08,26.6439,True
1790469153.949,385.9,0.8908,2.1115,-1.8589,0.1,0.0,26.6458,True
1790469153.999,385.95,0.8903,2.1097,-1.8589,0.1,0.0,26.6478,True
1790469154.049,386.0,0.8897,2.1078,-1.8589,0.1,0.0,26.6497,True
1790469154.099,386.05,0.8892,2.106,-1.8589,0.1,0.0,26.6517,True
1790469154.149,386.1,0.8886,2.1042,-1.8589,0.1,0.0,26.6536,True
1790469154.199,386.15,0.8881,2.1024,-1.8589,0.081,-0.3,26.6556,True
1790469154.249,386.2,0.8876,2.1005,-1.8589,0.1,0.0,26.6576,True
1790469154.299,386.25,0.887,2.0987,-1.8589,0.1,0.0,26.6595,True
1790469154.349,386.3,0.8865,2.0969,-1.8589,0.1,0.0,26.6615,True
1790469154.399,386.35,0.8859,2.0951,-1.8589,0.1,0.0,26.6634,True
1790469154.449,386.4,0.8854,2.0932,-1.8589,0.1,0.0,26.6654,True
1790469154.499,386.45,0.8849,2.0914,-1.8589,0.1,0.0,26.6674,True
1790469154.549,386.5,0.8843,2.0896,-1.8589,0.1,0.0,26.6693,True
1790469154.599,386.55,0.8838,2.0878,-1.8589,0.1,0.0,26.6713,True
1790469154.649,386.6,0.8832,2.0859,-1.8589,0.1,0.0,26.6732,True
1790469154.699,386.65,0.8827,2.0841,-1.8589,0.1,0.0,26.6752,True
1790469154.749,386.7,0.8822,2.0823,-1.8589,0.1,0.0,26.6772,True
1790469154.799,386.75,0.8816,2.0805,-1.8589,0.1,0.0,26.6791,True
1790469154.849,386.8,0.8811,2.0786,-1.8589,0.1,0.0,26.6811,True
1790469154.899,386.85,0.8805,2.0768,-1.8589,0.1,0.0,26.683,True
1790469154.949,386.9,0.88,2.075,-1.8589,0.1,0.0,26.685,True
1790469154.999,386.95,0.8795,2.0732,-1.8589,0.1,0.0,26.687,True
1790469155.049,387.0,0.8789,2.0714,-1.8589,0.1,0.0,26.6889,True
1790469155.099,387.05,0.8784,2.0695,-1.8589,0.1,0.0,26.6909,True
1790469155.149,387.1,0.8778,2.0677,-1.8589,0.1,0.0,26.6928,True
1790469155.199,387.15,0.8773,2.0659,-1.8589,0.1,0.0,26.6948,True
1790469155.249,387.2,0.8768,2.0641,-1.8589,0.1,0.0,26.6968,True
1790469155.299,387.25,0.8762,2.0622,-1.8589,0.1,0.0,26.6987,True
1790469155.349,387.3,0.8757,2.0604,-1.8589,0.1,0.0,26.7007,True
1790469155.399,387.35,0.8751,2.0586,-1.8589,0.1,0.0,26.7026,True
1790469155.449,387.4,0.8746,2.0568,-1.8589,0.1,0.0,26.7046,True
1790469155.499,387.45,0.8741,2.0549,-1.8589,0.1,0.0,26.7066,True
1790469155.549,387.5,0.8735,2.0531,-1.8589,0.1,0.0,26.7085,True
1790469155.599,387.55,0.873,2.0513,-1.8589,0.1,0.0,26.7105,True
1790469155.649,387.6,0.8724,2.0495,-1.8589,0.1,0.0,26.7124,True
1790469155.699,387.65,0.8719,2.0476,-1.8589,0.1,0.0,26.7144,True
1790469155.749,387.7,0.8714,2.0458,-1.8589,0.1,0.0,26.7164,True
1790469155.799,387.75,0.8708,2.044,-1.8589,0.1,0.0,26.7183,True
1790469155.849,387.8,0.8703,2.0422,-1.8589,0.1,0.0,26.7203,True
1790469155.899,387.85,0.8697,2.0403,-1.8589,0.1,0.0,26.7222,True
1790469155.949,387.9,0.8692,2.0385,-1.8589,0.1,0.0,26.7242,True
1790469155.999,387.95,0.8686,2.0367,-1.8589,0.1,0.0,26.7261,True
1790469156.049,388.0,0.8681,2.0349,-1.8589,0.1,0.0,26.7281,True
1790469156.099,388.05,0.8676,2.033,-1.8589,0.1,0.0,26.7301,True
1790469156.149,388.1,0.867,2.0312,-1.8589,0.1,0.0,26.732,True
1790469156.199,388.15,0.8665,2.0294,-1.8589,0.1,0.0,26.734,True
1790469156.249,388.2,0.8659,2.0276,-1.8589,0.1,0.0,26.7359,True
1790469156.299,388.25,0.8654,2.0257,-1.8589,0.1,0.0,26.7379,True
1790469156.349,388.3,0.8649,2.0239,-1.8589,0.1,0.0,26.7399,True
1790469156.399,388.35,0.8643,2.0221,-1.8589,0.1,0.0,26.7418,True
1790469156.449,388.4,0.8638,2.0203,-1.8589,0.1,0.0,26.7438,True
1790469156.499,388.45,0.8632,2.0184,-1.8589,0.1,0.0,26.7457,True
1790469156.549,388.5,0.8627,2.0166,-1.8589,0.1,0.0,26.7477,True
1790469156.599,388.55,0.8622,2.0148,-1.8589,0.1,0.0,26.7497,True
1790469156.649,388.6,0.8616,2.013,-1.8589,0.1,0.0,26.7516,True
1790469156.699,388.65,0.8611,2.0111,-1.8589,0.1,0.0,26.7536,True
1790469156.749,388.7,0.8605,2.0093,-1.8589,0.1,0.0,26.7555,True
1790469156.799,388.75,0.86,2.0075,-1.8589,0.1,0.0,26.7575,True
1790469156.849,388.8,0.8595,2.0057,-1.8589,0.1,0.0,26.7595,True
1790469156.899,388.85,0.8589,2.0039,-1.8589,0.1,0.0,26.7614,True
1790469156.949,388.9,0.8584,2.002,-1.8589,0.1,0.0,26.7634,True
1790469156.999,388.95,0.8578,2.0002,-1.8589,0.1,0.0,26.7653,True
1790469157.049,389.0,0.8573,1.9984,-1.8589,0.1,0.0,26.7673,True
1790469157.099,389.05,0.8568,1.9966,-1.8589,0.1,0.0,26.7693,True
1790469157.149,389.1,0.8562,1.9947,-1.8589,0.1,0.0,26.7712,True
1790469157.199,389.15,0.8557,1.9929,-1.8589,0.1,0.0,26.7732,True
1790469157.249,389.2,0.8551,1.9911,-1.8589,0.1,0.0,26.7751,True
1790469157.299,389.25,0.8546,1.9893,-1.8589,0.1,0.0,26.7771,True
1790469157.349,389.3,0.8541,1.9874,-1.8589,0.1,0.0,26.7791,True
1790469157.399,389.35,0.8535,1.9856,-1.8589,0.1,0.0,26.781,True
1790469157.449,389.4,0.853,1.9838,-1.8589,0.1,0.0,26.783,True
1790469157.499,389.45,0.8524,1.982,-1.8589,0.1,0.0,26.7849,True
1790469157.549,389.5,0.8519,1.9801,-1.8589,0.1,0.0,26.7869,True
1790469157.599,389.55,0.8514,1.9783,-1.8589,0.1,0.0,26.7889,True
1790469157.649,389.6,0.8508,1.9765,-1.8589,0.1,0.0,26.7908,True
1790469157.699,389.65,0.8503,1.9747,-1.8589,0.1,0.0,26.7928,True
1790469157.749,389.7,0.8497,1.9728,-1.8589,0.1,0.0,26.7947,True
1790469157.799,389.75,0.8492,1.971,-1.8589,0.1,0.0,26.7967,True
1790469157.849,389.8,0.8486,1.9692,-1.8589,0.1,0.0,26.7986,True
1790469157.899,389.85,0.8481,1.9674,-1.8589,0.1,0.0,26.8006,True
1790469157.949,389.9,0.8476,1.9655,-1.8589,0.1,0.0,26.8026,True
1790469157.999,389.95,0.847,1.9637,-1.8589,0.1,0.0,26.8045,True
1790469158.049,390.0,0.8465,1.9619,-1.8589,0.1,0.0,26.8065,True
1790469158.099,390.05,0.8459,1.9601,-1.8589,0.1,0.0,26.8084,True
1790469158.149,390.1,0.8454,1.9582,-1.8589,0.1,0.0,26.8104,True
1790469158.199,390.15,0.8449,1.9564,-1.8589,0.1,0.0,26.8124,True
1790469158.249,390.2,0.8443,1.9546,-1.8589,0.1,0.0,26.8143,True
1790469158.299,390.25,0.8438,1.9528,-1.8589,0.1,0.0,26.8163,True
1790469158.349,390.3,0.8432,1.9509,-1.8589,0.1,0.0,26.8182,True
1790469158.399,390.35,0.8427,1.9491,-1.8589,0.1,0.0,26.8202,True
1790469158.449,390.4,0.8422,1.9473,-1.8589,0.1,0.0,26.8222,True
1790469158.499,390.45,0.8416,1.9455,-1.8589,0.1,0.0,26.8241,True
1790469158.549,390.5,0.8411,1.9436,-1.8589,0.1,0.0,26.8261,True
1790469158.599,390.55,0.8405,1.9418,-1.8589,0.1,0.0,26.828,True
1790469158.649,390.6,0.84,1.94,-1.8589,0.1,0.0,26.83,True
1790469158.699,390.65,0.836,1.9393,-2.9683,0.1,0.0,26.8341,True
1790469158.749,390.7,0.832,1.9386,-2.9683,0.1,0.0,26.8382,True
1790469158.799,390.75,0.828,1.9379,-2.9683,0.1,0.0,26.8423,True
1790469158.849,390.8,0.824,1.9372,-2.9683,0.1,0.0,26.8464,True
1790469158.899,390.85,0.82,1.9365,-2.9683,0.1,0.0,26.8505,True
1790469158.949,390.9,0.816,1.9358,-2.9683,0.1,0.0,26.8546,True
1790469158.999,390.95,0.812,1.9351,-2.9683,0.1,0.0,26.8587,True
1790469159.049,391.0,0.808,1.9344,-2.9683,0.1,0.0,26.8628,True
1790469159.099,391.05,0.804,1.9337,-2.9683,0.1,0.0,26.8669,True
1790469159.149,391.1,0.8,1.933,-2.9683,0.1,0.0,26.871,True
1790469159.199,391.15,0.796,1.9323,-2.9683,0.1,0.0,26.8751,True
1790469159.249,391.2,0.792,1.9316,-2.9683,0.1,0.0,26.8792,True
1790469159.299,391.25,0.788,1.9309,-2.9683,0.1,0.0,26.8833,True
1790469159.349,391.3,0.784,1.9302,-2.9683,0.09,-0.16,26.8874,True
1790469159.399,391.35,0.78,1.9295,-2.9683,0.1,0.0,26.8915,True
1790469159.449,391.4,0.776,1.9288,-2.9683,0.1,0.0,26.8956,True
1790469159.499,391.45,0.772,1.9281,-2.9683,0.1,0.0,26.8997,True
1790469159.549,391.5,0.768,1.9274,-2.9683,0.1,0.0,26.9038,True
1790469159.599,391.55,0.764,1.9267,-2.9683,0.1,0.0,26.9079,True
1790469159.649,391.6,0.76,1.926,-2.9683,0.1,0.0,26.912,True
1790469159.699,391.65,0.756,1.9253,-2.9683,0.091,-0.15,26.9161,True
1790469159.749,391.7,0.752,1.9246,-2.9683,0.1,0.0,26.9202,True
1790469159.799,391.75,0.748,1.9239,-2.9683,0.1,0.0,26.9243,True
1790469159.849,391.8,0.744,1.9232,-2.9683,0.1,0.0,26.9284,True
1790469159.899,391.85,0.74,1.9225,-2.9683,0.1,0.0,26.9325,True
1790469159.949,391.9,0.736,1.9218,-2.9683,0.1,0.0,26.9366,True
1790469159.999,391.95,0.732,1.9211,-2.9683,0.1,0.0,26.9407,True
1790469160.049,392.0,0.728,1.9204,-2.9683,0.1,0.0,26.9448,True
1790469160.099,392.05,0.724,1.9197,-2.9683,0.1,0.0,26.9489,True
1790469160.149,392.1,0.72,1.919,-2.9683,0.1,0.0,26.953,True
1790469160.199,392.15,0.716,1.9183,-2.9683,0.1,0.0,26.9571,True
1790469160.249,392.2,0.712,1.9176,-2.9683,0.1,0.0,26.9612,True
1790469160.299,392.25,0.708,1.9169,-2.9683,0.1,0.0,26.9653,True
1790469160.349,392.3,0.704,1.9162,-2.9683,0.1,0.0,26.9694,True
1790469160.399,392.35,0.7,1.9155,-2.9683,0.092,-0.13,26.9735,True
1790469160.449,392.4,0.696,1.9148,-2.9683,0.1,0.0,26.9776,True
1790469160.499,392.45,0.692,1.9141,-2.9683,0.1,0.0,26.9817,True
1790469160.549,392.5,0.688,1.9134,-2.9683,0.1,0.0,26.9858,True
1790469160.599,392.55,0.684,1.9127,-2.9683,0.1,0.0,26.9899,True
1790469160.649,392.6,0.68,1.912,-2.9683,0.1,0.0,26.994,True
1790469160.699,392.65,0.676,1.9113,-2.9683,0.092,-0.12,26.9981,True
1790469160.749,392.7,0.672,1.9106,-2.9683,0.1,0.0,27.0022,True
1790469160.799,392.75,0.668,1.9099,-2.9683,0.1,0.0,27.0063,True
1790469160.849,392.8,0.664,1.9092,-2.9683,0.1,0.0,27.0104,True
1790469160.899,392.85,0.66,1.9085,-2.9683,0.1,0.0,27.0145,True
1790469160.949,392.9,0.656,1.9078,-2.9683,0.1,0.0,27.0186,True
1790469160.999,392.95,0.652,1.9071,-2.9683,0.1,0.0,27.0227,True
1790469161.049,393.0,0.648,1.9064,-2.9683,0.093,-0.11,27.0268,True
1790469161.099,393.05,0.644,1.9057,-2.9683,0.1,0.0,27.0309,True
1790469161.149,393.1,0.64,1.905,-2.9683,0.1,0.0,27.035,True
1790469161.199,393.15,0.636,1.9043,-2.9683,0.1,0.0,27.0391,True
1790469161.249,393.2,0.632,1.9036,-2.9683,0.1,0.0,27.0432,True
1790469161.299,393.25,0.628,1.9029,-2.9683,0.1,0.0,27.0473,True
1790469161.349,393.3,0.624,1.9022,-2.9683,0.093,-0.1,27.0514,True
1790469161.399,393.35,0.62,1.9015,-2.9683,0.1,0.0,27.0555,True
1790469161.449,393.4,0.616,1.9008,-2.9683,0.1,0.0,27.0596,True
1790469161.499,393.45,0.612,1.9001,-2.9683,0.1,0.0,27.0637,True
1790469161.549,393.5,0.608,1.8994,-2.9683,0.1,0.0,27.0678,True
1790469161.599,393.55,0.604,1.8987,-2.9683,0.1,0.0,27.0719,True
1790469161.649,393.6,0.6,1.898,-2.9683,0.1,0.0,27.076,True
1790469161.699,393.65,0.596,1.8973,-2.9683,0.094,-0.09,27.0801,True
1790469161.749,393.7,0.592,1.8966,-2.9683,0.1,0.0,27.0842,True
1790469161.799,393.75,0.588,1.8959,-2.9683,0.1,0.0,27.0883,True
1790469161.849,393.8,0.584,1.8952,-2.9683,0.1,0.0,27.0924,True
1790469161.899,393.85,0.58,1.8945,-2.9683,0.1,0.0,27.0965,True
1790469161.949,393.9,0.576,1.8938,-2.9683,0.1,0.0,27.1006,True
1790469161.999,393.95,0.572,1.8931,-2.9683,0.1,0.0,27.1047,True
1790469162.049,394.0,0.568,1.8924,-2.9683,0.1,0.0,27.1088,True
1790469162.099,394.05,0.564,1.8917,-2.9683,0.1,0.0,27.1129,True
1790469162.149,394.1,0.56,1.891,-2.9683,0.095,-0.08,27.117,True
1790469162.199,394.15,0.556,1.8903,-2.9683,0.1,0.0,27.1211,True
1790469162.249,394.2,0.552,1.8896,-2.9683,0.1,0.0,27.1252,True
1790469162.299,394.25,0.548,1.8889,-2.9683,0.1,0.0,27.1293,True
1790469162.349,394.3,0.544,1.8882,-2.9683,0.1,0.0,27.1334,True
1790469162.399,394.35,0.54,1.8875,-2.9683,0.1,0.0,27.1375,True
1790469162.449,394.4,0.536,1.8868,-2.9683,0.1,0.0,27.1416,True
1790469162.499,394.45,0.532,1.8861,-2.9683,0.095,-0.07,27.1457,True
1790469162.549,394.5,0.528,1.8854,-2.9683,0.1,0.0,27.1498,True
1790469162.599,394.55,0.524,1.8847,-2.9683,0.1,0.0,27.1539,True
1790469162.649,394.6,0.52,1.884,-2.9683,0.1,0.0,27.158,True
1790469162.699,394.65,0.516,1.8833,-2.9683,0.1,0.0,27.1621,True
1790469162.749,394.7,0.512,1.8826,-2.9683,0.1,0.0,27.1662,True
1790469162.799,394.75,0.508,1.8819,-2.9683,0.1,0.0,27.1703,True
1790469162.849,394.8,0.504,1.8812,-2.9683,0.096,-0.07,27.1744,True
1790469162.899,394.85,0.5,1.8805,-2.9683,0.1,0.0,27.1785,True
1790469162.949,394.9,0.496,1.8798,-2.9683,0.1,0.0,27.1826,True
1790469162.999,394.95,0.492,1.8791,-2.9683,0.1,0.0,27.1867,True
1790469163.049,395.0,0.488,1.8784,-2.9683,0.1,0.0,27.1908,True
1790469163.099,395.05,0.484,1.8777,-2.9683,0.1,0.0,27.1949,True
1790469163.149,395.1,0.48,1.877,-2.9683,0.1,0.0,27.199,True
1790469163.199,395.15,0.476,1.8763,-2.9683,0.096,-0.06,27.2031,True
1790469163.249,395.2,0.472,1.8756,-2.9683,0.1,0.0,27.2072,True
1790469163.299,395.25,0.468,1.8749,-2.9683,0.1,0.0,27.2113,True
1790469163.349,395.3,0.464,1.8742,-2.9683,0.1,0.0,27.2154,True
1790469163.399,395.35,0.46,1.8735,-2.9683,0.1,0.0,27.2195,True
1790469163.449,395.4,0.456,1.8728,-2.9683,0.1,0.0,27.2236,True
1790469163.499,395.45,0.452,1.8721,-2.9683,0.097,-0.05,27.2277,True
1790469163.549,395.5,0.448,1.8714,-2.9683,0.1,0.0,27.2318,True
1790469163.599,395.55,0.444,1.8707,-2.9683,0.1,0.0,27.2359,True
1790469163.649,395.6,0.44,1.87,-2.9683,0.1,0.0,27.24,True
1790469163.699,395.65,0.436,1.8693,-2.9683,0.1,0.0,27.2441,True
1790469163.749,395.7,0.432,1.8686,-2.9683,0.1,0.0,27.2482,True
1790469163.799,395.75,0.428,1.8679,-2.9683,0.1,0.0,27.2523,True
1790469163.849,395.8,0.424,1.8672,-2.9683,0.097,-0.05,27.2564,True
1790469163.899,395.85,0.42,1.8665,-2.9683,0.1,0.0,27.2605,True
1790469163.949,395.9,0.416,1.8658,-2.9683,0.1,0.0,27.2646,True
1790469163.999,395.95,0.412,1.8651,-2.9683,0.1,0.0,27.2687,True
1790469164.049,396.0,0.408,1.8644,-2.9683,0.1,0.0,27.2728,True
1790469164.099,396.05,0.404,1.8637,-2.9683,0.1,0.0,27.2769,True
1790469164.149,396.1,0.4,1.863,-2.9683,0.097,-0.04,27.281,True
1790469164.199,396.15,0.396,1.8623,-2.9683,0.1,0.0,27.2851,True
1790469164.249,396.2,0.392,1.8616,-2.9683,0.1,0.0,27.2892,True
1790469164.299,396.25,0.388,1.8609,-2.9683,0.1,0.0,27.2933,True
1790469164.349,396.3,0.384,1.8602,-2.9683,0.1,0.0,27.2974,True
1790469164.399,396.35,0.38,1.8595,-2.9683,0.1,0.0,27.3015,True
1790469164.449,396.4,0.376,1.8588,-2.9683,0.1,0.0,27.3056,True
1790469164.499,396.45,0.372,1.8581,-2.9683,0.098,-0.04,27.3097,True
1790469164.549,396.5,0.368,1.8574,-2.9683,0.1,0.0,27.3138,True
1790469164.599,396.55,0.364,1.8567,-2.9683,0.1,0.0,27.3179,True
1790469164.649,396.6,0.36,1.856,-2.9683,0.1,0.0,27.322,True
1790469164.699,396.65,0.356,1.8553,-2.9683,0.1,0.0,27.3261,True
1790469164.749,396.7,0.352,1.8546,-2.9683,0.1,0.0,27.3302,True
1790469164.799,396.75,0.348,1.8539,-2.9683,0.1,0.0,27.3343,True
1790469164.849,396.8,0.344,1.8532,-2.9683,0.098,-0.03,27.3384,True
1790469164.899,396.85,0.34,1.8525,-2.9683,0.1,0.0,27.3425,True
1790469164.949,396.9,0.336,1.8518,-2.9683,0.1,0.0,27.3466,True
1790469164.999,396.95,0.332,1.8511,-2.9683,0.1,0.0,27.3507,True
1790469165.049,397.0,0.328,1.8504,-2.9683,0.1,0.0,27.3548,True
1790469165.099,397.05,0.324,1.8497,-2.9683,0.1,0.0,27.3589,True
1790469165.149,397.1,0.32,1.849,-2.9683,0.1,0.0,27.363,True
1790469165.199,397.15,0.316,1.8483,-2.9683,0.098,-0.03,27.3671,True
1790469165.249,397.2,0.312,1.8476,-2.9683,0.1,0.0,27.3712,True
1790469165.299,397.25,0.308,1.8469,-2.9683,0.1,0.0,27.3753,True
1790469165.349,397.3,0.304,1.8462,-2.9683,0.1,0.0,27.3794,True
1790469165.399,397.35,0.3,1.8455,-2.9683,0.1,0.0,27.3835,True
1790469165.449,397.4,0.296,1.8448,-2.9683,0.1,0.0,27.3876,True
1790469165.499,397.45,0.292,1.8441,-2.9683,0.1,0.0,27.3917,True
1790469165.549,397.5,0.288,1.8434,-2.9683,0.098,-0.02,27.3958,True
1790469165.599,397.55,0.284,1.8427,-2.9683,0.1,0.0,27.3999,True
1790469165.649,397.6,0.28,1.842,-2.9683,0.1,0.0,27.404,True
1790469165.699,397.65,0.276,1.8413,-2.9683,0.1,0.0,27.4081,True
1790469165.749,397.7,0.272,1.8406,-2.9683,0.1,0.0,27.4122,True
1790469165.799,397.75,0.268,1.8399,-2.9683,0.1,0.0,27.4163,True
1790469165.849,397.8,0.264,1.8392,-2.9683,0.1,0.0,27.4204,True
1790469165.899,397.85,0.26,1.8385,-2.9683,0.099,-0.02,27.4245,True
1790469165.949,397.9,0.256,1.8378,-2.9683,0.1,0.0,27.4286,True
1790469165.999,397.95,0.252,1.8371,-2.9683,0.1,0.0,27.4327,True
1790469166.049,398.0,0.248,1.8364,-2.9683,0.1,0.0,27.4368,True
1790469166.099,398.05,0.244,1.8357,-2.9683,0.1,0.0,27.4409,True
1790469166.149,398.1,0.24,1.835,-2.9683,0.1,0.0,27.445,True
1790469166.199,398.15,0.236,1.8343,-2.9683,0.1,0.0,27.4491,True
1790469166.249,398.2,0.232,1.8336,-2.9683,0.099,-0.02,27.4532,True
1790469166.299,398.25,0.228,1.8329,-2.9683,0.1,0.0,27.4573,True
1790469166.349,398.3,0.224,1.8322,-2.9683,0.1,0.0,27.4614,True
1790469166.399,398.35,0.22,1.8315,-2.9683,0.1,0.0,27.4655,True
1790469166.449,398.4,0.216,1.8308,-2.9683,0.1,0.0,27.4696,True
1790469166.499,398.45,0.212,1.8301,-2.9683,0.1,0.0,27.4737,True
1790469166.549,398.5,0.208,1.8294,-2.9683,0.099,-0.02,27.4778,True
1790469166.599,398.55,0.204,1.8287,-2.9683,0.1,0.0,27.4819,True
1790469166.649,398.6,0.2,1.828,-2.9683,0.1,0.0,27.486,True
1790469166.699,398.65,0.196,1.8273,-2.9683,0.1,0.0,27.4901,True
1790469166.749,398.7,0.192,1.8266,-2.9683,0.1,0.0,27.4942,True
1790469166.799,398.75,0.188,1.8259,-2.9683,0.1,0.0,27.4983,True
1790469166.849,398.8,0.184,1.8252,-2.9683,0.1,0.0,27.5024,True
1790469166.899,398.85,0.18,1.8245,-2.9683,0.1,0.0,27.5065,True
1790469166.949,398.9,0.176,1.8238,-2.9683,0.1,0.0,27.5106,True
1790469166.999,398.95,0.172,1.8231,-2.9683,0.1,0.0,27.5147,True
1790469167.049,399.0,0.168,1.8224,-2.9683,0.1,0.0,27.5188,True
1790469167.099,399.05,0.164,1.8217,-2.9683,0.1,0.0,27.5229,True
1790469167.149,399.1,0.16,1.821,-2.9683,0.1,0.0,27.527,True
1790469167.199,399.15,0.156,1.8203,-2.9683,0.1,0.0,27.5311,True
1790469167.249,399.2,0.152,1.8196,-2.9683,0.099,-0.01,27.5352,True
1790469167.299,399.25,0.148,1.8189,-2.9683,0.1,0.0,27.5393,True
1790469167.349,399.3,0.144,1.8182,-2.9683,0.1,0.0,27.5434,True
1790469167.399,399.35,0.14,1.8175,-2.9683,0.1,0.0,27.5475,True
1790469167.449,399.4,0.136,1.8168,-2.9683,0.1,0.0,27.5516,True
1790469167.499,399.45,0.132,1.8161,-2.9683,0.1,0.0,27.5557,True
1790469167.549,399.5,0.128,1.8154,-2.9683,0.1,0.0,27.5598,True
1790469167.599,399.55,0.124,1.8147,-2.9683,0.099,-0.01,27.5639,True
1790469167.649,399.6,0.12,1.814,-2.9683,0.1,0.0,27.568,True
1790469167.699,399.65,0.116,1.8133,-2.9683,0.1,0.0,27.5721,True
1790469167.749,399.7,0.112,1.8126,-2.9683,0.1,0.0,27.5762,True
1790469167.799,399.75,0.108,1.8119,-2.9683,0.1,0.0,27.5803,True
1790469167.849,399.8,0.104,1.8112,-2.9683,0.1,0.0,27.5844,True
1790469167.899,399.85,0.1,1.8105,-2.9683,0.1,0.0,27.5885,True
1790469167.949,399.9,0.096,1.8098,-2.9683,0.1,0.0,27.5926,True
1790469167.999,399.95,0.092,1.8091,-2.9683,0.1,0.0,27.5967,True
1790469168.049,400.0,0.088,1.8084,-2.9683,0.1,0.0,27.6008,True
1790469168.099,400.05,0.084,1.8077,-2.9683,0.1,0.0,27.6049,True
1790469168.149,400.1,0.08,1.807,-2.9683,0.1,0.0,27.609,True
1790469168.199,400.15,0.076,1.8063,-2.9683,0.1,0.0,27.6131,True
1790469168.249,400.2,0.072,1.8056,-2.9683,0.1,0.0,27.6172,True
1790469168.299,400.25,0.068,1.8049,-2.9683,0.1,0.0,27.6213,True
1790469168.349,400.3,0.064,1.8042,-2.9683,0.1,0.0,27.6254,True
1790469168.399,400.35,0.06,1.8035,-2.9683,0.1,0.0,27.6295,True
1790469168.449,400.4,0.056,1.8028,-2.9683,0.1,0.0,27.6336,True
1790469168.499,400.45,0.052,1.8021,-2.9683,0.1,0.0,27.6377,True
1790469168.549,400.5,0.048,1.8014,-2.9683,0.1,0.0,27.6418,True
1790469168.599,400.55,0.044,1.8007,-2.9683,0.1,0.0,27.6459,True
1790469168.649,400.6,0.04,1.8,-2.9683,0.1,0.0,27.65,True
1790469168.699,400.65,0.036,1.7993,-2.9683,0.1,0.0,27.6541,True
1790469168.749,400.7,0.032,1.7986,-2.9683,0.1,0.0,27.6582,True
1790469168.799,400.75,0.028,1.7979,-2.9683,0.1,0.0,27.6623,True
1790469168.849,400.8,0.024,1.7972,-2.9683,0.1,0.0,27.6664,True
1790469168.899,400.85,0.02,1.7965,-2.9683,0.1,0.0,27.6705,True
1790469168.949,400.9,0.016,1.7958,-2.9683,0.1,0.0,27.6746,True
1790469168.999,400.95,0.012,1.7951,-2.9683,0.1,0.0,27.6787,True
1790469169.049,401.0,0.008,1.7944,-2.9683,0.1,0.0,27.6828,True
1790469169.099,401.05,0.004,1.7937,-2.9683,0.1,0.0,27.6869,True
1790469169.149,401.1,0.0,1.793,-2.9683,0.1,0.0,27.691,True
1790469169.199,401.15,-0.004,1.7923,-2.9683,0.1,0.0,27.6951,True
1790469169.249,401.2,-0.008,1.7916,-2.9683,0.1,0.0,27.6992,True
1790469169.299,401.25,-0.012,1.7909,-2.9683,0.1,0.0,27.7033,True
1790469169.349,401.3,-0.016,1.7902,-2.9683,0.1,0.0,27.7074,True
1790469169.399,401.35,-0.02,1.7895,-2.9683,0.1,0.0,27.7115,True
1790469169.449,401.4,-0.024,1.7888,-2.9683,0.1,0.0,27.7156,True
1790469169.499,401.45,-0.028,1.7881,-2.9683,0.1,0.0,27.7197,True
1790469169.549,401.5,-0.032,1.7874,-2.9683,0.1,0.0,27.7238,True
1790469169.599,401.55,-0.036,1.7867,-2.9683,0.1,0.0,27.7279,True
1790469169.649,401.6,-0.04,1.786,-2.9683,0.1,0.0,27.732,True
1790469169.699,401.65,-0.044,1.7853,-2.9683,0.1,0.0,27.7361,True
1790469169.749,401.7,-0.048,1.7846,-2.9683,0.1,0.0,27.7402,True
1790469169.799,401.75,-0.052,1.7839,-2.9683,0.1,0.0,27.7443,True
1790469169.849,401.8,-0.056,1.7832,-2.9683,0.1,0.0,27.7484,True
1790469169.899,401.85,-0.06,1.7825,-2.9683,0.1,0.0,27.7525,True
1790469169.949,401.9,-0.064,1.7818,-2.9683,0.1,0.0,27.7566,True
1790469169.999,401.95,-0.068,1.7811,-2.9683,0.1,0.0,27.7607,True
1790469170.049,402.0,-0.072,1.7804,-2.9683,0.1,0.0,27.7648,True
1790469170.099,402.05,-0.076,1.7797,-2.9683,0.1,0.0,27.7689,True
1790469170.149,402.1,-0.08,1.779,-2.9683,0.1,0.0,27.773,True
1790469170.199,402.15,-0.084,1.7783,-2.9683,0.1,0.0,27.7771,True
1790469170.249,402.2,-0.088,1.7776,-2.9683,0.1,0.0,27.7812,True
1790469170.299,402.25,-0.092,1.7769,-2.9683,0.1,0.0,27.7853,True
1790469170.349,402.3,-0.096,1.7762,-2.9683,0.1,0.0,27.7894,True
1790469170.399,402.35,-0.1,1.7755,-2.9683,0.1,0.0,27.7935,True
1790469170.449,402.4,-0.104,1.7748,-2.9683,0.1,0.0,27.7976,True
1790469170.499,402.45,-0.108,1.7741,-2.9683,0.1,0.0,27.8017,True
1790469170.549,402.5,-0.112,1.7734,-2.9683,0.1,0.0,27.8058,True
1790469170.599,402.55,-0.116,1.7727,-2.9683,0.1,0.0,27.8099,True
1790469170.649,402.6,-0.12,1.772,-2.9683,0.1,0.0,27.814,True
1790469170.699,402.65,-0.124,1.7713,-2.9683,0.1,0.0,27.8181,True
1790469170.749,402.7,-0.128,1.7706,-2.9683,0.1,0.0,27.8222,True
1790469170.799,402.75,-0.132,1.7699,-2.9683,0.1,0.0,27.8263,True
1790469170.849,402.8,-0.136,1.7692,-2.9683,0.1,0.0,27.8304,True
1790469170.899,402.85,-0.14,1.7685,-2.9683,0.1,0.0,27.8345,True
1790469170.949,402.9,-0.144,1.7678,-2.9683,0.1,0.0,27.8386,True
1790469170.999,402.95,-0.148,1.7671,-2.9683,0.1,0.0,27.8427,True
1790469171.049,403.0,-0.152,1.7664,-2.9683,0.1,0.0,27.8468,True
1790469171.099,403.05,-0.156,1.7657,-2.9683,0.1,0.0,27.8509,True
1790469171.149,403.1,-0.16,1.765,-2.9683,0.1,0.0,27.855,True
1790469171.199,403.15,-0.164,1.7643,-2.9683,0.1,0.0,27.8591,True
1790469171.249,403.2,-0.168,1.7636,-2.9683,0.1,0.0,27.8632,True
1790469171.299,403.25,-0.172,1.7629,-2.9683,0.1,0.0,27.8673,True
1790469171.349,403.3,-0.176,1.7622,-2.9683,0.1,0.0,27.8714,True
1790469171.399,403.35,-0.18,1.7615,-2.9683,0.1,0.0,27.8755,True
1790469171.449,403.4,-0.184,1.7608,-2.9683,0.1,0.0,27.8796,True
1790469171.499,403.45,-0.188,1.7601,-2.9683,0.1,0.0,27.8837,True
1790469171.549,403.5,-0.192,1.7594,-2.9683,0.1,0.0,27.8878,True
1790469171.599,403.55,-0.196,1.7587,-2.9683,0.1,0.0,27.8919,True
1790469171.649,403.6,-0.2,1.758,-2.9683,0.1,0.0,27.896,True
1790469171.699,403.65,-0.204,1.7573,-2.9683,0.1,0.0,27.9001,True
1790469171.749,403.7,-0.208,1.7566,-2.9683,0.1,0.0,27.9042,True
1790469171.799,403.75,-0.212,1.7559,-2.9683,0.1,0.0,27.9083,True
1790469171.849,403.8,-0.216,1.7552,-2.9683,0.1,0.0,27.9124,True
1790469171.899,403.85,-0.22,1.7545,-2.9683,0.1,0.0,27.9165,True
1790469171.949,403.9,-0.224,1.7538,-2.9683,0.1,0.0,27.9206,True
1790469171.999,403.95,-0.228,1.7531,-2.9683,0.1,0.0,27.9247,True
1790469172.049,404.0,-0.232,1.7524,-2.9683,0.1,0.0,27.9288,True
1790469172.099,404.05,-0.236,1.7517,-2.9683,0.1,0.0,27.9329,True
1790469172.149,404.1,-0.24,1.751,-2.9683,0.1,0.0,27.937,True
1790469172.199,404.15,-0.244,1.7503,-2.9683,0.1,0.0,27.9411,True
1790469172.249,404.2,-0.248,1.7496,-2.9683,0.1,0.0,27.9452,True
1790469172.299,404.25,-0.252,1.7489,-2.9683,0.1,0.0,27.9493,True
1790469172.349,404.3,-0.256,1.7482,-2.9683,0.1,0.0,27.9534,True
1790469172.399,404.35,-0.26,1.7475,-2.9683,0.1,0.0,27.9575,True
1790469172.449,404.4,-0.264,1.7468,-2.9683,0.1,0.0,27.9616,True
1790469172.499,404.45,-0.268,1.7461,-2.9683,0.1,0.0,27.9657,True
1790469172.549,404.5,-0.272,1.7454,-2.9683,0.1,0.0,27.9698,True
1790469172.599,404.55,-0.276,1.7447,-2.9683,0.1,0.0,27.9739,True
1790469172.649,404.6,-0.28,1.744,-2.9683,0.1,0.0,27.978,True
1790469172.699,404.65,-0.284,1.7433,-2.9683,0.1,0.0,27.9821,True
1790469172.749,404.7,-0.288,1.7426,-2.9683,0.1,0.0,27.9862,True
1790469172.799,404.75,-0.292,1.7419,-2.9683,0.1,0.0,27.9903,True
1790469172.849,404.8,-0.296,1.7412,-2.9683,0.1,0.0,27.9944,True
1790469172.899,404.85,-0.3,1.7405,-2.9683,0.1,0.0,27.9985,True
1790469172.949,404.9,-0.304,1.7398,-2.9683,0.1,0.0,28.0026,True
1790469172.999,404.95,-0.308,1.7391,-2.9683,0.1,0.0,28.0067,True
1790469173.049,405.0,-0.312,1.7384,-2.9683,0.1,0.0,28.0108,True
1790469173.099,405.05,-0.316,1.7377,-2.9683,0.1,0.0,28.0149,True
1790469173.149,405.1,-0.32,1.737,-2.9683,0.1,0.0,28.019,True
1790469173.199,405.15,-0.324,1.7363,-2.9683,0.1,0.0,28.0231,True
1790469173.249,405.2,-0.328,1.7356,-2.9683,0.1,0.0,28.0272,True
1790469173.299,405.25,-0.332,1.7349,-2.9683,0.1,0.0,28.0313,True
1790469173.349,405.3,-0.336,1.7342,-2.9683,0.1,0.0,28.0354,True
1790469173.399,405.35,-0.34,1.7335,-2.9683,0.1,0.0,28.0395,True
1790469173.449,405.4,-0.344,1.7328,-2.9683,0.1,0.0,28.0436,True
1790469173.499,405.45,-0.348,1.7321,-2.9683,0.1,0.0,28.0477,True
1790469173.549,405.5,-0.352,1.7314,-2.9683,0.1,0.0,28.0518,True
1790469173.599,405.55,-0.356,1.7307,-2.9683,0.1,0.0,28.0559,True
1790469173.649,405.6,-0.36,1.73,-2.9683,0.1,0.0,28.06,True
1790469173.699,405.65,-0.3612,1.7302,2.9442,0.1,0.0,28.0612,True
1790469173.749,405.7,-0.3623,1.7305,2.9442,0.1,0.0,28.0625,True
1790469173.799,405.75,-0.3635,1.7307,2.9442,0.1,0.0,28.0637,True
1790469173.849,405.8,-0.3647,1.7309,2.9442,0.1,0.0,28.065,True
1790469173.899,405.85,-0.3659,1.7312,2.9442,0.1,0.0,28.0662,True
1790469173.949,405.9,-0.367,1.7314,2.9442,0.1,0.0,28.0674,True
1790469173.999,405.95,-0.3682,1.7316,2.9442,0.1,0.0,28.0687,True
1790469174.049,406.0,-0.3694,1.7319,2.9442,0.1,0.0,28.0699,True
1790469174.099,406.05,-0.3706,1.7321,2.9442,0.1,0.0,28.0712,True
1790469174.149,406.1,-0.3717,1.7323,2.9442,0.1,0.0,28.0724,True
1790469174.199,406.15,-0.3729,1.7326,2.9442,0.1,0.0,28.0737,True
1790469174.249,406.2,-0.3741,1.7328,2.9442,0.1,0.0,28.0749,True
1790469174.299,406.25,-0.3753,1.7331,2.9442,0.1,0.0,28.0761,True
1790469174.349,406.3,-0.3764,1.7333,2.9442,0.1,0.0,28.0774,True
1790469174.399,406.35,-0.3776,1.7335,2.9442,0.1,0.0,28.0786,True
1790469174.449,406.4,-0.3788,1.7338,2.9442,0.1,0.0,28.0799,True
1790469174.499,406.45,-0.38,1.734,2.9442,0.1,0.0,28.0811,True
1790469174.549,406.5,-0.3811,1.7342,2.9442,0.1,0.0,28.0823,True
1790469174.599,406.55,-0.3823,1.7345,2.9442,0.1,0.0,28.0836,True
1790469174.649,406.6,-0.3835,1.7347,2.9442,0.1,0.0,28.0848,True
1790469174.699,406.65,-0.3847,1.7349,2.9442,0.1,0.0,28.0861,True
1790469174.749,406.7,-0.3858,1.7352,2.9442,0.1,0.0,28.0873,True
1790469174.799,406.75,-0.387,1.7354,2.9442,0.1,0.0,28.0886,True
1790469174.849,406.8,-0.3882,1.7356,2.9442,0.1,0.0,28.0898,True
1790469174.899,406.85,-0.3894,1.7359,2.9442,0.1,0.0,28.091,True
1790469174.949,406.9,-0.3905,1.7361,2.9442,0.1,0.0,28.0923,True
1790469174.999,406.95,-0.3917,1.7363,2.9442,0.1,0.0,28.0935,True
1790469175.049,407.0,-0.3929,1.7366,2.9442,0.1,0.0,28.0948,True
1790469175.099,407.05,-0.3941,1.7368,2.9442,0.1,0.0,28.096,True
1790469175.149,407.1,-0.3952,1.737,2.9442,0.1,0.0,28.0972,True
1790469175.199,407.15,-0.3964,1.7373,2.9442,0.1,0.0,28.0985,True
1790469175.249,407.2,-0.3976,1.7375,2.9442,0.1,0.0,28.0997,True
1790469175.299,407.25,-0.3988,1.7378,2.9442,0.1,0.0,28.101,True
1790469175.349,407.3,-0.3999,1.738,2.9442,0.1,0.0,28.1022,True
1790469175.399,407.35,-0.4011,1.7382,2.9442,0.1,0.0,28.1035,True
1790469175.449,407.4,-0.4023,1.7385,2.9442,0.1,0.0,28.1047,True
1790469175.499,407.45,-0.4035,1.7387,2.9442,0.1,0.0,28.1059,True
1790469175.549,407.5,-0.4046,1.7389,2.9442,0.1,0.0,28.1072,True
1790469175.599,407.55,-0.4058,1.7392,2.9442,0.1,0.0,28.1084,True
1790469175.649,407.6,-0.407,1.7394,2.9442,0.1,0.0,28.1097,True
1790469175.699,407.65,-0.4082,1.7396,2.9442,0.1,0.0,28.1109,True
1790469175.749,407.7,-0.4093,1.7399,2.9442,0.1,0.0,28.1121,True
1790469175.799,407.75,-0.4105,1.7401,2.9442,0.1,0.0,28.1134,True
1790469175.849,407.8,-0.4117,1.7403,2.9442,0.1,0.0,28.1146,True
1790469175.899,407.85,-0.4129,1.7406,2.9442,0.1,0.0,28.1159,True
1790469175.949,407.9,-0.414,1.7408,2.9442,0.1,0.0,28.1171,True
1790469175.999,407.95,-0.4152,1.741,2.9442,0.1,0.0,28.1184,True
1790469176.049,408.0,-0.4164,1.7413,2.9442,0.1,0.0,28.1196,True
1790469176.099,408.05,-0.4176,1.7415,2.9442,0.1,0.0,28.1208,True
1790469176.149,408.1,-0.4187,1.7417,2.9442,0.1,0.0,28.1221,True
1790469176.199,408.15,-0.4199,1.742,2.9442,0.1,0.0,28.1233,True
1790469176.249,408.2,-0.4211,1.7422,2.9442,0.1,0.0,28.1246,True
1790469176.299,408.25,-0.4222,1.7424,2.9442,0.1,0.0,28.1258,True
1790469176.349,408.3,-0.4234,1.7427,2.9442,0.1,0.0,28.127,True
1790469176.399,408.35,-0.4246,1.7429,2.9442,0.1,0.0,28.1283,True
1790469176.449,408.4,-0.4258,1.7432,2.9442,0.1,0.0,28.1295,True
1790469176.499,408.45,-0.4269,1.7434,2.9442,0.1,0.0,28.1308,True
1790469176.549,408.5,-0.4281,1.7436,2.9442,0.1,0.0,28.132,True
1790469176.599,408.55,-0.4293,1.7439,2.9442,0.1,0.0,28.1333,True
1790469176.649,408.6,-0.4305,1.7441,2.9442,0.1,0.0,28.1345,True
1790469176.699,408.65,-0.4316,1.7443,2.9442,0.1,0.0,28.1357,True
1790469176.749,408.7,-0.4328,1.7446,2.9442,0.1,0.0,28.137,True
1790469176.799,408.75,-0.434,1.7448,2.9442,0.1,0.0,28.1382,True
1790469176.849,408.8,-0.4352,1.745,2.9442,0.1,0.0,28.1395,True
1790469176.899,408.85,-0.4363,1.7453,2.9442,0.1,0.0,28.1407,True
1790469176.949,408.9,-0.4375,1.7455,2.9442,0.1,0.0,28.1419,True
1790469176.999,408.95,-0.4387,1.7457,2.9442,0.1,0.0,28.1432,True
1790469177.049,409.0,-0.4399,1.746,2.9442,0.1,0.0,28.1444,True
1790469177.099,409.05,-0.441,1.7462,2.9442,0.1,0.0,28.1457,True
1790469177.149,409.1,-0.4422,1.7464,2.9442,0.1,0.0,28.1469,True
1790469177.199,409.15,-0.4434,1.7467,2.9442,0.1,0.0,28.1482,True
1790469177.249,409.2,-0.4446,1.7469,2.9442,0.1,0.0,28.1494,True
1790469177.299,409.25,-0.4457,1.7471,2.9442,0.1,0.0,28.1506,True
1790469177.349,409.3,-0.4469,1.7474,2.9442,0.1,0.0,28.1519,True
1790469177.399,409.35,-0.4481,1.7476,2.9442,0.1,0.0,28.1531,True
1790469177.449,409.4,-0.4493,1.7479,2.9442,0.1,0.0,28.1544,True
1790469177.499,409.45,-0.4504,1.7481,2.9442,0.1,0.0,28.1556,True
1790469177.549,409.5,-0.4516,1.7483,2.9442,0.1,0.0,28.1568,True
1790469177.599,409.55,-0.4528,1.7486,2.9442,0.1,0.0,28.1581,True
1790469177.649,409.6,-0.454,1.7488,2.9442,0.1,0.0,28.1593,True
1790469177.699,409.65,-0.4551,1.749,2.9442,0.1,0.0,28.1606,True
1790469177.749,409.7,-0.4563,1.7493,2.9442,0.1,0.0,28.1618,True
1790469177.799,409.75,-0.4575,1.7495,2.9442,0.1,0.0,28.1631,True
1790469177.849,409.8,-0.4587,1.7497,2.9442,0.1,0.0,28.1643,True
1790469177.899,409.85,-0.4598,1.75,2.9442,0.1,0.0,28.1655,True
1790469177.949,409.9,-0.461,1.7502,2.9442,0.1,0.0,28.1668,True
1790469177.999,409.95,-0.4622,1.7504,2.9442,0.1,0.0,28.168,True
1790469178.049,410.0,-0.4634,1.7507,2.9442,0.1,0.0,28.1693,True
1790469178.099,410.05,-0.4645,1.7509,2.9442,0.1,0.0,28.1705,True
1790469178.149,410.1,-0.4657,1.7511,2.9442,0.1,0.0,28.1717,True
1790469178.199,410.15,-0.4669,1.7514,2.9442,0.1,0.0,28.173,True
1790469178.249,410.2,-0.4681,1.7516,2.9442,0.1,0.0,28.1742,True
1790469178.299,410.25,-0.4692,1.7518,2.9442,0.1,0.0,28.1755,True
1790469178.349,410.3,-0.4704,1.7521,2.9442,0.1,0.0,28.1767,True
1790469178.399,410.35,-0.4716,1.7523,2.9442,0.1,0.0,28.178,True
1790469178.449,410.4,-0.4728,1.7526,2.9442,0.1,0.0,28.1792,True
1790469178.499,410.45,-0.4739,1.7528,2.9442,0.1,0.0,28.1804,True
1790469178.549,410.5,-0.4751,1.753,2.9442,0.1,0.0,28.1817,True
1790469178.599,410.55,-0.4763,1.7533,2.9442,0.1,0.0,28.1829,True
1790469178.649,410.6,-0.4774,1.7535,2.9442,0.1,0.0,28.1842,True
1790469178.699,410.65,-0.4786,1.7537,2.9442,0.1,0.0,28.1854,True
1790469178.749,410.7,-0.4798,1.754,2.9442,0.1,0.0,28.1866,True
1790469178.799,410.75,-0.481,1.7542,2.9442,0.1,0.0,28.1879,True
1790469178.849,410.8,-0.4821,1.7544,2.9442,0.1,0.0,28.1891,True
1790469178.899,410.85,-0.4833,1.7547,2.9442,0.1,0.0,28.1904,True
1790469178.949,410.9,-0.4845,1.7549,2.9442,0.1,0.0,28.1916,True
1790469178.999,410.95,-0.4857,1.7551,2.9442,0.1,0.0,28.1929,True
1790469179.049,411.0,-0.4868,1.7554,2.9442,0.1,0.0,28.1941,True
1790469179.099,411.05,-0.488,1.7556,2.9442,0.1,0.0,28.1953,True
1790469179.149,411.1,-0.4892,1.7558,2.9442,0.1,0.0,28.1966,True
1790469179.199,411.15,-0.4904,1.7561,2.9442,0.1,0.0,28.1978,True
1790469179.249,411.2,-0.4915,1.7563,2.9442,0.1,0.0,28.1991,True
1790469179.299,411.25,-0.4927,1.7565,2.9442,0.1,0.0,28.2003,True
1790469179.349,411.3,-0.4939,1.7568,2.9442,0.1,0.0,28.2015,True
1790469179.399,411.35,-0.4951,1.757,2.9442,0.1,0.0,28.2028,True
1790469179.449,411.4,-0.4962,1.7572,2.9442,0.1,0.0,28.204,True
1790469179.499,411.45,-0.4974,1.7575,2.9442,0.1,0.0,28.2053,True
1790469179.549,411.5,-0.4986,1.7577,2.9442,0.1,0.0,28.2065,True
1790469179.599,411.55,-0.4998,1.758,2.9442,0.1,0.0,28.2078,True
1790469179.649,411.6,-0.5009,1.7582,2.9442,0.1,0.0,28.209,True
1790469179.699,411.65,-0.5021,1.7584,2.9442,0.1,0.0,28.2102,True
1790469179.749,411.7,-0.5033,1.7587,2.9442,0.1,0.0,28.2115,True
1790469179.799,411.75,-0.5045,1.7589,2.9442,0.1,0.0,28.2127,True
1790469179.849,411.8,-0.5056,1.7591,2.9442,0.1,0.0,28.214,True
1790469179.899,411.85,-0.5068,1.7594,2.9442,0.1,0.0,28.2152,True
1790469179.949,411.9,-0.508,1.7596,2.9442,0.1,0.0,28.2164,True
1790469179.999,411.95,-0.5092,1.7598,2.9442,0.1,0.0,28.2177,True
1790469180.049,412.0,-0.5103,1.7601,2.9442,0.1,0.0,28.2189,True
1790469180.099,412.05,-0.5115,1.7603,2.9442,0.1,0.0,28.2202,True
1790469180.149,412.1,-0.5127,1.7605,2.9442,0.1,0.0,28.2214,True
1790469180.199,412.15,-0.5139,1.7608,2.9442,0.1,0.0,28.2227,True
1790469180.249,412.2,-0.515,1.761,2.9442,0.1,0.0,28.2239,True
1790469180.299,412.25,-0.5162,1.7612,2.9442,0.1,0.0,28.2251,True
1790469180.349,412.3,-0.5174,1.7615,2.9442,0.1,0.0,28.2264,True
1790469180.399,412.35,-0.5186,1.7617,2.9442,0.1,0.0,28.2276,True
1790469180.449,412.4,-0.5197,1.7619,2.9442,0.1,0.0,28.2289,True
1790469180.499,412.45,-0.5209,1.7622,2.9442,0.1,0.0,28.2301,True
1790469180.549,412.5,-0.5221,1.7624,2.9442,0.1,0.0,28.2313,True
1790469180.599,412.55,-0.5233,1.7627,2.9442,0.1,0.0,28.2326,True
1790469180.649,412.6,-0.5244,1.7629,2.9442,0.1,0.0,28.2338,True
1790469180.699,412.65,-0.5256,1.7631,2.9442,0.1,0.0,28.2351,True
1790469180.749,412.7,-0.5268,1.7634,2.9442,0.1,0.0,28.2363,True
1790469180.799,412.75,-0.528,1.7636,2.9442,0.1,0.0,28.2376,True
1790469180.849,412.8,-0.5291,1.7638,2.9442,0.1,0.0,28.2388,True
1790469180.899,412.85,-0.5303,1.7641,2.9442,0.1,0.0,28.24,True
1790469180.949,412.9,-0.5315,1.7643,2.9442,0.1,0.0,28.2413,True
1790469180.999,412.95,-0.5327,1.7645,2.9442,0.1,0.0,28.2425,True
1790469181.049,413.0,-0.5338,1.7648,2.9442,0.1,0.0,28.2438,True
1790469181.099,413.05,-0.535,1.765,2.9442,0.1,0.0,28.245,True
1790469181.149,413.1,-0.5362,1.7652,2.9442,0.1,0.0,28.2462,True
1790469181.199,413.15,-0.5373,1.7655,2.9442,0.1,0.0,28.2475,True
1790469181.249,413.2,-0.5385,1.7657,2.9442,0.1,0.0,28.2487,True
1790469181.299,413.25,-0.5397,1.7659,2.9442,0.1,0.0,28.25,True
1790469181.349,413.3,-0.5409,1.7662,2.9442,0.1,0.0,28.2512,True
1790469181.399,413.35,-0.542,1.7664,2.9442,0.1,0.0,28.2524,True
1790469181.449,413.4,-0.5432,1.7666,2.9442,0.1,0.0,28.2537,True
1790469181.499,413.45,-0.5444,1.7669,2.9442,0.1,0.0,28.2549,True
1790469181.549,413.5,-0.5456,1.7671,2.9442,0.1,0.0,28.2562,True
1790469181.599,413.55,-0.5467,1.7673,2.9442,0.1,0.0,28.2574,True
1790469181.649,413.6,-0.5479,1.7676,2.9442,0.1,0.0,28.2587,True
1790469181.699,413.65,-0.5491,1.7678,2.9442,0.1,0.0,28.2599,True
1790469181.749,413.7,-0.5503,1.7681,2.9442,0.1,0.0,28.2611,True
1790469181.799,413.75,-0.5514,1.7683,2.9442,0.1,0.0,28.2624,True
1790469181.849,413.8,-0.5526,1.7685,2.9442,0.1,0.0,28.2636,True
1790469181.899,413.85,-0.5538,1.7688,2.9442,0.1,0.0,28.2649,True
1790469181.949,413.9,-0.555,1.769,2.9442,0.1,0.0,28.2661,True
1790469181.999,413.95,-0.5561,1.7692,2.9442,0.1,0.0,28.2673,True
1790469182.049,414.0,-0.5573,1.7695,2.9442,0.1,0.0,28.2686,True
1790469182.099,414.05,-0.5585,1.7697,2.9442,0.1,0.0,28.2698,True
1790469182.149,414.1,-0.5597,1.7699,2.9442,0.1,0.0,28.2711,True
1790469182.199,414.15,-0.5608,1.7702,2.9442,0.1,0.0,28.2723,True
1790469182.249,414.2,-0.562,1.7704,2.9442,0.1,0.0,28.2736,True
1790469182.299,414.25,-0.5632,1.7706,2.9442,0.1,0.0,28.2748,True
1790469182.349,414.3,-0.5644,1.7709,2.9442,0.1,0.0,28.276,True
1790469182.399,414.35,-0.5655,1.7711,2.9442,0.1,0.0,28.2773,True
1790469182.449,414.4,-0.5667,1.7713,2.9442,0.1,0.0,28.2785,True
1790469182.499,414.45,-0.5679,1.7716,2.9442,0.1,0.0,28.2798,True
1790469182.549,414.5,-0.5691,1.7718,2.9442,0.1,0.0,28.281,True
1790469182.599,414.55,-0.5702,1.772,2.9442,0.1,0.0,28.2822,True
1790469182.649,414.6,-0.5714,1.7723,2.9442,0.1,0.0,28.2835,True
1790469182.699,414.65,-0.5726,1.7725,2.9442,0.1,0.0,28.2847,True
1790469182.749,414.7,-0.5738,1.7728,2.9442,0.1,0.0,28.286,True
1790469182.799,414.75,-0.5749,1.773,2.9442,0.1,0.0,28.2872,True
1790469182.849,414.8,-0.5761,1.7732,2.9442,0.1,0.0,28.2885,True
1790469182.899,414.85,-0.5773,1.7735,2.9442,0.1,0.0,28.2897,True
1790469182.949,414.9,-0.5785,1.7737,2.9442,0.1,0.0,28.2909,True
1790469182.999,414.95,-0.5796,1.7739,2.9442,0.1,0.0,28.2922,True
1790469183.049,415.0,-0.5808,1.7742,2.9442,0.1,0.0,28.2934,True
1790469183.099,415.05,-0.582,1.7744,2.9442,0.1,0.0,28.2947,True
1790469183.149,415.1,-0.5832,1.7746,2.9442,0.1,0.0,28.2959,True
1790469183.199,415.15,-0.5843,1.7749,2.9442,0.1,0.0,28.2971,True
1790469183.249,415.2,-0.5855,1.7751,2.9442,0.1,0.0,28.2984,True
1790469183.299,415.25,-0.5867,1.7753,2.9442,0.1,0.0,28.2996,True
1790469183.349,415.3,-0.5879,1.7756,2.9442,0.1,0.0,28.3009,True
1790469183.399,415.35,-0.589,1.7758,2.9442,0.1,0.0,28.3021,True
1790469183.449,415.4,-0.5902,1.776,2.9442,0.1,0.0,28.3034,True
1790469183.499,415.45,-0.5914,1.7763,2.9442,0.1,0.0,28.3046,True
1790469183.549,415.5,-0.5926,1.7765,2.9442,0.1,0.0,28.3058,True
1790469183.599,415.55,-0.5937,1.7767,2.9442,0.1,0.0,28.3071,True
1790469183.649,415.6,-0.5949,1.777,2.9442,0.1,0.0,28.3083,True
1790469183.699,415.65,-0.5961,1.7772,2.9442,0.1,0.0,28.3096,True
1790469183.749,415.7,-0.5972,1.7774,2.9442,0.1,0.0,28.3108,True
1790469183.799,415.75,-0.5984,1.7777,2.9442,0.1,0.0,28.312,True
1790469183.849,415.8,-0.5996,1.7779,2.9442,0.1,0.0,28.3133,True
1790469183.899,415.85,-0.6008,1.7782,2.9442,0.1,0.0,28.3145,True
1790469183.949,415.9,-0.6019,1.7784,2.9442,0.1,0.0,28.3158,True
1790469183.999,415.95,-0.6031,1.7786,2.9442,0.1,0.0,28.317,True
1790469184.049,416.0,-0.6043,1.7789,2.9442,0.1,0.0,28.3183,True
1790469184.099,416.05,-0.6055,1.7791,2.9442,0.1,0.0,28.3195,True
1790469184.149,416.1,-0.6066,1.7793,2.9442,0.1,0.0,28.3207,True
1790469184.199,416.15,-0.6078,1.7796,2.9442,0.1,0.0,28.322,True
1790469184.249,416.2,-0.609,1.7798,2.9442,0.1,0.0,28.3232,True
1790469184.299,416.25,-0.6102,1.78,2.9442,0.1,0.0,28.3245,True
1790469184.349,416.3,-0.6113,1.7803,2.9442,0.1,0.0,28.3257,True
1790469184.399,416.35,-0.6125,1.7805,2.9442,0.1,0.0,28.3269,True
1790469184.449,416.4,-0.6137,1.7807,2.9442,0.1,0.0,28.3282,True
1790469184.499,416.45,-0.6149,1.781,2.9442,0.1,0.0,28.3294,True
1790469184.549,416.5,-0.616,1.7812,2.9442,0.1,0.0,28.3307,True
1790469184.599,416.55,-0.6172,1.7814,2.9442,0.1,0.0,28.3319,True
1790469184.649,416.6,-0.6184,1.7817,2.9442,0.1,0.0,28.3332,True
1790469184.699,416.65,-0.6196,1.7819,2.9442,0.1,0.0,28.3344,True
1790469184.749,416.7,-0.6207,1.7821,2.9442,0.1,0.0,28.3356,True
1790469184.799,416.75,-0.6219,1.7824,2.9442,0.1,0.0,28.3369,True
1790469184.849,416.8,-0.6231,1.7826,2.9442,0.1,0.0,28.3381,True
1790469184.899,416.85,-0.6243,1.7829,2.9442,0.1,0.0,28.3394,True
1790469184.949,416.9,-0.6254,1.7831,2.9442,0.1,0.0,28.3406,True
1790469184.999,416.95,-0.6266,1.7833,2.9442,0.1,0.0,28.3418,True
1790469185.049,417.0,-0.6278,1.7836,2.9442,0.1,0.0,28.3431,True
1790469185.099,417.05,-0.629,1.7838,2.9442,0.1,0.0,28.3443,True
1790469185.149,417.1,-0.6301,1.784,2.9442,0.1,0.0,28.3456,True
1790469185.199,417.15,-0.6313,1.7843,2.9442,0.1,0.0,28.3468,True
1790469185.249,417.2,-0.6325,1.7845,2.9442,0.1,0.0,28.3481,True
1790469185.299,417.25,-0.6337,1.7847,2.9442,0.1,0.0,28.3493,True
1790469185.349,417.3,-0.6348,1.785,2.9442,0.1,0.0,28.3505,True
1790469185.399,417.35,-0.636,1.7852,2.9442,0.1,0.0,28.3518,True
1790469185.449,417.4,-0.6372,1.7854,2.9442,0.1,0.0,28.353,True
1790469185.499,417.45,-0.6384,1.7857,2.9442,0.1,0.0,28.3543,True
1790469185.549,417.5,-0.6395,1.7859,2.9442,0.1,0.0,28.3555,True
1790469185.599,417.55,-0.6407,1.7861,2.9442,0.1,0.0,28.3567,True
1790469185.649,417.6,-0.6419,1.7864,2.9442,0.1,0.0,28.358,True
1790469185.699,417.65,-0.6431,1.7866,2.9442,0.1,0.0,28.3592,True
1790469185.749,417.7,-0.6442,1.7868,2.9442,0.1,0.0,28.3605,True
1790469185.799,417.75,-0.6454,1.7871,2.9442,0.1,0.0,28.3617,True
1790469185.849,417.8,-0.6466,1.7873,2.9442,0.1,0.0,28.363,True
1790469185.899,417.85,-0.6478,1.7876,2.9442,0.1,0.0,28.3642,True
1790469185.949,417.9,-0.6489,1.7878,2.9442,0.1,0.0,28.3654,True
1790469185.999,417.95,-0.6501,1.788,2.9442,0.1,0.0,28.3667,True
1790469186.049,418.0,-0.6513,1.7883,2.9442,0.1,0.0,28.3679,True
1790469186.099,418.05,-0.6524,1.7885,2.9442,0.1,0.0,28.3692,True
1790469186.149,418.1,-0.6536,1.7887,2.9442,0.1,0.0,28.3704,True
1790469186.199,418.15,-0.6548,1.789,2.9442,0.1,0.0,28.3716,True
1790469186.249,418.2,-0.656,1.7892,2.9442,0.1,0.0,28.3729,True
1790469186.299,418.25,-0.6571,1.7894,2.9442,0.1,0.0,28.3741,True
1790469186.349,418.3,-0.6583,1.7897,2.9442,0.1,0.0,28.3754,True
1790469186.399,418.35,-0.6595,1.7899,2.9442,0.1,0.0,28.3766,True
1790469186.449,418.4,-0.6607,1.7901,2.9442,0.1,0.0,28.3779,True
1790469186.499,418.45,-0.6618,1.7904,2.9442,0.1,0.0,28.3791,True
1790469186.549,418.5,-0.663,1.7906,2.9442,0.1,0.0,28.3803,True
1790469186.599,418.55,-0.6642,1.7908,2.9442,0.1,0.0,28.3816,True
1790469186.649,418.6,-0.6654,1.7911,2.9442,0.1,0.0,28.3828,True
1790469186.699,418.65,-0.6665,1.7913,2.9442,0.1,0.0,28.3841,True
1790469186.749,418.7,-0.6677,1.7915,2.9442,0.1,0.0,28.3853,True
1790469186.799,418.75,-0.6689,1.7918,2.9442,0.1,0.0,28.3865,True
1790469186.849,418.8,-0.6701,1.792,2.9442,0.1,0.0,28.3878,True
1790469186.899,418.85,-0.6712,1.7922,2.9442,0.1,0.0,28.389,True
1790469186.949,418.9,-0.6724,1.7925,2.9442,0.1,0.0,28.3903,True
1790469186.999,418.95,-0.6736,1.7927,2.9442,0.1,0.0,28.3915,True
1790469187.049,419.0,-0.6748,1.793,2.9442,0.1,0.0,28.3928,True
1790469187.099,419.05,-0.6759,1.7932,2.9442,0.1,0.0,28.394,True
1790469187.149,419.1,-0.6771,1.7934,2.9442,0.1,0.0,28.3952,True
1790469187.199,419.15,-0.6783,1.7937,2.9442,0.1,0.0,28.3965,True
1790469187.249,419.2,-0.6795,1.7939,2.9442,0.1,0.0,28.3977,True
1790469187.299,419.25,-0.6806,1.7941,2.9442,0.1,0.0,28.399,True
1790469187.349,419.3,-0.6818,1.7944,2.9442,0.1,0.0,28.4002,True
1790469187.399,419.35,-0.683,1.7946,2.9442,0.1,0.0,28.4014,True
1790469187.449,419.4,-0.6842,1.7948,2.9442,0.1,0.0,28.4027,True
1790469187.499,419.45,-0.6853,1.7951,2.9442,0.1,0.0,28.4039,True
1790469187.549,419.5,-0.6865,1.7953,2.9442,0.1,0.0,28.4052,True
1790469187.599,419.55,-0.6877,1.7955,2.9442,0.1,0.0,28.4064,True
1790469187.649,419.6,-0.6889,1.7958,2.9442,0.1,0.0,28.4077,True
1790469187.699,419.65,-0.69,1.796,2.9442,0.1,0.0,28.4089,True
1790469187.749,419.7,-0.6912,1.7962,2.9442,0.1,0.0,28.4101,True
1790469187.799,419.75,-0.6924,1.7965,2.9442,0.1,0.0,28.4114,True
1790469187.849,419.8,-0.6936,1.7967,2.9442,0.1,0.0,28.4126,True
1790469187.899,419.85,-0.6947,1.7969,2.9442,0.1,0.0,28.4139,True
1790469187.949,419.9,-0.6959,1.7972,2.9442,0.1,0.0,28.4151,True
1790469187.999,419.95,-0.6971,1.7974,2.9442,0.1,0.0,28.4163,True
1790469188.049,420.0,-0.6983,1.7977,2.9442,0.1,0.0,28.4176,True
1790469188.099,420.05,-0.6994,1.7979,2.9442,0.1,0.0,28.4188,True
1790469188.149,420.1,-0.7006,1.7981,2.9442,0.1,0.0,28.4201,True
1790469188.199,420.15,-0.7018,1.7984,2.9442,0.1,0.0,28.4213,True
1790469188.249,420.2,-0.703,1.7986,2.9442,0.1,0.0,28.4226,True
1790469188.299,420.25,-0.7041,1.7988,2.9442,0.1,0.0,28.4238,True
1790469188.349,420.3,-0.7053,1.7991,2.9442,0.1,0.0,28.425,True
1790469188.399,420.35,-0.7065,1.7993,2.9442,0.1,0.0,28.4263,True
1790469188.449,420.4,-0.7077,1.7995,2.9442,0.1,0.0,28.4275,True
1790469188.499,420.45,-0.7088,1.7998,2.9442,0.1,0.0,28.4288,True
1790469188.549,420.5,-0.71,1.8,2.9442,0.1,0.0,28.43,True
